STATE,district,Market Name,Commodity,Variety,Grade,Min_Price,Max_Price,Modal_Price,date,temp_mean,rainfall_mm,temp_min,temp_max,humidity,wind_speed,solar_radiation,rainfall_mm_lag_1d,temp_mean_lag_1d,price_lag_1d,rainfall_mm_lag_7d,temp_mean_lag_7d,price_lag_7d,rainfall_mm_lag_14d,temp_mean_lag_14d,price_lag_14d,rainfall_mm_lag_30d,temp_mean_lag_30d,price_lag_30d,rainfall_mm_7d_avg,rainfall_mm_7d_sum,price_7d_avg,temp_mean_7d_avg,rainfall_mm_30d_avg,rainfall_mm_30d_sum,price_30d_avg,temp_mean_30d_avg,drought_indicator,flood_indicator,month,day_of_year,week,season
Karnataka,bangalore,Doddaballa Pur,Onion,Onion,FAQ,2000.0,3000.0,2500.0,2024-01-10,22.03,0.01,16.55,29.88,64.75,3.53,13.33,0.32,21.82,2500.0,0.32,21.82,4100.0,2.55,22.07,2000.0,0.08,22.83,1300.0,0.2757142857142857,1.93,1985.7142857142856,21.85,0.6999999999999998,21.0,2266.6666666666665,22.311666666666667,0,0,1,10,2,0
Haryana,bhiwani,Ch. Dadri,Potato,Other,FAQ,800.0,1000.0,900.0,2023-10-21,23.12,0.0,16.84,31.43,54.8,1.3,16.61,0.0,23.12,2750.0,0.0,22.88,1960.0,0.0,23.01,1908.0,0.0,28.27,2000.0,0.0,0.0,1680.0,23.085714285714285,6.3340000000000005,190.02,1588.0333333333333,24.179,0,0,10,294,42,0
Tamilnadu,dharmapuri,Harur(Uzhavar Sandhai ),Potato,(Red Nanital),Local,4800.0,5000.0,5000.0,2024-09-14,27.11,0.0,22.35,33.17,69.13,2.33,21.55,0.0,27.11,4800.0,0.0,27.4,4600.0,0.03,26.39,5800.0,0.05,26.8,5000.0,0.0,0.0,5114.285714285715,27.275714285714287,0.025,0.75,5213.333333333333,26.854333333333333,1,0,9,258,37,1
Madhya Pradesh,ratlam,Ratlam,Onion,Onion,FAQ,1500.0,4271.0,3700.0,2024-10-18,24.41,0.09,20.03,29.71,78.1,1.64,18.14,0.09,24.41,3200.0,0.05,24.76,1951.0,2.75,25.15,2101.0,0.0,25.39,3900.0,0.04,0.28,3025.5714285714284,24.501428571428573,1.0706666666666669,32.12,3291.9333333333334,24.932,0,0,10,292,42,0
Gujarat,bharuch,Ankleshwar,Tomato,Tomato,FAQ,800.0,1300.0,1000.0,2023-09-10,27.5,2.3,25.13,30.97,84.87,3.34,18.87,2.3,27.5,1200.0,15.75,28.17,1000.0,0.09,27.86,3200.0,0.0,27.15,1500.0,9.574285714285711,67.02,1585.7142857142858,27.60571428571429,3.3549999999999995,100.65,1860.0,27.617,0,0,9,253,36,1
Tamilnadu,namakkal,Paramathivelur(Uzhavar Sandhai ),Potato,(Red Nanital),Local,2800.0,3200.0,3200.0,2025-05-27,28.25,1.02,23.73,32.91,73.4,3.98,15.48,1.02,28.25,2500.0,4.06,27.35,2800.0,4.06,27.35,3800.0,3.2,28.08,2400.0,2.3228571428571434,16.260000000000005,2914.285714285714,27.86428571428572,5.593333333333334,167.8,3126.6666666666665,27.31866666666667,0,0,5,147,22,2
Himachal Pradesh,una,Una,Onion,Onion,FAQ,2800.0,3000.0,2900.0,2023-10-14,23.83,7.33,19.68,29.18,66.09,1.23,14.47,0.0,23.55,1250.0,10.21,24.28,1200.0,0.0,24.8,3000.0,0.0,23.58,1250.0,1.0471428571428556,7.329999999999989,2178.5714285714284,23.50142857142857,1.9586666666666668,58.760000000000005,1986.6666666666667,24.223666666666663,0,0,10,287,41,0
Uttar Pradesh,bijnor,Bijnaur,Potato,Desi,FAQ,1020.0,1150.0,1040.0,2023-10-09,24.6,0.0,20.54,30.47,70.15,1.51,18.78,0.0,24.06,1100.0,0.0,23.88,1925.0,0.0,24.4,1100.0,0.0,24.16,1830.0,0.0,0.0,1268.571428571429,24.06,0.0,0.0,1441.3333333333333,24.456,1,0,10,282,41,0
Madhya Pradesh,sagar,Sagar,Onion,Onion,Non-FAQ,886.0,1010.0,900.0,2025-05-03,33.5,6.87,25.49,41.68,29.0,1.67,20.82,6.87,33.5,900.0,0.02,32.9,700.0,0.0,32.87,1200.0,0.27,32.45,700.0,3.934285714285715,27.540000000000006,971.5714285714286,33.24285714285714,0.9906666666666668,29.72000000000001,912.0333333333332,33.026,0,0,5,123,18,2
Tamilnadu,salem,Thammampatti (Uzhavar Sandhai ),Onion,Bellary,Local,4600.0,5000.0,5000.0,2024-07-22,27.66,0.48,22.55,34.81,65.93,4.07,13.64,0.48,27.66,5000.0,0.87,27.61,5000.0,0.87,27.61,5000.0,2.37,27.79,9000.0,0.7028571428571428,4.92,4914.285714285715,27.631428571428568,1.081,32.43,5333.333333333333,27.645,0,0,7,204,30,1
Uttar Pradesh,etah,Etah,Wheat,Dara,FAQ,2250.0,2500.0,2300.0,2024-01-31,17.05,0.21,10.31,25.4,44.76,0.96,8.66,0.0,16.08,650.0,0.0,15.98,1640.0,0.0,15.7,2325.0,0.0,14.1,1850.0,0.03,0.21,1418.142857142857,16.204285714285714,0.007,0.21,1631.0666666666666,15.179333333333334,1,0,1,31,5,0
Himachal Pradesh,hamirpur,Kurara,Wheat,Dara,FAQ,2000.0,2300.0,2100.0,2023-08-13,27.77,27.58,24.86,31.19,88.0,1.64,12.99,27.58,27.77,1640.0,26.51,27.17,1250.0,26.51,27.17,1500.0,36.65,26.78,2550.0,27.121428571428574,189.85,1911.4285714285716,27.512857142857143,29.552666666666664,886.5799999999999,1723.5,27.136,0,1,8,225,32,1
West Bengal,kolkata,Bara Bazar (Posta Bazar),Potato,Jyoti,FAQ,2560.0,2600.0,2580.0,2024-09-12,28.54,2.91,26.69,30.55,90.87,1.98,10.17,11.21,29.02,2400.0,6.73,28.69,4400.0,4.78,28.2,2580.0,2.01,28.48,2460.0,8.744285714285715,61.21,3380.0,28.857142857142858,4.976666666666668,149.3,3366.5,28.542,0,0,9,256,37,1
Tamilnadu,madurai,Chokkikulam(Uzhavar Sandhai ),Potato,(Red Nanital),Local,3600.0,4000.0,4000.0,2025-04-11,29.67,3.04,23.92,36.46,65.85,1.31,23.34,0.09,29.41,4000.0,0.09,29.41,3000.0,0.2,28.13,3000.0,0.1,28.41,3000.0,0.5114285714285705,3.579999999999993,3571.428571428572,29.447142857142858,0.2310000000000001,6.930000000000003,3413.333333333333,28.716,1,0,4,101,15,2
Uttar Pradesh,hardoi,Sandi,Potato,Local,FAQ,1630.0,1670.0,1650.0,2024-04-19,33.73,0.0,25.21,42.16,21.71,3.25,25.22,0.0,33.73,1625.0,0.0,33.73,1650.0,0.0,32.31,1650.0,0.0,31.91,1610.0,0.0,0.0,1637.142857142857,33.73,0.0,0.0,1620.0,32.531,1,0,4,110,16,2
Uttar Pradesh,balrampur,Balrampur,Onion,Red,FAQ,1120.0,1330.0,1220.0,2023-07-03,30.96,7.56,26.7,35.72,72.44,1.77,18.4,7.56,30.96,2300.0,22.57,30.38,2325.0,36.44,28.71,1225.0,39.97,28.4,2130.0,9.704285714285714,67.92999999999999,2730.714285714286,30.877142857142854,27.553666666666665,826.6099999999999,2529.0,29.55366666666667,0,0,7,184,27,1
West Bengal,murshidabad,Jangipur,Onion,Red,FAQ,1955.0,2000.0,1975.0,2024-01-25,14.67,0.4,8.49,22.94,66.05,1.36,8.96,0.4,14.67,1150.0,0.34,15.41,1975.0,0.0,14.83,1020.0,3.2,14.83,1120.0,0.3742857142857143,2.62,1543.571428571429,14.987142857142857,4.621333333333333,138.64,1475.1666666666667,14.356666666666666,0,0,1,25,4,0
Uttar Pradesh,bareilly,Bareilly,Potato,Potato,FAQ,1000.0,1075.0,1050.0,2025-05-07,31.33,0.01,25.19,37.51,39.52,2.04,20.85,0.01,31.33,925.0,0.11,30.62,1125.0,0.11,30.62,925.0,25.47,30.4,925.0,0.0242857142857142,0.17,1431.428571428571,31.228571428571428,3.609333333333333,108.28,1505.3333333333333,30.6,0,0,5,127,19,2
Madhya Pradesh,sagar,Sagar(F&V),Potato,Other,FAQ,1000.0,1200.0,1100.0,2023-06-06,34.04,0.83,26.44,40.72,33.17,1.57,22.73,0.83,34.04,2500.0,0.83,34.04,2200.0,0.83,34.04,900.0,0.83,34.04,2225.0,0.83,5.81,1432.142857142857,34.04,0.83,14.11,1772.9411764705883,34.04,0,0,6,157,23,1
Maharashtra,amarawati,Amarawati,Wheat,Other,FAQ,2450.0,2650.0,2550.0,2023-12-26,30.11,2.14,,,,,,2.14,30.11,2500.0,2.14,30.11,2525.0,2.14,30.11,2525.0,2.14,30.11,2575.0,2.14,14.98,2167.714285714286,30.11,2.14,64.2,2098.733333333333,30.11,0,0,12,360,52,0
Haryana,kurukshetra,Ladwa,Tomato,Tomato,FAQ,1500.0,2000.0,1750.0,2023-06-28,31.1,15.74,26.85,35.66,69.86,1.06,16.27,15.74,31.1,1500.0,15.74,31.1,850.0,12.92,29.84,1400.0,15.46,28.9,1000.0,15.74,110.18,1835.7142857142856,31.1,14.358666666666666,430.76,1511.6666666666667,29.99866666666667,0,1,6,179,26,1
Punjab,sangrur,Sangrur,Onion,Onion,FAQ,1200.0,2000.0,1500.0,2023-09-15,30.69,3.98,26.52,36.22,71.1,1.52,8.27,3.6,29.78,600.0,1.63,30.82,2400.0,5.47,30.58,900.0,0.01,30.37,800.0,3.091428571428571,21.64,1464.2857142857142,30.20714285714286,2.3916666666666666,71.75,1451.6666666666667,30.330666666666666,0,0,9,258,37,1
Madhya Pradesh,shajapur,Kalapipal(F&V),Onion,Onion,FAQ,1130.0,3970.0,3415.0,2024-10-13,24.97,6.42,21.13,29.35,85.67,1.36,8.13,1.02,24.08,3415.0,0.15,24.68,1600.0,0.03,25.18,3127.0,0.03,25.0,3424.0,1.3442857142857163,9.410000000000014,3341.8571428571427,24.53,0.418,12.54,3263.5333333333333,24.859,0,0,10,287,41,0
Haryana,sonipat,Sonepat(Kharkhoda),Onion,Other,FAQ,800.0,1400.0,1000.0,2024-04-16,29.57,0.0,22.96,36.61,34.84,3.31,24.06,0.0,29.57,1100.0,3.04,28.65,1500.0,3.04,28.65,2200.0,0.0,30.38,1800.0,0.0285714285714283,0.1999999999999982,1200.0,29.33,0.8353333333333333,25.06,1446.6666666666667,30.207666666666665,0,0,4,107,16,2
Gujarat,dahod,Dahod(Veg. Market),Potato,Potato,FAQ,500.0,1400.0,1200.0,2024-01-07,18.3,0.45,12.72,24.95,66.57,2.54,9.1,0.0,18.82,3000.0,0.0,18.62,1800.0,0.02,19.69,2000.0,0.0,21.34,2775.0,0.0642857142857102,0.4499999999999716,2085.714285714286,18.68857142857143,0.023,0.69,2162.6666666666665,19.87066666666667,1,0,1,7,1,0
Maharashtra,satara,Satara,Potato,Other,FAQ,1300.0,1600.0,1450.0,2023-11-06,22.67,0.0,18.12,28.81,74.79,2.43,13.89,0.01,23.34,5000.0,0.0,21.94,3500.0,0.04,22.11,4000.0,0.0,21.65,3800.0,0.0028571428571428,0.02,3007.1428571428573,22.695714285714285,0.0093333333333333,0.28,3161.6666666666665,22.013666666666666,1,0,11,310,45,0
Orissa,rayagada,Rayagada,Potato,Other,FAQ,1700.0,1800.0,1800.0,2023-08-11,25.84,2.15,21.92,29.82,85.03,1.51,19.2,4.52,25.53,1800.0,4.08,26.02,1700.0,53.02,24.94,1700.0,10.63,27.73,6125.0,1.890000000000002,13.230000000000013,1885.7142857142856,25.448571428571427,13.22,396.6,3703.3333333333335,25.871,0,0,8,223,32,1
Rajasthan,churu,Sujangarh,Onion,Other,FAQ,2200.0,2400.0,2300.0,2024-10-29,27.79,0.0,19.67,35.7,52.04,1.63,17.31,0.0,27.79,1900.0,0.0,27.76,2200.0,0.0,27.86,2100.0,0.02,28.24,2000.0,0.0,0.0,2500.0,27.395714285714288,0.022,0.6599999999999999,2431.6666666666665,27.52433333333333,1,0,10,303,44,0
West Bengal,jalpaiguri,Moynaguri,Onion,Other,FAQ,2600.0,2800.0,2700.0,2023-09-14,28.46,8.44,25.44,31.93,86.91,1.72,16.7,8.44,28.46,2800.0,8.44,28.46,1200.0,4.74,28.41,2900.0,7.82,27.65,1200.0,8.44,59.08,2100.0,28.46,5.537999999999999,166.14,2166.6666666666665,28.340666666666667,0,0,9,257,37,1
West Bengal,birbhum,Bolpur,Potato,Jyoti,FAQ,2250.0,2350.0,2300.0,2024-09-29,28.53,0.65,25.79,31.88,87.95,1.05,13.52,2.77,27.67,4300.0,2.77,27.67,2280.0,9.46,26.89,2300.0,27.38,26.73,4000.0,2.467142857142862,17.270000000000035,3640.0,27.792857142857144,13.423333333333334,402.7,3362.6666666666665,27.11733333333333,0,0,9,273,39,1
Andhra Pradesh,hyderabad,Bowenpally,Tomato,Deshi,FAQ,2000.0,4000.0,3500.0,2023-06-09,33.47,7.35,28.01,40.26,47.91,4.74,24.25,7.35,33.47,1525.0,1.08,33.13,2000.0,4.04,34.65,2100.0,0.01,34.92,2200.0,2.8714285714285714,20.1,2325.0,33.22714285714286,2.8080000000000003,84.24000000000001,1795.8333333333333,33.98133333333333,0,0,6,160,23,1
Kerala,kollam,Anchal,Potato,Other,FAQ,3600.0,3800.0,3700.0,2023-08-04,26.24,1.03,23.74,29.81,86.31,2.04,24.1,1.03,26.24,4000.0,0.33,25.71,9600.0,0.07,25.6,5700.0,0.03,25.66,3000.0,0.53,3.71,3714.285714285714,25.86142857142857,0.1786666666666666,5.359999999999999,6200.0,25.703666666666667,1,0,8,216,31,1
Orissa,rayagada,Rayagada,Potato,Other,FAQ,1900.0,2000.0,2000.0,2025-03-20,29.38,0.26,21.89,38.83,43.05,3.04,22.03,0.09,29.85,2000.0,0.0,29.34,2000.0,0.0,26.18,3400.0,0.0,24.63,3500.0,0.0628571428571428,0.44,2600.0,30.46857142857143,0.0146666666666666,0.44,2676.6666666666665,27.325666666666667,1,0,3,79,12,0
Uttar Pradesh,jhansi,Mauranipur,Onion,Red,FAQ,1460.0,1560.0,1510.0,2023-08-02,27.92,4.01,26.31,30.68,87.91,2.93,7.01,4.01,27.92,1370.0,5.2,29.24,1400.0,5.2,29.24,1260.0,3.89,29.23,8500.0,4.86,34.02,1625.0,28.86285714285714,4.553000000000001,136.59000000000003,2252.833333333333,29.147666666666662,0,0,8,214,31,1
Uttar Pradesh,fatehpur,Khaga,Potato,Desi,FAQ,1340.0,1430.0,1380.0,2024-04-04,32.01,0.0,23.33,39.55,18.66,1.64,16.9,0.0,32.01,1400.0,0.0,30.53,1930.0,0.0,29.42,1830.0,0.15,31.73,1310.0,0.0,0.0,1284.2857142857142,30.952857142857145,0.0149999999999999,0.4499999999999999,1486.0,30.419,1,0,4,95,14,2
Madhya Pradesh,morena,Sabalgarh(F&V),Potato,Desi,FAQ,350.0,500.0,400.0,2025-02-27,23.69,0.0,16.02,33.16,38.62,1.58,16.04,0.0,23.69,200.0,0.0,21.29,815.0,0.0,20.39,1000.0,0.0,19.7,750.0,0.0,0.0,528.5714285714286,22.978571428571428,0.3183333333333333,9.55,745.8333333333334,21.665000000000003,1,0,2,58,9,0
Gujarat,porbandar,Porbandar,Potato,(Red Nanital),FAQ,2500.0,3000.0,2750.0,2024-10-18,27.75,0.28,24.72,31.54,79.01,2.52,13.79,0.28,27.75,4500.0,1.16,28.27,4500.0,1.06,27.64,3000.0,7.48,27.52,4500.0,1.8199999999999987,12.739999999999991,3607.142857142857,27.76142857142857,1.5366666666666666,46.1,3725.0,27.516666666666666,0,0,10,292,42,0
Tamilnadu,virudhunagar,Sivakasi(Uzhavar Sandhai ),Onion,Bellary,Local,2400.0,2500.0,2500.0,2025-06-08,31.23,0.46,26.38,37.72,63.97,2.05,20.34,0.46,31.23,5000.0,0.6,30.96,5500.0,0.6,30.96,3000.0,2.68,30.65,2500.0,0.5199999999999999,3.64,4028.571428571429,31.11428571428572,1.2746666666666668,38.24,3936.6666666666665,30.892666666666667,0,0,6,159,23,1
Kerala,kottayam,Kuruppanthura,Potato,Potato,FAQ,5400.0,6500.0,6000.0,2024-12-11,24.1,1.17,21.13,27.69,82.61,0.25,18.01,0.04,24.63,5000.0,0.29,24.54,6000.0,0.59,24.28,5800.0,0.17,24.66,7500.0,0.2014285714285724,1.410000000000007,5071.428571428572,24.554285714285715,0.3693333333333333,11.08,5300.0,24.588,0,0,12,346,50,0
Madhya Pradesh,sagar,Bamora,Wheat,Other,FAQ,2340.0,2690.0,2690.0,2023-11-06,22.64,0.0,15.03,31.14,55.61,1.18,14.92,0.0,22.64,1100.0,0.0,22.0,2400.0,0.0,22.0,2500.0,0.0,21.95,2451.0,0.0,0.0,2281.428571428572,22.548571428571428,0.0,0.0,2372.233333333333,22.114666666666665,1,0,11,310,45,0
Madhya Pradesh,indore,Indore,Onion,Other,FAQ,816.0,4014.0,3516.0,2024-09-27,25.79,30.01,23.9,28.17,91.01,1.29,10.89,30.01,25.79,1000.0,9.15,27.17,4039.0,14.22,26.53,4100.0,0.57,24.22,3986.0,25.747142857142855,180.23,2464.1428571428573,26.007142857142856,10.480666666666668,314.42,2960.633333333333,26.31433333333333,0,1,9,271,39,1
Tamilnadu,theni,Theni(Uzhavar Sandhai ),Onion,Bellary,Local,5000.0,5800.0,5800.0,2024-09-16,24.5,0.0,19.81,30.65,74.3,2.2,24.51,0.0,24.5,4200.0,0.0,24.5,6000.0,0.12,24.38,6000.0,0.59,24.28,5800.0,0.0,0.0,5428.571428571428,24.5,0.2133333333333333,6.4,5240.0,24.38533333333333,1,0,9,260,38,1
Haryana,karnal,Indri,Potato,Other,FAQ,800.0,800.0,800.0,2025-04-25,32.73,0.0,22.43,43.26,11.39,2.04,26.41,0.0,32.34,1100.0,0.0,32.34,950.0,0.0,31.98,1800.0,0.0,32.08,650.0,0.0,0.0,1264.2857142857142,32.395714285714284,0.0026666666666667,0.0800000000000035,1174.3333333333333,31.861666666666668,1,0,4,115,17,2
Kerala,kottayam,Kuruppanthura,Onion,Big,FAQ,2000.0,2800.0,2400.0,2024-03-19,28.41,0.0,21.03,37.12,54.07,0.51,26.71,0.0,28.41,4600.0,0.0,28.41,3800.0,0.0,28.15,5300.0,0.0,28.05,3700.0,0.0,0.0,3757.142857142857,28.41,0.0,0.0,3583.333333333333,28.20266666666667,1,0,3,79,12,0
Punjab,hoshiarpur,Garh Shankar,Onion,Other,FAQ,1400.0,1600.0,1500.0,2025-04-05,27.31,0.0,18.85,36.8,29.61,1.52,24.32,0.0,27.31,1500.0,0.0,27.31,1900.0,0.0,26.01,1200.0,0.0,25.58,650.0,0.0,0.0,1035.7142857142858,27.31,0.0,0.0,1366.6666666666667,26.371666666666663,1,0,4,95,14,2
Himachal Pradesh,kangra,Dharamshala,Potato,Other,FAQ,1100.0,1200.0,1150.0,2025-03-25,20.67,0.01,15.64,26.77,46.34,1.32,14.12,0.01,20.67,1300.0,0.01,20.67,1800.0,0.0,20.04,1150.0,0.0,16.95,1300.0,0.01,0.07,1871.4285714285716,20.67,0.0026666666666666,0.08,1871.6666666666667,18.972,1,0,3,84,13,0
Gujarat,anand,"Anand(Veg,Yard,Anand)",Onion,Onion,FAQ,2000.0,2500.0,2250.0,2023-08-14,26.75,0.01,24.24,30.56,85.62,4.07,12.09,0.01,26.75,2125.0,1.54,27.5,1400.0,0.09,26.93,1300.0,0.07,26.5,2225.0,2.38,16.66,2132.1428571428573,27.148571428571422,1.008,30.24,1936.6666666666667,27.194666666666667,0,0,8,226,33,1
Andhra Pradesh,adilabad,Jainath,Potato,(Red Nanital),FAQ,1062.0,1062.0,1062.0,2024-04-28,35.09,0.01,,,,,,0.01,35.09,2000.0,0.01,35.09,587.0,0.01,35.09,2081.0,0.01,35.09,2000.0,0.01,0.07,2794.5714285714284,35.09,0.01,0.3,1924.2333333333331,35.09,1,0,4,119,17,2
Bihar,patna,Danapur,Potato,Jyoti,FAQ,1200.0,1600.0,1400.0,2024-01-22,13.25,0.0,6.0,21.96,48.47,1.36,9.85,0.0,13.27,2400.0,0.0,14.48,40000.0,0.0,13.69,2500.0,0.0,18.43,60000.0,0.0,0.0,17000.0,13.891428571428571,0.0,0.0,16368.333333333334,15.293,1,0,1,22,4,0
Uttar Pradesh,firozabad,Tundla,Wheat,Dara,FAQ,2230.0,2280.0,2255.0,2023-07-07,30.77,4.13,27.39,34.62,72.53,2.49,14.46,4.13,30.77,1130.0,9.14,30.6,1150.0,9.14,30.6,6500.0,0.22,34.08,6100.0,6.992857142857143,48.95,1302.857142857143,30.672857142857143,6.313666666666667,189.41000000000005,2477.5,31.453,0,0,7,188,27,1
Madhya Pradesh,khargone,Badwaha,Wheat,Other,FAQ,2210.0,2285.0,2285.0,2023-06-10,34.95,0.01,26.8,42.53,42.69,4.88,27.26,0.0,35.33,1400.0,0.0,35.33,2271.0,0.43,34.47,1300.0,0.39,34.37,600.0,0.0014285714285714,0.01,1587.142857142857,35.27571428571428,0.2503333333333333,7.51,1720.3333333333333,34.78133333333333,1,0,6,161,23,1
Maharashtra,sholapur,Solapur,Onion,Red,FAQ,100.0,3500.0,1700.0,2023-12-26,22.56,0.0,14.45,32.65,46.15,1.96,16.7,0.0,22.56,2875.0,0.0,21.43,1500.0,0.0,21.95,1600.0,0.0,20.75,1600.0,0.0,0.0,1835.857142857143,21.752857142857145,0.0,0.0,1864.3666666666663,21.66133333333333,1,0,12,360,52,0
Madhya Pradesh,rajgarh,Narsinghgarh,Wheat,147 Average,FAQ,2425.0,2870.0,2520.0,2023-11-20,22.53,0.0,15.64,31.06,60.08,1.52,14.68,0.0,22.53,2480.0,0.0,22.53,2500.0,0.0,20.6,510.0,0.0,24.02,2450.0,0.0,0.0,2207.1428571428573,22.53,0.0,0.0,2082.333333333333,22.238,1,0,11,324,47,0
Uttar Pradesh,badaun,Badayoun,Onion,Nasik,FAQ,1900.0,2040.0,1945.0,2023-10-16,25.86,0.24,21.61,31.33,64.87,1.81,8.89,0.24,25.86,960.0,0.24,25.86,1910.0,0.0,27.2,2350.0,0.0,26.99,2340.0,0.24,1.68,1699.0,25.86,0.072,2.16,1580.6,26.721,1,0,10,289,42,0
Delhi,delhi,Keshopur,Onion,Onion,FAQ,2200.0,4000.0,3100.0,2024-07-21,33.17,1.65,27.98,39.09,64.19,2.58,18.02,1.65,33.17,2300.0,3.43,32.13,2400.0,4.44,31.87,2400.0,0.32,32.53,2142.0,2.412857142857143,16.89,2518.0,32.72428571428571,3.2406666666666677,97.22,2559.266666666667,32.348333333333336,0,0,7,203,29,1
Punjab,muktsar,Malout,Onion,Onion,FAQ,1000.0,1200.0,1100.0,2024-05-23,38.46,0.0,29.66,45.96,15.77,1.8,23.83,0.0,38.82,700.0,0.0,38.62,2000.0,0.0,38.49,1200.0,0.07,33.16,2000.0,0.0,0.0,1214.2857142857142,38.65428571428571,0.0046666666666666,0.1399999999999995,1283.3333333333333,37.35333333333333,1,0,5,144,21,2
Punjab,moga,Nihal Singh Wala,Potato,Other,FAQ,1500.0,1700.0,1600.0,2024-09-06,29.1,7.0,25.4,32.71,79.28,0.85,18.71,7.0,29.1,2000.0,2.51,28.74,900.0,8.26,28.51,3600.0,3.87,28.73,3800.0,6.358571428571433,44.51000000000003,2314.285714285714,29.048571428571428,8.106666666666666,243.2,2400.0,29.084000000000003,0,0,9,250,36,1
Gujarat,bhavnagar,Palitana,Potato,Potato,FAQ,3000.0,4000.0,3500.0,2024-10-19,27.35,8.89,24.88,30.85,87.11,1.51,17.19,8.89,27.35,2490.0,2.49,27.66,3500.0,0.42,26.97,3250.0,0.0,27.3,2875.0,4.757142857142857,33.3,3391.428571428572,27.634285714285717,1.8813333333333333,56.44,3246.333333333333,27.513,0,0,10,293,42,0
Uttar Pradesh,hardoi,Sandi,Potato,Local,FAQ,1500.0,1550.0,1525.0,2025-01-06,14.85,0.0,7.96,23.32,60.48,1.32,6.93,0.0,14.85,1530.0,0.0,15.43,1550.0,0.0,12.61,1575.0,0.0,14.74,1605.0,0.0,0.0,1526.428571428571,14.902857142857142,0.0,0.0,1564.5,13.825333333333331,1,0,1,6,2,0
Uttar Pradesh,etah,Awagarh,Onion,Red,FAQ,2500.0,3000.0,2800.0,2024-08-08,28.16,25.22,25.37,31.7,87.48,1.88,13.38,12.94,27.45,2000.0,3.85,28.82,2600.0,7.05,28.71,2850.0,0.75,31.22,2820.0,10.005714285714284,70.03999999999999,2500.714285714286,27.98428571428571,8.878333333333334,266.35,2412.5666666666666,28.923,0,0,8,221,32,1
Uttar Pradesh,ghaziabad,Hapur,Potato,Desi,FAQ,1050.0,1160.0,1100.0,2025-05-03,30.07,1.36,23.32,37.39,46.44,2.0,19.46,1.36,30.07,3220.0,17.33,28.44,1130.0,0.06,31.9,3250.0,0.0,31.36,3260.0,8.204285714285719,57.43000000000003,1700.0,29.37142857142857,5.965999999999999,178.98,1550.6666666666667,30.28666666666667,0,0,5,123,18,2
Bihar,khagaria,Mansi Mandi,Onion,Medium,FAQ,4900.0,5100.0,5000.0,2024-10-28,26.51,0.0,22.97,30.08,84.28,0.85,13.98,11.87,25.0,5400.0,14.72,27.35,4900.0,18.14,27.92,3200.0,0.0,35.14,2300.0,2.382857142857145,16.680000000000014,4742.857142857143,26.462857142857143,6.9896666666666665,209.69,3586.6666666666665,30.36133333333333,0,0,10,302,44,0
Uttar Pradesh,bahraich,Naanpara,Onion,Red,FAQ,1530.0,1595.0,1560.0,2023-07-26,30.0,5.13,26.86,34.09,80.07,2.08,18.17,5.13,30.0,1230.0,5.13,30.0,2300.0,18.52,30.87,8100.0,2.57,30.76,8600.0,5.13,35.91,3424.285714285714,30.0,9.571,287.13,3178.6666666666665,30.417,0,0,7,207,30,1
Tamilnadu,madurai,Palanganatham(Uzhavar Sandhai ),Potato,(Red Nanital),Local,4000.0,6000.0,6000.0,2024-09-03,27.59,0.78,23.5,32.93,74.74,2.28,20.63,0.78,27.59,5800.0,0.24,27.56,5800.0,0.24,27.56,5800.0,0.49,27.27,5600.0,0.78,5.46,5742.857142857143,27.59,0.466,13.98,5986.666666666667,27.418,0,0,9,247,36,1
Uttar Pradesh,jhansi,Chirgaon,Onion,Red,FAQ,3700.0,3900.0,3800.0,2024-09-19,26.92,1.17,23.43,31.23,87.86,1.42,11.32,41.49,25.38,2300.0,41.49,25.38,4000.0,22.3,26.02,3550.0,0.15,26.62,3820.0,35.730000000000004,250.11,2955.0,25.6,18.65,559.5,3073.0,25.85666666666667,0,1,9,263,38,1
Uttar Pradesh,aligarh,Khair,Onion,Red,FAQ,1900.0,2100.0,2000.0,2024-01-17,12.16,0.0,6.05,19.97,40.69,1.49,3.59,0.0,12.16,850.0,0.0,12.16,680.0,0.0,12.92,670.0,0.0,12.88,850.0,0.0,0.0,1537.142857142857,12.16,0.0,0.0,1592.6666666666667,12.517,1,0,1,17,3,0
Uttar Pradesh,ghaziabad,Noida,Onion,Red,FAQ,4100.0,4210.0,4150.0,2024-10-12,24.24,0.0,17.28,30.99,61.81,1.24,18.58,0.0,24.24,2200.0,0.0,23.41,4150.0,0.0,24.2,4120.0,0.0,25.91,2160.0,0.0,0.0,3032.8571428571427,24.002857142857145,0.0,0.0,3092.6666666666665,24.766666666666666,1,0,10,286,41,0
Rajasthan,hanumangarh,Rawatsar,Potato,(Red Nanital),FAQ,800.0,800.0,800.0,2023-12-02,18.33,0.0,12.89,25.47,54.06,0.98,11.68,0.0,18.33,4000.0,0.01,18.25,4000.0,0.8,19.09,1000.0,0.04,19.06,2200.0,0.0071428571428571,0.05,2660.1428571428573,18.27285714285714,0.23,6.900000000000001,2673.4,18.749333333333333,1,0,12,336,48,0
Tamilnadu,madurai,Chokkikulam(Uzhavar Sandhai ),Potato,(Red Nanital),Local,3000.0,3600.0,3600.0,2025-03-26,29.08,0.04,22.46,37.45,56.1,1.71,24.66,0.04,29.08,3600.0,0.23,29.05,3600.0,0.39,29.05,4000.0,1.92,28.27,3600.0,0.1485714285714275,1.039999999999993,3742.857142857143,29.062857142857144,0.5513333333333335,16.540000000000003,3853.3333333333335,28.923,0,0,3,85,13,0
Tamilnadu,salem,Elampillai(Uzhavar Sandhai ),Potato,(Red Nanital),Local,5000.0,5000.0,5000.0,2024-11-01,25.52,6.53,22.24,29.39,87.16,0.97,16.71,6.53,25.52,7500.0,6.53,25.52,5000.0,6.91,25.99,5000.0,6.91,25.99,7000.0,6.53,45.71,6514.285714285715,25.52,6.770666666666667,203.12,6533.333333333333,25.81766666666666,0,0,11,306,44,0
Gujarat,ahmedabad,Ahmedabad(Chimanbhai Patal Market Vasana),Onion,Local,FAQ,500.0,1000.0,850.0,2025-04-24,33.41,0.0,22.69,43.55,20.7,2.25,27.83,0.0,33.41,1050.0,0.0,32.94,1150.0,0.0,33.28,850.0,0.0,33.68,1000.0,0.0,0.0,1150.0,33.582857142857144,0.0,0.0,1204.1666666666667,33.595333333333336,1,0,4,114,17,2
Bihar,sheohar,Sheohar,Onion,Medium,FAQ,4800.0,5000.0,4900.0,2024-09-14,28.33,8.95,24.75,32.01,86.01,1.46,4.45,2.1,28.86,4900.0,0.57,29.15,4900.0,0.06,29.63,4900.0,0.59,30.99,3400.0,5.010000000000001,35.07000000000001,4257.142857142857,29.09,3.4646666666666666,103.94,4133.333333333333,29.377333333333333,0,0,9,258,37,1
Rajasthan,sirohi,Abu Road,Potato,Other,FAQ,775.0,825.0,800.0,2025-03-28,23.34,0.0,13.85,33.9,8.0,2.37,25.09,0.0,26.45,2200.0,0.0,22.87,2500.0,0.0,15.92,1800.0,25.45,27.42,2400.0,0.0,0.0,1700.0,25.804285714285715,3.8976666666666655,116.93,2126.6666666666665,23.396333333333335,0,0,3,87,13,0
Punjab,jalandhar,Nakodar,Potato,Other,FAQ,750.0,850.0,800.0,2023-09-15,28.59,11.63,25.72,32.3,86.3,1.26,11.41,11.63,28.59,3000.0,9.0,28.63,4100.0,8.39,28.24,1000.0,2.45,28.09,1000.0,10.12714285714286,70.89000000000001,1317.857142857143,28.61285714285714,5.2330000000000005,156.99,1269.0,28.301,0,0,9,258,37,1
Chattisgarh,rajnandgaon,Rajnandgaon,Potato,Potato,Local,1900.0,2500.0,2100.0,2024-11-08,22.2,0.0,17.03,28.2,80.86,1.15,13.89,0.0,22.2,2500.0,0.01,25.34,2500.0,0.0,23.71,2800.0,0.0,25.95,2600.0,0.0014285714285714,0.01,2357.1428571428573,22.640000000000004,0.1056666666666666,3.17,2613.333333333333,24.226333333333333,1,0,11,313,45,0
Kerala,idukki,Vandiperiyar,Potato,Other,FAQ,3500.0,3600.0,3600.0,2025-06-02,23.88,5.59,22.29,26.37,92.46,0.5,20.21,5.59,23.88,3300.0,5.59,23.88,2400.0,4.23,22.97,2600.0,31.43,23.99,4000.0,5.59,39.13,3442.8571428571427,23.88,12.309666666666663,369.29,3326.6666666666665,23.447,0,0,6,153,23,1
Madhya Pradesh,chhatarpur,Naugaon,Wheat,Dara Mill Quality,FAQ,2140.0,2180.0,2150.0,2023-07-04,31.3,0.53,26.72,36.45,70.83,1.34,18.54,0.53,31.3,2200.0,1.08,29.37,2150.0,17.35,28.4,2100.0,14.86,30.23,2150.0,0.3585714285714285,2.51,2143.5714285714284,30.764285714285712,15.458666666666666,463.76,2122.5,29.532333333333334,0,0,7,185,27,1
Madhya Pradesh,shajapur,Shujalpur,Onion,Bellary,FAQ,822.0,822.0,822.0,2025-04-11,32.29,0.0,24.26,40.65,14.18,4.54,23.83,0.0,32.29,300.0,0.0,33.24,1100.0,0.0,33.53,1245.0,0.0,32.38,1000.0,0.0,0.0,748.5714285714286,32.87571428571429,0.0,0.0,970.7333333333332,33.022333333333336,1,0,4,101,15,2
Punjab,kapurthala,Phagwara,Onion,Other,FAQ,1900.0,2700.0,2400.0,2025-02-06,13.8,0.0,7.74,22.27,40.49,1.39,16.19,0.0,13.8,970.0,0.33,14.98,721.0,0.03,14.98,796.0,0.0,13.13,563.0,0.1871428571428571,1.3099999999999998,1057.142857142857,14.29714285714286,0.0686666666666666,2.06,922.8666666666668,14.410666666666668,1,0,2,37,6,0
Punjab,patiala,Nabha,Onion,Other,FAQ,1100.0,2000.0,1560.0,2024-04-23,30.12,0.05,22.38,38.15,25.81,1.89,13.97,0.05,30.12,1300.0,0.04,29.75,1530.0,0.0,29.1,1800.0,0.23,30.02,1090.0,0.0457142857142857,0.32,1600.0,29.961428571428574,1.103333333333333,33.099999999999994,1530.6666666666667,29.508666666666667,0,0,4,114,17,2
Tamilnadu,dindigul,Dindigul(Uzhavar Sandhai ),Potato,(Red Nanital),Local,5000.0,6000.0,6000.0,2024-11-27,23.59,3.07,21.76,26.33,90.05,2.52,6.14,3.07,23.59,6000.0,11.96,23.3,7000.0,0.01,23.78,6000.0,0.02,24.38,6000.0,6.880000000000001,48.16,6142.857142857143,23.465714285714284,3.605333333333333,108.16,6493.333333333333,23.901333333333334,0,0,11,332,48,0
Maharashtra,pune,Junnar(Otur),Onion,Other,FAQ,1500.0,3010.0,2400.0,2024-08-04,23.29,38.81,22.28,24.72,95.41,5.6,4.2,38.81,23.29,2600.0,38.81,23.29,2000.0,61.46,23.25,2500.0,28.65,23.55,2800.0,38.81,271.67,2450.0,23.29,45.42166666666667,1362.65,2365.833333333333,23.318666666666665,0,1,8,217,31,1
Maharashtra,chandrapur,Chandrapur(Ganjwad),Potato,Other,FAQ,3000.0,3500.0,3250.0,2024-07-26,25.95,7.29,23.32,28.64,91.99,4.07,4.97,7.29,25.95,3250.0,8.62,28.04,2900.0,16.42,28.31,3000.0,2.95,35.62,1600.0,20.86142857142857,146.03,3228.5714285714284,26.140000000000004,14.059,421.77,2950.0,29.331666666666667,0,1,7,208,30,1
Uttar Pradesh,maharajganj,Partaval,Onion,Red,FAQ,3520.0,3675.0,3600.0,2024-08-31,29.62,2.52,25.35,33.1,81.34,1.19,19.88,2.52,29.62,3250.0,2.52,29.62,2530.0,0.92,29.66,3200.0,11.57,27.49,2100.0,2.52,17.64,2635.0,29.62,7.253333333333333,217.6,2597.5,28.72,0,0,8,244,35,1
Madhya Pradesh,rajgarh,Biaora,Tomato,Deshi,FAQ,1800.0,2000.0,1900.0,2023-09-08,26.61,5.64,24.03,30.1,85.92,2.18,9.77,6.38,26.33,540.0,7.85,26.42,500.0,0.0,27.94,1600.0,0.0,28.11,2400.0,6.904285714285714,48.33,1091.428571428571,26.40857142857143,3.032666666666666,90.98,1393.3333333333333,27.51933333333333,0,0,9,251,36,1
Madhya Pradesh,dhar,Gandhwani,Wheat,Other,FAQ,2300.0,2500.0,2350.0,2023-08-26,26.42,0.34,23.54,30.89,83.3,3.36,18.28,0.34,26.42,800.0,0.34,26.42,2550.0,0.16,25.97,1000.0,0.25,25.99,1000.0,0.34,2.3800000000000003,1750.0,26.42,0.238,7.140000000000001,1788.3666666666666,26.165,1,0,8,238,34,1
Andhra Pradesh,nalgonda,Miryalguda(Rythu Bazar),Potato,Potato,FAQ,3000.0,3000.0,3000.0,2023-09-23,30.85,0.0,,,,,,0.0,30.85,3000.0,0.0,30.85,2000.0,0.0,30.85,3000.0,0.0,30.85,3000.0,0.0,0.0,2642.8571428571427,30.85,0.0,0.0,2750.0,30.85,1,0,9,266,38,1
Gujarat,anand,"Anand(Veg,Yard,Anand)",Onion,Onion,FAQ,1500.0,2000.0,1800.0,2023-07-22,28.02,47.66,26.75,29.56,93.29,3.32,10.77,15.77,28.87,9800.0,23.26,29.01,2125.0,4.8,28.62,2140.0,1.4,29.1,2100.0,22.465714285714284,157.26,2845.714285714286,28.78857142857143,13.952666666666666,418.58,3549.5,28.55333333333333,0,1,7,203,29,1
Maharashtra,nagpur,Ramtek,Potato,Local,Local,1000.0,1400.0,1200.0,2025-02-25,25.42,0.0,16.65,34.14,25.67,2.06,22.33,0.0,25.42,1900.0,0.0,25.5,2000.0,0.0,26.63,2100.0,0.0,27.13,1900.0,0.0,0.0,1878.571428571429,25.191428571428577,0.0,0.0,2209.133333333333,26.412,1,0,2,56,9,0
Kerala,kottayam,Kanjirappally,Potato,Potato,FAQ,3500.0,4000.0,3800.0,2025-03-26,26.91,7.53,22.23,33.88,72.91,0.41,24.28,2.26,27.28,2500.0,2.26,27.28,2600.0,2.26,27.28,4500.0,1.26,27.12,2600.0,3.012857142857144,21.090000000000007,3642.857142857143,27.22714285714286,2.169,65.07,3703.3333333333335,27.225,0,0,3,85,13,0
Karnataka,davangere,Davangere,Potato,Potato,FAQ,2200.0,2600.0,2400.0,2024-07-31,24.59,9.13,22.85,27.44,89.57,4.77,13.31,9.13,24.59,2250.0,7.28,24.05,2300.0,6.32,23.7,2250.0,11.36,23.5,2100.0,8.594285714285714,60.16,2314.285714285714,24.37857142857143,9.456333333333331,283.69,2253.333333333333,24.099,0,0,7,213,31,1
Uttar Pradesh,sitapur,Viswan,Potato,Desi,FAQ,1560.0,1600.0,1580.0,2024-12-30,15.4,0.0,9.8,23.6,59.15,2.62,3.39,0.0,15.4,1600.0,1.35,18.06,1600.0,0.0,17.7,1660.0,0.0,15.37,1910.0,0.4028571428571469,2.8200000000000287,1597.857142857143,17.35571428571429,0.226,6.78,1686.1666666666667,17.105,1,0,12,365,1,0
Tamilnadu,kancheepuram,Kundrathur(Uzhavar Sandhai ),Onion,Bellary,Local,2000.0,2500.0,2500.0,2025-05-11,30.16,0.51,27.66,33.66,72.71,2.5,23.5,0.51,30.16,4000.0,3.37,29.94,4500.0,2.69,30.18,2500.0,3.14,29.83,3500.0,1.3271428571428587,9.290000000000012,3000.0,30.09714285714286,3.152333333333333,94.57,3123.333333333333,29.973,0,0,5,131,19,2
Uttar Pradesh,lucknow,Lucknow,Rice,Common,FAQ,3280.0,3370.0,3330.0,2025-04-19,30.61,6.81,23.44,37.85,45.95,2.34,21.69,0.08,32.83,1200.0,0.0,31.05,1600.0,0.14,28.45,1200.0,0.0,31.98,1180.0,1.018571428571428,7.129999999999996,2162.5714285714284,32.45,1.2156666666666671,36.47000000000001,2123.766666666667,30.21933333333333,0,0,4,109,16,2
Haryana,rohtak,Sampla,Potato,Other,FAQ,1200.0,1200.0,1200.0,2023-09-26,28.67,0.0,22.99,35.85,64.69,1.51,18.27,0.0,28.67,1200.0,0.02,29.2,900.0,4.7,29.85,2000.0,0.01,29.16,900.0,0.0028571428571422,0.0199999999999955,1228.571428571429,28.74571428571429,0.718,21.54,1393.3333333333333,29.665666666666667,0,0,9,269,39,1
Maharashtra,amarawati,Amrawati(Frui & Veg. Market),Potato,Local,FAQ,1000.0,3000.0,2000.0,2024-12-18,30.11,2.14,,,,,,2.14,30.11,1900.0,2.14,30.11,2250.0,2.14,30.11,1900.0,2.14,30.11,2500.0,2.14,14.98,1942.857142857143,30.11,2.14,64.2,2313.333333333333,30.11,0,0,12,353,51,0
Madhya Pradesh,ratlam,Sailana,Onion,Onion,FAQ,100.0,1301.0,100.0,2025-05-26,32.49,0.92,25.97,39.5,53.82,2.29,23.42,0.92,32.49,200.0,0.4,31.8,431.0,1.68,31.8,591.0,0.33,32.11,142.0,0.92,6.44,290.57142857142856,32.49,1.1700000000000002,35.1,409.6333333333333,31.91033333333333,0,0,5,146,22,2
Karnataka,bangalore,Kanakapura,Tomato,Hybrid,FAQ,2000.0,3200.0,2500.0,2023-06-08,25.07,0.48,21.68,28.62,74.53,3.02,24.47,0.48,25.07,1700.0,1.66,26.66,1400.0,1.66,26.66,3500.0,0.77,27.02,2500.0,0.8171428571428571,5.72,1771.428571428571,25.52428571428572,1.0776666666666666,32.33,1793.3333333333333,26.551,0,0,6,159,23,1
Haryana,faridabad,Ballabhgarh,Onion,Other,FAQ,3000.0,3600.0,3500.0,2024-08-27,28.21,2.42,25.14,31.83,84.66,3.28,17.62,4.69,28.34,3500.0,1.4,29.87,3500.0,1.89,28.83,2200.0,4.88,28.26,2200.0,2.454285714285714,17.18,2600.0,28.74142857142857,5.238,157.14,2426.6666666666665,28.74333333333333,0,0,8,240,35,1
Haryana,kurukshetra,Shahabad,Potato,Potato,FAQ,2000.0,2000.0,2000.0,2024-08-01,28.48,61.17,27.65,29.2,91.98,2.45,11.82,61.17,28.48,1600.0,12.2,31.03,1600.0,12.2,31.03,2000.0,9.51,31.74,3021.0,48.15571428571429,337.09000000000003,2171.428571428572,29.45714285714286,21.937666666666665,658.13,2120.2,30.547666666666665,0,1,8,214,31,1
Uttar Pradesh,sambhal,Muradabad,Potato,Desi,FAQ,1100.0,1150.0,1130.0,2025-05-22,31.04,10.99,24.31,36.44,47.11,2.78,21.55,10.99,31.04,800.0,0.14,35.01,1190.0,0.02,34.95,1400.0,0.02,34.19,1115.0,7.8900000000000015,55.23000000000001,1075.7142857142858,32.17428571428572,1.875,56.25,1245.5,33.97833333333333,0,0,5,142,21,2
Uttar Pradesh,bulandshahar,Khurja,Potato,Desi,FAQ,950.0,1050.0,1005.0,2025-03-15,26.17,0.06,18.49,34.66,34.74,2.05,18.07,0.06,26.17,2000.0,1.55,27.97,1000.0,1.55,27.97,1010.0,0.0,25.54,1100.0,0.06,0.42,1506.428571428571,26.17,0.4713333333333333,14.14,1604.5,26.723000000000003,0,0,3,74,11,0
Uttar Pradesh,gorakhpur,Chorichora,Potato,Red,FAQ,2800.0,3400.0,3200.0,2024-12-13,12.59,0.0,5.73,23.01,49.63,2.3,12.83,0.0,12.59,2900.0,0.0,13.93,2900.0,0.0,16.34,3800.0,0.0,17.93,2250.0,0.0,0.0,2660.714285714286,13.004285714285714,0.0,0.0,3049.1666666666665,16.35,1,0,12,348,50,0
Rajasthan,hanumangarh,Hanumangarh Town,Wheat,Other,FAQ,2168.0,2200.0,2190.0,2023-07-22,31.78,4.43,28.39,36.31,72.86,2.89,12.17,4.43,31.78,1300.0,4.43,31.78,2100.0,10.29,33.04,2155.0,10.29,33.04,2000.0,4.43,31.01,1717.142857142857,31.78,7.555333333333333,226.66,1818.7,32.452,0,0,7,203,29,1
Kerala,idukki,Kattappana,Potato,Other,FAQ,2300.0,2400.0,2400.0,2023-09-27,22.01,9.23,20.24,25.1,87.79,0.4,17.57,5.5,22.69,4600.0,5.5,22.69,4500.0,2.49,22.74,6500.0,10.65,22.68,3000.0,6.032857142857142,42.23,3371.428571428572,22.592857142857145,5.814666666666667,174.44,3760.0,22.665666666666667,0,0,9,270,39,1
Uttar Pradesh,sitapur,Hargaon (Laharpur),Onion,Nasik,FAQ,1100.0,1300.0,1200.0,2023-07-31,30.92,4.34,26.7,35.26,77.96,1.39,15.91,4.34,30.92,1560.0,5.07,29.22,1600.0,4.75,30.98,7800.0,0.72,28.87,1170.0,4.42,30.94,2440.714285714286,30.594285714285714,4.076,122.28,2478.1666666666665,30.127666666666663,0,0,7,212,31,1
Rajasthan,jalore,Jalore,Potato,Other,FAQ,1000.0,1200.0,1100.0,2025-05-22,36.44,0.0,29.59,43.34,35.34,3.11,26.77,0.0,34.78,1300.0,0.0,35.07,1600.0,0.0,33.76,1300.0,0.0,27.43,1100.0,3.2842857142857147,22.99,1357.142857142857,32.78428571428572,0.7663333333333334,22.99,1440.0,32.00633333333334,0,0,5,142,21,2
Tamilnadu,vellore,Kahithapattarai(Uzhavar Sandhai ),Onion,Bellary,Local,2600.0,2600.0,2600.0,2025-06-03,27.32,0.51,22.51,33.24,63.7,4.05,22.96,0.51,27.32,2600.0,0.11,27.75,3400.0,0.01,27.29,2600.0,0.01,26.81,3400.0,0.2814285714285714,1.97,2800.0,27.56571428571428,0.0933333333333333,2.8000000000000003,2896.6666666666665,27.334333333333333,1,0,6,154,23,1
Uttar Pradesh,aligarh,Khair,Wheat,Dara,FAQ,2410.0,2460.0,2450.0,2023-11-27,17.67,0.03,14.35,22.87,53.1,1.66,5.72,0.03,17.67,830.0,0.0,18.02,3350.0,0.0,19.17,2510.0,0.0,19.07,840.0,0.0214285714285715,0.1500000000000008,1782.857142857143,17.77,0.0050000000000002,0.1500000000000071,2038.3333333333333,18.796666666666667,1,0,11,331,48,0
Uttar Pradesh,badaun,Visoli,Potato,Desi,FAQ,700.0,800.0,720.0,2023-06-07,34.24,0.0,27.36,41.16,30.63,2.44,24.47,0.0,34.24,1150.0,0.01,34.34,750.0,0.01,34.34,2255.0,0.01,34.34,710.0,0.0042857142857142,0.03,1075.0,34.28285714285715,0.0084,0.21,1248.4,34.324000000000005,1,0,6,158,23,1
Haryana,sonipat,Gohana,Tomato,Tomato,FAQ,1600.0,2000.0,1600.0,2023-10-11,26.43,0.0,19.96,35.72,53.34,1.98,19.59,0.0,26.43,1800.0,0.15,28.21,2800.0,0.0,28.95,2800.0,0.0,26.48,2800.0,0.0857142857142852,0.5999999999999965,1642.857142857143,27.447142857142858,0.0299999999999999,0.8999999999999999,1866.6666666666667,27.595666666666663,1,0,10,284,41,0
Uttar Pradesh,etawah,Bharthna,Potato,Desi,FAQ,615.0,815.0,715.0,2024-01-29,16.25,0.0,7.72,25.54,44.19,1.47,12.7,0.0,15.07,730.0,0.0,16.02,2500.0,0.0,14.11,735.0,0.0,14.42,2510.0,0.0,0.0,1502.142857142857,15.781428571428572,0.0,0.0,1646.6666666666667,14.834666666666667,1,0,1,29,5,0
Madhya Pradesh,mandsaur,Mandsaur(F&V),Potato,Other,FAQ,1200.0,1500.0,1300.0,2023-07-11,27.6,13.3,25.6,30.66,85.38,3.75,15.06,13.3,27.6,2150.0,9.22,27.53,1500.0,9.22,27.53,2130.0,7.0,27.48,2350.0,12.71714285714286,89.02000000000001,2359.285714285714,27.59,10.790666666666665,323.72,1787.6,27.61766666666667,0,0,7,192,28,1
Tamilnadu,thiruvarur,Mannargudi II(Uzhavar Sandhai ),Onion,Bellary,Local,4800.0,6800.0,6800.0,2024-09-29,29.39,2.61,27.03,32.6,74.93,2.85,21.42,2.61,29.39,5000.0,3.83,30.38,5000.0,3.83,30.38,4800.0,0.18,31.04,4600.0,2.7842857142857147,19.49,5885.714285714285,29.53142857142857,2.386,71.58,5480.0,30.35,0,0,9,273,39,1
Kerala,kottayam,Ettumanoor,Onion,Onion,FAQ,6200.0,6400.0,6300.0,2024-11-28,23.96,0.59,21.26,27.24,89.39,0.5,12.84,0.59,23.96,7800.0,0.59,23.96,7200.0,0.59,23.96,8000.0,2.63,22.6,4300.0,0.59,4.13,6842.857142857143,23.96,1.61,48.3,6613.333333333333,23.280000000000005,0,0,11,333,48,0
Bihar,bhojpur,Piro,Onion,Medium,FAQ,4450.0,4490.0,4475.0,2024-09-24,29.57,0.3,26.61,33.59,84.61,1.32,15.15,0.0,29.59,3620.0,0.0,28.98,2600.0,0.0,28.3,4420.0,5.18,28.2,3610.0,0.0428571428571428,0.3,3793.571428571429,29.3,2.914333333333333,87.42999999999999,3732.0,28.12066666666667,0,0,9,268,39,1
Maharashtra,sholapur,Solapur,Onion,Red,Local,100.0,1600.0,800.0,2025-05-13,31.9,24.03,27.01,37.19,50.47,1.54,21.43,2.21,33.55,700.0,0.14,31.91,1750.0,0.0,31.2,3705.0,0.02,31.18,3695.0,4.10142857142857,28.709999999999987,1114.2857142857142,32.83142857142857,0.9886666666666668,29.660000000000004,1555.3333333333333,31.360333333333333,0,0,5,133,20,2
Uttar Pradesh,prayagraj,Allahabad,Potato,Chandermukhi,FAQ,1250.0,1325.0,1300.0,2025-06-11,39.18,0.21,32.7,45.16,30.19,3.18,22.7,0.21,39.18,1290.0,0.0,38.6,1280.0,0.0,36.34,1240.0,0.0,34.88,1000.0,0.120000000000001,0.8400000000000071,1249.2857142857142,38.93142857142857,0.2076666666666667,6.23,1671.2666666666669,36.88700000000001,1,0,6,162,24,1
Uttar Pradesh,rampur,Rampur,Onion,Red,FAQ,1330.0,1410.0,1360.0,2024-02-13,17.62,0.0,13.11,24.97,35.83,1.52,10.11,0.0,17.62,1350.0,0.0,16.85,1425.0,0.0,14.41,1480.0,0.0,14.15,2560.0,0.0,0.0,1101.428571428571,17.69857142857143,0.0,0.0,1117.0,15.051666666666668,1,0,2,44,7,0
Uttar Pradesh,fatehpur,Khaga,Potato,Desi,FAQ,2300.0,2415.0,2360.0,2024-07-23,30.8,5.3,27.91,35.11,77.97,2.67,14.62,5.3,30.8,2960.0,0.0,31.68,2380.0,27.4,31.25,2390.0,0.0,31.88,2930.0,1.554285714285714,10.88,2711.428571428572,31.382857142857144,6.036,181.08,2633.1666666666665,31.722,0,0,7,205,30,1
Karnataka,bangalore,Bangalore,Onion,Puna,FAQ,2000.0,3000.0,2600.0,2023-10-05,23.68,0.22,20.19,28.5,82.26,1.97,21.34,0.22,23.68,1800.0,0.12,24.2,1800.0,0.0,23.81,2600.0,6.22,23.29,1000.0,0.1485714285714285,1.04,1478.571428571429,24.05142857142857,0.6713333333333333,20.14,1785.0,23.765,0,0,10,278,40,0
Gujarat,gandhinagar,Dehgam,Wheat,Other,FAQ,2375.0,2480.0,2427.0,2024-01-31,22.06,0.0,15.69,28.51,49.2,1.37,13.19,0.0,22.06,2300.0,0.0,20.87,2500.0,0.0,19.03,2805.0,0.0,18.42,2850.0,0.0,0.0,2516.0,21.634285714285717,0.0,0.0,2630.333333333333,20.09466666666667,1,0,1,31,5,0
Uttar Pradesh,amroha,Hasanpur,Onion,Nasik,FAQ,930.0,1010.0,950.0,2024-04-16,30.3,0.0,23.72,37.3,33.56,3.55,23.41,0.0,30.3,1560.0,0.67,29.75,900.0,0.03,31.61,950.0,0.0,28.97,900.0,0.3828571428571429,2.68,1238.571428571429,29.985714285714284,0.354,10.62,1245.3333333333333,30.632,0,0,4,107,16,2
West Bengal,birbhum,Bolpur,Potato,Jyoti,FAQ,920.0,980.0,950.0,2025-02-12,21.1,0.0,13.04,30.91,53.35,1.71,17.1,0.0,21.1,2600.0,0.0,20.21,2600.0,0.0,19.04,2600.0,0.0,17.61,950.0,0.0,0.0,1444.2857142857142,20.464285714285715,0.0,0.0,1711.6666666666667,19.050666666666668,1,0,2,43,7,0
Madhya Pradesh,khargone,Badwaha,Potato,Other,FAQ,875.0,1100.0,900.0,2023-06-21,33.06,0.01,27.05,38.7,49.59,4.25,15.51,0.01,33.06,2300.0,0.01,33.06,2200.0,0.22,33.02,2300.0,0.2,32.32,2251.0,0.01,0.07,1873.4285714285716,33.06,0.1396666666666667,4.19,1589.9333333333334,32.918,1,0,6,172,25,1
Uttar Pradesh,bulandshahar,Anoop Shahar,Onion,Red,FAQ,1600.0,2000.0,1800.0,2023-10-11,25.97,0.0,19.74,34.77,57.89,1.96,19.59,0.0,27.98,1400.0,0.0,27.98,1110.0,0.0,27.98,2200.0,0.0,28.38,1130.0,0.0,0.0,1677.857142857143,27.692857142857143,0.0,0.0,1703.0,28.046333333333333,1,0,10,284,41,0
Uttar Pradesh,baghpat,Khekda,Potato,Potato,FAQ,1100.0,1300.0,1200.0,2023-08-21,30.45,2.2,27.03,33.53,77.27,0.91,15.45,1.19,30.44,1600.0,0.65,29.77,1200.0,2.08,28.36,1500.0,0.18,28.82,1300.0,3.987142857142857,27.91,1357.142857142857,30.107142857142858,2.037,61.11,1292.2666666666669,28.787,0,0,8,233,34,1
Uttar Pradesh,gorakhpur,Gorakhpur,Potato,Red,FAQ,1275.0,1375.0,1325.0,2025-01-25,15.92,0.0,8.25,26.52,42.35,2.19,15.74,0.0,18.55,1350.0,0.0,17.39,1350.0,0.0,17.06,2300.0,0.0,13.46,1350.0,0.0,0.0,1578.571428571429,18.03142857142857,0.012,0.36,1723.5,16.909666666666666,1,0,1,25,4,0
Uttar Pradesh,aligarh,Charra,Onion,Red,FAQ,2800.0,3000.0,2900.0,2024-10-03,26.95,0.0,21.6,32.63,74.91,1.79,20.18,0.0,26.95,2070.0,0.0,26.97,2080.0,0.0,27.1,2100.0,0.34,27.04,1550.0,0.0,0.0,2981.428571428572,26.955714285714286,0.0386666666666671,1.1600000000000144,2708.0,27.28833333333333,1,0,10,277,40,0
Andhra Pradesh,nalgonda,Venkateswarnagar,Potato,Local,FAQ,3000.0,3400.0,3200.0,2024-07-23,30.85,0.0,,,,,,0.0,30.85,3200.0,0.0,30.85,3200.0,0.0,30.85,2600.0,0.0,30.85,3200.0,0.0,0.0,3200.0,30.85,0.0,0.0,3173.333333333333,30.85,1,0,7,205,30,1
Uttar Pradesh,barabanki,Safdarganj,Potato,Desi,FAQ,2100.0,2250.0,2150.0,2024-12-12,11.81,0.0,4.64,21.71,49.18,1.99,13.87,0.0,11.81,2210.0,0.0,16.53,2240.0,0.0,16.9,4000.0,0.0,17.19,4120.0,0.0042857142857142,0.03,2124.285714285714,13.668571428571427,0.001,0.03,2771.0,16.367,1,0,12,347,50,0
Kerala,kollam,Chathanoor,Potato,Other,FAQ,4300.0,4700.0,4500.0,2024-04-20,29.72,0.34,27.0,33.96,72.75,1.93,22.38,0.75,29.51,3000.0,0.07,29.55,2200.0,0.17,30.5,2300.0,0.58,30.64,2200.0,0.6914285714285714,4.84,3485.714285714286,29.54,0.3146666666666667,9.44,3453.333333333333,30.148,1,0,4,111,16,2
Madhya Pradesh,rajgarh,Narsinghgarh,Potato,Other,FAQ,500.0,1170.0,550.0,2023-11-07,24.22,0.0,17.76,31.96,51.51,0.81,15.45,0.0,23.55,2510.0,0.0,23.55,2650.0,0.0,23.02,2400.0,0.0,23.24,2445.0,0.0,0.0,1757.142857142857,23.645714285714288,0.0,0.0,1993.6666666666667,23.31566666666667,1,0,11,311,45,0
Madhya Pradesh,raisen,Bareli,Wheat,Other,FAQ,2400.0,2530.0,2465.0,2023-11-21,20.89,0.0,14.86,28.19,67.12,1.13,12.74,0.0,20.89,2450.0,0.0,21.41,2450.0,0.0,18.66,2530.0,0.0,22.54,2510.0,0.0,0.0,2437.1428571428573,21.03857142857143,0.0,0.0,2479.2166666666667,21.205,1,0,11,325,47,0
Haryana,kaithal,Cheeka,Potato,Other,FAQ,700.0,1000.0,850.0,2023-10-13,25.06,0.0,18.88,33.73,57.31,1.29,17.94,0.0,25.06,1200.0,0.0,24.88,2650.0,0.0,24.85,2550.0,0.0,27.06,2500.0,0.0,0.0,1561.428571428571,24.982857142857146,1.715666666666667,51.47,1683.6666666666667,25.79133333333333,0,0,10,286,41,0
Madhya Pradesh,sagar,Malthone,Wheat,Dara Mill Quality,FAQ,2100.0,2500.0,2370.0,2023-11-09,22.7,0.0,15.69,30.95,56.06,1.2,15.25,0.0,22.7,2375.0,0.0,23.02,2300.0,0.0,23.02,2430.0,0.0,22.64,2350.0,0.0,0.0,2267.1428571428573,22.79142857142857,0.0,0.0,2441.5666666666666,22.862666666666662,1,0,11,313,45,0
Uttar Pradesh,muzaffarnagar,Muzzafarnagar,Onion,Red,FAQ,2175.0,2300.0,2220.0,2023-09-04,26.59,0.01,22.21,31.58,83.33,1.85,21.33,0.0,26.13,1220.0,0.0,26.33,2330.0,0.0,26.96,2325.0,1.68,27.53,1600.0,0.0014285714285704,0.0099999999999928,1734.2857142857142,26.31,0.1403333333333333,4.21,1794.6666666666667,26.88833333333333,1,0,9,247,36,1
Madhya Pradesh,raisen,Raisen,Wheat,Other,FAQ,2278.0,2546.0,2342.0,2023-08-26,25.67,0.02,22.94,29.28,86.41,2.56,17.26,0.11,25.6,2324.0,0.15,25.01,2364.0,0.45,25.63,2319.0,0.44,27.73,2335.0,0.1028571428571428,0.72,2317.428571428572,25.525714285714287,0.5806666666666668,17.42,2345.633333333333,25.98,0,0,8,238,34,1
West Bengal,murshidabad,Jangipur,Potato,Jyoti,FAQ,2600.0,2650.0,2630.0,2024-07-20,30.31,2.93,27.03,34.79,80.83,4.15,18.66,2.93,30.31,2450.0,2.01,30.44,2600.0,0.61,30.27,2635.0,4.27,30.2,3085.0,2.3242857142857143,16.27,2594.285714285714,30.412857142857145,2.074333333333333,62.23,2658.1666666666665,30.178,0,0,7,202,29,1
Uttar Pradesh,maharajganj,Nautnava,Potato,Desi,FAQ,850.0,950.0,900.0,2024-02-21,22.66,1.27,17.88,30.23,50.66,1.7,13.4,1.27,22.66,1400.0,0.67,22.16,1900.0,0.0,20.16,1000.0,0.0,18.76,1565.0,1.1842857142857142,8.29,1235.7142857142858,22.58857142857143,0.388,11.64,1253.6666666666667,20.538,0,0,2,52,8,0
Assam,lakhimpur,Golagokarnath,Onion,Red,FAQ,1780.0,1980.0,1880.0,2024-03-28,23.15,0.02,16.96,29.93,64.07,1.21,18.22,0.02,23.15,1860.0,1.17,22.27,1870.0,9.27,23.1,1810.0,0.76,23.75,1370.0,0.3485714285714286,2.44,1478.571428571429,22.898571428571422,5.6033333333333335,168.1,1621.1666666666667,22.30933333333333,0,0,3,88,13,0
Orissa,kalahandi,Bhawanipatna,Onion,Local,FAQ,1800.0,1800.0,1800.0,2025-05-01,29.38,7.67,23.2,36.84,58.82,1.98,26.17,7.67,29.38,2700.0,0.3,35.16,2000.0,0.71,31.89,2500.0,0.01,31.12,2500.0,3.541428571428569,24.789999999999985,2428.5714285714284,32.68857142857143,1.0906666666666671,32.72000000000001,2658.333333333333,32.20433333333333,0,0,5,121,18,2
Bihar,sheohar,Sheohar,Potato,Jyoti,FAQ,1400.0,1600.0,1500.0,2025-04-07,30.72,0.0,23.16,38.92,32.51,3.21,21.13,0.0,30.72,2400.0,0.0,30.85,2300.0,0.0,29.25,1500.0,0.0,28.13,1500.0,0.0,0.0,1871.4285714285716,30.82714285714286,0.2346666666666667,7.040000000000004,2226.6666666666665,29.374,1,0,4,97,15,2
Madhya Pradesh,dhar,Rajgarh,Potato,Potato,FAQ,900.0,1200.0,1000.0,2023-07-23,27.39,9.53,25.08,30.88,88.07,1.98,16.0,9.53,27.39,900.0,9.53,27.39,1300.0,54.02,27.1,1600.0,10.07,27.22,2550.0,9.53,66.71,1807.142857142857,27.39,36.242,1087.26,1882.6333333333332,27.21033333333333,0,0,7,204,29,1
Uttar Pradesh,saharanpur,Saharanpur,Potato,Desi,FAQ,2200.0,2600.0,2400.0,2024-07-25,28.48,3.89,26.33,30.75,88.3,1.09,17.8,3.89,28.48,3080.0,70.56,27.93,2100.0,20.63,28.18,1400.0,2.38,30.52,3220.0,13.414285714285716,93.9,2182.8571428571427,28.40142857142857,28.565,856.95,2308.6666666666665,28.83833333333333,0,0,7,207,30,1
West Bengal,nadia,Karimpur,Onion,Nasik,FAQ,1850.0,1950.0,1900.0,2024-03-06,22.89,0.0,13.75,32.3,39.63,2.06,22.54,0.0,22.89,1340.0,0.86,24.33,1300.0,4.88,24.43,1850.0,0.0,23.88,2400.0,0.6142857142857142,4.3,2058.5714285714284,23.91857142857143,2.324,69.72,1868.8333333333333,24.499333333333333,0,0,3,66,10,0
Rajasthan,kota,Ramganjmandi,Wheat,Other,FAQ,2130.0,2236.0,2200.0,2023-07-14,27.5,0.53,24.75,30.32,83.19,2.53,14.7,0.53,27.5,8000.0,6.11,28.6,2193.0,0.37,28.49,850.0,13.15,28.1,10000.0,2.124285714285715,14.870000000000006,3500.0,27.814285714285717,6.378333333333333,191.35,2809.0666666666666,28.088,0,0,7,195,28,1
Uttar Pradesh,balrampur,Rajpur,Wheat,Local,FAQ,2200.0,2200.0,2200.0,2023-09-22,27.75,3.02,24.24,31.75,85.04,1.08,17.2,3.02,27.75,2365.0,6.02,28.29,2030.0,7.69,27.86,2080.0,3.53,28.34,2060.0,3.02,21.14,1966.4285714285716,27.75,4.585999999999999,137.57999999999998,1822.3333333333333,28.31866666666667,0,0,9,265,38,1
Haryana,panipat,Madlauda,Potato,Other,Non-FAQ,700.0,700.0,700.0,2025-03-08,20.6,0.0,10.84,31.26,33.78,2.06,22.24,0.0,20.6,1400.0,0.0,17.36,1500.0,0.04,19.36,600.0,0.31,19.05,2000.0,0.0,0.0,1535.7142857142858,19.3,0.0923333333333328,2.769999999999986,1603.3333333333333,18.80733333333333,1,0,3,67,10,0
Madhya Pradesh,dhar,Kukshi,Wheat,Other,FAQ,2235.0,2235.0,2235.0,2023-07-01,26.93,6.91,24.96,30.11,84.35,4.01,14.51,6.91,26.93,4000.0,6.91,26.93,2400.0,21.26,26.36,2530.0,17.97,26.42,5000.0,6.91,48.370000000000005,2639.285714285714,26.93,16.367,491.0100000000001,2267.233333333333,26.552,0,0,7,182,26,1
Tamilnadu,kancheepuram,Padappai(Uzhavar Sandhai ),Potato,(Red Nanital),Local,3000.0,4000.0,4000.0,2024-08-12,29.06,16.13,26.91,31.67,83.85,1.96,23.49,16.13,29.06,4000.0,19.28,29.06,4500.0,10.74,28.82,4000.0,9.33,27.62,5000.0,18.38,128.66,4285.714285714285,29.06,13.123333333333331,393.7,4266.666666666667,28.67,0,1,8,225,33,1
Karnataka,kolar,Kolar,Potato,Local,FAQ,2000.0,3000.0,2300.0,2024-07-19,23.8,4.09,21.01,27.58,79.68,6.97,13.59,4.14,23.66,2600.0,7.2,24.3,2000.0,2.39,24.62,2300.0,0.08,23.72,2250.0,3.315714285714285,23.209999999999997,2838.0,23.87,2.244,67.32,2568.733333333333,24.062,0,0,7,201,29,1
Uttar Pradesh,prayagraj,Ajuha,Potato,Desi,FAQ,600.0,740.0,680.0,2024-01-27,15.61,0.0,6.79,23.96,36.69,1.56,14.3,0.0,15.61,630.0,0.0,14.53,670.0,0.0,14.63,2425.0,0.0,13.09,2400.0,0.0,0.0,1059.2857142857142,14.81857142857143,0.0,0.0,1401.8333333333333,14.147666666666668,1,0,1,27,4,0
Tamilnadu,madurai,Chokkikulam(Uzhavar Sandhai ),Onion,Bellary,Local,2400.0,2800.0,2800.0,2025-05-03,30.18,0.5,26.48,35.4,69.4,1.24,24.32,0.5,30.18,4000.0,0.5,29.67,4000.0,0.03,29.07,2800.0,0.73,28.31,4400.0,0.5,3.5,3600.0,29.88857142857143,0.3660000000000001,10.980000000000004,3313.333333333333,29.27433333333333,0,0,5,123,18,2
Kerala,alappuzha,Alappuzha,Onion,Big,FAQ,2000.0,2500.0,2000.0,2023-07-17,27.2,2.22,26.1,28.32,89.04,3.67,17.07,2.22,27.2,4500.0,4.98,27.31,2300.0,2.16,27.21,2200.0,9.21,27.33,2100.0,3.402857142857143,23.82,4728.571428571428,27.24714285714285,3.553,106.59,4303.333333333333,27.158666666666665,0,0,7,198,29,1
Uttar Pradesh,firozabad,Tundla,Potato,Local,FAQ,1025.0,1065.0,1050.0,2023-07-28,29.98,6.64,27.49,33.29,82.81,1.64,8.97,6.64,29.98,1410.0,6.49,30.33,965.0,6.49,30.33,2270.0,2.17,30.92,1375.0,6.575714285714286,46.03,3036.428571428572,30.13,14.846333333333332,445.39,2770.1666666666665,30.636666666666663,0,0,7,209,30,1
Uttar Pradesh,mainpuri,Ghiraur,Potato,Local,FAQ,960.0,1160.0,1060.0,2023-08-29,28.64,0.03,24.67,33.44,78.88,2.84,21.29,0.03,28.64,2210.0,0.13,27.56,2181.0,0.02,28.2,3000.0,5.06,27.8,1740.0,0.0585714285714285,0.41,1585.7142857142858,28.33142857142857,0.086,2.58,1711.8666666666666,28.09133333333333,1,0,8,241,35,1
Kerala,ernakulam,Aluva,Potato,Potato,FAQ,2500.0,3500.0,3000.0,2023-12-15,27.03,0.02,24.28,30.25,78.15,1.75,16.33,0.02,27.03,3000.0,0.02,27.03,3700.0,0.05,27.01,3500.0,0.2,27.63,5000.0,0.02,0.14,3714.285714285714,27.03,0.037,1.11,4461.666666666667,27.018666666666668,1,0,12,349,50,0
Karnataka,belgaum,Belgaum,Potato,Local,FAQ,2500.0,3300.0,2900.0,2024-07-05,24.31,11.46,22.14,27.02,89.62,5.3,8.46,13.06,24.64,2900.0,23.97,22.31,3000.0,5.22,24.34,3000.0,12.54,26.05,2800.0,11.717142857142855,82.02,3071.428571428572,24.33857142857143,14.434,433.02,2896.6666666666665,24.487666666666662,0,0,7,187,27,1
Madhya Pradesh,bhopal,Bhopal(F&V),Onion,Other,FAQ,1000.0,3600.0,2000.0,2023-12-03,21.02,0.21,15.53,27.9,74.67,2.36,11.34,0.21,21.02,800.0,5.27,19.87,2405.0,7.27,20.65,2875.0,0.0,19.28,800.0,1.247142857142856,8.729999999999992,2153.1428571428573,20.575714285714287,3.247333333333333,97.42,2007.4333333333332,19.793666666666663,0,0,12,337,48,0
West Bengal,hooghly,Kalipur,Potato,Jyoti,FAQ,1520.0,1560.0,1540.0,2023-07-21,29.41,8.11,26.98,32.19,86.33,3.05,6.32,2.06,29.78,2100.0,2.06,29.78,1800.0,3.41,29.72,2100.0,3.76,29.68,1800.0,2.924285714285714,20.47,3190.0,29.72714285714286,4.320333333333334,129.61,2117.333333333333,29.63433333333333,0,0,7,202,29,1
Rajasthan,alwar,Alwar (F&V),Tomato,Other,FAQ,2800.0,5200.0,4200.0,2023-06-30,30.96,8.32,27.39,35.17,69.43,2.03,17.98,8.32,30.96,1200.0,0.88,31.37,1200.0,3.42,30.67,1200.0,1.95,34.72,1200.0,5.131428571428572,35.92,2207.714285714286,31.135714285714283,3.722333333333333,111.67,2150.9333333333334,32.18666666666667,0,0,6,181,26,1
Madhya Pradesh,khandwa,Khandwa(F&V),Potato,Potato,FAQ,500.0,1200.0,600.0,2023-06-10,35.82,0.01,27.82,42.98,32.65,4.02,26.86,0.01,35.82,350.0,0.0,35.31,772.0,0.04,36.03,2300.0,0.93,35.08,350.0,0.0042857142857142,0.03,1439.571428571429,35.52857142857143,0.3014285714285714,8.44,1251.428571428571,35.50714285714286,1,0,6,161,23,1
Nagaland,phek,Pfatsero,Potato,Potato,FAQ,2000.0,2200.0,2100.0,2023-07-05,23.56,11.66,19.39,29.29,85.2,0.1,17.97,11.66,23.56,2900.0,2.9,22.75,2700.0,2.73,23.51,2800.0,13.24,21.99,2500.0,6.817142857142857,47.72,2871.428571428572,23.487142857142857,6.53,176.31,2822.222222222222,23.021111111111114,0,0,7,186,27,1
Punjab,sangrur,Sunam,Onion,Nasik,FAQ,1500.0,2800.0,2200.0,2025-03-01,18.85,0.07,12.33,27.25,67.36,1.62,15.47,0.07,18.85,600.0,16.91,18.24,600.0,1.43,20.44,2500.0,0.02,21.46,3000.0,12.098571428571429,84.69,1971.4285714285716,18.41428571428571,6.733333333333333,202.0,1705.0,19.731333333333332,0,0,3,60,9,0
Kerala,kottayam,Kanjirappally,Onion,Big,FAQ,3500.0,4000.0,3800.0,2023-10-14,24.47,29.45,22.35,28.2,88.59,0.51,16.71,29.45,24.47,3800.0,29.45,24.47,3200.0,29.45,24.47,3600.0,10.56,24.05,3600.0,29.45,206.15,4471.428571428572,24.47,21.14,634.1999999999999,5166.666666666667,24.410000000000004,0,1,10,287,41,0
Uttar Pradesh,prayagraj,Ajuha,Potato,Desi,FAQ,830.0,970.0,900.0,2023-11-06,24.37,0.0,19.57,32.13,45.07,1.14,11.72,0.0,24.37,2450.0,0.0,25.46,920.0,0.0,25.46,4200.0,0.0,25.59,955.0,0.0,0.0,1805.7142857142856,24.697142857142858,0.0,0.0,2430.5,25.218,1,0,11,310,45,0
Maharashtra,ahmednagar,Sangamner,Tomato,Other,FAQ,500.0,4500.0,2500.0,2023-06-21,30.27,0.0,24.83,37.23,55.92,4.96,19.89,0.0,30.27,2500.0,0.0,30.59,2000.0,0.0,30.59,875.0,0.0,30.32,700.0,0.0,0.0,1912.571428571429,30.49857142857143,0.0,0.0,1739.6666666666667,30.514666666666667,1,0,6,172,25,1
Rajasthan,hanumangarh,Rawatsar,Wheat,Other,FAQ,2561.0,2561.0,2561.0,2023-12-01,18.25,0.01,12.95,25.11,68.07,1.45,9.5,0.01,18.25,1000.0,0.8,19.09,800.0,0.8,19.09,2700.0,0.09,17.0,1471.0,0.01,0.07,2295.714285714286,18.25,0.2406666666666667,7.220000000000001,2664.733333333333,18.673,1,0,12,335,48,0
West Bengal,jalpaiguri,Dhupguri,Tomato,Other,FAQ,10000.0,11000.0,10500.0,2023-07-16,28.56,3.64,25.92,31.21,90.12,2.02,17.8,3.64,28.56,2400.0,15.76,28.45,10500.0,15.76,28.45,10500.0,59.78,27.87,2300.0,10.565714285714284,73.96,4400.0,28.49714285714285,37.818000000000005,1134.5400000000002,4716.666666666667,28.367,0,0,7,197,28,1
West Bengal,birbhum,Bolpur,Onion,Onion,FAQ,4200.0,4400.0,4300.0,2024-12-06,18.32,0.0,11.86,24.97,68.93,1.32,14.39,0.0,18.32,4200.0,0.0,18.11,2500.0,0.0,18.11,2500.0,0.0,19.46,4400.0,0.0,0.0,3742.857142857143,18.32,0.0,0.0,3450.0,18.62066666666667,1,0,12,341,49,0
Karnataka,bijapur,Bijapur,Onion,Onion,FAQ,500.0,1800.0,1000.0,2023-07-03,26.95,12.03,23.73,31.55,78.39,4.49,15.26,0.73,27.45,1000.0,0.0,30.95,2500.0,0.0,30.81,700.0,0.03,31.36,3350.0,2.454285714285714,17.18,1742.857142857143,27.487142857142857,0.9555,19.11,2040.0,29.824,0,0,7,184,27,1
Rajasthan,ganganagar,Sriganganagar (F&V),Potato,Other,FAQ,700.0,900.0,800.0,2025-04-30,34.04,0.0,24.2,43.16,17.38,2.18,25.57,0.0,34.04,1500.0,0.0,34.25,1500.0,0.04,34.35,800.0,0.0,32.73,800.0,0.0,0.0,1128.571428571429,33.777142857142856,0.0053333333333333,0.16,1126.6666666666667,33.357,1,0,4,120,18,2
West Bengal,alipurduar,Falakata,Potato,Jyoti,FAQ,1700.0,1800.0,1750.0,2024-05-06,26.81,2.12,22.21,32.65,55.01,2.39,9.69,3.03,27.67,1750.0,0.14,28.05,1750.0,0.03,28.73,1800.0,0.0,31.31,2400.0,2.8999999999999995,20.3,2028.571428571429,27.547142857142852,0.8346666666666667,25.04,2058.333333333333,29.092,0,0,5,127,19,2
Maharashtra,nashik,Nandgaon,Onion,Other,FAQ,100.0,1651.0,1150.0,2023-07-14,24.33,17.05,22.37,26.93,89.7,3.68,10.47,17.05,24.33,1250.0,17.05,24.33,1275.0,17.05,24.33,2289.0,14.78,24.47,2850.0,17.05,119.35,1456.5457142857142,24.33,16.293333333333333,488.8,1814.8273333333332,24.376666666666665,0,1,7,195,28,1
Haryana,mewat,Punhana,Potato,Other,FAQ,1000.0,1000.0,1000.0,2023-10-11,26.85,0.0,20.08,35.83,52.82,1.69,19.74,0.0,28.61,1000.0,0.0,29.68,1400.0,0.0,29.41,800.0,0.0,27.02,2500.0,0.0,0.0,1428.571428571429,28.664285714285715,0.0,0.0,1473.3333333333333,28.229666666666667,1,0,10,284,41,0
Kerala,alappuzha,Kayamkulam,Onion,Small,FAQ,2900.0,3100.0,3000.0,2024-11-02,26.39,45.78,25.69,27.38,85.62,2.93,17.36,7.23,27.97,3600.0,7.23,27.97,3200.0,2.62,28.42,4600.0,0.4,28.33,4000.0,12.737142857142857,89.16,4414.285714285715,27.744285714285716,5.532666666666668,165.98000000000002,4643.333333333333,28.157333333333334,0,0,11,307,44,0
Uttar Pradesh,firozabad,Sirsaganj,Wheat,Dara,FAQ,2150.0,2170.0,2160.0,2023-06-20,29.26,16.93,27.79,30.29,77.31,4.24,8.54,16.93,29.26,1000.0,16.93,29.26,875.0,4.72,33.69,830.0,0.87,35.09,960.0,16.93,118.51,1137.857142857143,29.26,6.821,204.63,1159.5,32.928666666666665,0,1,6,171,25,1
West Bengal,jalpaiguri,Belacoba,Potato,Local,FAQ,800.0,900.0,850.0,2025-02-20,19.99,0.07,14.75,27.04,53.08,1.73,14.64,0.07,19.99,1250.0,0.13,20.19,3600.0,0.06,20.66,1300.0,0.08,19.04,3700.0,0.1128571428571388,0.7899999999999716,1671.428571428571,20.132857142857144,0.0913333333333333,2.74,1733.3333333333333,20.211333333333336,1,0,2,51,8,0
Uttar Pradesh,auraiya,Dibiapur,Potato,Desi,FAQ,850.0,1050.0,950.0,2023-06-23,33.66,3.58,29.59,37.85,60.67,1.47,20.06,3.58,33.66,900.0,3.58,33.66,2200.0,6.78,32.21,2220.0,9.4,30.22,1200.0,3.58,25.06,1314.2857142857142,33.66,13.581666666666669,407.4500000000001,1432.1666666666667,31.85433333333333,0,0,6,174,25,1
Rajasthan,hanumangarh,Pilibanga,Wheat,1482,FAQ,2225.0,2235.0,2230.0,2023-08-26,32.48,0.05,27.49,38.11,51.82,2.43,20.15,0.05,32.48,1200.0,0.44,32.87,800.0,0.44,32.87,2237.0,0.0,34.3,1300.0,0.2728571428571428,1.91,1675.7142857142858,32.70285714285714,0.2286666666666667,6.860000000000002,1774.2,32.80166666666666,1,0,8,238,34,1
Punjab,moga,Moga,Potato,Other,FAQ,1000.0,1200.0,1100.0,2024-05-16,36.3,0.0,27.33,45.02,18.58,1.77,25.17,0.0,36.3,2000.0,0.0,32.6,900.0,1.21,35.2,2000.0,0.0,32.65,1200.0,0.0,0.0,1557.142857142857,34.82285714285714,0.169,5.07,1481.6666666666667,34.232,1,0,5,137,20,2
Punjab,gurdaspur,Dinanagar,Onion,Other,FAQ,2500.0,3000.0,3000.0,2024-10-22,24.45,0.0,19.61,31.3,67.6,1.0,13.36,0.0,24.45,4250.0,0.0,24.69,4500.0,0.0,24.62,2800.0,0.0,25.75,4900.0,0.0,0.0,2428.5714285714284,24.621428571428574,0.0,0.0,2855.0,25.02566666666667,1,0,10,296,43,0
Uttar Pradesh,pratapgarh,Pratapgarh,Potato,Desi,FAQ,650.0,725.0,685.0,2024-01-26,14.31,0.0,7.61,22.34,41.32,1.14,10.03,0.0,14.31,685.0,0.0,14.27,2448.0,0.0,14.03,1700.0,0.0,12.91,1670.0,0.0,0.0,1531.142857142857,14.292857142857144,0.0,0.0,1682.2,13.601333333333336,1,0,1,26,4,0
Maharashtra,nagpur,Nagpur,Onion,Red,FAQ,800.0,1600.0,1400.0,2024-02-14,25.44,0.0,17.81,33.79,42.67,2.09,17.25,0.0,25.44,1400.0,0.0,25.17,900.0,0.34,22.04,900.0,0.0,24.07,1375.0,0.0,0.0,1471.428571428571,25.285714285714285,0.734,22.02,1396.6666666666667,23.307,0,0,2,45,7,0
Maharashtra,ahmednagar,Kopargaon,Onion,Red,FAQ,500.0,1781.0,1625.0,2024-03-02,28.64,0.01,22.06,35.64,37.07,2.86,18.56,0.01,28.64,1800.0,0.01,28.64,1200.0,0.12,29.33,1600.0,0.83,28.66,1800.0,0.01,0.07,1475.0,28.64,0.2633333333333333,7.899999999999999,1370.0333333333333,28.913666666666664,1,0,3,62,9,0
West Bengal,howrah,Uluberia,Rice,Sona Mansoori Non Basmati,FAQ,3400.0,3600.0,3500.0,2025-04-24,32.81,0.0,27.01,40.81,66.01,3.84,21.79,0.0,33.12,2200.0,0.0,33.12,1480.0,0.02,32.56,1480.0,0.56,31.57,2300.0,0.0,0.0,3111.428571428572,33.075714285714284,0.288,8.64,2833.333333333333,32.403333333333336,1,0,4,114,17,2
Madhya Pradesh,bhind,Gohad,Wheat,Other,FAQ,2305.0,2375.0,2335.0,2023-08-16,28.51,0.44,25.34,32.13,83.24,2.33,19.57,0.44,28.51,2300.0,0.0,28.22,2190.0,0.0,28.53,2300.0,20.01,29.65,2301.0,0.1999999999999999,1.4,2295.1428571428573,28.477142857142866,2.2276666666666665,66.83,2285.9,28.283666666666665,0,0,8,228,33,1
Rajasthan,pratapgarh,Pratapgarh,Wheat,Dara,FAQ,2250.0,2450.0,2300.0,2023-08-19,29.62,1.29,27.02,33.15,84.56,3.07,19.48,1.29,29.62,1170.0,8.72,29.36,2315.0,9.77,29.31,2300.0,8.07,28.75,845.0,4.474285714285714,31.32,1657.857142857143,29.50857142857143,5.209333333333333,156.28,1704.6666666666667,29.238000000000003,0,0,8,231,33,1
Uttar Pradesh,prayagraj,Ajuha,Potato,Desi,FAQ,730.0,870.0,800.0,2023-11-30,22.64,10.15,18.09,29.05,75.74,1.77,5.63,10.15,22.64,2440.0,0.14,22.52,3525.0,0.09,21.03,2440.0,0.0,19.97,865.0,4.43,31.01,2298.5714285714284,22.571428571428573,1.0673333333333337,32.02,2170.6666666666665,21.147666666666662,0,0,11,334,48,0
Uttar Pradesh,bahraich,Bahraich,Onion,Red,FAQ,3800.0,4040.0,3900.0,2024-09-05,28.6,4.67,25.41,32.22,84.57,1.2,15.63,4.67,28.6,1800.0,1.19,29.27,2450.0,1.12,28.63,2375.0,4.28,28.01,3640.0,3.1785714285714284,22.25,2749.285714285714,28.88714285714286,3.3826666666666667,101.48,2837.333333333333,29.004666666666665,0,0,9,249,36,1
Madhya Pradesh,shajapur,Soyatkalan,Onion,Onion,Non-FAQ,100.0,1020.0,800.0,2025-05-08,25.77,0.12,21.45,30.53,59.36,3.56,19.07,0.77,25.57,300.0,0.77,25.57,801.0,0.33,29.04,1113.0,5.5,31.3,400.0,0.677142857142859,4.7400000000000135,787.1428571428571,25.59857142857143,1.8483333333333332,55.45,772.3333333333334,28.377,0,0,5,128,19,2
Maharashtra,sholapur,Solapur,Onion,White,FAQ,100.0,6500.0,3200.0,2023-11-03,25.52,0.0,18.45,33.6,63.56,1.65,15.71,0.0,25.52,3900.0,0.0,24.81,1300.0,0.0,24.6,2845.0,0.0,23.55,2825.0,0.0,0.0,2807.8571428571427,25.41857142857143,0.004,0.12,2692.833333333333,24.55,1,0,11,307,44,0
Punjab,patiala,Rajpura,Onion,Local,FAQ,3300.0,4000.0,3600.0,2024-12-03,19.37,0.0,14.1,27.87,45.22,1.93,13.49,0.0,19.37,4500.0,0.0,18.41,2600.0,0.0,17.08,3200.0,0.0,17.96,2700.0,0.0,0.0,3428.5714285714284,18.958571428571428,0.0,0.0,3075.0,18.231,1,0,12,338,49,0
Haryana,kurukshetra,Ladwa,Potato,Potato,FAQ,1500.0,1500.0,1500.0,2024-06-29,34.45,8.33,29.77,39.69,56.76,1.83,16.97,1.65,34.24,1800.0,7.07,33.66,800.0,0.57,36.83,1500.0,13.35,37.0,1500.0,4.152857142857144,29.070000000000007,1614.2857142857142,34.10428571428572,3.217333333333334,96.52,1503.3333333333333,35.577,0,0,6,181,26,1
Kerala,ernakulam,Kothamangalam,Potato,Other,FAQ,3000.0,4000.0,3500.0,2025-05-16,30.04,5.47,28.21,32.5,77.89,2.62,20.84,5.47,30.04,2700.0,6.32,29.82,3200.0,6.32,29.82,3500.0,4.89,29.4,2200.0,5.591428571428572,39.14,2957.1428571428573,30.00857142857143,5.578,167.34,3333.333333333333,29.696,0,0,5,136,20,2
Uttar Pradesh,chandauli,Chandoli,Onion,Red,FAQ,1550.0,1650.0,1600.0,2024-02-26,19.95,0.0,14.31,27.68,37.83,1.19,13.29,0.0,19.95,835.0,2.81,21.73,1375.0,0.0,18.72,1350.0,5.65,18.1,1600.0,0.4014285714285722,2.8100000000000054,1123.571428571429,20.08142857142857,0.5016666666666667,15.05,1149.0,19.683,0,0,2,57,9,0
Maharashtra,pune,Pune(Khadiki),Potato,Local,FAQ,1300.0,1600.0,1450.0,2023-11-06,21.73,0.0,18.08,27.5,76.0,2.59,14.08,0.0,21.73,1300.0,0.0,22.46,3000.0,0.0,21.6,1000.0,0.0,21.21,2451.0,0.0,0.0,2537.285714285714,22.147142857142857,0.0,0.0,2648.2,21.75133333333333,1,0,11,310,45,0
Uttar Pradesh,barabanki,Barabanki,Onion,Red,FAQ,2380.0,2480.0,2430.0,2025-02-23,19.76,0.0,12.1,28.86,42.24,1.76,19.76,0.0,20.34,2400.0,0.0,21.85,2150.0,0.03,20.64,850.0,0.0,21.33,950.0,0.0,0.0,1748.571428571429,20.25714285714286,0.005,0.15,1530.6666666666667,20.95133333333333,1,0,2,54,8,0
Madhya Pradesh,khargone,Sanawad,Tomato,Deshi,FAQ,3000.0,4000.0,3500.0,2023-07-05,27.61,15.92,25.75,30.88,86.8,3.37,17.09,15.92,27.61,2355.0,14.39,28.73,3500.0,14.39,28.73,600.0,1.3,29.32,700.0,15.045714285714286,105.32,2145.1428571428573,28.25,9.307,279.21,1785.2,28.854,0,1,7,186,27,1
Himachal Pradesh,hamirpur,Hamirpur,Potato,Other,Non-FAQ,1800.0,2000.0,1900.0,2025-04-18,30.39,1.48,22.67,38.56,36.01,2.05,22.96,1.48,30.39,1155.0,9.12,30.31,1100.0,9.12,30.31,1900.0,0.0,28.82,2100.0,1.48,10.36,1890.0,30.39,2.828333333333333,84.85,1896.5,29.92866666666667,0,0,4,108,16,2
Maharashtra,ahmednagar,Rahuri(Vambori),Onion,Other,FAQ,200.0,2800.0,1800.0,2024-05-30,32.44,0.15,24.89,41.33,50.04,4.49,27.05,0.15,32.44,2300.0,0.0,31.91,1600.0,0.0,31.91,2300.0,0.02,32.35,2400.0,0.1285714285714295,0.900000000000007,1890.0,32.364285714285714,0.0326666666666666,0.98,1712.1666666666667,32.25066666666667,1,0,5,151,22,2
Uttar Pradesh,bareilly,Anwala,Tomato,Deshi,FAQ,3500.0,4000.0,3800.0,2023-08-31,28.33,0.01,24.32,32.81,83.58,1.67,21.51,0.01,28.33,1700.0,0.54,28.14,1255.0,0.55,28.24,2350.0,0.17,28.49,900.0,0.3885714285714285,2.72,1939.2857142857144,28.19428571428572,0.489,14.67,1750.6666666666667,28.208666666666662,0,0,8,243,35,1
Orissa,keonjhar,Keonjhar(Dhekikote),Onion,Other,FAQ,4000.0,4500.0,4500.0,2024-08-31,26.82,3.25,24.49,30.29,89.84,3.55,16.17,3.25,26.82,3500.0,7.71,25.55,3500.0,7.51,25.79,3500.0,3.47,26.55,4500.0,3.767142857142857,26.37,3814.285714285714,26.542857142857144,8.632666666666667,258.98,3846.6666666666665,26.441333333333333,0,0,8,244,35,1
Tamilnadu,virudhunagar,Srivilliputhur(Uzhavar Sandhai ),Onion,Bellary,Local,5500.0,6000.0,6000.0,2024-10-03,28.6,0.57,25.1,33.25,76.2,2.78,20.21,0.57,28.6,4500.0,0.57,28.6,6000.0,8.7,27.75,6000.0,6.16,28.25,6000.0,0.57,3.99,5371.428571428572,28.6,5.007666666666666,150.23,5620.0,28.151666666666667,0,0,10,277,40,0
Himachal Pradesh,mandi,Dhanotu (Mandi),Potato,Other,FAQ,1000.0,1200.0,1100.0,2023-12-06,13.63,0.0,9.25,20.73,57.07,1.33,12.46,0.0,13.63,1200.0,0.0,11.49,4200.0,0.01,12.53,1200.0,0.34,14.49,4800.0,0.0,0.0,2507.1428571428573,13.324285714285717,1.4236666666666664,42.71,2790.0,12.634000000000002,0,0,12,340,49,0
Haryana,bhiwani,Loharu,Onion,Other,FAQ,3400.0,4000.0,4000.0,2024-08-27,28.34,7.08,25.47,32.22,83.31,3.54,16.99,7.02,28.91,2400.0,1.33,28.82,2350.0,8.01,29.49,3500.0,19.7,29.15,2550.0,3.421428571428572,23.950000000000003,2807.1428571428573,28.890000000000004,5.508666666666668,165.26000000000002,2738.333333333333,29.473000000000003,0,0,8,240,35,1
Uttar Pradesh,lalitpur,Mehrauni,Wheat,147 Average,FAQ,2100.0,2640.0,2640.0,2023-12-29,15.86,0.0,9.24,25.92,59.39,1.32,10.54,0.0,15.86,890.0,0.0,16.48,2420.0,0.0,15.64,2660.0,0.0,15.09,880.0,0.0,0.0,1827.142857142857,16.020000000000003,0.0,0.0,1837.8333333333333,15.409666666666668,1,0,12,363,52,0
Uttar Pradesh,bijnor,Bijnaur,Potato,Desi,FAQ,1200.0,1350.0,1250.0,2023-08-06,27.45,11.25,24.8,30.61,90.08,2.38,11.99,11.25,27.45,2340.0,23.57,27.48,1050.0,44.97,26.83,1300.0,0.65,28.1,1480.0,20.050000000000004,140.35000000000002,2088.5714285714284,27.471428571428568,22.118,663.54,2623.5,27.553,0,1,8,218,31,1
Andhra Pradesh,hyderabad,Bowenpally,Onion,1st Sort,FAQ,800.0,1500.0,1200.0,2024-04-21,34.87,0.05,27.74,41.76,36.44,2.0,20.74,0.05,34.87,2000.0,4.21,34.47,1000.0,0.17,35.64,800.0,0.0,32.94,1200.0,0.6442857142857141,4.509999999999999,2207.1428571428573,34.81285714285714,1.0376666666666667,31.13,1811.6666666666667,35.381,0,0,4,112,16,2
Punjab,sangrur,Malerkotla,Onion,Other,FAQ,900.0,1800.0,1100.0,2025-04-10,32.62,0.11,24.64,40.52,29.72,1.35,20.76,0.11,32.62,500.0,0.11,32.62,1400.0,0.0,32.1,1400.0,0.0,31.13,1600.0,0.11,0.77,871.4285714285714,32.62,0.0366666666666666,1.1,909.0,32.263333333333335,1,0,4,100,15,2
Uttar Pradesh,ghaziabad,Hapur,Rice,III,FAQ,3200.0,3300.0,3240.0,2025-06-02,31.73,0.7,24.82,38.28,44.56,1.48,22.18,0.7,31.73,3250.0,0.3,33.7,1220.0,0.3,33.7,3250.0,0.13,34.27,980.0,0.7528571428571473,5.270000000000032,2017.142857142857,31.888571428571428,0.331,9.93,1528.5,33.436,1,0,6,153,23,1
Himachal Pradesh,mandi,Mandi(Takoli),Potato,Other,FAQ,1200.0,1400.0,1300.0,2023-06-27,24.72,4.25,20.7,29.04,74.04,1.44,13.43,4.25,24.72,1500.0,20.79,23.14,1700.0,13.34,26.8,1300.0,6.03,26.9,1300.0,16.064285714285713,112.45,1692.857142857143,23.59142857142857,14.140333333333334,424.21,1601.6666666666667,25.6,0,1,6,178,26,1
Haryana,kaithal,Siwan,Potato,Other,FAQ,2100.0,2200.0,2200.0,2024-11-20,18.49,0.0,12.33,26.89,40.07,1.56,13.5,0.0,18.65,2150.0,0.0,18.91,2150.0,0.0,19.8,1250.0,0.0,21.28,1000.0,0.0,0.0,2671.428571428572,18.627142857142854,0.0,0.0,2515.0,19.781,1,0,11,325,47,0
Uttar Pradesh,etah,Awagarh,Onion,Red,Non-FAQ,1200.0,1400.0,1250.0,2025-05-21,37.19,0.09,29.73,44.29,26.36,2.51,23.9,0.0,36.85,1180.0,0.0,35.99,1185.0,0.0,36.62,1175.0,0.15,34.39,1320.0,0.0128571428571408,0.0899999999999857,1177.857142857143,36.65285714285714,0.0436666666666671,1.3100000000000152,1466.2333333333331,36.378,1,0,5,141,21,2
Tamilnadu,theni,Kambam(Uzhavar Sandhai ),Potato,(Red Nanital),Local,3600.0,3600.0,3600.0,2025-01-18,19.45,9.93,15.57,22.46,90.78,1.29,10.24,9.93,19.45,5000.0,0.0,20.27,4500.0,1.06,21.38,3600.0,0.6,22.71,3600.0,5.674285714285714,39.72,4314.285714285715,19.80142857142857,1.9116666666666664,57.35,4440.0,21.15533333333333,0,0,1,18,3,0
Madhya Pradesh,harda,Timarni,Wheat,Mill Quality,FAQ,2461.0,2661.0,2565.0,2023-11-20,22.68,0.0,16.38,31.02,68.39,1.46,15.44,0.0,22.68,2660.0,0.0,22.4,3250.0,0.0,21.24,980.0,0.0,23.6,940.0,0.0,0.0,2470.0,22.68,0.0,0.0,2338.833333333333,22.448,1,0,11,324,47,0
Madhya Pradesh,bhopal,Bhopal,Wheat,Mill Quality,FAQ,2525.0,2588.0,2565.0,2023-11-02,21.72,0.0,15.67,29.31,68.8,1.25,17.03,0.0,21.72,800.0,0.0,21.67,2653.0,0.0,20.44,700.0,0.0,21.46,2475.0,0.0,0.0,2015.7142857142856,21.691428571428567,0.0,0.0,2106.9666666666667,21.652666666666665,1,0,11,306,44,0
Rajasthan,bundi,Bundi,Wheat,Other,FAQ,2300.0,2611.0,2456.0,2023-09-30,28.46,0.0,21.89,36.13,52.32,1.44,22.41,0.0,28.46,2350.0,0.01,28.99,2356.0,3.23,28.92,2539.0,10.91,28.61,2400.0,0.0,0.0,2404.8571428571427,28.517142857142854,2.36,70.8,2447.266666666667,28.46966666666667,0,0,9,273,39,1
Tamilnadu,erode,Sathyamangalam,Onion,Bellary,Local,4000.0,4400.0,4400.0,2024-07-09,25.92,0.33,21.65,31.02,74.19,2.13,17.71,0.64,25.92,4400.0,0.64,25.92,4700.0,0.41,26.84,48.0,0.51,25.19,54.0,0.5957142857142858,4.17,4914.285714285715,25.92,0.515,15.45,1949.5333333333333,26.087,0,0,7,191,28,1
West Bengal,hooghly,Pandua,Onion,Nasik,FAQ,1900.0,2325.0,2100.0,2025-03-14,28.76,0.0,21.39,38.17,58.68,1.56,19.31,0.0,28.76,1000.0,0.0,27.82,1120.0,0.0,26.85,2300.0,0.0,25.74,1040.0,0.0,0.0,1560.0,28.625714285714285,0.0,0.0,1698.6666666666667,27.194666666666667,1,0,3,73,11,0
 Punjab,fazilka,Jalalabad,Onion,Other,FAQ,4000.0,4500.0,4200.0,2024-10-26,27.63,0.0,20.94,37.28,37.05,1.52,17.2,0.0,27.63,2500.0,0.0,26.3,4400.0,0.0,27.05,2500.0,0.0,29.32,4500.0,0.0,0.0,3542.8571428571427,27.228571428571428,0.0,0.0,3410.0,27.246,1,0,10,300,43,0
Kerala,kottayam,Kuruppanthura,Onion,Onion,Non-FAQ,8000.0,9000.0,8600.0,2025-02-21,26.42,0.0,19.17,34.6,60.07,0.52,24.8,0.0,26.42,3900.0,0.0,26.42,5600.0,0.0,26.42,4700.0,0.0,26.32,6600.0,0.0,0.0,5185.714285714285,26.42,0.0,0.0,4760.0,26.383333333333333,1,0,2,52,8,0
Orissa,khurda,Balugaon,Potato,Other,FAQ,2200.0,2300.0,2250.0,2024-05-10,31.11,1.99,27.69,35.69,64.43,4.34,22.14,2.82,30.82,2250.0,1.26,30.87,3500.0,5.78,30.54,2200.0,0.38,33.52,2200.0,2.701428571428571,18.91,2371.428571428572,30.861428571428576,2.0856666666666666,62.57,2296.6666666666665,31.573666666666664,0,0,5,131,19,2
Bihar,jamui,Jamui,Onion,Medium,FAQ,4400.0,4600.0,4500.0,2024-10-05,27.15,20.39,24.69,30.35,88.65,0.97,15.21,20.39,27.15,2300.0,0.32,27.34,4300.0,11.21,27.38,2300.0,0.0,28.45,2300.0,6.285714285714285,43.99999999999999,3200.0,26.562857142857144,8.420666666666667,252.62,3343.333333333333,27.444666666666667,0,0,10,279,40,0
Kerala,kottayam,Thalayolaparambu,Onion,Onion,FAQ,7000.0,7500.0,7300.0,2023-06-20,24.46,5.76,22.35,27.77,86.57,0.6,13.59,5.76,24.46,3000.0,5.76,24.46,2000.0,5.76,24.46,5000.0,0.87,25.17,4000.0,5.76,40.32,4657.142857142857,24.46,5.108,153.23999999999998,4343.333333333333,24.554666666666662,0,0,6,171,25,1
Uttar Pradesh,gonda,Gonda,Potato,Chandermukhi,FAQ,970.0,1015.0,1000.0,2023-11-23,18.81,0.0,13.59,25.74,62.97,1.08,12.39,0.0,18.81,1070.0,0.0,18.5,2530.0,0.0,20.64,2500.0,0.0,21.98,4050.0,0.0,0.0,2132.1428571428573,18.632857142857144,0.0,0.0,2460.6666666666665,20.136333333333333,1,0,11,327,47,0
Uttar Pradesh,maharajganj,Nautnava,Potato,Desi,FAQ,2360.0,2560.0,2450.0,2024-08-16,29.64,1.03,26.12,33.38,82.38,1.29,17.26,1.03,29.64,1400.0,2.26,28.9,2600.0,2.82,27.51,2450.0,6.72,28.28,1400.0,1.3814285714285717,9.67,2290.0,29.428571428571427,4.219666666666666,126.59,2417.0,28.59466666666667,0,0,8,229,33,1
Kerala,ernakulam,Angamaly,Potato,Potato,FAQ,3000.0,4000.0,3500.0,2025-03-23,29.39,2.19,26.52,33.32,73.77,1.65,21.25,2.19,29.39,3500.0,16.58,28.64,2700.0,16.58,28.64,3500.0,9.44,29.81,4500.0,10.41285714285714,72.88999999999999,3300.0,28.961428571428574,12.522999999999998,375.69,3496.6666666666665,29.144,0,0,3,82,12,0
Orissa,bargarh,Bargarh(Barapalli),Potato,Other,FAQ,3200.0,3400.0,3300.0,2024-07-07,28.49,20.29,25.08,31.63,79.25,1.28,19.41,20.29,28.49,3600.0,6.69,29.31,3200.0,6.03,28.28,3000.0,1.5,31.67,3500.0,13.861428571428572,97.03,3500.0,28.56714285714286,9.787,293.61,3266.6666666666665,29.339666666666663,0,0,7,189,27,1
Rajasthan,bundi,Sumerganj,Wheat,Other,FAQ,2495.0,2535.0,2515.0,2023-11-18,20.64,0.0,13.33,29.36,38.68,0.95,13.35,0.0,20.64,2510.0,0.0,20.07,2495.0,0.0,27.29,2550.0,0.0,26.02,2500.0,0.0,0.0,2473.285714285714,19.89,0.001,0.03,2487.866666666667,25.058333333333334,1,0,11,322,46,0
Tamilnadu,namakkal,Rasipuram(Uzhavar Sandhai ),Onion,Bellary,Local,3000.0,3400.0,3400.0,2025-04-27,29.55,0.26,24.96,35.1,65.75,1.96,22.7,0.26,29.55,3600.0,0.03,29.95,3400.0,0.03,29.95,3500.0,0.32,31.08,3000.0,0.26,1.82,3400.0,29.55,0.19,5.7,3340.0,30.271,1,0,4,117,17,2
Uttar Pradesh,banda,Banda,Onion,Red,FAQ,1970.0,2120.0,2050.0,2023-09-29,28.49,4.2,24.61,32.41,72.15,0.89,17.39,4.2,28.49,2020.0,0.61,28.86,2300.0,0.08,28.26,2310.0,0.0,28.02,1200.0,1.635714285714286,11.45,1651.428571428571,28.75428571428571,0.4856666666666667,14.57,1665.5,28.285666666666668,0,0,9,272,39,1
Tamilnadu,nagapattinam,Nagapattinam(Uzhavar Sandhai ),Potato,(Red Nanital),Local,3500.0,4500.0,4500.0,2025-04-26,29.85,4.49,29.05,30.49,79.06,3.61,19.94,4.49,29.85,3500.0,1.13,30.53,3500.0,0.42,29.91,4000.0,0.61,30.09,3500.0,2.0900000000000003,14.630000000000004,3685.714285714286,30.33571428571429,0.8926666666666666,26.78,3563.333333333333,30.216,0,0,4,116,17,2
Haryana,rohtak,Rohtak,Potato,Other,FAQ,500.0,800.0,700.0,2025-02-04,16.75,0.15,11.63,23.34,48.37,1.16,7.04,0.15,16.75,1000.0,0.0,16.65,1000.0,0.0,15.61,800.0,0.06,16.13,1000.0,0.0428571428571418,0.2999999999999929,835.7142857142857,16.464285714285715,0.01,0.3,888.3333333333334,14.853333333333332,1,0,2,35,6,0
Uttar Pradesh,ballia,Rasda,Onion,Red,FAQ,4250.0,4400.0,4320.0,2024-11-11,25.22,0.0,20.56,31.08,66.72,1.35,13.71,0.0,25.22,4340.0,0.0,25.85,4110.0,0.0,25.99,4020.0,0.0,25.76,4450.0,0.0,0.0,3005.714285714286,25.49142857142857,0.0,0.0,3105.6666666666665,25.732000000000003,1,0,11,316,46,0
Orissa,sambalpur,Kuchinda,Potato,Other,FAQ,2800.0,3500.0,3000.0,2024-10-04,26.49,0.37,24.03,29.49,90.67,1.56,18.84,0.68,27.07,3000.0,24.22,26.46,3000.0,6.35,27.74,3500.0,1.78,27.63,3900.0,3.934285714285715,27.540000000000006,4700.0,26.97857142857143,6.282333333333332,188.47,4423.333333333333,27.03933333333333,0,0,10,278,40,0
Maharashtra,ahmednagar,Shevgaon,Onion,2nd Sort,FAQ,2000.0,2300.0,2150.0,2024-07-27,24.87,1.25,22.84,28.39,83.21,6.52,8.46,1.25,24.87,2400.0,0.89,24.91,2800.0,18.47,24.18,2000.0,19.83,24.67,1750.0,1.1985714285714295,8.390000000000008,2564.285714285714,24.875714285714288,10.075333333333331,302.26,2446.6666666666665,24.61466666666667,0,0,7,209,30,1
Uttar Pradesh,bareilly,Bahedi,Potato,Kufri Megha,FAQ,1015.0,1040.0,1030.0,2023-08-11,28.99,2.42,26.23,32.35,86.64,2.59,18.9,2.42,28.99,2350.0,4.08,28.87,6500.0,13.64,28.78,1500.0,11.89,29.08,1255.0,2.894285714285714,20.26,2175.0,28.955714285714286,8.610666666666667,258.32,2146.4,28.923,0,0,8,223,32,1
Uttar Pradesh,agra,Agra,Tomato,Hybrid,FAQ,700.0,1000.0,850.0,2023-06-12,37.76,0.0,31.9,43.68,36.67,3.91,24.34,0.0,37.76,1200.0,0.0,37.76,2300.0,4.04,34.99,2225.0,0.58,36.03,2220.0,0.0,0.0,1112.857142857143,37.76,1.6206666666666665,48.62,1251.5,36.154,0,0,6,163,24,1
Haryana,jind,Safidon,Potato,Other,FAQ,1700.0,1700.0,1700.0,2024-05-22,38.05,0.0,30.02,45.63,15.97,2.1,22.99,0.0,38.05,1500.0,0.0,38.31,1700.0,0.0,38.34,1700.0,0.0,36.73,1300.0,0.0,0.0,1507.142857142857,38.23571428571429,0.0,0.0,1543.3333333333333,38.295,1,0,5,143,21,2
Haryana,fatehabad,Fatehabad,Onion,Other,FAQ,1000.0,2000.0,1500.0,2025-04-15,32.02,0.0,23.92,39.92,27.01,2.09,22.55,0.0,32.02,1600.0,0.0,31.11,1500.0,1.35,29.16,2000.0,0.0,32.94,800.0,0.0,0.0,1242.857142857143,31.891428571428573,0.4690000000000002,14.070000000000007,1160.0,31.659,0,0,4,105,16,2
Rajasthan,hanumangarh,Sangriya,Wheat,Other,FAQ,2035.0,2130.0,2130.0,2023-07-06,30.87,9.99,27.6,34.38,72.91,2.18,13.21,9.99,30.87,900.0,9.91,32.84,1050.0,9.91,32.84,2140.0,0.31,36.85,2115.0,9.978571428571428,69.85,1624.2857142857142,31.15142857142857,7.686000000000001,230.58,1933.8,33.38166666666667,0,0,7,187,27,1
Uttar Pradesh,bulandshahar,Jahangirabad,Wheat,Dara,FAQ,2210.0,2250.0,2230.0,2023-07-11,30.64,13.64,26.55,34.08,77.05,1.02,13.33,13.64,30.64,1250.0,13.64,30.64,900.0,13.64,30.64,900.0,17.74,30.42,6700.0,13.64,95.48,1699.2857142857142,30.64,14.05,421.5,2270.0333333333333,30.618,0,0,7,192,28,1
Uttar Pradesh,bareilly,Bahedi,Rice,Other,FAQ,2825.0,2910.0,2860.0,2025-05-10,32.72,0.18,26.57,38.99,42.41,1.52,22.66,0.18,32.72,2840.0,0.15,32.36,800.0,0.36,32.29,925.0,0.01,31.33,1030.0,0.1585714285714285,1.11,1855.0,32.462857142857146,0.1963333333333333,5.89,1712.6666666666667,32.118,1,0,5,130,19,2
Tamilnadu,thiruvarur,Mannargudi I(Uzhavar Sandhai ),Potato,(Red Nanital),Local,5000.0,5000.0,5000.0,2024-09-05,30.91,1.24,25.99,36.32,66.23,3.08,23.42,1.24,30.91,6000.0,1.24,30.91,6400.0,4.0,29.7,6000.0,1.15,30.16,5000.0,1.24,8.68,5000.0,30.91,2.32,69.6,5243.333333333333,30.226,0,0,9,249,36,1
Tamilnadu,kancheepuram,Kundrathur(Uzhavar Sandhai ),Potato,(Red Nanital),Local,4000.0,5000.0,5000.0,2025-01-18,24.12,14.07,21.91,27.0,83.58,4.51,9.6,0.36,23.77,5000.0,0.07,24.69,5000.0,4.08,25.21,4500.0,0.0,23.06,4000.0,2.220000000000002,15.540000000000012,4928.571428571428,24.12857142857143,1.1706666666666663,35.12,4583.333333333333,24.207,0,0,1,18,3,0
Kerala,idukki,Vandiperiyar,Potato,Other,FAQ,3800.0,4000.0,4000.0,2024-06-01,24.43,13.13,22.45,26.77,93.52,0.53,11.74,18.49,24.35,5000.0,18.49,24.35,3200.0,19.57,24.11,2400.0,10.92,24.17,3600.0,17.72428571428571,124.06999999999998,3800.0,24.361428571428576,27.74666666666667,832.4000000000001,3790.0,23.913,0,1,6,153,22,1
Uttar Pradesh,balrampur,Tulsipur,Potato,Desi,FAQ,1000.0,1050.0,1030.0,2025-04-29,28.55,0.7,22.73,34.9,42.03,3.08,19.71,0.7,28.55,3180.0,0.17,29.05,1040.0,0.0,32.64,1540.0,0.0,31.09,3120.0,0.6242857142857204,4.370000000000043,1819.2857142857144,28.62142857142857,0.1513333333333333,4.54,1749.0,31.088,1,0,4,119,18,2
Himachal Pradesh,solan,Solan,Potato,Other,FAQ,700.0,1000.0,900.0,2025-03-11,19.55,0.05,13.7,27.47,48.78,1.56,16.94,0.05,19.55,2500.0,0.0,17.89,2900.0,0.0,14.68,3000.0,2.39,15.34,900.0,0.0428571428571428,0.3,1657.142857142857,19.032857142857143,0.557333333333333,16.71999999999999,1840.0,15.578666666666669,0,0,3,70,11,0
Haryana,karnal,Gharaunda,Onion,Other,FAQ,4500.0,5000.0,5000.0,2024-09-18,26.96,13.03,24.04,31.38,83.86,1.4,15.39,13.03,26.96,2500.0,0.13,27.59,3750.0,0.0,26.47,4500.0,18.04,26.96,2000.0,11.187142857142856,78.30999999999999,3171.428571428572,27.05,10.437333333333331,313.12,3286.6666666666665,26.926,0,0,9,262,38,1
Tamilnadu,theni,Chinnamanur(Uzhavar Sandhai ),Potato,(Red Nanital),Local,3200.0,3300.0,3300.0,2025-05-04,27.36,0.75,23.31,32.71,63.65,1.34,21.79,0.75,27.36,2200.0,0.75,27.36,2400.0,1.59,27.41,3400.0,2.07,26.4,3400.0,0.75,5.25,2600.0,27.36,1.494,44.82,2800.0,27.127333333333333,0,0,5,124,18,2
Rajasthan,tonk,Malpura,Wheat,Other,FAQ,2455.0,2465.0,2460.0,2024-02-03,19.47,0.0,10.23,28.19,37.08,1.29,12.54,0.0,19.47,2410.0,0.0,16.94,2450.0,0.04,20.22,2435.0,0.0,18.33,2400.0,0.0,0.0,2382.8571428571427,18.024285714285718,0.0103333333333333,0.31,2417.233333333333,18.836666666666662,1,0,2,34,5,0
Uttar Pradesh,lucknow,Lucknow,Onion,Red,FAQ,2080.0,2200.0,2160.0,2023-10-11,26.89,0.0,21.89,33.59,65.71,1.41,19.6,0.0,26.89,2352.0,0.0,26.73,1180.0,0.0,25.34,2350.0,0.0,27.3,2070.0,0.0,0.0,1966.0,27.18142857142857,0.962,28.86,1888.0666666666664,26.61466666666667,0,0,10,284,41,0
Bihar,buxar,Buxur,Potato,Jyoti,FAQ,1200.0,1300.0,1200.0,2024-01-13,13.72,0.0,6.23,22.88,45.41,1.78,5.88,0.0,13.62,1300.0,1.23,18.54,1100.0,0.15,17.99,1600.0,0.0,15.33,3500.0,0.0,0.0,1142.857142857143,16.01142857142857,0.0836666666666666,2.51,1540.0,16.796,1,0,1,13,2,0
Uttar Pradesh,bulandshahar,Divai,Onion,Red,FAQ,900.0,1100.0,1000.0,2023-08-15,29.0,1.63,25.01,32.99,79.44,0.74,16.13,1.63,29.0,860.0,0.09,27.32,600.0,0.09,27.32,1590.0,0.07,29.14,2210.0,1.19,8.33,1322.857142857143,28.52,0.346,10.38,1430.6666666666667,27.660666666666664,0,0,8,227,33,1
Maharashtra,nashik,Sinner,Onion,Other,FAQ,1101.0,2086.0,1825.0,2023-10-03,23.52,0.0,20.53,28.16,87.41,1.63,20.69,0.0,23.52,2100.0,1.54,23.51,2550.0,14.81,24.77,2250.0,21.93,24.57,1900.0,1.1,7.7,2003.7142857142856,23.512857142857147,11.688666666666666,350.66,1963.9666666666667,24.257666666666665,0,0,10,276,40,0
West Bengal,nadia,Nadia,Potato,Jyoti,FAQ,1625.0,1640.0,1630.0,2023-08-16,29.45,8.25,26.63,33.5,85.19,0.88,14.12,8.25,29.45,2400.0,3.73,29.46,3200.0,4.19,28.84,1640.0,18.74,28.49,2600.0,7.604285714285715,53.23,2838.5714285714284,29.45142857142857,7.789333333333331,233.68,2463.0,29.057333333333336,0,0,8,228,33,1
Madhya Pradesh,dhar,Dhar(F&V),Onion,Other,FAQ,1800.0,2000.0,1900.0,2023-08-24,25.99,0.25,23.15,30.36,84.27,4.02,15.6,0.25,25.99,1200.0,0.83,26.15,1500.0,0.83,26.15,1000.0,0.69,24.93,800.0,0.6642857142857145,4.650000000000001,1871.7142857142856,26.104285714285712,0.7306666666666666,21.92,1772.7666666666669,25.610666666666667,0,0,8,236,34,1
Madhya Pradesh,tikamgarh,Jatara,Wheat,Other,FAQ,2300.0,2300.0,2300.0,2023-10-29,22.31,0.0,16.73,30.27,62.12,1.66,18.28,0.0,22.31,2300.0,0.0,21.75,2420.0,0.0,24.21,2300.0,0.0,23.05,2440.0,0.0,0.0,2372.8571428571427,21.99,0.0,0.0,2380.2,22.895,1,0,10,302,43,0
Gujarat,dahod,Dahod(Veg. Market),Onion,Onion,FAQ,500.0,2200.0,1800.0,2024-03-21,28.59,0.0,18.9,38.19,14.34,1.88,18.48,0.0,28.7,1400.0,0.0,27.44,1400.0,0.0,25.78,1500.0,0.51,25.69,1200.0,0.0,0.0,1528.571428571429,27.784285714285712,0.017,0.51,1590.0,24.946666666666665,1,0,3,81,12,0
Tamilnadu,coimbatore,Sulur(Uzhavar Sandhai ),Onion,Bellary,Local,3800.0,4000.0,4000.0,2025-02-25,25.54,0.01,18.32,33.8,58.74,2.63,25.04,0.01,25.54,5200.0,0.01,25.54,3800.0,0.0,25.01,5500.0,0.0,25.01,3900.0,0.01,0.07,4014.285714285714,25.54,0.0046666666666667,0.1400000000000035,4216.666666666667,25.25733333333333,1,0,2,56,9,0
Uttar Pradesh,prayagraj,Allahabad,Wheat,Dara,FAQ,2200.0,2450.0,2300.0,2023-08-18,29.12,12.14,26.7,32.66,86.8,1.63,16.27,12.14,29.12,2300.0,9.19,29.1,1725.0,9.19,29.1,1110.0,8.52,29.11,1580.0,11.718571428571428,82.03,2595.714285714286,29.11714285714286,5.251666666666667,157.55,1800.8333333333333,28.839,0,0,8,230,33,1
Tamilnadu,namakkal,Namakkal(Uzhavar Sandhai ),Potato,(Red Nanital),Local,3500.0,4000.0,4000.0,2025-02-14,24.27,0.0,15.58,35.2,57.95,1.5,24.01,0.0,24.27,4000.0,0.0,24.45,4000.0,0.0,24.45,4500.0,0.0,24.26,4000.0,0.0,0.0,4285.714285714285,24.37285714285714,0.0,0.0,4466.666666666667,24.521,1,0,2,45,7,0
Haryana,fatehabad,Tohana(New Veg Market),Potato,Potato,FAQ,1600.0,1800.0,1800.0,2024-07-19,34.63,0.52,29.22,40.53,57.68,1.73,19.83,0.52,34.63,1500.0,1.03,34.71,3500.0,6.44,33.62,3200.0,0.01,34.81,3500.0,0.8114285714285714,5.68,2264.285714285714,34.675714285714285,1.8653333333333333,55.96000000000001,2415.0,34.400333333333336,0,0,7,201,29,1
West Bengal,puruliya,Balarampur,Onion,Other,FAQ,2800.0,3100.0,3000.0,2023-10-08,26.7,1.47,23.35,30.96,84.93,0.78,17.36,1.47,26.7,2000.0,1.92,26.29,1260.0,10.71,26.34,2600.0,52.71,26.2,1230.0,1.5014285714285711,10.51,1941.4285714285716,26.49142857142857,15.665,469.95,1950.6666666666667,26.32933333333333,0,0,10,281,40,0
Kerala,ernakulam,Kothamangalam,Potato,Other,FAQ,2000.0,3000.0,2500.0,2025-05-07,29.32,4.76,28.1,31.2,79.79,2.82,21.4,4.76,29.32,2700.0,4.76,29.32,5800.0,0.99,29.4,2400.0,1.97,29.51,4000.0,4.76,33.32,2800.0,29.32,2.601,78.03,3276.6666666666665,29.39633333333333,0,0,5,127,19,2
Kerala,alappuzha,Kayamkulam,Onion,Big,FAQ,5100.0,5300.0,5200.0,2024-11-17,29.33,4.32,28.03,31.07,72.91,1.12,21.17,4.32,29.33,4900.0,12.55,28.78,4800.0,12.55,28.78,7500.0,6.87,27.87,5400.0,7.847142857142858,54.93000000000001,5271.428571428572,29.094285714285714,11.477666666666668,344.33000000000004,5553.333333333333,28.58833333333333,0,0,11,322,46,0
Himachal Pradesh,kangra,Kangra(Baijnath),Onion,Onion,FAQ,2000.0,2300.0,2200.0,2024-02-08,8.36,0.0,0.71,16.79,42.59,1.73,17.72,0.0,8.36,2100.0,0.0,7.44,1050.0,0.0,6.32,2200.0,5.11,6.99,2100.0,0.0,0.0,1664.2857142857142,7.834285714285714,1.3626666666666667,40.88,1596.6666666666667,7.076,0,0,2,39,6,0
Karnataka,bangalore,Bangalore,Potato,Local,FAQ,3600.0,3800.0,3700.0,2024-07-22,23.87,0.65,19.91,30.61,74.93,6.35,14.76,0.65,23.87,2200.0,1.57,23.5,3700.0,2.78,23.41,2800.0,0.0,24.59,2200.0,1.307142857142858,9.150000000000006,2957.1428571428573,23.60571428571429,3.405333333333333,102.16,3006.6666666666665,23.48733333333333,0,0,7,204,30,1
Uttar Pradesh,jhansi,Chirgaon,Potato,Desi,FAQ,800.0,850.0,820.0,2023-12-22,14.86,0.0,9.72,20.76,45.32,0.78,8.9,0.0,14.86,1885.0,0.0,14.23,810.0,0.0,14.23,1700.0,0.0,15.3,1950.0,0.0,0.0,1492.142857142857,14.77,0.0,0.0,1438.1666666666667,14.644666666666668,1,0,12,356,51,0
Himachal Pradesh,hamirpur,Muskara,Wheat,Dara,FAQ,2100.0,2200.0,2150.0,2023-08-01,28.58,7.3,25.57,32.2,84.06,2.03,21.94,7.3,28.58,1530.0,7.3,28.58,1700.0,2.82,28.3,1525.0,2.19,28.0,2255.0,7.3,51.1,2911.428571428572,28.58,4.143,124.29,3421.0,28.374,0,0,8,213,31,1
Tamilnadu,cuddalore,Viruthachalam(Uzhavar Sandhai ),Potato,(Red Nanital),Local,4500.0,4500.0,4500.0,2024-07-24,29.87,0.86,25.09,35.21,61.18,3.78,21.65,0.86,29.87,6000.0,0.28,30.91,4800.0,0.03,30.82,7000.0,0.25,30.4,4500.0,0.6942857142857142,4.859999999999999,4885.714285714285,30.16714285714286,0.253,7.590000000000001,5020.0,30.557,1,0,7,206,30,1
Uttar Pradesh,sitapur,Hargaon (Laharpur),Wheat,Dara,FAQ,2200.0,2220.0,2210.0,2023-08-18,30.71,2.1,26.87,34.87,76.58,1.08,15.86,2.1,30.71,2300.0,1.13,30.8,1160.0,0.0,30.12,1840.0,6.57,29.25,1680.0,1.6842857142857144,11.79,2131.428571428572,30.74857142857143,2.7713333333333336,83.14000000000001,1733.6666666666667,30.09,0,0,8,230,33,1
Uttar Pradesh,sambhal,Sambhal,Onion,Red,FAQ,2000.0,2500.0,2250.0,2024-09-28,25.61,0.79,23.95,28.06,92.86,2.02,12.19,0.79,25.61,2350.0,2.71,25.81,2150.0,5.8,27.02,3990.0,0.0,29.01,3875.0,2.1614285714285733,15.130000000000011,2445.0,25.752857142857145,2.172,65.16,2577.333333333333,27.555,0,0,9,272,39,1
Punjab,jalandhar,Noor Mehal,Potato,Other,FAQ,900.0,900.0,900.0,2023-06-17,34.31,0.03,28.61,39.65,45.19,0.9,26.32,0.03,34.31,1400.0,0.03,34.31,1000.0,0.42,31.74,1400.0,2.3,35.02,1500.0,0.03,0.21,697.1428571428571,34.31,10.601666666666668,318.05,802.6666666666666,32.50833333333333,0,0,6,168,24,1
Andhra Pradesh,hyderabad,L B Nagar,Potato,(Red Nanital),FAQ,2600.0,3200.0,2800.0,2024-09-23,26.33,22.11,22.43,30.79,85.35,1.6,14.31,22.11,26.33,2900.0,4.79,26.07,2500.0,2.61,24.97,3700.0,0.02,26.19,4500.0,17.16142857142857,120.13,3357.1428571428573,26.255714285714284,5.362333333333333,160.86999999999998,3246.6666666666665,25.73166666666667,0,1,9,267,39,1
Assam,lakhimpur,Paliakala,Onion,Red,FAQ,3650.0,3700.0,3680.0,2023-11-23,20.57,0.0,17.13,25.4,80.86,0.64,15.09,0.0,20.57,1140.0,0.06,20.07,1130.0,0.06,20.07,1160.0,0.0,20.86,3880.0,0.0,0.0,2574.285714285714,20.57,0.0309999999999997,0.9299999999999928,2355.6666666666665,20.602666666666668,1,0,11,327,47,0
Uttar Pradesh,muzaffarnagar,Muzzafarnagar,Potato,Desi,FAQ,1050.0,1200.0,1100.0,2023-06-19,35.87,2.3,30.89,40.8,39.81,1.72,15.73,2.3,35.87,1150.0,0.58,35.97,900.0,0.25,34.79,1130.0,0.0,37.52,900.0,1.407142857142857,9.85,1090.0,35.15571428571429,0.5043333333333333,15.13,1209.5,35.55066666666667,0,0,6,170,25,1
Uttar Pradesh,saharanpur,Rampurmaniharan,Potato,Desi,FAQ,1600.0,1700.0,1650.0,2024-12-30,11.56,0.0,5.81,20.75,59.0,1.74,4.6,0.19,14.56,1800.0,16.95,15.39,1700.0,0.0,15.17,1100.0,0.0,13.77,2200.0,8.377142857142855,58.63999999999999,1581.428571428571,13.752857142857142,3.776333333333333,113.29,1575.6666666666667,14.521,0,0,12,365,1,0
Uttar Pradesh,amethi,Sultanpur,Onion,Red,FAQ,3380.0,3570.0,3470.0,2023-12-09,18.16,0.0,13.1,26.06,55.64,2.38,10.36,0.0,18.16,2450.0,0.0,19.65,1050.0,2.09,20.66,1070.0,1.51,22.15,3650.0,0.0,0.0,2483.5714285714284,18.585714285714285,0.7743333333333333,23.23,2404.1666666666665,19.935,0,0,12,343,49,0
Haryana,rohtak,Sampla,Potato,Other,FAQ,1000.0,1000.0,1000.0,2025-02-19,20.22,0.42,11.71,28.76,34.82,1.31,14.41,0.0,19.97,2500.0,0.0,20.26,1800.0,0.01,17.58,2000.0,0.0,17.6,1700.0,0.0599999999999989,0.4199999999999929,1300.0,20.047142857142852,0.0156666666666666,0.47,1331.6666666666667,18.215333333333334,1,0,2,50,8,0
Uttar Pradesh,amethi,Sultanpur,Potato,Desi,Non-FAQ,725.0,825.0,780.0,2025-02-21,22.57,0.0,15.11,32.09,38.97,1.37,17.15,0.0,22.57,2250.0,0.05,21.64,745.0,0.0,21.6,2120.0,0.0,21.58,890.0,0.0357142857142857,0.2499999999999999,1454.2857142857142,21.90571428571429,0.0133333333333333,0.4,1584.8333333333333,21.57133333333333,1,0,2,52,8,0
Uttar Pradesh,hardoi,Madhoganj,Potato,Badshah,FAQ,880.0,950.0,910.0,2024-03-01,22.77,0.35,12.47,32.81,33.28,1.36,20.34,0.35,22.77,920.0,0.0,20.02,1772.0,0.06,19.75,865.0,0.0,20.01,1730.0,0.1999999999999999,1.4,1023.5714285714286,21.59142857142857,0.0793333333333333,2.38,1285.9666666666667,20.448,1,0,3,61,9,0
Kerala,kottayam,Pampady,Onion,Big,FAQ,7300.0,8300.0,8000.0,2024-12-06,24.66,0.17,20.61,29.01,84.69,0.38,20.81,0.17,24.66,4500.0,1.35,24.09,5800.0,1.35,24.09,4500.0,1.44,24.48,4500.0,0.17,1.1900000000000002,7128.571428571428,24.66,1.104666666666667,33.14,6206.666666666667,24.353,0,0,12,341,49,0
Haryana,kurukshetra,Shahabad,Onion,Onion,FAQ,2500.0,3230.0,3000.0,2024-08-02,29.77,5.0,26.73,33.25,85.24,2.0,17.59,61.17,28.48,3060.0,61.17,28.48,2300.0,12.2,31.03,800.0,15.52,30.73,1900.0,53.14571428571429,372.02,2465.714285714286,28.664285714285715,26.152,784.56,2158.6666666666665,30.290666666666667,0,1,8,215,31,1
Maharashtra,nagpur,Kamthi,Potato,Local,FAQ,2500.0,3500.0,3000.0,2024-09-16,25.77,4.92,22.06,29.87,87.32,2.87,16.84,4.92,25.77,2700.0,1.55,25.29,2700.0,0.2,26.32,3500.0,4.27,26.34,4000.0,1.650000000000001,11.550000000000008,3400.0,25.29,18.075333333333333,542.26,3504.1,26.07,0,0,9,260,38,1
West Bengal,alipurduar,Alipurduar,Potato,Jyoti,FAQ,1150.0,1250.0,1200.0,2023-09-29,28.13,2.54,25.26,31.52,84.32,0.98,20.73,2.54,28.13,1300.0,0.07,27.8,1200.0,0.64,27.3,3100.0,5.73,26.26,2900.0,1.8342857142857143,12.84,2078.5714285714284,28.035714285714285,1.728,51.84,2003.3333333333333,27.183333333333334,0,0,9,272,39,1
Jammu & Kashmir,udhampur,Udhampur,Potato,Other,FAQ,800.0,1000.0,900.0,2024-01-03,9.38,0.0,6.0,15.55,47.72,1.11,9.72,0.0,9.38,2400.0,0.0,11.32,2900.0,0.0,11.17,3350.0,0.0,9.69,1350.0,0.0,0.0,1592.857142857143,9.862857142857145,0.0693333333333333,2.08,2306.6666666666665,11.094666666666669,1,0,1,3,1,0
Orissa,nuapada,Khariar,Potato,Local,FAQ,2000.0,2500.0,2500.0,2024-05-07,32.62,14.52,27.01,38.41,40.98,3.36,13.86,0.16,34.84,3000.0,0.0,33.29,2500.0,0.0,33.8,2000.0,0.0,34.13,2500.0,2.165714285714286,15.16,2285.714285714286,34.48857142857143,0.6346666666666666,19.04,2533.333333333333,34.30433333333333,0,0,5,128,19,2
Uttar Pradesh,etawah,Jasvantnagar,Tomato,Hybrid,FAQ,1825.0,1925.0,1875.0,2023-06-23,33.66,3.58,29.59,37.85,60.67,1.47,20.06,3.58,33.66,1865.0,6.78,32.21,880.0,28.53,29.79,1210.0,9.4,30.22,1155.0,5.865714285714286,41.06,1609.2857142857142,32.62428571428571,15.065666666666669,451.97,1410.5333333333333,31.02133333333333,0,0,6,174,25,1
Kerala,ernakulam,Broadway market,Onion,1st Sort,Non-FAQ,2200.0,3000.0,2400.0,2025-04-04,28.46,38.15,26.93,31.08,80.29,1.54,20.97,38.15,28.46,3500.0,38.15,28.46,4000.0,14.81,28.97,3000.0,13.58,29.4,2500.0,38.15,267.05,3300.0,28.46,20.624,618.72,3330.0,28.97733333333333,0,1,4,94,14,2
West Bengal,paschim bardhaman,Asansol,Tomato,Hybrid,FAQ,2050.0,2250.0,2100.0,2023-09-25,27.05,1.93,25.46,29.64,91.59,1.02,12.88,1.93,27.05,1400.0,1.93,27.05,2750.0,17.66,27.28,2200.0,19.53,27.73,1550.0,1.93,13.51,2200.0,27.05,11.625,348.75,2234.0,27.329666666666665,0,0,9,268,39,1
West Bengal,howrah,Uluberia,Potato,Jyoti,FAQ,3020.0,3060.0,3040.0,2024-12-10,19.18,0.17,15.38,24.97,82.87,1.51,10.63,0.42,18.02,2880.0,0.0,19.99,2880.0,0.0,20.45,4700.0,0.09,21.18,2780.0,0.1442857142857163,1.0100000000000142,2971.428571428572,18.61142857142857,0.2326666666666666,6.98,3580.6666666666665,20.19066666666667,1,0,12,345,50,0
Haryana,sonipat,Ganaur,Onion,Onion,FAQ,4000.0,4500.0,4200.0,2023-11-09,23.36,0.0,18.1,31.53,52.93,1.38,10.41,0.0,22.24,4500.0,0.0,22.02,3000.0,0.0,22.11,1800.0,0.0,23.46,6000.0,0.0,0.0,3007.1428571428573,22.4,0.0,0.0,2810.0,22.56533333333333,1,0,11,313,45,0
Tamilnadu,dharmapuri,Pennagaram(Uzhavar Sandhai ),Onion,Bellary,Local,2500.0,3000.0,3000.0,2025-05-04,29.97,0.65,24.42,35.67,55.14,1.24,22.63,0.65,29.97,4000.0,0.65,29.97,3000.0,1.82,30.06,3000.0,6.21,30.5,2800.0,0.65,4.55,3157.1428571428573,29.97,2.623333333333333,78.7,3126.6666666666665,29.906666666666663,0,0,5,124,18,2
Madhya Pradesh,ratlam,Ratlam,Onion,Onion,FAQ,300.0,10800.0,450.0,2024-05-16,35.25,0.0,28.61,41.15,26.77,1.09,24.86,0.0,35.25,1152.0,0.0,34.63,400.0,1.57,35.61,1261.0,0.0,32.38,900.0,0.0,0.0,784.5714285714286,35.07285714285714,0.3013333333333333,9.04,846.0333333333333,34.69633333333333,1,0,5,137,20,2
Madhya Pradesh,rewa,Baikunthpur,Wheat,Dara Mill Quality,FAQ,2270.0,2325.0,2300.0,2023-09-09,27.85,11.83,24.68,31.75,85.26,1.28,13.58,11.83,27.85,2235.0,13.93,26.88,2250.0,0.03,29.47,2290.0,0.0,27.32,2300.0,12.572857142857144,88.01,2257.8571428571427,27.53142857142857,7.142333333333332,214.27,2242.7,27.98333333333333,0,0,9,252,36,1
Uttar Pradesh,varanasi,Varanasi(F&V),Potato,Badshah,Non-FAQ,1125.0,1250.0,1190.0,2025-04-21,35.4,0.0,25.92,44.37,26.29,1.6,22.46,0.0,35.4,1385.0,0.5,32.19,1400.0,0.0,31.28,1215.0,3.03,31.24,1600.0,0.1428571428571428,1.0,1880.0,34.205714285714286,0.8763333333333333,26.29,1957.0,32.149,0,0,4,111,17,2
Haryana,yamuna nagar,Radaur,Potato,Other,FAQ,2000.0,2000.0,2000.0,2024-07-26,30.09,5.38,26.96,33.38,84.41,1.7,17.0,5.38,30.09,2000.0,3.89,28.48,3000.0,3.89,28.48,3000.0,20.63,28.18,2500.0,4.95428571428571,34.67999999999997,1950.0,29.63,32.480333333333334,974.41,2191.6666666666665,28.49833333333333,0,0,7,208,30,1
Uttar Pradesh,mahoba,Mahoba,Potato,Desi,FAQ,920.0,1030.0,980.0,2024-02-29,22.05,0.0,13.18,30.49,41.62,1.5,21.65,0.0,20.24,985.0,0.0,20.45,1620.0,0.52,23.94,1430.0,0.91,18.48,1250.0,0.0,0.0,1262.142857142857,20.41,0.2743333333333334,8.23,1142.5,20.873,1,0,2,60,9,0
Punjab,gurdaspur,Dhariwal,Onion,Other,FAQ,1300.0,1500.0,1400.0,2024-02-10,14.06,0.0,8.74,22.37,44.84,1.05,17.22,0.0,14.06,500.0,0.0,12.98,600.0,0.0,10.26,500.0,0.53,11.54,600.0,0.0,0.0,1392.857142857143,13.44285714285714,0.0873333333333338,2.6200000000000143,1190.0,11.701,1,0,2,41,6,0
Kerala,thiruvananthapuram,Aralamoodu,Potato,Potato,FAQ,4000.0,4000.0,4000.0,2024-02-06,26.4,0.0,21.92,31.7,72.56,3.68,24.19,0.0,26.4,12140.0,0.0,26.85,4000.0,0.02,27.54,3500.0,1.38,28.09,2200.0,0.0,0.0,5945.714285714285,26.52857142857143,0.3003333333333323,9.009999999999968,5925.333333333333,27.349,1,0,2,37,6,0
Orissa,khurda,Balugaon,Onion,Other,Non-FAQ,2000.0,2100.0,2000.0,2025-05-30,30.35,5.03,28.63,33.17,82.49,3.85,12.83,5.03,30.35,1800.0,19.67,29.55,1900.0,9.62,29.86,1850.0,5.73,30.04,2200.0,11.304285714285712,79.13,1800.0,30.00714285714286,10.699333333333334,320.98,1865.0,29.58133333333333,0,0,5,150,22,2
West Bengal,bankura,Indus(Bankura Sadar),Potato,Jyoti,FAQ,2100.0,2140.0,2120.0,2024-04-25,34.41,0.0,25.05,43.55,26.68,1.83,24.99,0.0,34.41,2000.0,0.9,34.27,2240.0,0.0,34.43,2100.0,0.0,34.85,2100.0,0.5142857142857143,3.6000000000000005,2080.0,34.33,0.21,6.3,2148.6666666666665,34.501999999999995,1,0,4,116,17,2
Punjab,kapurthala,Phagwara,Potato,Other,FAQ,600.0,1100.0,800.0,2024-03-04,11.31,0.46,4.73,19.73,43.24,1.35,19.97,17.66,16.01,900.0,0.0,15.45,1701.0,0.0,14.67,1800.0,0.0,14.58,1367.0,6.265714285714286,43.86,1228.571428571429,15.618571428571428,1.6133333333333333,48.4,1186.5666666666666,15.424333333333331,0,0,3,64,10,0
Haryana,sirsa,Sirsa,Tomato,Other,FAQ,700.0,1100.0,900.0,2023-06-16,33.64,0.05,27.13,38.44,52.07,1.56,20.36,0.05,33.64,950.0,0.05,33.64,800.0,3.52,33.52,1000.0,0.0,34.99,800.0,0.05,0.35,850.0,33.64,0.9553333333333334,28.66,821.6666666666666,34.213,0,0,6,167,24,1
Uttar Pradesh,meerut,Meerut,Potato,Desi,FAQ,1200.0,1420.0,1270.0,2023-07-15,29.16,3.38,25.99,33.15,83.28,1.26,14.24,3.38,29.16,1050.0,7.2,28.94,1275.0,8.72,29.4,6670.0,28.93,29.73,1215.0,4.471428571428571,31.3,2300.714285714286,29.09714285714286,15.632,468.96,2396.1666666666665,29.549333333333333,0,0,7,196,28,1
Haryana,jind,Narwana,Onion,Other,FAQ,1500.0,1500.0,1500.0,2024-02-04,15.26,2.69,10.52,21.34,75.9,0.88,7.17,2.69,15.26,500.0,1.55,14.58,600.0,8.29,14.06,1500.0,0.0,14.6,1800.0,1.8757142857142857,13.13,1078.571428571429,14.774285714285712,1.7346666666666666,52.04,1025.0,14.31,0,0,2,35,5,0
Uttar Pradesh,hardoi,Sandila,Onion,Red,FAQ,1640.0,1720.0,1680.0,2025-04-13,29.69,0.0,23.18,37.04,31.7,0.95,23.63,0.0,29.69,1665.0,0.0,29.69,1680.0,1.01,29.38,1700.0,0.05,29.34,1200.0,0.0,0.0,1765.7142857142858,29.69,0.451,13.53,1897.8333333333333,29.462333333333333,0,0,4,103,15,2
Orissa,sambalpur,Kuchinda,Onion,Other,FAQ,3000.0,3200.0,3100.0,2024-01-05,18.85,0.0,13.48,25.67,65.87,0.85,12.05,0.0,18.78,3300.0,0.0,16.46,3900.0,0.0,17.14,4900.0,0.0,19.4,4900.0,0.0,0.0,2550.0,17.61,0.0,0.0,2953.333333333333,16.263333333333335,1,0,1,5,1,0
Kerala,thiruvananthapuram,Attingal,Tomato,Other,FAQ,12000.0,13000.0,13000.0,2023-07-28,26.31,0.16,24.31,28.87,87.07,3.9,22.82,0.16,26.31,10000.0,0.27,26.55,3200.0,2.17,26.31,4000.0,4.7,26.11,10000.0,0.2071428571428571,1.4500000000000002,5528.571428571428,26.412857142857145,2.595333333333333,77.86,6980.0,26.386000000000003,0,0,7,209,30,1
Tamilnadu,virudhunagar,Sivakasi(Uzhavar Sandhai ),Potato,(Red Nanital),Local,4800.0,5000.0,5000.0,2025-02-25,28.23,1.07,22.07,35.91,64.83,3.32,19.25,1.07,28.23,4000.0,0.0,28.36,4000.0,0.0,28.36,5000.0,0.0,28.37,4000.0,0.3057142857142855,2.1399999999999983,4357.142857142857,28.322857142857146,0.0713333333333333,2.14,4250.0,28.355333333333338,1,0,2,56,9,0
Tamilnadu,krishnagiri,Denkanikottai(Uzhavar Sandhai ),Onion,Bellary,Local,2500.0,3000.0,3000.0,2025-04-10,29.1,0.1,22.98,34.66,46.29,1.39,20.47,0.1,29.1,3000.0,0.0,28.87,3000.0,0.0,28.76,3000.0,0.12,28.82,3000.0,0.0428571428571428,0.3,2971.428571428572,28.968571428571437,0.038,1.14,3120.0,28.84466666666667,1,0,4,100,15,2
Uttar Pradesh,shravasti,Payagpur,Potato,Red,FAQ,1100.0,1300.0,1200.0,2025-01-31,18.31,0.0,10.97,28.38,38.21,1.63,17.15,0.0,17.89,1130.0,0.0,15.34,1150.0,0.0,17.47,1270.0,0.0,12.48,1900.0,0.0,0.0,1115.7142857142858,17.147142857142857,0.0006666666666666,0.02,1299.6666666666667,16.344666666666665,1,0,1,31,5,0
Himachal Pradesh,chamba,Chamba,Onion,Other,FAQ,4500.0,5000.0,4750.0,2024-11-27,6.35,0.0,2.8,12.11,51.43,1.33,14.28,0.0,6.35,2750.0,0.0,6.7,5750.0,0.0,8.28,5750.0,0.0,13.42,5250.0,0.0,0.0,3657.142857142857,6.602857142857142,0.0853333333333328,2.559999999999986,4161.666666666667,8.824666666666667,1,0,11,332,48,0
Kerala,kottayam,Kanjirappally,Potato,Potato,FAQ,4000.0,4500.0,4200.0,2025-05-23,26.33,21.81,24.56,28.56,88.33,1.0,16.16,21.81,26.33,5800.0,21.81,26.33,2400.0,1.18,26.11,7800.0,2.59,24.91,2200.0,21.81,152.67,4514.285714285715,26.33,8.744333333333334,262.33,4066.6666666666665,26.19066666666667,0,1,5,143,21,2
Uttar Pradesh,badaun,Badayoun,Potato,Desi,FAQ,1400.0,1510.0,1430.0,2024-04-08,29.42,0.0,20.57,39.52,14.54,2.2,25.23,0.0,29.42,1870.0,0.0,28.53,1840.0,0.0,28.53,1860.0,0.0,28.81,1370.0,0.0,0.0,1485.7142857142858,29.42,0.0,0.0,1498.3333333333333,28.866666666666667,1,0,4,99,15,2
West Bengal,jalpaiguri,Dhupguri,Onion,Onion,FAQ,1700.0,1900.0,1800.0,2023-06-21,28.45,57.31,25.39,32.0,88.48,2.24,12.43,57.31,28.45,2500.0,44.94,28.79,1600.0,38.08,28.49,1800.0,63.17,29.28,1300.0,48.47428571428571,339.32,1642.857142857143,28.69285714285714,48.339333333333336,1450.18,1610.0,28.798,0,1,6,172,25,1
Uttar Pradesh,ghaziabad,Ghaziabad,Potato,Desi,FAQ,725.0,775.0,750.0,2024-02-03,15.25,1.92,6.41,26.24,41.9,2.02,11.33,1.92,15.25,1580.0,0.03,13.57,2530.0,15.35,13.5,2560.0,0.0,14.65,2560.0,1.380000000000002,9.660000000000014,1664.2857142857142,14.77,2.268666666666667,68.06,1562.0,14.692333333333332,0,0,2,34,5,0
Bihar,rohtas,Nokha,Potato,Jyoti,FAQ,900.0,1100.0,1000.0,2024-02-05,18.08,4.37,13.47,25.29,72.09,1.07,12.32,4.37,18.08,3000.0,0.0,17.92,800.0,0.0,17.85,800.0,0.0,13.83,1200.0,3.1885714285714286,22.32,1821.4285714285716,18.22,0.7446666666666667,22.34,1685.0,16.861333333333334,0,0,2,36,6,0
Punjab,ludhiana,Jagraon,Potato,Other,FAQ,850.0,1050.0,950.0,2024-08-07,31.6,3.42,28.07,37.13,72.66,2.33,13.84,3.42,31.6,2000.0,2.0,31.97,1000.0,4.07,32.33,700.0,2.62,32.7,2900.0,2.8114285714285634,19.679999999999943,1921.4285714285716,31.75857142857143,2.551,76.53,1928.3333333333333,31.765,0,0,8,220,32,1
Uttar Pradesh,barabanki,Barabanki,Onion,Red,FAQ,4100.0,4200.0,4150.0,2024-10-20,25.01,0.0,19.99,30.68,77.12,1.04,17.14,0.0,25.01,2150.0,0.0,24.6,4065.0,0.0,23.82,2170.0,0.0,24.38,2150.0,0.0,0.0,2984.285714285714,24.68285714285714,0.0,0.0,3131.333333333333,24.142666666666667,1,0,10,294,42,0
Kerala,malappuram,Parappanangadi,Onion,Other,FAQ,2100.0,2100.0,2100.0,2023-09-05,23.72,11.83,21.34,26.43,88.83,1.41,12.75,11.83,23.72,2200.0,1.96,23.55,2500.0,7.09,24.11,2550.0,4.5,25.46,3000.0,4.78,33.46,2532.8571428571427,23.598571428571432,6.158666666666666,184.76,2538.6666666666665,24.46633333333333,0,0,9,248,36,1
Haryana,ambala,Shahzadpur,Potato,Potato,FAQ,600.0,900.0,900.0,2025-04-22,30.11,0.12,22.25,39.82,22.16,1.82,26.19,0.12,30.11,550.0,0.81,30.59,320.0,1.23,30.92,1000.0,2.94,30.44,700.0,0.2185714285714285,1.53,752.8571428571429,30.178571428571427,0.9443333333333332,28.33,954.1666666666666,30.607666666666667,0,0,4,112,17,2
Uttar Pradesh,badaun,Wazirganj,Tomato,Hybrid,FAQ,7300.0,7440.0,7370.0,2023-07-27,29.6,15.46,26.91,32.72,84.86,1.28,16.28,15.46,29.6,1245.0,15.46,29.6,7300.0,15.46,29.6,1235.0,5.83,30.84,7200.0,15.46,108.22,3228.5714285714284,29.6,26.31566666666667,789.47,3103.0,30.20133333333333,0,1,7,208,30,1
Jammu & Kashmir,jammu,Narwal Jammu (F&V),Potato,Potato,FAQ,1500.0,2200.0,1850.0,2024-12-23,12.49,0.22,8.89,16.49,51.34,1.19,5.6,0.22,12.49,2200.0,0.0,12.71,2100.0,0.0,13.85,2100.0,0.01,12.4,2000.0,0.0628571428571408,0.4399999999999858,2021.4285714285716,12.87857142857143,0.028,0.8400000000000001,2093.333333333333,13.051,1,0,12,358,52,0
Uttar Pradesh,amethi,Sultanpur,Onion,Red,Non-FAQ,1100.0,1135.0,1125.0,2025-05-12,35.62,0.0,28.45,42.47,28.87,2.95,22.23,0.0,35.62,1270.0,0.03,35.1,1150.0,0.54,33.42,1120.0,3.07,31.78,3315.0,0.7471428571428573,5.230000000000001,1131.428571428571,35.74571428571428,1.3293333333333333,39.88,1424.3333333333333,34.04633333333334,0,0,5,132,20,2
Haryana,panipat,Samalkha,Onion,Local,FAQ,1500.0,1500.0,1500.0,2025-04-04,28.71,0.0,21.21,38.52,18.57,2.24,24.11,0.0,28.71,1200.0,0.0,27.57,650.0,0.0,25.39,2600.0,0.0,24.33,1000.0,0.0,0.0,1371.428571428571,28.05857142857143,0.0,0.0,1386.6666666666667,25.45833333333333,1,0,4,94,14,2
Haryana,fatehabad,Tohana(New Veg Market),Potato,Potato,FAQ,1600.0,1650.0,1600.0,2024-07-09,33.53,0.14,28.28,38.94,60.89,1.34,20.33,0.14,33.53,2000.0,0.71,32.86,2500.0,20.47,31.95,3600.0,3.38,34.95,1450.0,0.3842857142857143,2.69,2100.0,33.24285714285715,9.362,280.86,2091.6666666666665,33.06933333333333,0,0,7,191,28,1
Madhya Pradesh,khargone,Badwaha,Potato,Other,FAQ,1200.0,1600.0,1450.0,2023-10-11,24.39,0.0,19.49,30.53,78.43,1.19,21.25,0.0,24.39,2529.0,0.0,24.39,1200.0,0.0,24.33,2525.0,0.0,24.45,600.0,0.0,0.0,2185.714285714286,24.39,0.0,0.0,1968.3666666666663,24.368,1,0,10,284,41,0
Haryana,panchkula,Barwala,Onion,Onion,FAQ,3000.0,4000.0,3500.0,2024-11-28,16.85,0.0,12.34,24.85,47.43,1.7,15.0,0.0,16.85,2800.0,0.0,17.02,4000.0,0.0,18.49,1900.0,0.0,18.09,1900.0,0.0,0.0,2464.285714285714,16.880000000000003,0.0,0.0,2545.0,17.600666666666665,1,0,11,333,48,0
Haryana,panchkula,Barwala,Potato,Other,FAQ,600.0,800.0,700.0,2023-06-10,34.05,0.43,27.35,41.04,41.04,2.15,24.93,0.43,34.05,600.0,0.04,32.66,400.0,0.04,32.66,800.0,0.38,29.98,2500.0,0.3742857142857143,2.62,971.4285714285714,33.85142857142857,0.2386666666666666,7.16,1378.3333333333333,31.976666666666667,1,0,6,161,23,1
Bihar,rohtas,Kochas (Balthari),Onion,Medium,FAQ,19.0,21.0,20.0,2024-04-08,31.36,0.02,23.34,39.67,26.2,2.68,20.37,0.02,31.36,2500.0,0.0,33.39,19.0,0.0,32.69,20.0,4.44,22.01,17.0,0.0057142857142857,0.04,1810.0,32.347142857142856,0.1493333333333333,4.48,1478.3666666666666,30.580666666666666,1,0,4,99,15,2
Haryana,yamuna nagar,Mustafabad,Onion,Other,FAQ,2600.0,2800.0,2600.0,2025-03-24,24.09,0.0,14.4,33.02,33.42,1.4,24.28,0.0,24.09,700.0,0.0,24.09,500.0,0.0,23.76,1000.0,0.0,22.94,500.0,0.0,0.0,1564.2857142857142,24.09,0.0,0.0,1516.6666666666667,23.657666666666668,1,0,3,83,13,0
West Bengal,nadia,Chakdah,Potato,Jyoti,FAQ,1620.0,1640.0,1630.0,2023-08-01,30.85,16.74,28.02,34.9,81.7,2.16,19.1,16.74,30.85,1640.0,10.6,31.55,1640.0,10.6,31.55,2150.0,4.56,30.49,1630.0,12.354285714285712,86.47999999999999,1795.7142857142858,31.35,7.508999999999999,225.27,1937.3333333333333,31.08333333333333,0,0,8,213,31,1
Orissa,khurda,Balugaon,Potato,Other,FAQ,1800.0,2100.0,2000.0,2025-05-09,32.13,0.18,27.84,37.83,59.77,2.42,25.07,0.18,32.13,2400.0,0.47,31.1,2400.0,1.73,31.05,2500.0,4.61,29.23,1500.0,0.3042857142857127,2.129999999999989,2228.5714285714284,31.68857142857143,2.4353333333333333,73.06,2276.6666666666665,30.75133333333333,0,0,5,129,19,2
Haryana,karnal,"New Grain Market(main), Karnal",Potato,Other,Non-FAQ,600.0,800.0,700.0,2025-05-03,30.27,0.21,23.17,38.06,46.05,2.04,21.92,0.21,30.27,800.0,18.26,28.41,950.0,18.26,28.41,1400.0,0.0,32.61,700.0,0.21,1.47,1141.428571428571,30.27,4.936333333333334,148.09,1154.6666666666667,30.389333333333333,0,0,5,123,18,2
Maharashtra,nashik,Lasalgaon(Niphad),Onion,Other,FAQ,951.0,1775.0,1600.0,2024-05-15,31.61,1.44,25.48,38.33,44.55,1.45,23.3,1.44,31.61,1323.88,1.44,31.61,1470.0,2.12,30.9,2250.0,3.52,30.82,1525.0,1.44,10.08,1569.1257142857144,31.61,2.1293333333333333,63.88,1618.8626666666669,31.212666666666667,0,0,5,136,20,2
Uttar Pradesh,shahjahanpur,Tilhar,Potato,Desi,Non-FAQ,1010.0,1090.0,1050.0,2025-03-31,26.84,0.0,16.27,38.17,12.79,2.25,26.16,0.0,26.84,1980.0,0.0,26.84,1275.0,0.0,25.63,2100.0,0.0,29.58,1250.0,0.0,0.0,1343.571428571429,26.84,0.0,0.0,1523.6666666666667,26.662666666666663,1,0,3,90,14,0
Gujarat,sabarkantha,Talod,Wheat,Other,FAQ,2200.0,2785.0,2493.0,2023-07-07,27.69,37.13,26.07,30.26,90.09,1.5,14.9,37.13,27.69,2264.0,10.06,28.74,2390.0,0.03,30.23,2250.0,3.01,26.06,2425.0,29.444285714285712,206.11,2345.714285714286,28.17,12.504,375.12,2318.4666666666667,28.21766666666667,0,1,7,188,27,1
Himachal Pradesh,shimla,Rohroo,Onion,1st Sort,FAQ,2800.0,3000.0,2800.0,2025-02-08,13.5,0.0,7.36,22.33,31.73,1.87,12.97,0.0,11.59,2800.0,0.0,10.15,2800.0,0.0,13.94,1200.0,0.0,13.86,1200.0,0.0,0.0,2128.5714285714284,11.45142857142857,0.5980000000000001,17.94,1530.0,12.458,0,0,2,39,6,0
Uttar Pradesh,lalitpur,Lalitpur,Potato,Local,FAQ,1260.0,1290.0,1285.0,2023-08-26,26.15,0.0,22.64,30.58,84.51,2.91,18.63,0.0,26.15,2200.0,0.05,26.35,1280.0,13.53,27.96,2380.0,13.3,26.41,1285.0,0.0242857142857137,0.1699999999999964,1957.857142857143,26.09857142857143,5.183999999999999,155.51999999999998,1812.6666666666667,27.123,0,0,8,238,34,1
Punjab,moga,Nihal Singh Wala,Potato,Other,FAQ,1200.0,1400.0,1300.0,2024-04-26,31.91,0.05,24.56,39.68,30.66,1.45,24.01,0.05,31.91,900.0,0.49,28.15,2200.0,0.43,28.61,1600.0,0.37,29.74,2200.0,0.0914285714285754,0.6400000000000282,1471.428571428571,30.95714285714286,0.3406666666666667,10.22,1500.0,29.077,0,0,4,117,17,2
Haryana,jind,Narwana,Potato,Other,FAQ,1000.0,1000.0,1000.0,2023-09-01,30.74,0.0,24.88,37.83,59.13,1.95,22.36,0.0,30.48,2000.0,1.12,29.81,1750.0,0.1,30.39,1500.0,0.04,30.35,1200.0,0.0,0.0,1514.2857142857142,30.33428571428572,1.4116666666666666,42.35,1431.6666666666667,30.507,0,0,9,244,35,1
Himachal Pradesh,kangra,Dharamshala,Onion,Other,FAQ,3400.0,3600.0,3500.0,2025-03-06,14.19,0.0,9.73,20.87,41.93,1.68,18.54,0.0,14.19,1250.0,0.0,14.19,3050.0,0.0,11.18,3100.0,1.92,10.47,3400.0,0.0,0.0,2164.285714285714,14.19,0.512,15.36,2186.6666666666665,11.793333333333331,0,0,3,65,10,0
Madhya Pradesh,neemuch,Manasa,Wheat,Other,FAQ,2400.0,2600.0,2500.0,2023-08-08,25.51,0.0,22.74,28.83,85.22,4.68,12.25,0.05,26.0,2569.0,0.94,25.92,2595.0,11.69,27.15,1000.0,2.11,27.7,2110.0,0.6057142857142856,4.239999999999999,1861.4285714285716,25.95,4.208333333333333,126.25,1955.3,26.622,0,0,8,220,32,1
Uttar Pradesh,mirzapur,Mirzapur,Potato,Desi,FAQ,1425.0,1500.0,1475.0,2024-12-31,13.04,0.0,7.36,20.73,67.0,1.33,11.6,0.0,13.04,1500.0,0.01,20.46,1545.0,0.02,18.23,1500.0,0.0,13.48,1900.0,2.247142857142857,15.73,1472.142857142857,15.121428571428572,0.5316666666666666,15.95,1619.1666666666667,16.402333333333335,0,0,12,366,1,0
Tamilnadu,sivaganga,Karaikudi(Uzhavar Sandhai ),Potato,(Red Nanital),Local,5000.0,6500.0,6500.0,2024-09-25,31.56,0.05,25.04,39.11,56.16,2.62,22.66,0.05,31.56,6800.0,0.05,31.56,7000.0,0.35,31.1,6000.0,0.02,31.37,6000.0,0.05,0.35,6414.285714285715,31.56,0.2366666666666667,7.1000000000000005,6200.0,31.26,1,0,9,269,39,1
Kerala,idukki,Kattappana,Potato,Other,FAQ,3200.0,3500.0,3500.0,2025-01-29,21.36,0.0,17.17,26.42,76.44,0.32,13.37,0.0,21.36,4000.0,0.0,20.22,4000.0,0.0,21.66,3500.0,0.8,21.78,4200.0,0.0,0.0,3814.285714285714,21.24428571428572,1.1133333333333335,33.400000000000006,4053.3333333333335,21.2,0,0,1,29,5,0
Gujarat,navsari,Bilimora,Onion,Nasik,FAQ,3000.0,4200.0,3600.0,2024-08-22,28.41,5.41,26.06,31.44,86.87,1.14,20.33,8.53,28.49,3500.0,2.76,28.85,2600.0,0.36,27.47,3300.0,7.65,26.8,3000.0,6.678571428571429,46.75,3060.714285714286,28.43142857142857,4.012,120.36,2942.5,27.67233333333333,0,0,8,235,34,1
Kerala,alappuzha,Mannar,Onion,Big,FAQ,2000.0,2500.0,2200.0,2024-02-12,29.68,0.0,26.42,32.76,55.63,1.37,25.01,0.0,29.68,3400.0,0.0,29.61,2400.0,0.0,29.3,1900.0,0.0,29.28,2400.0,0.0,0.0,2500.0,29.640000000000004,0.0,0.0,2713.333333333333,29.46366666666667,1,0,2,43,7,0
Orissa,dhenkanal,Kamakhyanagar,Potato,Potato,Non-FAQ,1900.0,2100.0,2000.0,2025-04-05,31.0,0.0,23.5,39.55,45.34,1.72,22.41,0.0,31.0,2800.0,1.44,29.77,2200.0,0.18,29.78,4000.0,0.0,30.66,2900.0,0.4742857142857163,3.3200000000000145,2371.428571428572,30.594285714285714,0.3266666666666667,9.800000000000002,2406.6666666666665,30.228666666666665,1,0,4,95,14,2
Rajasthan,hanumangarh,Hanumangarh Town,Onion,1st Sort,FAQ,2200.0,2200.0,2200.0,2023-10-07,29.85,0.0,22.14,38.15,46.12,1.8,18.87,0.0,29.85,2600.0,0.0,29.85,1100.0,0.0,29.37,1000.0,0.0,28.76,2100.0,0.0,0.0,1785.0,29.85,0.0,0.0,1720.7333333333331,29.501,1,0,10,280,40,0
Kerala,thiruvananthapuram,Chala,Potato,Other,FAQ,3300.0,3500.0,3300.0,2023-08-10,26.61,0.39,24.75,29.03,87.39,2.92,15.53,0.39,26.61,15040.0,0.39,26.61,3200.0,0.38,26.4,3300.0,0.12,27.01,3000.0,0.39,2.73,5462.857142857143,26.61,0.4376666666666667,13.13,4539.333333333333,26.617,0,0,8,222,32,1
Haryana,kaithal,Siwan,Onion,Other,FAQ,1700.0,1700.0,1700.0,2023-08-04,30.99,1.17,27.42,34.36,75.85,1.02,14.88,1.17,30.99,1200.0,5.28,30.79,1900.0,3.12,30.68,1700.0,7.44,29.35,1150.0,2.931428571428572,20.520000000000003,2428.5714285714284,30.904285714285717,3.559,106.77,2102.833333333333,30.534,0,0,8,216,31,1
Madhya Pradesh,vidisha,Lateri,Wheat,Lokwan,FAQ,2200.0,2375.0,2300.0,2023-08-16,26.67,0.36,22.28,31.36,82.39,2.51,16.53,0.36,26.67,2380.0,0.0,26.46,3000.0,0.0,26.76,2320.0,0.57,26.33,3000.0,1.5528571428571427,10.87,2344.285714285714,26.184285714285718,0.3643333333333333,10.93,2517.4,26.27466666666667,0,0,8,228,33,1
Uttar Pradesh,shahjahanpur,Tilhar,Potato,Potato,FAQ,560.0,640.0,600.0,2023-07-14,30.38,7.21,27.25,33.95,80.83,1.28,9.37,7.21,30.38,2325.0,7.89,30.07,1250.0,10.01,30.27,1480.0,11.2,30.88,2325.0,7.695714285714286,53.87,3159.285714285714,30.158571428571427,10.229666666666668,306.89,2814.1666666666665,30.405,0,0,7,195,28,1
Uttar Pradesh,pratapgarh,Pratapgarh,Onion,Red,FAQ,1300.0,1450.0,1350.0,2024-02-16,19.04,0.0,12.22,27.08,39.41,1.26,14.76,0.0,19.04,740.0,0.0,19.06,507.0,3.09,18.55,1400.0,0.0,16.14,1400.0,0.0,0.0,1004.2857142857144,19.05142857142857,1.472,44.16,912.6,18.532,0,0,2,47,7,0
West Bengal,paschim bardhaman,Durgapur,Onion,Other,FAQ,2050.0,2200.0,2100.0,2024-04-27,35.12,0.0,25.6,43.97,33.69,2.37,23.07,0.0,35.12,2100.0,0.0,34.8,2200.0,1.89,34.06,2100.0,0.0,35.25,2040.0,0.0,0.0,2050.0,34.982857142857135,0.315,9.45,2082.333333333333,34.522666666666666,1,0,4,118,17,2
West Bengal,jalpaiguri,Belacoba,Onion,Other,FAQ,4600.0,4800.0,4700.0,2024-11-28,19.33,0.0,15.51,24.56,77.16,1.26,15.32,0.0,19.33,4700.0,0.0,18.83,4700.0,0.0,18.83,2900.0,0.02,18.84,2600.0,0.0,0.0,4171.428571428572,19.115714285714287,0.0013333333333333,0.04,3506.6666666666665,18.85333333333333,1,0,11,333,48,0
Madhya Pradesh,hoshangabad,Hoshangabad(F&V),Potato,Potato,FAQ,1630.0,2750.0,2180.0,2024-11-22,16.05,0.0,9.61,24.75,67.07,1.21,13.67,0.0,16.05,2800.0,0.0,19.72,3370.0,0.0,21.03,2330.0,0.0,23.57,2310.0,0.0,0.0,2604.285714285714,17.9,0.0,0.0,2895.0,20.331333333333337,1,0,11,327,47,0
Kerala,alappuzha,Alappuzha,Potato,Other,FAQ,2500.0,3500.0,3000.0,2023-08-19,27.51,0.95,26.42,28.82,82.48,3.7,20.71,0.95,27.51,3000.0,0.95,27.51,8000.0,0.95,27.51,2300.0,0.19,27.31,3000.0,0.95,6.65,4485.714285714285,27.51,1.4133333333333336,42.400000000000006,3790.0,27.43933333333333,0,0,8,231,33,1
Haryana,sirsa,Sirsa,Potato,Other,FAQ,600.0,2500.0,840.0,2023-08-25,32.44,0.66,26.92,38.49,55.29,1.69,21.14,0.66,32.44,800.0,0.66,32.44,1200.0,0.02,31.99,1000.0,0.61,33.26,1650.0,0.66,4.62,1420.0,32.44,0.3006666666666666,9.02,1412.6666666666667,32.861,1,0,8,237,34,1
Haryana,mewat,Tauru,Potato,Potato,FAQ,1000.0,1000.0,1000.0,2023-10-09,29.68,0.0,22.84,37.55,56.53,1.86,19.25,0.0,29.68,1400.0,0.0,29.41,2500.0,0.0,27.22,1500.0,0.0,26.1,1500.0,0.0,0.0,1428.571428571429,29.487142857142857,0.0,0.0,1520.0,27.770333333333333,1,0,10,282,41,0
Maharashtra,pune,Pune(Manjri),Potato,Other,FAQ,1200.0,1600.0,1400.0,2023-12-20,18.42,0.0,13.78,24.6,58.88,2.96,12.91,0.0,18.42,2000.0,0.0,18.5,2000.0,0.0,18.5,1500.0,0.0,19.9,2500.0,0.0,0.0,1957.142857142857,18.454285714285717,0.0,0.0,1767.5333333333333,19.082,1,0,12,354,51,0
Jammu and Kashmir,anantnag,Kulgam,Onion,Red,FAQ,2000.0,2500.0,2200.0,2024-05-27,18.85,0.0,10.91,25.5,48.29,1.78,26.68,0.0,18.85,1250.0,2.18,17.57,2500.0,0.0,17.36,2650.0,0.0,14.38,1250.0,0.9342857142857144,6.540000000000001,1942.857142857143,18.301428571428573,0.3143333333333334,9.43,2278.333333333333,17.475,1,0,5,148,22,2
Haryana,fatehabad,Jakhal,Onion,Other,FAQ,1400.0,1400.0,1400.0,2023-06-21,36.12,4.72,30.74,40.95,46.96,2.26,19.43,4.72,36.12,700.0,0.93,37.05,850.0,0.93,37.05,1000.0,1.03,32.73,800.0,3.095714285714286,21.67,978.5714285714286,36.51857142857143,2.226,66.78,1016.6666666666666,35.663,0,0,6,172,25,1
Rajasthan,kota,Kota (F&V),Onion,Other,FAQ,200.0,1700.0,950.0,2024-06-06,37.38,0.0,30.02,43.78,25.37,2.53,24.58,0.0,37.38,1750.0,0.03,37.45,1500.0,0.0,37.65,1200.0,0.0,38.09,1750.0,0.0242857142857153,0.1700000000000071,1278.571428571429,37.60714285714285,0.0226666666666666,0.6799999999999999,1261.6666666666667,38.29066666666667,1,0,6,158,23,1
Uttar Pradesh,barabanki,Safdarganj,Potato,Desi,FAQ,600.0,690.0,680.0,2024-01-26,14.15,0.0,8.07,21.75,43.14,1.31,8.34,0.0,14.15,2500.0,0.0,13.1,680.0,0.0,12.41,2030.0,0.0,12.25,2030.0,0.0,0.0,1770.0,13.55,0.0,0.0,1637.0,12.726,1,0,1,26,4,0
Haryana,palwal,Palwal,Potato,Potato,FAQ,1000.0,1200.0,1100.0,2025-01-25,14.21,0.0,6.92,25.3,34.74,2.36,14.82,0.0,14.21,900.0,0.0,17.01,1200.0,0.0,17.21,750.0,6.49,18.32,1800.0,0.0314285714285734,0.2200000000000142,1042.857142857143,15.168571428571427,0.2316666666666666,6.95,1176.6666666666667,14.757333333333332,1,0,1,25,4,0
Madhya Pradesh,damoh,Javera,Wheat,Mill Quality,FAQ,2050.0,2151.0,2100.0,2023-06-26,29.06,35.34,26.05,33.3,75.89,2.71,3.96,35.34,29.06,2175.0,5.79,29.08,2194.0,0.32,33.77,2212.0,0.0,35.38,2127.0,14.424285714285714,100.97,2120.714285714286,29.82571428571428,4.972333333333334,149.17000000000002,1803.6,32.635666666666665,0,1,6,177,26,1
Tamilnadu,virudhunagar,Aruppukottai(Uzhavar Sandhai ),Potato,(Red Nanital),Local,3500.0,4000.0,4000.0,2025-03-10,28.9,0.19,20.99,37.32,58.15,3.39,24.95,0.19,28.9,3500.0,0.13,29.26,4600.0,0.13,29.26,4000.0,0.75,30.09,4000.0,0.1471428571428568,1.0299999999999985,4071.428571428572,29.15714285714285,0.382,11.46,4363.333333333333,29.568,0,0,3,69,11,0
Andhra Pradesh,hyderabad,Bowenpally,Potato,(Red Nanital),FAQ,800.0,1800.0,1600.0,2023-10-08,28.29,0.0,22.34,35.96,61.4,1.39,20.73,0.0,28.29,1800.0,0.0,28.13,1400.0,0.0,27.6,1700.0,0.04,28.49,1600.0,0.0,0.0,1628.571428571429,28.198571428571427,0.008,0.24,1755.0,28.169666666666664,1,0,10,281,40,0
Kerala,kottayam,Pala,Potato,Potato,FAQ,4300.0,4800.0,4500.0,2024-12-06,24.66,0.17,20.61,29.01,84.69,0.38,20.81,0.17,24.66,5000.0,0.17,24.66,8000.0,1.35,24.09,5800.0,1.44,24.48,7200.0,0.17,1.1900000000000002,5457.142857142857,24.66,0.8083333333333333,24.25,6030.0,24.395,0,0,12,341,49,0
Madhya Pradesh,dewas,Dewas(F&V),Onion,Other,FAQ,350.0,1100.0,850.0,2025-05-07,24.15,5.73,21.58,27.84,69.48,3.95,20.75,5.73,24.15,1500.0,15.15,31.52,800.0,0.0,34.73,1500.0,0.0,32.99,1400.0,7.801428571428572,54.61,1164.2857142857142,27.29428571428571,2.325333333333333,69.76,1025.6333333333334,32.17133333333333,0,0,5,127,19,2
Kerala,malappuram,Kottakkal,Potato,Other,FAQ,3100.0,3200.0,3150.0,2023-12-08,24.47,22.55,22.88,25.9,89.81,0.4,12.33,22.55,24.47,3000.0,4.98,25.04,4900.0,0.01,25.51,4500.0,0.83,25.89,3000.0,10.0,70.0,3468.5714285714284,24.877142857142854,2.699666666666667,80.99000000000001,3937.6666666666665,25.31066666666667,0,0,12,342,49,0
West Bengal,jalpaiguri,Belacoba,Potato,Jyoti,FAQ,2200.0,2250.0,2250.0,2024-06-21,28.11,15.3,25.81,30.45,89.9,2.21,18.05,15.3,28.11,2400.0,29.8,28.04,2400.0,80.59,28.89,2200.0,29.54,28.57,2100.0,25.65714285714285,179.59999999999997,2321.428571428572,28.06,50.068000000000005,1502.0400000000002,2273.333333333333,28.67,0,1,6,173,25,1
Rajasthan,hanumangarh,Hanumangarh,Potato,(Red Nanital),FAQ,1100.0,1100.0,1100.0,2024-06-24,37.21,0.0,31.41,42.8,33.05,1.52,19.09,0.0,37.21,1800.0,0.0,36.34,1600.0,20.77,33.64,1900.0,0.0,40.44,1920.0,0.0,0.0,1625.7142857142858,37.08571428571429,4.237333333333334,127.12,1630.4333333333334,37.124,0,0,6,176,26,1
Haryana,ambala,Barara,Potato,Other,FAQ,2000.0,2400.0,2400.0,2024-12-07,14.65,0.0,9.89,21.43,38.77,1.0,14.09,0.0,14.65,1000.0,0.0,14.67,1050.0,0.0,14.94,3000.0,0.0,17.01,3200.0,0.0,0.0,2190.0,14.658571428571433,0.0,0.0,2508.333333333333,15.225333333333332,1,0,12,342,49,0
Uttar Pradesh,shravasti,Bhinga,Onion,Red,Non-FAQ,2260.0,2535.0,2400.0,2025-03-06,20.17,0.0,10.15,30.19,27.67,1.65,21.2,0.0,20.17,2680.0,0.0,20.18,2900.0,0.0,22.89,2515.0,2.19,22.01,2400.0,0.0,0.0,1848.571428571429,20.17142857142857,0.5359999999999999,16.08,1813.3333333333333,21.816,0,0,3,65,10,0
Bihar,madhubani,Jahajharpur,Onion,Medium,FAQ,5200.0,5400.0,5300.0,2024-10-02,27.79,4.02,24.31,31.01,84.84,1.41,11.51,0.3,27.61,5400.0,0.15,27.06,2600.0,65.78,24.16,5300.0,0.13,30.01,2500.0,0.8357142857142877,5.850000000000014,4285.714285714285,27.52,20.028666666666663,600.86,4106.666666666667,27.48966666666667,0,0,10,276,40,0
Tamilnadu,villupuram,Tindivanam,Potato,(Red Nanital),Local,3600.0,3600.0,3600.0,2025-03-08,26.86,0.01,24.06,30.41,70.32,2.36,24.24,0.01,26.86,3500.0,0.08,26.87,4000.0,0.0,27.52,5000.0,0.35,27.5,4000.0,0.06,0.42,3957.142857142857,26.867142857142856,0.1153333333333333,3.4600000000000004,4056.6666666666665,27.317333333333337,1,0,3,67,10,0
Uttar Pradesh,mirzapur,Ahirora,Onion,Red,FAQ,1800.0,2000.0,1900.0,2024-08-02,28.84,21.97,26.23,32.31,85.85,2.38,10.43,22.97,29.2,2775.0,8.99,29.7,1900.0,0.53,30.99,1900.0,7.44,31.32,2925.0,18.83285714285714,131.82999999999998,2176.428571428572,29.291428571428572,9.789333333333332,293.68,2240.6666666666665,30.383666666666667,0,1,8,215,31,1
Karnataka,udupi,Udupi,Tomato,Tomato,FAQ,7900.0,8000.0,8000.0,2023-07-05,24.71,156.65,23.31,25.97,91.94,3.38,4.13,156.65,24.71,2000.0,58.35,25.63,1900.0,21.34,25.09,1900.0,27.42,26.5,4400.0,128.80285714285714,901.62,4228.571428571428,25.034285714285712,49.402,1482.06,3220.0,25.241,0,1,7,186,27,1
Uttar Pradesh,rampur,Shahabad,Wheat,Other,FAQ,2230.0,2270.0,2250.0,2023-10-03,25.24,0.01,21.02,29.53,65.3,0.82,19.72,0.01,25.24,750.0,0.01,27.37,2250.0,0.05,26.43,1100.0,0.0,26.55,1105.0,0.0271428571428571,0.19,1755.7142857142858,26.162857142857145,0.0196666666666666,0.5900000000000001,1839.5,26.443,1,0,10,276,40,0
Maharashtra,nashik,Manmad,Onion,Other,FAQ,500.0,1767.0,1400.0,2024-05-23,33.31,0.01,25.36,42.11,45.2,2.91,24.75,0.01,33.31,1450.0,0.01,33.31,1550.0,0.05,34.16,1700.0,0.08,33.28,1600.0,0.01,0.07,1664.2857142857142,33.31,0.038,1.140000000000001,1611.3666666666666,33.702666666666666,1,0,5,144,21,2
Uttar Pradesh,fatehpur,Kishunpur,Wheat,Dara,FAQ,2400.0,2500.0,2450.0,2023-12-06,20.29,0.53,15.11,25.07,62.62,0.86,8.83,0.53,20.29,3560.0,4.74,19.07,2480.0,0.42,22.34,3650.0,0.18,22.33,3620.0,2.935714285714286,20.55,2069.285714285714,19.592857142857145,1.663,49.89,2367.0,21.151333333333334,0,0,12,340,49,0
Uttar Pradesh,sitapur,Mehmoodabad,Potato,Desi,FAQ,1175.0,1230.0,1200.0,2025-04-30,30.79,0.0,24.05,37.53,40.1,3.82,22.46,0.0,30.79,1050.0,0.0,30.79,1350.0,0.01,30.29,3160.0,0.0,33.12,1430.0,0.0,0.0,1454.2857142857142,30.79,0.0033333333333333,0.1,1536.3333333333333,31.025666666666663,1,0,4,120,18,2
Punjab,faridkot,Kotkapura,Potato,Potato,FAQ,500.0,500.0,500.0,2025-03-06,18.88,0.0,8.75,30.25,29.99,1.4,21.83,0.0,18.88,800.0,0.26,19.21,3200.0,0.0,17.6,2800.0,0.0,16.19,2500.0,0.0014285714285752,0.0100000000000266,1335.7142857142858,17.30142857142857,0.9826666666666668,29.48,1088.3333333333333,18.32333333333333,0,0,3,65,10,0
Uttar Pradesh,agra,Agra,Potato,Desi,FAQ,2100.0,2400.0,2200.0,2024-07-09,31.66,4.96,27.23,35.81,74.96,0.77,18.74,4.96,31.66,1650.0,4.96,31.66,1900.0,3.69,30.26,1900.0,18.8,28.81,2750.0,4.96,34.72,2208.5714285714284,31.66,5.755333333333334,172.66,2131.5,30.39666666666667,0,0,7,191,28,1
Uttar Pradesh,meerut,Sardhana,Onion,Red,FAQ,2600.0,2800.0,2700.0,2024-09-20,27.83,0.02,23.78,32.04,83.7,0.9,19.31,0.43,27.22,3790.0,1.88,27.09,3100.0,31.16,26.72,3770.0,6.95,28.51,3740.0,10.770000000000003,75.39000000000003,2712.8571428571427,26.86428571428571,19.39133333333333,581.74,2607.833333333333,27.720666666666663,0,0,9,264,38,1
Uttar Pradesh,jaunpur,Jaunpur,Tomato,Hybrid,FAQ,8050.0,8150.0,8100.0,2023-08-01,30.63,7.96,27.88,34.18,80.94,2.26,14.79,7.96,30.63,2310.0,1.38,31.08,1580.0,1.38,31.08,1160.0,1.81,32.48,8160.0,7.96,55.72,2593.5714285714284,30.63,8.113333333333333,243.4,3007.5,31.136000000000003,0,0,8,213,31,1
Haryana,rohtak,Rohtak,Potato,Other,FAQ,600.0,1200.0,800.0,2023-08-03,30.68,4.39,27.42,33.62,79.15,1.15,19.36,4.39,30.68,1000.0,1.34,31.0,1500.0,0.03,30.55,1100.0,10.1,29.21,1000.0,3.518571428571428,24.63,3442.8571428571427,30.77142857142857,4.394666666666667,131.84,2446.6666666666665,30.17833333333333,0,0,8,215,31,1
Madhya Pradesh,dhar,Dhar,Wheat,Lokwan,FAQ,2246.0,2800.0,2520.0,2023-07-21,27.22,10.07,25.64,29.85,90.76,2.83,13.88,10.07,27.22,1400.0,10.07,27.22,4500.0,10.07,27.22,2250.0,21.69,28.65,2400.0,10.07,70.49000000000001,1802.857142857143,27.22,15.105333333333334,453.16,1869.1666666666667,27.839666666666663,0,0,7,202,29,1
Punjab,muktsar,Bariwala,Potato,Desi,Non-FAQ,1600.0,1600.0,1600.0,2025-02-06,14.57,0.0,8.22,23.23,28.32,1.32,16.68,0.0,14.57,400.0,0.01,15.32,400.0,0.0,14.94,300.0,0.0,12.77,1200.0,0.0071428571428571,0.05,1042.857142857143,14.928571428571429,0.0023333333333335,0.0700000000000071,815.0,15.123666666666669,1,0,2,37,6,0
Kerala,ernakulam,North Paravur,Potato,(Red Nanital),FAQ,5000.0,6000.0,5500.0,2024-08-06,26.18,6.7,25.03,28.13,88.47,3.51,17.57,6.7,26.18,5000.0,6.7,26.18,4000.0,4.11,26.24,6300.0,8.39,26.27,4000.0,6.7,46.9,4385.714285714285,26.18,5.554,166.62,4520.0,26.218,0,0,8,219,32,1
Rajasthan,jodhpur,Jodhpur (F&V),Potato,Other,FAQ,700.0,1200.0,900.0,2025-02-03,17.97,0.01,9.46,28.14,33.07,1.96,16.45,0.0,17.2,1000.0,0.0,15.81,1000.0,0.0,13.8,1100.0,0.0,15.62,1400.0,0.0014285714285714,0.01,1007.1428571428572,18.47,0.0896666666666666,2.69,1118.3333333333333,16.81266666666667,1,0,2,34,6,0
Karnataka,davangere,Davangere,Potato,Potato,FAQ,1800.0,2200.0,2000.0,2024-06-21,25.35,3.15,22.33,29.41,80.6,5.07,15.96,2.12,25.72,2000.0,8.63,23.38,2000.0,2.0,25.92,1600.0,0.42,29.32,1600.0,1.948571428571429,13.640000000000004,2000.0,25.07714285714286,4.493666666666667,134.81,1831.6666666666667,26.311333333333334,0,0,6,173,25,1
Punjab,hoshiarpur,Tanda Urmur,Onion,Other,FAQ,1900.0,2200.0,2000.0,2024-05-25,36.18,1.67,28.94,44.16,27.46,3.06,28.03,2.22,35.91,1000.0,2.22,35.91,1500.0,2.22,35.91,2000.0,0.0,37.04,2000.0,2.141428571428576,14.990000000000032,1464.2857142857142,35.94857142857143,1.3416666666666666,40.25,1595.0,36.130333333333326,0,0,5,146,21,2
Tamilnadu,madurai,Chokkikulam(Uzhavar Sandhai ),Potato,(Red Nanital),Local,5000.0,6500.0,6500.0,2024-08-21,26.09,6.1,23.01,30.61,80.95,3.82,16.47,6.1,26.09,5000.0,6.92,27.42,5000.0,6.92,27.42,5500.0,7.57,27.69,9000.0,6.334285714285714,44.34,6500.0,26.47,5.675,170.25,5970.0,27.529666666666667,0,0,8,234,34,1
Uttar Pradesh,unnao,Bangarmau,Wheat,Dara,FAQ,2380.0,2500.0,2450.0,2023-12-01,21.18,0.13,15.69,27.21,76.01,1.16,9.53,0.13,21.18,1075.0,12.02,18.62,2485.0,0.0,20.47,1075.0,0.0,19.78,1080.0,0.13,0.91,2215.0,21.18,2.835,85.05,2273.0,20.052,0,0,12,335,48,0
West Bengal,jalpaiguri,Jalpaiguri Sadar,Potato,Jyoti,FAQ,2300.0,2350.0,2350.0,2024-12-15,16.99,0.0,12.76,22.37,73.78,0.92,13.69,0.0,16.99,2600.0,0.0,16.27,2600.0,0.0,15.54,2400.0,0.0,15.58,2900.0,0.0,0.0,2457.1428571428573,16.475714285714282,0.0,0.0,2550.0,15.687333333333331,1,0,12,350,50,0
Uttar Pradesh,saharanpur,Gangoh,Onion,Red,FAQ,1000.0,1100.0,1050.0,2025-05-07,29.53,4.44,23.33,36.17,46.6,1.77,21.1,4.44,29.53,1500.0,4.44,29.53,900.0,7.89,28.87,3400.0,0.09,30.18,1100.0,4.44,31.08,1385.7142857142858,29.53,6.1403333333333325,184.21,1202.3333333333333,29.026666666666664,0,0,5,127,19,2
West Bengal,murshidabad,Jangipur,Potato,Jyoti,FAQ,1290.0,1340.0,1315.0,2024-03-15,28.68,0.01,20.66,36.57,34.88,1.05,19.43,0.01,28.68,1875.0,0.0,26.12,850.0,0.0,24.55,1000.0,0.0,23.05,1650.0,0.0314285714285714,0.22,1368.571428571429,28.201428571428576,0.0073333333333333,0.22,1306.8333333333333,25.001,1,0,3,75,11,0
Haryana,sirsa,Dabwali,Potato,Other,FAQ,1000.0,2000.0,1500.0,2024-11-13,23.32,0.0,17.67,31.13,41.83,1.34,7.52,0.0,23.32,1700.0,0.0,24.66,1500.0,0.0,25.62,1690.0,0.0,26.4,1800.0,0.0,0.0,2328.5714285714284,24.085714285714285,0.0,0.0,2216.333333333333,25.581000000000003,1,0,11,318,46,0
Tamilnadu,erode,Perundurai(Uzhavar Sandhai ),Onion,Bellary,Local,4000.0,4500.0,4500.0,2024-08-11,26.08,25.31,23.6,28.93,84.23,1.23,18.84,25.31,26.08,4600.0,25.47,26.39,5000.0,25.47,26.39,4600.0,2.63,26.59,4500.0,25.35571428571429,177.49,4685.714285714285,26.168571428571425,16.69,500.7,4803.333333333333,26.56833333333333,0,1,8,224,32,1
Punjab,moga,Kot ise Khan,Potato,Other,Non-FAQ,800.0,1000.0,900.0,2025-02-16,18.03,0.0,10.99,26.49,44.06,1.07,10.8,0.0,19.37,1000.0,0.0,16.88,2500.0,0.0,15.64,2400.0,0.0,17.38,2500.0,0.0,0.0,1442.857142857143,19.178571428571427,0.0,0.0,1531.6666666666667,17.166999999999998,1,0,2,47,7,0
Kerala,kollam,Kottarakkara,Onion,Other,FAQ,4000.0,4500.0,4200.0,2024-10-22,26.16,5.51,24.32,29.07,87.38,0.6,19.6,5.51,26.16,4000.0,5.51,26.16,6800.0,5.65,26.06,6000.0,1.68,26.09,6000.0,5.51,38.57,4828.571428571428,26.16,4.643333333333333,139.29999999999998,5213.333333333333,25.962666666666667,0,0,10,296,43,0
Assam,lakhimpur,Lakhimpur,Potato,Haldwani,FAQ,1150.0,1240.0,1180.0,2023-10-10,26.65,1.58,24.03,30.04,84.11,0.81,11.92,1.58,26.65,2300.0,1.58,26.65,2140.0,7.14,27.17,2150.0,12.87,25.74,1180.0,1.58,11.06,1742.142857142857,26.65,8.418666666666667,252.56,1805.5,26.616666666666667,0,0,10,283,41,0
Kerala,alappuzha,Aroor,Potato,Other,FAQ,5000.0,5200.0,5100.0,2024-09-14,27.8,1.79,26.94,28.74,85.56,3.93,17.9,1.79,27.8,6200.0,1.79,27.8,4200.0,0.39,27.89,5000.0,2.9,27.69,5200.0,1.79,12.53,5000.0,27.8,1.238,37.14,4943.333333333333,27.830333333333336,0,0,9,258,37,1
Haryana,panchkula,Barwala,Onion,Onion,FAQ,3000.0,3000.0,3000.0,2024-08-25,28.15,2.14,25.46,30.72,83.95,0.97,22.05,2.14,28.15,1200.0,5.45,28.64,3000.0,10.82,28.25,1800.0,8.56,28.75,2750.0,3.972857142857143,27.81,1842.857142857143,28.26,7.003666666666666,210.11,1790.0,28.207666666666668,0,0,8,238,34,1
Orissa,bargarh,Bargarh,Onion,Other,FAQ,4200.0,4400.0,4300.0,2023-11-28,20.22,0.0,14.82,26.34,82.37,1.1,12.62,0.0,20.22,2500.0,0.0,19.71,4300.0,0.0,19.43,1900.0,0.02,20.81,1800.0,0.0,0.0,3100.0,19.97571428571429,0.0013333333333333,0.04,3140.0,19.922666666666665,1,0,11,332,48,0
Chandigarh,chandigarh,Chandigarh(Grain/Fruit),Potato,Other,FAQ,500.0,1000.0,800.0,2025-02-05,14.18,0.82,8.65,21.57,57.6,1.73,15.72,3.86,15.72,800.0,0.0,15.8,600.0,0.0,13.04,800.0,0.0,12.57,1000.0,0.6685714285714306,4.680000000000014,828.5714285714286,14.455714285714285,0.42,12.6,876.6666666666666,14.021666666666668,0,0,2,36,6,0
Punjab,amritsar,Rayya,Potato,Other,FAQ,800.0,800.0,800.0,2024-05-03,27.85,0.0,19.67,36.29,33.17,1.71,16.73,0.0,27.85,1000.0,0.0,26.67,800.0,0.01,24.71,800.0,0.57,30.67,1000.0,0.0,0.0,1492.857142857143,27.34428571428572,2.530666666666667,75.92,1298.3333333333333,26.00733333333333,0,0,5,124,18,2
Maharashtra,sholapur,Akluj,Onion,Red,FAQ,1000.0,4800.0,3700.0,2023-11-01,24.6,0.0,18.23,32.7,67.09,1.88,18.28,0.0,24.6,2845.0,0.0,23.78,1300.0,0.0,23.96,1500.0,0.0,23.59,3600.0,0.0,0.0,2949.285714285714,24.482857142857146,0.004,0.12,2879.333333333333,23.807666666666663,1,0,11,305,44,0
Haryana,panipat,Madlauda,Potato,Other,FAQ,1200.0,1200.0,1200.0,2024-05-30,39.09,0.0,31.19,47.85,11.02,2.57,27.87,0.0,39.09,1000.0,0.0,39.66,2000.0,0.01,38.62,1800.0,0.02,37.89,1100.0,0.0,0.0,1257.142857142857,39.43285714285714,0.004,0.12,1283.3333333333333,38.42966666666666,1,0,5,151,22,2
Uttar Pradesh,etawah,Bharthna,Onion,Red,FAQ,2450.0,2650.0,2550.0,2025-02-27,23.69,0.0,15.26,33.17,38.45,1.52,17.5,0.0,23.69,2520.0,0.0,23.4,2600.0,0.0,21.36,2620.0,0.0,19.47,2630.0,0.0,0.0,1898.571428571429,23.56571428571429,0.0,0.0,1756.8333333333333,21.389333333333333,1,0,2,58,9,0
Gujarat,rajkot,Gondal,Onion,Red,FAQ,1555.0,4205.0,3930.0,2024-10-11,26.62,0.61,23.19,31.28,82.14,2.44,7.72,0.61,26.62,510.0,0.16,27.71,3705.0,0.0,28.07,3605.0,0.0,26.49,480.0,0.3528571428571428,2.47,2564.285714285714,27.242857142857144,0.1256666666666666,3.77,2697.0,27.456,1,0,10,285,41,0
Uttar Pradesh,jhansi,Gurusarai,Onion,Red,FAQ,1500.0,1600.0,1545.0,2024-02-08,14.81,0.0,8.41,23.64,39.99,2.37,19.41,0.0,14.81,1210.0,0.0,16.21,740.0,0.0,16.21,730.0,1.35,18.96,740.0,0.0,0.0,1134.2857142857142,14.81,0.2700000000000003,8.100000000000009,1141.8333333333333,16.589333333333336,1,0,2,39,6,0
Haryana,kaithal,Siwan,Potato,Other,FAQ,1000.0,1000.0,1000.0,2024-03-13,21.24,0.13,15.41,28.75,38.15,1.33,14.43,0.0,21.2,1250.0,0.0,21.2,950.0,0.0,21.46,1050.0,0.0,17.12,2080.0,0.018571428571428,0.1299999999999964,1382.857142857143,21.205714285714286,0.0043333333333334,0.1300000000000035,1292.3333333333333,19.711,1,0,3,73,11,0
Haryana,kurukshetra,Ladwa,Potato,Potato,FAQ,2800.0,2800.0,2800.0,2024-08-23,29.55,5.52,26.75,32.71,79.92,0.81,15.31,5.52,29.55,3700.0,4.84,29.45,1800.0,12.02,29.22,3400.0,2.42,28.69,2600.0,5.422857142857143,37.96,2785.714285714286,29.535714285714285,8.594,257.82,2622.333333333333,29.215,0,0,8,236,34,1
Maharashtra,nashik,Nampur,Onion,Red,FAQ,500.0,1655.0,1450.0,2024-03-13,25.3,0.0,17.53,35.1,42.76,2.36,24.69,0.0,25.3,1530.0,0.0,25.3,1550.0,0.0,25.3,1500.0,0.0,26.78,1300.0,0.0,0.0,1559.2857142857142,25.3,0.0,0.0,1574.0666666666666,25.744000000000003,1,0,3,73,11,0
Uttar Pradesh,chandauli,Chandoli,Onion,Red,FAQ,1480.0,1580.0,1530.0,2023-07-20,31.71,0.0,27.4,36.52,72.26,2.39,24.54,0.0,31.71,2290.0,16.97,30.06,7060.0,11.38,30.47,1160.0,0.07,31.75,1270.0,2.43,17.009999999999998,2484.285714285714,30.32,9.53,285.9,2861.5,30.649,0,0,7,201,29,1
Uttar Pradesh,maharajganj,Nautnava,Potato,Desi,FAQ,1000.0,1200.0,1100.0,2023-09-22,28.07,1.53,25.01,32.22,85.73,1.73,16.38,1.53,28.07,1085.0,2.46,28.46,2330.0,4.41,28.65,1300.0,3.79,28.76,1500.0,1.9285714285714288,13.5,1565.0,28.237142857142857,3.19,95.7,1614.8333333333333,28.54233333333333,0,0,9,265,38,1
Uttar Pradesh,agra,Agra,Onion,Red,FAQ,1500.0,1800.0,1700.0,2024-02-01,16.01,4.27,11.57,24.13,59.43,1.91,7.91,4.27,16.01,620.0,0.12,16.86,620.0,0.12,16.86,750.0,0.0,15.68,2610.0,1.3057142857142856,9.14,1690.0,16.61714285714286,0.3406666666666666,10.22,1463.1666666666667,16.39966666666667,0,0,2,32,5,0
Madhya Pradesh,indore,Indore,Potato,Local,FAQ,965.0,2070.0,2103.0,2024-04-03,30.92,0.0,22.69,40.32,17.57,2.59,24.95,0.0,30.92,1525.0,0.0,30.11,1461.0,0.0,33.33,1877.0,0.0,27.86,1843.0,0.0,0.0,1869.4285714285716,30.66142857142857,0.0,0.0,1689.6333333333334,30.74,1,0,4,94,14,2
Uttar Pradesh,shahjahanpur,Puwaha,Potato,Desi,FAQ,1140.0,1340.0,1240.0,2023-07-26,30.27,8.45,26.79,33.55,79.29,1.43,11.94,8.45,30.27,2300.0,10.37,30.51,800.0,13.24,30.15,7650.0,1.68,30.52,1250.0,8.998571428571427,62.99,1793.571428571429,30.33857142857143,8.798,263.94,2766.733333333333,30.387,0,0,7,207,30,1
Haryana,panipat,Panipat,Onion,Other,FAQ,800.0,1400.0,1100.0,2025-04-12,27.29,4.07,19.81,34.82,45.64,2.1,22.35,3.18,30.48,700.0,0.07,32.49,2000.0,0.0,31.95,1000.0,0.0,27.81,750.0,2.4185714285714264,16.929999999999986,1100.0,30.59857142857143,0.5713333333333329,17.139999999999986,1228.3333333333333,30.761333333333333,0,0,4,102,15,2
West Bengal,murshidabad,Kandi,Potato,Local,FAQ,1000.0,1160.0,1060.0,2025-01-19,16.98,0.0,10.87,24.69,67.97,1.92,15.3,0.0,16.98,1320.0,0.0,18.22,2150.0,0.0,16.2,1260.0,0.0,18.23,2150.0,0.0,0.0,1391.428571428571,17.928571428571427,0.0,0.0,1618.0,17.773,1,0,1,19,3,0
Andhra Pradesh,hyderabad,Gudimalkapur,Onion,1st Sort,FAQ,400.0,1700.0,900.0,2024-02-06,27.78,0.0,19.58,37.14,51.66,1.86,20.53,0.0,27.78,2000.0,0.0,27.35,2000.0,0.0,27.57,1300.0,0.0,26.41,1300.0,0.0,0.0,1564.2857142857142,27.595714285714287,0.0,0.0,1491.6666666666667,27.43066666666667,1,0,2,37,6,0
Tamilnadu,thanjavur,Thanjavur(Uzhavar Sandhai ),Potato,(Red Nanital),Local,4600.0,4600.0,4600.0,2025-01-09,23.94,0.1,20.8,27.8,86.72,3.39,14.51,0.02,23.56,4600.0,0.43,24.02,5000.0,0.02,23.96,4600.0,0.19,24.7,5000.0,0.1485714285714285,1.04,4771.428571428572,23.74571428571429,0.1096666666666666,3.29,4740.0,23.91733333333333,1,0,1,9,2,0
Maharashtra,sangli,Islampur,Potato,Other,FAQ,2200.0,3000.0,2600.0,2024-06-07,25.98,24.91,23.77,29.19,81.87,2.09,17.02,19.53,26.51,1800.0,15.14,26.44,2100.0,0.0,29.87,1700.0,0.21,28.29,1600.0,15.668571428571427,109.68,2050.0,26.535714285714285,5.324,159.72,2014.1666666666667,28.42366666666667,0,1,6,159,23,1
West Bengal,howrah,Ramkrishanpur(Howrah),Onion,Other,FAQ,1600.0,2000.0,1800.0,2023-06-30,28.95,6.81,27.27,31.2,88.5,2.87,18.02,6.81,28.95,1800.0,23.77,28.62,6000.0,64.23,28.65,5500.0,9.91,30.34,1540.0,20.57,143.99,2468.5714285714284,28.517142857142854,27.76333333333333,832.9,2825.333333333333,28.90333333333333,0,1,6,181,26,1
Maharashtra,pune,Junnar(Narayangaon),Potato,Other,FAQ,1000.0,2700.0,2300.0,2024-04-29,33.2,0.0,25.25,41.88,33.06,2.33,23.92,0.0,33.2,1400.0,0.0,33.57,1200.0,0.0,33.57,1100.0,0.0,32.71,1300.0,0.0,0.0,1632.142857142857,33.30571428571429,0.0,0.0,1547.5,33.193,1,0,4,120,18,2
Uttar Pradesh,auraiya,Achalda,Potato,Badshah,FAQ,780.0,980.0,880.0,2024-01-03,14.68,1.78,11.0,20.06,63.58,1.05,2.38,1.78,14.68,2500.0,0.59,14.76,750.0,0.0,14.71,740.0,0.0,14.35,1850.0,1.2699999999999998,8.889999999999999,1665.7142857142858,14.714285714285712,0.3749999999999999,11.249999999999998,1589.3333333333333,14.412333333333333,0,0,1,3,1,0
Uttar Pradesh,jhansi,Mauranipur,Potato,Desi,FAQ,2110.0,2200.0,2150.0,2024-09-11,26.62,77.1,25.11,28.9,94.86,3.33,1.81,77.1,26.62,3750.0,20.02,27.73,3630.0,2.83,27.61,2150.0,3.41,28.0,3765.0,52.63714285714286,368.46,2631.428571428572,27.095714285714287,18.81733333333333,564.52,2893.6666666666665,27.682,0,1,9,255,37,1
Maharashtra,ahmednagar,Kopargaon,Onion,Other,FAQ,500.0,1487.0,1325.0,2024-04-05,32.48,0.0,23.46,40.25,21.28,1.8,24.49,0.0,32.48,1000.0,0.0,31.98,1000.0,0.0,31.98,900.0,0.0,31.94,1000.0,0.0,0.0,1125.0,32.26571428571428,0.0,0.0,1276.0,31.89133333333333,1,0,4,96,14,2
Gujarat,patan,Radhanpur,Wheat,Medium Fine,FAQ,2285.0,2430.0,2350.0,2023-09-01,28.23,0.0,23.0,33.36,72.68,1.72,22.46,0.0,28.23,2500.0,0.0,27.7,2350.0,0.01,27.92,2300.0,0.0,27.74,2475.0,0.0,0.0,2414.1428571428573,28.0,0.0013333333333333,0.04,2345.5,27.742,1,0,9,244,35,1
Uttar Pradesh,auraiya,Auraiya,Potato,Desi,FAQ,910.0,1130.0,1010.0,2023-07-13,29.96,7.35,27.12,33.72,83.81,1.79,14.25,7.35,29.96,1000.0,17.25,30.42,990.0,6.03,30.96,1420.0,8.74,30.8,2230.0,8.764285714285714,61.35,1670.7142857142858,30.025714285714287,9.918333333333331,297.55,2342.5,30.578666666666667,0,0,7,194,28,1
Uttar Pradesh,shahjahanpur,Tilhar,Potato,Potato,FAQ,1000.0,1200.0,1120.0,2024-05-02,29.54,0.0,20.5,38.51,14.52,2.99,27.95,0.01,30.8,1625.0,0.0,33.52,1635.0,2.37,32.98,1120.0,0.0,33.01,1650.0,0.0085714285714285,0.06,1555.7142857142858,31.148571428571437,0.3359999999999999,10.079999999999998,1463.5666666666666,33.21966666666666,0,0,5,123,18,2
Punjab,jalandhar,Mehatpur,Potato,Other,FAQ,1000.0,1000.0,1000.0,2024-02-15,15.14,0.0,9.11,23.68,49.33,1.14,18.32,0.0,15.14,900.0,0.0,15.43,300.0,0.0,15.93,400.0,0.0,14.21,300.0,0.0,0.0,1137.142857142857,15.305714285714284,0.0,0.0,1047.3333333333333,15.052666666666669,1,0,2,46,7,0
Gujarat,rajkot,Rajkot(Veg.Sub Yard),Potato,Desi,FAQ,650.0,2350.0,1875.0,2023-12-15,23.05,0.0,16.68,30.91,54.34,1.84,12.01,0.0,23.05,2820.0,0.0,23.05,2765.0,0.0,21.81,1750.0,0.0,20.95,2920.0,0.0,0.0,2440.0,23.05,0.0,0.0,2453.6666666666665,21.856666666666666,1,0,12,349,50,0
Chhattisgarh,bilaspur,Tiphra,Tomato,Other,FAQ,1300.0,1500.0,1400.0,2023-06-08,35.96,0.0,29.32,41.57,29.26,1.94,23.18,0.0,35.96,1200.0,0.0,35.21,900.0,0.41,35.77,1600.0,0.41,35.77,2700.0,0.0,0.0,1665.142857142857,35.74571428571429,0.1366666666666666,2.46,1588.0,35.605,1,0,6,159,23,1
Maharashtra,raigad,Karjat(Raigad),Wheat,Other,FAQ,2200.0,2800.0,2500.0,2023-11-20,26.46,0.01,22.0,32.24,71.95,2.05,14.95,0.0,25.65,2400.0,0.0,24.39,2400.0,0.02,26.05,2300.0,0.0,26.72,2000.0,0.0014285714285683,0.0099999999999786,2692.8571428571427,25.208571428571425,0.7360000000000001,22.08,2638.333333333333,25.529333333333334,0,0,11,324,47,0
West Bengal,paschim bardhaman,Asansol,Potato,Jyoti,FAQ,2560.0,2780.0,2700.0,2024-07-20,30.44,2.99,26.97,35.4,78.11,4.62,16.54,2.51,30.63,2750.0,6.62,30.37,2640.0,1.8,30.14,2780.0,6.1,30.48,3360.0,3.165714285714286,22.16,3018.5714285714284,30.56571428571428,3.908,117.24,2929.333333333333,30.180333333333333,0,0,7,202,29,1
Uttar Pradesh,jhansi,Moth,Potato,Desi,FAQ,2350.0,2500.0,2450.0,2024-08-09,28.65,3.16,25.69,32.37,83.22,1.6,14.87,3.16,28.65,2390.0,3.16,28.65,2280.0,11.32,28.49,3000.0,0.95,28.45,2250.0,3.16,22.12,2637.1428571428573,28.65,8.098333333333334,242.95,2625.6666666666665,28.364,0,0,8,222,32,1
Delhi,delhi,Shahdara,Onion,Other,FAQ,1500.0,2000.0,1700.0,2024-05-30,39.49,0.0,32.37,47.77,13.15,3.18,26.98,0.0,39.49,1600.0,0.0,39.82,1600.0,0.0,40.32,1531.0,0.0,36.74,1527.0,0.0,0.0,1627.0,39.53714285714285,0.0,0.0,1603.0,39.47733333333333,1,0,5,151,22,2
West Bengal,nadia,Nadia,Onion,Other,FAQ,2500.0,2700.0,2600.0,2025-03-07,22.22,0.0,13.39,32.07,36.54,1.96,22.29,0.0,22.22,3300.0,0.0,22.22,3300.0,0.0,23.01,2900.0,0.0,24.82,3300.0,0.0,0.0,1901.4285714285716,22.22,0.0,0.0,2064.6666666666665,23.40266666666667,1,0,3,66,10,0
Uttar Pradesh,bijnor,Bijnaur,Onion,Red,FAQ,1850.0,2050.0,1900.0,2024-01-02,14.3,0.0,9.81,21.86,47.31,1.18,11.33,0.0,14.37,1870.0,0.0,15.62,1700.0,0.0,15.72,1700.0,0.0,15.54,750.0,0.0,0.0,1344.2857142857142,14.752857142857142,0.0,0.0,1328.3333333333333,15.211333333333334,1,0,1,2,1,0
West Bengal,alipurduar,Falakata,Onion,Other,FAQ,2400.0,2500.0,2450.0,2024-05-09,27.33,0.73,23.02,31.87,58.76,0.9,16.42,0.73,27.33,2000.0,0.51,27.12,1700.0,2.94,24.64,2400.0,0.14,28.05,2100.0,0.6042857142857143,4.23,2207.1428571428573,27.21,1.807,54.21,2095.0,26.786,0,0,5,130,19,2
Haryana,panipat,Samalkha,Potato,Other,FAQ,1000.0,1000.0,1000.0,2023-12-04,17.37,0.09,11.37,25.49,55.59,1.37,11.27,0.09,17.37,3000.0,0.0,18.13,1000.0,1.19,19.48,2500.0,0.54,16.66,800.0,0.0514285714285699,0.3599999999999893,1642.857142857143,17.64,0.2919999999999999,8.759999999999998,2055.0,18.069333333333336,1,0,12,338,49,0
Uttar Pradesh,azamgarh,Azamgarh,Rice,III,FAQ,3215.0,3335.0,3285.0,2025-05-22,33.55,17.68,26.51,39.45,50.8,2.3,11.14,0.39,36.49,1210.0,0.1,35.37,1190.0,0.0,36.79,1150.0,5.72,34.01,1150.0,3.2114285714285717,22.48,2096.428571428572,35.598571428571425,0.981,29.43,1886.8333333333333,35.76833333333334,0,0,5,142,21,2
Punjab,gurdaspur,Dhariwal,Potato,Other,FAQ,800.0,1000.0,900.0,2023-07-11,30.27,0.93,25.51,34.5,77.27,1.18,24.62,0.93,30.27,1800.0,12.8,29.16,1000.0,50.93,29.51,900.0,5.08,33.47,1600.0,2.625714285714286,18.380000000000003,1585.7142857142858,30.11142857142857,26.241,787.23,1993.3333333333333,30.12066666666667,0,0,7,192,28,1
Gujarat,kheda,Nadiyad(Chaklasi),Potato,Potato,FAQ,2000.0,2500.0,2400.0,2025-01-08,15.8,0.0,7.24,26.56,47.16,2.17,17.68,0.0,16.08,1700.0,0.0,17.51,2250.0,0.0,19.82,1700.0,0.0,18.0,1800.0,0.0,0.0,2314.285714285714,16.44857142857143,0.0,0.0,2225.0,18.84133333333333,1,0,1,8,2,0
Punjab,moga,Kot ise Khan,Potato,Other,FAQ,1000.0,1200.0,1100.0,2025-04-18,34.31,0.28,25.27,42.98,29.13,1.83,20.46,0.28,34.31,900.0,0.0,33.86,1100.0,0.0,32.65,2000.0,0.5,32.77,1100.0,1.1542857142857197,8.080000000000036,1257.142857142857,33.71571428571429,0.7746666666666666,23.24,1203.3333333333333,32.228,0,0,4,108,16,2
Rajasthan,ganganagar,Suratgarh,Onion,1st Sort,FAQ,1500.0,1700.0,1600.0,2025-04-01,28.0,0.0,16.33,37.91,12.14,1.38,25.48,0.0,28.0,1000.0,0.0,24.11,1800.0,0.0,30.33,1300.0,0.0,27.63,1000.0,0.0,0.0,1342.857142857143,26.97,0.0,0.0,1243.3333333333333,27.676,1,0,4,91,14,2
Uttar Pradesh,amroha,Amroha,Potato,Kufri Megha,FAQ,680.0,820.0,760.0,2023-12-23,17.01,0.0,10.38,23.85,48.85,1.49,10.43,0.0,17.01,2135.0,0.0,15.83,950.0,0.0,13.53,1450.0,0.0,12.9,900.0,0.0,0.0,1397.857142857143,16.504285714285718,0.0,0.0,1435.6666666666667,14.304,1,0,12,357,51,0
Uttar Pradesh,jhansi,Chirgaon,Wheat,Dara,FAQ,2150.0,2250.0,2200.0,2023-12-30,14.79,0.0,8.72,24.1,59.74,0.98,5.08,0.0,14.79,1680.0,0.0,14.54,1400.0,0.0,14.54,840.0,0.0,16.06,1330.0,0.0,0.0,1853.571428571429,14.647142857142857,0.0,0.0,1478.8333333333333,15.105333333333334,1,0,12,364,52,0
Uttar Pradesh,bijnor,Chaandpur,Onion,Red,FAQ,1200.0,1400.0,1300.0,2024-05-17,35.6,0.0,28.73,43.45,18.4,2.2,25.1,0.0,35.6,1620.0,0.04,32.56,1300.0,0.0,31.94,1690.0,1.98,30.13,1500.0,0.0742857142857142,0.52,1494.2857142857142,33.74285714285715,0.1796666666666667,5.390000000000001,1433.3333333333333,32.33366666666667,1,0,5,138,20,2
Uttar Pradesh,unnao,Purwa,Onion,Red,FAQ,3550.0,3675.0,3600.0,2024-12-02,18.17,0.0,11.22,25.48,55.82,1.03,11.86,0.0,17.39,2130.0,0.0,17.24,2115.0,0.0,17.99,2120.0,0.0,18.44,2120.0,0.0,0.0,2978.5714285714284,17.501428571428573,0.0,0.0,2967.6666666666665,18.037,1,0,12,337,49,0
Madhya Pradesh,dewas,Khategaon,Wheat,Other,FAQ,2000.0,2600.0,2488.0,2023-09-17,23.23,21.04,20.55,25.89,92.12,5.22,9.31,21.04,23.23,900.0,134.48,24.41,2355.0,33.33,24.81,2265.0,1.58,23.86,700.0,37.24571428571428,260.72,2026.4285714285716,23.398571428571437,42.11599999999999,1263.4799999999998,1857.5,24.281333333333333,0,1,9,260,37,1
Uttar Pradesh,badaun,Badayoun,Potato,Desi,FAQ,800.0,930.0,885.0,2023-12-11,16.12,0.0,9.01,24.11,39.96,1.17,11.49,0.0,16.12,3380.0,0.0,15.51,3340.0,0.0,15.51,3380.0,0.0,18.12,3400.0,0.0,0.0,1540.7142857142858,15.858571428571429,0.0,0.0,1967.3333333333333,16.232333333333333,1,0,12,345,50,0
Madhya Pradesh,dhar,Dhamnod,Potato,Potato,FAQ,800.0,1200.0,1000.0,2023-06-22,30.57,0.58,26.31,36.57,59.26,4.32,14.81,0.58,30.57,2360.0,0.01,31.25,2380.0,0.01,31.25,800.0,0.0,31.11,2300.0,0.1728571428571428,1.21,1149.0,31.055714285714284,0.0453333333333333,1.36,1731.3666666666666,31.16733333333333,1,0,6,173,25,1
Tamilnadu,kancheepuram,Padappai(Uzhavar Sandhai ),Onion,Bellary,Local,4000.0,4000.0,4000.0,2025-02-19,25.32,0.0,21.21,30.61,75.61,1.97,23.3,0.0,25.2,4000.0,0.0,25.52,5000.0,0.0,25.13,4600.0,0.0,24.12,4000.0,0.0,0.0,4071.428571428572,25.217142857142854,0.0,0.0,4153.333333333333,24.948,1,0,2,50,8,0
Karnataka,mysore,Mysore (Bandipalya),Potato,Potato,FAQ,2300.0,3000.0,2800.0,2024-11-29,22.12,0.01,18.0,27.7,79.76,2.89,17.22,0.18,23.05,5200.0,0.28,23.69,4800.0,0.3,23.82,2500.0,4.05,23.95,3800.0,0.1814285714285714,1.27,3919.0,22.87142857142857,3.8666666666666663,116.0,3531.1,23.453666666666667,0,0,11,334,48,0
Karnataka,shimoga,Shimoga,Potato,Local,FAQ,3500.0,4000.0,3700.0,2024-12-24,23.05,0.0,20.29,27.45,88.78,1.05,16.52,0.0,22.83,3700.0,0.0,23.71,3700.0,2.22,24.52,3750.0,3.11,25.31,6500.0,0.0,0.0,3700.0,22.458571428571428,3.8926666666666665,116.78,4240.0,23.526666666666664,0,0,12,359,52,0
Uttar Pradesh,firozabad,Sirsaganj,Potato,Potato,FAQ,1000.0,1200.0,1100.0,2024-12-21,15.28,0.0,7.89,23.78,50.5,1.06,11.73,0.0,14.44,1765.0,0.0,13.72,1100.0,0.0,12.58,1835.0,0.0,17.14,2000.0,0.0,0.0,1582.142857142857,14.302857142857144,0.0006666666666671,0.0200000000000142,1674.0,13.578666666666669,1,0,12,356,51,0
Tamilnadu,salem,Mettur(Uzhavar Sandhai ),Onion,Bellary,Local,6000.0,8500.0,8500.0,2024-11-16,24.46,7.27,21.01,28.55,90.15,1.71,9.17,7.27,24.46,9500.0,7.27,24.46,5000.0,8.59,24.37,9500.0,8.59,24.37,5000.0,7.27,50.89,8142.857142857143,24.46,8.193999999999999,245.82,7716.666666666667,24.397,0,0,11,321,46,0
Himachal Pradesh,hamirpur,Bharuasumerpur,Potato,Desi,FAQ,1200.0,1275.0,1250.0,2023-08-18,28.33,0.69,25.1,31.55,81.67,1.29,20.57,0.69,28.33,3100.0,0.69,28.33,1260.0,0.69,28.33,2250.0,0.6,27.47,1850.0,0.69,4.83,2315.714285714286,28.33,1.071,32.129999999999995,2102.333333333333,28.014333333333337,0,0,8,230,33,1
Kerala,ernakulam,Perumbavoor,Potato,Potato,FAQ,2600.0,3600.0,3000.0,2025-05-28,28.72,39.79,28.15,29.61,87.61,5.96,9.4,39.79,28.72,2400.0,39.79,28.72,3500.0,47.01,28.83,3500.0,67.38,28.38,3800.0,39.79,278.53,2657.1428571428573,28.72,45.91833333333333,1377.55,3310.0,28.73733333333333,0,1,5,148,22,2
Uttar Pradesh,prayagraj,Ajuha,Onion,Red,FAQ,4480.0,4600.0,4550.0,2024-11-11,23.9,0.0,18.97,29.15,66.17,0.86,11.97,0.0,24.17,2100.0,0.0,24.14,2140.0,0.0,24.33,3400.0,0.0,24.54,2160.0,0.0,0.0,2958.5714285714284,24.122857142857143,0.0,0.0,3117.833333333333,24.255666666666663,1,0,11,316,46,0
Uttar Pradesh,etawah,Etawah,Onion,Red,FAQ,1150.0,1450.0,1350.0,2024-05-28,41.36,0.0,35.37,49.08,12.06,2.19,27.22,0.0,41.36,1600.0,0.0,40.34,1600.0,0.21,39.13,1600.0,0.0,35.82,1300.0,0.0,0.0,1460.0,41.21428571428572,0.028,0.84,1465.6666666666667,38.57933333333334,1,0,5,149,22,2
Karnataka,davangere,Davangere,Onion,Onion,FAQ,1000.0,2650.0,1900.0,2024-02-27,28.54,0.0,21.65,37.28,39.67,3.37,24.47,0.0,28.54,1200.0,0.0,26.52,1800.0,0.0,26.95,2000.0,0.0,26.49,2100.0,0.0,0.0,1585.7142857142858,27.12,0.0,0.0,1621.6666666666667,27.063333333333333,1,0,2,58,9,0
Uttar Pradesh,ballia,Vilthararoad,Onion,Other,FAQ,4400.0,4500.0,4450.0,2024-10-29,27.33,0.0,22.71,32.74,72.84,1.63,14.79,0.0,27.33,4020.0,0.01,27.59,2165.0,0.01,27.59,4550.0,0.0,27.44,2170.0,0.0,0.0,3317.8571428571427,27.33,0.1126666666666666,3.38,3250.5,26.938333333333333,1,0,10,303,44,0
Gujarat,rajkot,Jasdan,Wheat,2189 No. 2,FAQ,2300.0,3220.0,2500.0,2024-01-18,20.84,0.0,13.47,29.47,34.52,2.33,16.59,0.0,20.84,1050.0,0.0,21.21,3305.0,0.0,21.21,2950.0,0.0,19.15,3060.0,0.0,0.0,1699.2857142857142,20.945714285714285,0.0,0.0,2073.6666666666665,20.393,1,0,1,18,3,0
Uttar Pradesh,unnao,Purwa,Onion,Red,FAQ,2075.0,2175.0,2125.0,2023-09-08,27.01,22.76,25.11,29.51,91.17,3.21,13.13,22.76,27.01,2135.0,22.76,27.01,2225.0,5.09,27.19,1180.0,2.02,27.87,1170.0,22.76,159.32000000000002,1770.7142857142858,27.01,10.051666666666668,301.55,1904.3333333333333,27.480666666666668,0,1,9,251,36,1
Himachal Pradesh,hamirpur,Raath,Potato,Desi,FAQ,1010.0,1080.0,1055.0,2023-06-21,33.15,0.3,28.44,37.3,53.31,1.72,24.02,0.3,33.15,1900.0,0.3,33.15,1095.0,0.3,33.15,1500.0,4.32,33.38,1530.0,0.3,2.1,1486.428571428571,33.15,1.7740000000000002,53.220000000000006,1568.8333333333333,33.23433333333333,0,0,6,172,25,1
Tamilnadu,thanjavur,Thanjavur(Uzhavar Sandhai ),Onion,Bellary,Local,2600.0,2800.0,2800.0,2025-04-23,30.37,0.32,26.85,34.62,68.66,2.12,24.2,0.32,30.37,3600.0,0.38,30.77,4000.0,0.23,30.79,2600.0,0.15,31.8,3600.0,0.3285714285714291,2.300000000000004,3171.428571428572,30.427142857142854,0.2853333333333336,8.560000000000008,3256.6666666666665,30.82333333333333,1,0,4,113,17,2
Uttar Pradesh,agra,Achnera,Potato,Desi,FAQ,1650.0,1750.0,1700.0,2024-05-12,34.82,0.13,27.88,40.88,26.62,2.39,22.74,0.13,34.82,1200.0,0.13,34.82,1690.0,0.08,35.48,1300.0,0.73,34.11,1250.0,0.13,0.91,1532.142857142857,34.82,0.1156666666666666,3.47,1541.3333333333333,34.96666666666667,1,0,5,133,19,2
Uttar Pradesh,sonbhadra,Robertsganj,Wheat,Dara,FAQ,2225.0,2460.0,2340.0,2023-06-25,31.47,31.3,27.48,35.43,67.76,2.82,20.13,31.3,31.47,1500.0,2.69,34.68,2365.0,2.35,35.58,1100.0,0.44,38.63,800.0,14.951428571428574,104.66,1292.142857142857,33.30428571428571,4.992666666666667,149.78,1299.6666666666667,35.90233333333333,0,1,6,176,25,1
West Bengal,murshidabad,Kandi,Potato,Jyoti,FAQ,1220.0,1260.0,1240.0,2023-06-25,31.53,3.46,27.44,36.24,71.04,4.15,21.62,3.46,31.53,1400.0,1.57,31.96,1450.0,6.58,30.1,1460.0,17.09,30.86,1475.0,2.1100000000000003,14.77,1465.7142857142858,31.83714285714285,4.633666666666667,139.01,1531.3333333333333,30.927666666666667,0,0,6,176,25,1
Maharashtra,pune,Pune(Moshi),Onion,Local,FAQ,2000.0,3000.0,2500.0,2024-07-21,24.14,53.32,22.99,25.69,94.38,5.56,7.39,53.32,24.14,1800.0,53.32,24.14,2600.0,42.66,23.85,2300.0,30.94,24.1,2500.0,53.32,373.24,2221.428571428572,24.14,43.052666666666674,1291.5800000000002,2365.266666666667,24.031333333333336,0,1,7,203,29,1
Uttar Pradesh,hardoi,Sandi,Onion,Pusa-Red,FAQ,2670.0,2740.0,2700.0,2024-07-11,30.49,4.35,27.6,33.98,83.77,3.02,17.13,4.35,30.49,2290.0,3.13,30.88,2670.0,3.13,30.88,2260.0,5.63,29.43,2620.0,4.35,30.45,2468.5714285714284,30.49,2.6713333333333336,80.14,2452.6666666666665,30.77733333333333,0,0,7,193,28,1
Rajasthan,baran,Anta,Wheat,Other,FAQ,2322.0,2360.0,2341.0,2023-12-16,16.53,0.0,9.35,24.87,55.95,1.49,13.96,0.0,16.45,2500.0,0.0,16.55,2540.0,0.0,16.63,2438.0,0.0,18.74,2600.0,0.0,0.0,2458.285714285714,16.475714285714282,0.0,0.0,2495.3,17.284,1,0,12,350,50,0
Uttar Pradesh,firozabad,Firozabad,Onion,Red,FAQ,3700.0,3900.0,3790.0,2024-11-20,17.78,0.0,10.99,25.13,58.59,1.26,11.69,0.0,17.78,1925.0,0.0,17.92,3600.0,0.0,21.07,1875.0,0.0,21.97,3100.0,0.0,0.0,2619.285714285714,17.880000000000003,0.0,0.0,2602.333333333333,20.578,1,0,11,325,47,0
Karnataka,kolar,Chickkaballapura,Potato,Local,FAQ,300.0,1700.0,1500.0,2025-03-15,25.5,0.0,16.43,35.68,47.05,2.8,26.77,0.0,25.5,2000.0,0.0,26.0,2000.0,0.0,23.83,1500.0,0.0,24.61,3500.0,0.0271428571428571,0.19,1657.142857142857,26.36142857142857,0.0063333333333333,0.1900000000000004,2120.6666666666665,24.484,1,0,3,74,11,0
Uttar Pradesh,bareilly,Bareilly,Onion,Red,FAQ,1375.0,1450.0,1410.0,2024-02-05,16.82,0.61,12.51,22.35,72.0,1.4,8.85,0.61,16.82,620.0,3.9,15.3,1400.0,0.32,15.54,1360.0,13.72,13.16,600.0,2.02,14.14,1215.7142857142858,16.16857142857143,3.68,110.4,1185.6666666666667,14.892666666666669,0,0,2,36,6,0
Tamilnadu,theni,Devaram(Uzhavar Sandhai ),Onion,Bellary,Local,4000.0,4200.0,4200.0,2025-02-08,21.29,0.0,14.93,28.97,72.8,1.45,21.77,0.0,21.29,4400.0,0.0,21.29,4400.0,0.0,21.34,4400.0,0.0,21.53,4200.0,0.0,0.0,4214.285714285715,21.29,0.0,0.0,4190.0,21.32933333333333,1,0,2,39,6,0
Uttar Pradesh,sambhal,Muradabad,Onion,Red,FAQ,3800.0,3870.0,3850.0,2024-11-07,22.51,0.0,17.91,28.57,74.86,0.94,9.45,0.0,22.51,2030.0,0.0,22.59,2030.0,0.0,22.87,2040.0,0.0,22.93,2250.0,0.0,0.0,2403.5714285714284,22.544285714285717,0.0,0.0,2646.333333333333,22.762,1,0,11,312,45,0
Jammu & Kashmir,jammu,Akhnoor,Potato,Other,FAQ,1400.0,1800.0,1600.0,2024-06-07,32.74,0.02,25.88,39.64,32.73,2.06,28.14,0.02,32.74,1900.0,0.0,36.67,1600.0,0.01,36.08,1600.0,0.0,34.77,1900.0,0.6371428571428562,4.459999999999994,1800.0,31.98,0.1506666666666666,4.52,1815.0,34.88766666666667,1,0,6,159,23,1
Uttar Pradesh,etah,Etah,Wheat,Dara,FAQ,2125.0,2500.0,2300.0,2023-10-19,24.0,0.0,16.85,31.37,56.25,1.84,18.75,0.0,24.0,2100.0,3.83,25.15,900.0,0.0,28.38,1900.0,0.0,26.45,2030.0,0.0,0.0,1997.857142857143,24.25714285714286,0.258,7.74,1761.8333333333333,26.607333333333333,1,0,10,292,42,0
Kerala,kottayam,Thalayolaparambu,Onion,Onion,FAQ,6200.0,6600.0,6400.0,2024-05-27,25.75,13.6,24.47,27.92,89.6,1.06,12.07,13.6,25.75,3200.0,10.21,25.58,3200.0,27.79,25.26,4800.0,21.55,25.59,3300.0,12.631428571428572,88.42,5942.857142857143,25.70142857142857,21.247000000000003,637.4100000000001,4803.333333333333,25.461,0,0,5,148,22,2
Uttar Pradesh,fatehpur,Bindki,Onion,Red,FAQ,1500.0,1620.0,1570.0,2024-02-02,16.33,0.05,10.24,25.63,51.44,1.82,13.42,0.05,16.33,2475.0,0.05,17.2,2520.0,0.05,17.2,645.0,0.0,16.04,645.0,0.05,0.35,1376.428571428571,16.45428571428571,0.0266666666666666,0.8,1535.3333333333333,16.908,1,0,2,33,5,0
Haryana,sonipat,Gohana,Tomato,Tomato,FAQ,8000.0,9000.0,8000.0,2023-07-03,33.94,0.09,28.28,39.4,54.32,1.37,21.9,0.09,33.94,1200.0,0.02,32.78,1250.0,1.04,30.82,5500.0,10.73,30.53,1100.0,0.0699999999999999,0.49,4085.714285714286,33.60857142857143,2.836666666666667,85.10000000000001,3035.0,31.860333333333337,0,0,7,184,27,1
Orissa,kendrapara,Pattamundai,Potato,Potato,FAQ,1800.0,2000.0,1800.0,2024-04-20,35.25,0.0,27.13,45.01,49.33,3.76,22.26,0.0,35.25,1500.0,0.04,35.08,1800.0,0.05,35.44,1800.0,0.04,31.06,1800.0,0.0114285714285714,0.08,1757.142857142857,35.20142857142857,0.0243333333333333,0.7299999999999991,1743.3333333333333,34.113,1,0,4,111,16,2
Uttar Pradesh,deoria,Devariya,Potato,Potato,FAQ,1680.0,1715.0,1710.0,2024-05-09,29.34,2.01,25.18,34.65,56.9,3.45,15.02,2.01,29.34,1690.0,0.0,33.09,1650.0,0.0,35.67,1690.0,0.0,33.5,1630.0,1.6485714285714284,11.54,1684.2857142857142,31.44142857142857,0.3886666666666666,11.66,1671.0,33.46333333333333,0,0,5,130,19,2
Kerala,alappuzha,Chengannur,Tomato,Tomato,FAQ,2000.0,2300.0,2200.0,2023-09-30,27.76,59.34,26.87,28.75,82.89,4.57,8.68,59.34,27.76,3200.0,40.94,27.55,2500.0,37.77,27.92,3000.0,8.1,28.06,2300.0,48.82571428571429,341.78,3871.428571428572,27.640000000000004,37.911,1137.33,3823.3333333333335,27.807,0,1,9,273,39,1
Tamilnadu,coimbatore,RSPuram(Uzhavar Sandhai ),Onion,Bellary,Local,2200.0,2700.0,2700.0,2025-04-01,28.24,2.17,22.93,35.69,58.73,0.6,18.82,2.17,28.24,3600.0,2.17,28.24,2800.0,0.0,28.91,4000.0,0.0,28.18,3000.0,2.17,15.19,3414.285714285714,28.24,0.7956666666666669,23.870000000000005,3383.333333333333,28.59133333333333,0,0,4,91,14,2
Rajasthan,hanumangarh,Hanumangarh(Urlivas),Potato,(Red Nanital),FAQ,1500.0,1700.0,1600.0,2024-07-29,36.58,0.06,31.25,41.82,49.02,3.06,23.43,0.06,36.58,3100.0,0.06,36.58,2900.0,0.5,34.97,1900.0,0.09,37.43,2900.0,0.06,0.42,2285.714285714286,36.58,0.2303333333333333,6.91,2332.266666666667,36.24466666666667,1,0,7,211,31,1
Delhi,delhi,Shahdara,Onion,Other,FAQ,1400.0,1800.0,1600.0,2024-05-21,37.88,0.0,30.97,45.96,14.96,1.78,25.32,0.0,39.07,1531.0,0.0,38.84,1800.0,0.0,38.45,1800.0,0.0,34.47,1562.0,0.0,0.0,1641.857142857143,38.83428571428572,0.0,0.0,1638.8333333333333,37.77966666666666,1,0,5,142,21,2
Uttar Pradesh,balrampur,Balrampur,Onion,Red,FAQ,2340.0,2560.0,2450.0,2023-10-15,25.41,0.0,20.65,31.01,68.94,0.91,16.87,0.0,25.41,1140.0,0.0,25.27,2490.0,0.0,25.45,2400.0,0.08,26.73,2380.0,0.0,0.0,1862.857142857143,25.37,0.0,0.0,1915.0,25.531333333333333,1,0,10,288,41,0
Haryana,faridabad,Ballabhgarh,Onion,Other,FAQ,3000.0,5000.0,4000.0,2024-10-15,24.78,0.01,18.78,31.31,56.2,1.36,17.96,0.0,25.38,1800.0,0.0,24.43,1600.0,0.0,24.17,1800.0,0.05,27.28,1800.0,0.0014285714285714,0.01,2628.5714285714284,25.028571428571432,0.0003333333333333,0.01,2796.6666666666665,25.447333333333336,1,0,10,289,42,0
Maharashtra,nagpur,Ramtek,Potato,Local,FAQ,1800.0,2000.0,1900.0,2024-03-28,32.57,0.0,24.36,41.06,29.93,1.7,23.17,0.0,31.5,1700.0,0.07,30.49,1800.0,0.04,25.86,1400.0,2.39,30.48,1500.0,0.0099999999999982,0.0699999999999875,1682.142857142857,31.50857142857143,3.1323333333333334,93.97,1613.3333333333333,28.451666666666668,0,0,3,88,13,0
Orissa,jharsuguda,Jharsuguda,Onion,Other,FAQ,2000.0,2500.0,2000.0,2023-07-21,28.89,7.82,26.03,32.92,84.65,3.64,15.66,3.26,29.05,2000.0,8.92,28.33,2000.0,29.17,27.38,2000.0,11.29,25.12,2000.0,3.16,22.12,2000.0,28.56142857142857,6.705,201.15,2000.0,28.089,0,0,7,202,29,1
West Bengal,nadia,Ranaghat,Potato,Jyoti,FAQ,1610.0,1620.0,1615.0,2025-05-01,28.33,9.35,23.65,32.9,66.59,0.73,21.5,9.35,28.33,2200.0,9.35,28.33,1850.0,4.65,28.4,4950.0,7.63,28.36,5250.0,9.35,65.45,2846.428571428572,28.33,6.316000000000001,189.48,3051.0,28.375333333333334,0,0,5,121,18,2
Delhi,delhi,Azadpur,Tomato,Tomato,FAQ,1200.0,12000.0,6520.0,2023-07-21,31.28,1.39,27.9,35.01,77.04,1.56,16.03,1.39,31.28,2260.0,0.0,31.64,2615.0,0.0,31.64,1000.0,18.48,29.79,1251.0,1.39,9.73,3009.714285714286,31.28,3.0286666666666666,90.86,3141.5,30.888,0,0,7,202,29,1
Maharashtra,nanded,Bhokar,Wheat,Other,FAQ,1803.0,2144.0,1973.0,2023-09-01,27.43,0.01,22.75,31.46,78.89,1.25,19.2,0.04,26.17,2207.0,1.57,26.42,2085.0,0.0,26.85,2100.0,3.25,25.86,2111.0,0.5514285714285715,3.86,2190.1428571428573,26.47,1.101,33.03,2320.833333333333,26.21733333333333,0,0,9,244,35,1
Himachal Pradesh,hamirpur,Muskara,Onion,Red,FAQ,3720.0,3920.0,3820.0,2023-11-23,17.53,0.0,13.34,23.89,54.17,1.04,13.91,0.0,16.72,2550.0,0.0,16.72,4650.0,0.0,17.29,3800.0,0.0,18.28,1000.0,0.0,0.0,2818.5714285714284,16.835714285714285,0.0,0.0,2575.6666666666665,17.15,1,0,11,327,47,0
Uttar Pradesh,hardoi,Shahabad(New Mandi),Potato,Potato,FAQ,1740.0,1820.0,1770.0,2024-06-04,36.3,14.15,30.73,42.62,29.63,1.39,24.61,14.15,36.3,1600.0,0.0,38.3,1770.0,0.14,38.48,1775.0,1.13,40.26,1480.0,4.042857142857143,28.3,1641.428571428571,37.72857142857142,0.9806666666666668,29.42,1637.0,38.49466666666667,0,0,6,156,23,1
Uttar Pradesh,bulandshahar,Khurja,Wheat,Dara,FAQ,2430.0,2530.0,2480.0,2023-11-18,20.1,0.0,15.0,26.97,50.87,1.21,10.67,0.0,20.1,3625.0,0.0,20.89,3000.0,0.0,20.89,1025.0,0.0,20.29,2485.0,0.0,0.0,2682.8571428571427,20.43857142857143,0.0,0.0,2207.5,20.604666666666667,1,0,11,322,46,0
Karnataka,kolar,Malur,Onion,Onion,FAQ,2300.0,3000.0,2564.0,2023-09-30,22.97,1.04,19.11,28.41,77.4,3.78,18.47,1.04,22.97,1800.0,3.86,22.93,3000.0,1.2,23.87,700.0,1.76,24.26,1800.0,0.9585714285714284,6.71,1937.7142857142856,23.15,3.523333333333333,105.7,2131.133333333333,23.391,0,0,9,273,39,1
Madhya Pradesh,rajgarh,Biaora,Onion,1st Sort,FAQ,600.0,1200.0,1000.0,2023-10-19,25.2,0.0,20.35,32.12,63.75,1.53,18.2,0.0,25.2,2450.0,0.01,26.08,2410.0,0.01,26.08,2470.0,0.12,26.23,2370.0,0.0042857142857142,0.03,1960.0,25.577142857142857,0.0563333333333333,1.69,1940.9,26.027666666666665,1,0,10,292,42,0
West Bengal,jalpaiguri,Belacoba,Potato,Local,FAQ,1600.0,1700.0,1700.0,2025-01-04,17.31,0.0,13.07,24.04,72.07,1.05,14.13,0.0,16.36,2200.0,0.0,16.36,2300.0,0.0,16.88,1700.0,0.0,18.04,2200.0,0.0,0.0,1800.0,16.495714285714282,0.0,0.0,2010.0,17.559666666666665,1,0,1,4,1,0
Gujarat,kheda,Kapadvanj,Wheat,Other,FAQ,2400.0,2550.0,2475.0,2023-10-21,26.51,0.0,20.6,33.35,68.31,1.45,18.09,0.0,26.51,1750.0,0.0,26.04,2475.0,0.0,26.03,1150.0,0.0,27.57,1750.0,0.0,0.0,2282.1428571428573,26.24142857142857,0.016,0.48,1975.4,26.664,1,0,10,294,42,0
Gujarat,rajkot,Gondal,Onion,Red,FAQ,480.0,1955.0,1430.0,2024-03-04,19.63,0.0,11.98,29.09,32.32,1.95,23.85,0.0,19.63,1150.0,4.54,23.35,1150.0,0.02,26.6,1180.0,0.0,25.26,1250.0,0.6485714285714286,4.54,1302.857142857143,20.16142857142857,0.912,27.36,1261.3333333333333,24.646,0,0,3,64,10,0
Uttar Pradesh,hardoi,Sandila,Tomato,Hybrid,FAQ,950.0,1050.0,1000.0,2023-06-08,36.01,0.01,27.57,43.51,25.86,2.97,25.99,0.01,36.01,2280.0,0.01,36.01,2270.0,0.0,35.19,1000.0,0.07,34.86,2250.0,0.01,0.07,1584.2857142857142,36.01,0.0236666666666666,0.7100000000000001,1491.6666666666667,35.309666666666665,1,0,6,159,23,1
Uttar Pradesh,amethi,Jafarganj,Potato,Badshah,FAQ,1080.0,1160.0,1120.0,2023-12-05,19.39,1.11,16.6,22.51,81.26,1.99,6.71,1.11,19.39,3485.0,1.51,22.15,1100.0,0.01,22.3,1150.0,4.34,19.06,2515.0,1.2814285714285716,8.97,2607.8571428571427,20.572857142857146,0.7493333333333333,22.48,2457.2,21.444000000000003,0,0,12,339,49,0
Madhya Pradesh,ujjain,Badnagar,Onion,Onion-Organic,FAQ,1700.0,2200.0,2200.0,2024-09-25,26.69,6.06,24.17,30.1,87.93,1.36,18.18,4.85,27.06,4300.0,19.68,26.06,1100.0,0.01,25.91,4200.0,0.04,24.66,4000.0,7.141428571428571,49.99,2916.0,26.86428571428571,4.957333333333334,148.72,3056.9,25.781333333333336,0,0,9,269,39,1
West Bengal,puruliya,Balarampur,Potato,Other,FAQ,1240.0,1340.0,1300.0,2024-03-23,25.35,0.0,16.23,34.57,47.21,1.82,23.13,0.0,22.36,1360.0,0.21,20.76,2000.0,12.12,21.9,1600.0,2.07,26.33,2100.0,0.0,0.0,1677.142857142857,22.787142857142857,2.4803333333333333,74.41,1683.6666666666667,23.82266666666667,0,0,3,83,12,0
Uttar Pradesh,hardoi,Sandila,Potato,Badshah,FAQ,1740.0,1820.0,1780.0,2024-06-08,37.06,0.0,29.89,44.51,27.11,3.23,25.0,0.0,37.06,1780.0,4.8,34.7,1490.0,4.8,34.7,1495.0,14.15,36.3,1485.0,0.0,0.0,1777.857142857143,36.67142857142857,4.654333333333333,139.63,1671.6666666666667,35.64533333333334,0,0,6,160,23,1
Uttar Pradesh,unnao,Bangarmau,Onion,Red,FAQ,2080.0,2180.0,2130.0,2025-03-26,29.99,0.0,19.68,40.62,16.01,2.08,24.18,0.0,29.99,1090.0,0.0,29.0,1100.0,0.13,26.26,1080.0,0.01,27.23,2500.0,0.0,0.0,1691.428571428571,29.282857142857143,0.0493333333333333,1.48,1648.3333333333333,27.558333333333334,1,0,3,85,13,0
Madhya Pradesh,satna,Satna,Wheat,Other,FAQ,2226.0,2563.0,2370.0,2023-12-15,16.1,0.0,8.07,24.2,46.36,1.07,15.83,0.0,16.1,2345.0,0.0,16.8,2330.0,0.0,15.87,2335.0,6.94,18.3,2425.0,0.0,0.0,2377.285714285714,16.495714285714286,0.2446666666666667,7.340000000000001,2410.1,17.125333333333334,1,0,12,349,50,0
Maharashtra,nashik,Nasik,Potato,Other,FAQ,2250.0,2950.0,2600.0,2024-08-22,25.53,4.39,22.91,29.41,90.93,1.17,17.18,4.39,25.53,3600.0,3.94,25.61,3700.0,3.94,25.61,2500.0,35.68,24.71,3025.0,4.0685714285714285,28.48,3539.285714285714,25.58714285714285,4.791333333333333,143.74,3400.7359999999994,25.604666666666667,0,0,8,235,34,1
Andhra Pradesh,hyderabad,Mahboob Manison,Onion,2nd Sort,FAQ,1000.0,2000.0,1800.0,2024-08-02,26.97,0.08,23.43,31.35,77.24,4.46,13.69,0.08,26.97,3000.0,0.8,26.93,1800.0,4.47,27.84,2500.0,0.08,28.15,3100.0,0.2857142857142857,2.0,2514.285714285714,26.958571428571428,1.7626666666666668,52.88,2590.0,27.580666666666666,0,0,8,215,31,1
Punjab,moga,Dharamkot,Onion,Other,FAQ,2500.0,2500.0,2500.0,2023-11-16,19.22,0.0,13.96,26.03,55.13,0.69,12.61,0.0,19.22,4000.0,0.0,18.5,900.0,0.0,18.14,5000.0,0.0,20.67,5000.0,0.0,0.0,2242.8571428571427,19.014285714285712,1.3613333333333335,40.84,1935.0,19.489,0,0,11,320,46,0
Haryana,sirsa,Rania,Onion,Other,FAQ,1200.0,1450.0,1300.0,2025-02-17,20.79,0.0,12.99,29.91,30.01,1.16,17.41,0.0,20.79,2500.0,0.0,19.97,1550.0,0.0,19.21,1500.0,0.0,18.57,2300.0,0.0,0.0,1521.428571428571,20.67285714285714,0.0,0.0,1385.0,18.941,1,0,2,48,8,0
Madhya Pradesh,shajapur,Shujalpur,Onion,Red,FAQ,200.0,2615.0,2000.0,2025-03-03,25.93,0.0,17.77,35.41,27.13,1.51,21.87,0.0,25.93,1210.0,0.0,25.93,1770.0,0.0,26.32,1500.0,0.0,25.62,2350.0,0.0,0.0,1667.428571428571,25.93,0.0,0.0,1545.5,26.078333333333333,1,0,3,62,10,0
Haryana,kurukshetra,Thanesar,Onion,Other,FAQ,1200.0,2000.0,1500.0,2023-06-14,35.79,0.31,30.17,41.84,38.95,4.94,24.38,0.31,35.79,1200.0,0.18,36.46,1600.0,0.18,36.46,1400.0,0.42,35.33,600.0,0.2542857142857143,1.78,1000.0,36.07714285714285,0.2183333333333333,6.550000000000001,985.0,35.40366666666667,1,0,6,165,24,1
Uttar Pradesh,bulandshahar,Anoop Shahar,Potato,F.A.Q.,FAQ,800.0,1000.0,900.0,2023-09-29,25.83,0.0,20.08,32.73,63.19,1.15,20.64,0.0,25.83,1800.0,0.0,25.83,900.0,0.0,25.73,2301.0,0.0,25.73,1000.0,0.0,0.0,1505.0,25.83,0.0,0.0,1556.8666666666666,25.76333333333333,1,0,9,272,39,1
Tamilnadu,thanjavur,Pattukottai(Uzhavar Sandhai ),Onion,Bellary,Local,4000.0,4600.0,4600.0,2024-08-11,29.5,4.25,26.65,32.44,77.64,1.63,19.19,4.25,29.5,5000.0,8.91,29.42,4400.0,8.04,29.06,4600.0,15.41,27.66,4400.0,7.578571428571429,53.05,4771.428571428572,29.442857142857147,9.602,288.05999999999995,4813.333333333333,28.89466666666667,0,0,8,224,32,1
West Bengal,paschim bardhaman,Asansol,Potato,Jyoti,FAQ,2360.0,2560.0,2480.0,2024-08-16,28.9,5.88,26.5,31.55,86.53,1.41,16.7,5.88,28.9,3900.0,3.2,29.65,2350.0,2.23,29.18,3500.0,3.11,28.69,3350.0,4.348571428571428,30.44,3060.0,29.328571428571426,6.495333333333333,194.86,2933.333333333333,29.074333333333332,0,0,8,229,33,1
Uttar Pradesh,saharanpur,Saharanpur,Onion,Red,FAQ,2150.0,2450.0,2300.0,2023-12-17,14.29,0.0,9.83,21.97,48.07,1.42,11.25,0.0,14.29,550.0,0.0,14.32,2560.0,0.0,14.15,700.0,0.0,13.83,2600.0,0.0,0.0,1557.142857142857,14.307142857142855,0.0,0.0,1679.8333333333333,14.187333333333331,1,0,12,351,50,0
 Punjab,fazilka,Jalalabad,Potato,Other,FAQ,1800.0,1900.0,1850.0,2024-12-18,13.13,0.0,8.08,22.23,33.98,1.32,10.86,0.0,13.79,900.0,0.0,12.92,2500.0,0.0,13.48,2100.0,0.0,17.5,4600.0,0.0,0.0,1835.7142857142856,14.038571428571428,0.002,0.06,2263.333333333333,14.385666666666667,1,0,12,353,51,0
West Bengal,bankura,Bankura Sadar,Potato,Jyoti,FAQ,1420.0,1450.0,1440.0,2023-07-25,30.13,2.66,26.09,34.9,78.94,2.56,19.27,2.66,30.13,1340.0,1.66,30.14,1450.0,1.66,30.14,2800.0,8.53,29.65,14000.0,2.5171428571428573,17.62,3445.714285714286,30.13142857142857,5.622333333333333,168.67,3043.0,29.74233333333333,0,0,7,206,30,1
Uttar Pradesh,banda,Atarra,Potato,Desi,FAQ,670.0,775.0,720.0,2024-01-22,13.32,0.0,6.22,22.44,42.93,1.26,6.04,0.0,13.32,750.0,0.0,12.51,1725.0,0.0,12.57,1760.0,0.0,14.48,1740.0,0.0,0.0,1372.142857142857,13.12142857142857,0.0,0.0,1593.5,12.795666666666667,1,0,1,22,4,0
West Bengal,paschim bardhaman,Asansol,Onion,Nasik,FAQ,2400.0,2650.0,2500.0,2023-09-09,28.06,5.88,25.09,31.76,86.63,2.03,16.77,5.88,28.06,1500.0,5.88,28.06,2650.0,15.96,27.72,1500.0,9.59,28.68,1500.0,5.88,41.16,2157.1428571428573,28.06,11.877333333333333,356.32,2287.6666666666665,28.177666666666664,0,0,9,252,36,1
Madhya Pradesh,shajapur,Momanbadodiya,Wheat,Other,FAQ,2010.0,2201.0,2150.0,2023-07-10,27.27,2.88,24.1,31.34,81.18,4.24,15.16,2.88,27.27,2250.0,2.88,27.27,2080.0,0.89,27.56,900.0,11.26,27.14,2065.0,2.88,20.16,2254.285714285714,27.27,2.913,87.38999999999999,1873.1666666666667,27.187,0,0,7,191,28,1
Uttar Pradesh,amroha,Hasanpur,Potato,Badshah,Non-FAQ,810.0,1000.0,850.0,2025-05-26,31.87,0.17,26.05,37.63,48.8,1.69,22.97,0.17,31.87,1220.0,31.75,30.16,850.0,0.0,32.06,1000.0,0.08,34.88,1000.0,18.215714285714288,127.51,1705.7142857142858,30.892857142857142,10.711333333333334,321.34000000000003,1472.8333333333333,31.744333333333334,0,1,5,146,22,2
Maharashtra,nandurbar,Shahada,Wheat,Other,FAQ,2275.0,2539.0,2349.0,2023-06-23,30.78,3.06,26.11,36.14,58.78,4.13,17.57,3.06,30.78,2000.0,0.0,31.65,2325.0,0.01,31.2,2733.0,0.48,31.86,2411.0,2.1885714285714286,15.32,2358.8571428571427,30.74571428571429,1.0616666666666663,31.85,2200.9,31.003,0,0,6,174,25,1
West Bengal,jalpaiguri,Belacoba,Onion,Other,FAQ,2300.0,2500.0,2400.0,2023-07-09,28.8,23.68,26.16,31.88,89.47,1.96,16.62,23.68,28.8,1300.0,23.68,28.8,11000.0,27.2,28.32,11000.0,6.83,29.26,8500.0,23.68,165.76,3314.285714285714,28.8,21.718,651.54,4560.0,28.700000000000003,0,1,7,190,27,1
Rajasthan,ajmer,Madanganj Kishangarh,Onion,1st Sort,FAQ,2000.0,2400.0,2200.0,2023-09-10,30.29,0.32,23.96,37.2,67.15,1.54,21.68,1.05,29.73,1100.0,0.23,29.56,2100.0,0.04,28.77,1200.0,0.0,27.4,2211.0,0.9457142857142856,6.62,1851.0,29.81,0.8416666666666667,25.25,1899.6333333333332,28.874333333333333,0,0,9,253,36,1
West Bengal,nadia,Nadia,Rice,Fine,FAQ,5600.0,5700.0,5650.0,2025-04-22,32.88,0.2,26.67,41.3,63.08,3.16,20.17,0.2,32.88,4900.0,0.2,32.88,4500.0,0.2,32.88,3300.0,1.18,32.48,1580.0,0.2,1.4,2935.714285714286,32.88,0.6573333333333333,19.72,3285.0,32.693333333333335,0,0,4,112,17,2
Andhra Pradesh,hyderabad,Bowenpally,Potato,(Red Nanital),FAQ,1200.0,3300.0,2800.0,2024-08-27,26.52,2.9,22.71,31.07,80.02,3.47,19.38,2.9,26.52,3400.0,0.78,26.83,2800.0,2.76,26.55,2800.0,21.7,26.92,2800.0,2.2942857142857145,16.060000000000002,3042.8571428571427,26.608571428571427,3.508666666666666,105.26,3040.0,26.604,0,0,8,240,35,1
Uttar Pradesh,rampur,Milak,Onion,Red,FAQ,2720.0,2810.0,2765.0,2024-08-04,28.33,2.66,25.25,32.05,83.81,2.74,22.06,2.66,28.33,2270.0,1.15,28.87,2305.0,17.76,29.18,2845.0,7.31,29.69,2340.0,1.884285714285715,13.190000000000005,2490.714285714286,28.132857142857144,7.941333333333333,238.24,2573.833333333333,29.32333333333333,0,0,8,217,31,1
West Bengal,north 24 parganas,Habra,Potato,Other,FAQ,1400.0,1420.0,1420.0,2023-09-21,27.65,17.24,26.54,29.28,93.72,3.2,5.7,17.93,27.48,1500.0,14.72,27.91,2200.0,14.77,28.36,1420.0,20.04,28.17,1500.0,17.37285714285714,121.61,2091.428571428572,27.56571428571428,11.795333333333334,353.86,2190.6666666666665,28.22733333333333,0,1,9,264,38,1
Haryana,ambala,Barara,Potato,Other,FAQ,600.0,1000.0,600.0,2023-11-28,18.22,0.0,13.44,25.22,54.28,1.2,9.71,0.0,18.22,900.0,0.03,17.35,800.0,0.0,17.94,2000.0,0.0,18.18,950.0,0.0171428571428571,0.12,1535.7142857142858,17.722857142857144,0.006,0.18,1722.3333333333333,17.865999999999996,1,0,11,332,48,0
Madhya Pradesh,guna,Raghogarh,Wheat,Mill Quality,FAQ,2100.0,2241.0,2170.0,2023-06-17,32.84,0.03,27.36,40.05,44.11,5.76,22.38,0.03,32.84,2150.0,0.0,34.23,2080.0,0.01,34.69,2125.0,0.0,34.76,2195.0,0.0128571428571428,0.09,2166.8571428571427,33.64,0.2216666666666666,6.65,1844.5,34.864333333333335,1,0,6,168,24,1
Haryana,kaithal,Kaithal,Onion,1st Sort,FAQ,1400.0,1800.0,1600.0,2023-07-16,28.54,12.94,26.58,31.13,88.48,1.13,16.84,12.94,28.54,1180.0,1.32,29.84,6600.0,1.32,29.84,1500.0,2.16,29.77,11000.0,12.94,90.58,2147.1428571428573,28.54,4.321,129.63,3066.333333333333,29.38266666666667,0,0,7,197,28,1
Madhya Pradesh,ratlam,Ratlam,Wheat,Lok-1,FAQ,2427.0,3001.0,2655.0,2023-09-30,26.58,0.0,21.62,31.86,67.72,1.3,21.87,0.54,27.07,2456.0,6.55,27.17,1610.0,5.53,25.98,2610.0,5.95,25.72,2530.0,3.897142857142857,27.28,2186.1428571428573,27.057142857142857,5.447333333333333,163.42,2140.7,26.247666666666667,0,0,9,273,39,1
Madhya Pradesh,shajapur,Kalapipal,Onion,Onion,FAQ,452.0,2240.0,1000.0,2025-02-24,22.44,0.0,13.87,31.72,29.45,1.72,20.6,0.0,22.44,1500.0,0.0,22.77,1100.0,0.0,22.7,650.0,0.0,23.12,500.0,0.0,0.0,1218.571428571429,22.53428571428572,0.0,0.0,1433.2666666666669,22.834,1,0,2,55,9,0
Uttar Pradesh,balrampur,Tulsipur,Potato,Desi,FAQ,1620.0,1700.0,1650.0,2024-04-10,31.12,0.0,22.71,39.72,12.08,2.02,23.8,0.0,29.6,1660.0,0.0,29.55,1650.0,0.0,32.05,1520.0,0.0,30.57,1550.0,0.0,0.0,1842.857142857143,29.802857142857142,0.0,0.0,1845.3333333333333,30.401666666666664,1,0,4,101,15,2
Himachal Pradesh,hamirpur,Muskara,Potato,Potato,FAQ,1150.0,1250.0,1200.0,2025-04-05,26.15,0.0,18.2,34.7,31.83,1.98,24.75,0.0,26.15,1450.0,0.0,26.15,1245.0,0.0,25.62,1500.0,0.0,23.58,2300.0,0.0,0.0,1542.857142857143,26.15,0.0,0.0,1629.0,25.416666666666668,1,0,4,95,14,2
Maharashtra,nashik,Pimpalgaon,Onion,Pole,FAQ,500.0,2151.0,1850.0,2024-01-10,23.28,0.24,17.12,30.52,56.95,1.75,14.22,0.24,23.28,1540.0,0.24,23.28,1300.0,0.24,23.28,1675.0,1.44,23.13,1750.0,0.24,1.68,1997.571428571429,23.28,0.56,16.8,1921.5666666666664,23.24,0,0,1,10,2,0
Rajasthan,chittorgarh,Nimbahera,Potato,(Red Nanital),FAQ,2000.0,3000.0,2500.0,2024-10-07,26.36,0.01,21.58,31.16,71.24,1.15,18.7,0.0,25.69,2500.0,0.43,26.53,2500.0,8.79,26.73,2500.0,3.33,25.88,2400.0,0.0014285714285704,0.0099999999999928,3471.428571428572,26.23428571428571,1.7193333333333338,51.58000000000001,3650.0,26.73933333333333,0,0,10,281,41,0
West Bengal,alipurduar,Alipurduar,Potato,Jyoti,FAQ,1100.0,1200.0,1150.0,2023-09-14,28.2,11.63,23.98,32.35,84.74,1.36,17.33,11.63,28.2,1450.0,1.53,28.82,1100.0,2.23,28.31,1450.0,1.1,28.07,2900.0,7.3014285714285725,51.11000000000001,1807.142857142857,28.465714285714288,3.4200000000000004,102.6,1982.3333333333333,28.345,0,0,9,257,37,1
Madhya Pradesh,indore,Sanwer,Potato,Other,FAQ,1400.0,1850.0,1500.0,2023-06-16,32.4,0.01,26.51,39.82,50.98,6.19,21.22,0.01,32.4,1100.0,0.01,32.4,1000.0,0.01,32.89,800.0,0.0,33.16,2064.0,0.01,0.07,1593.571428571429,32.4,0.006,0.18,1453.1666666666667,32.834666666666664,1,0,6,167,24,1
Tamilnadu,madurai,Palanganatham(Uzhavar Sandhai ),Potato,(Red Nanital),Local,3000.0,5000.0,5000.0,2025-01-04,21.93,0.0,16.84,27.77,83.22,2.08,20.28,0.0,21.93,5000.0,0.0,22.44,5000.0,1.85,24.4,4800.0,4.06,24.85,4800.0,0.0,0.0,5200.0,22.06571428571429,0.6786666666666666,20.36,5360.0,23.384666666666664,0,0,1,4,1,0
Karnataka,chikmagalur,Chikkamagalore,Potato,Other,FAQ,2094.0,2294.0,2194.0,2023-12-21,22.18,0.0,15.74,29.59,72.84,0.67,18.9,0.0,21.79,1792.0,0.0,22.84,2500.0,0.01,22.21,1829.0,0.01,23.2,1984.0,0.0,0.0,2160.428571428572,22.048571428571428,0.9266666666666666,27.8,2823.0333333333333,22.104666666666667,0,0,12,355,51,0
Uttar Pradesh,bareilly,Anwala,Potato,Desi,FAQ,1800.0,2000.0,1900.0,2024-08-01,29.6,15.66,27.04,32.8,86.66,2.31,22.36,15.66,29.6,2800.0,17.39,29.88,2200.0,8.51,30.81,2230.0,5.12,29.78,1900.0,16.154285714285717,113.08,2307.8571428571427,29.680000000000003,7.856666666666666,235.7,2245.333333333333,30.233333333333334,0,1,8,214,31,1
Rajasthan,ganganagar,Sriganganagar (F&V),Potato,Other,FAQ,1400.0,1800.0,1600.0,2024-05-14,36.9,0.12,30.42,43.21,18.79,1.68,21.34,0.12,36.9,1400.0,0.01,36.88,1600.0,0.23,36.28,1500.0,0.0,33.08,1400.0,0.0357142857142849,0.2499999999999946,1457.142857142857,36.78857142857142,0.1526666666666666,4.58,1493.3333333333333,36.51333333333333,1,0,5,135,20,2
Uttar Pradesh,jhansi,Chirgaon,Potato,Desi,FAQ,1150.0,1280.0,1200.0,2025-03-18,25.03,0.0,16.59,33.97,27.87,1.74,24.43,0.0,25.03,1800.0,0.0,26.62,2400.0,0.0,28.75,1650.0,0.0,28.42,900.0,0.0,0.0,1757.142857142857,25.938571428571432,0.0,0.0,1883.8333333333333,27.715,1,0,3,77,12,0
Uttar Pradesh,maharajganj,Gadaura,Onion,Red,FAQ,2000.0,2200.0,2100.0,2024-07-26,29.71,6.25,27.35,33.02,87.7,1.5,16.93,6.25,29.71,2405.0,16.81,30.35,2415.0,2.49,30.37,2350.0,0.06,30.06,2425.0,13.79285714285714,96.54999999999998,2265.0,30.16714285714286,6.392666666666666,191.78,2361.1666666666665,29.89266666666667,0,0,7,208,30,1
Tamilnadu,erode,Perundurai(Uzhavar Sandhai ),Onion,Bellary,Local,7200.0,7500.0,7500.0,2024-11-15,23.91,8.0,21.68,26.95,91.2,0.99,12.45,8.21,24.29,4800.0,8.21,24.29,6000.0,1.74,24.23,5400.0,1.67,23.99,5400.0,8.180000000000001,57.260000000000005,5657.142857142857,24.235714285714284,4.084333333333333,122.53,5770.0,24.16733333333333,0,0,11,320,46,0
Andhra Pradesh,nalgonda,Venkateswarnagar,Potato,Local,FAQ,2500.0,2800.0,2600.0,2024-09-26,30.85,0.0,,,,,,0.0,30.85,3200.0,0.0,30.85,2500.0,0.0,30.85,3200.0,0.0,30.85,3000.0,0.0,0.0,3028.5714285714284,30.85,0.0,0.0,3003.333333333333,30.85,1,0,9,270,39,1
Tamilnadu,thanjavur,Kumbakonam,Potato,(Red Nanital),Local,46.0,46.0,46.0,2024-06-26,29.32,1.48,24.96,33.79,68.19,4.41,15.86,1.95,28.58,46.0,0.18,28.71,46.0,3.93,29.12,46.0,8.92,29.97,46.0,1.3771428571428572,9.64,45.142857142857146,28.722857142857144,3.0813333333333333,92.44,44.4,29.10033333333333,0,0,6,178,26,1
Haryana,yamuna nagar,Chhachrauli,Potato,Potato,FAQ,500.0,900.0,700.0,2024-02-14,16.41,0.0,10.02,25.15,43.27,1.27,18.29,0.0,16.41,600.0,0.0,17.97,600.0,0.0,16.77,500.0,0.0,13.13,1500.0,0.0,0.0,774.2857142857143,17.07857142857143,0.0,0.0,1007.6666666666666,16.726333333333333,1,0,2,45,7,0
Orissa,rayagada,Rayagada,Onion,Other,FAQ,1800.0,1900.0,1900.0,2023-07-11,26.37,21.8,23.93,29.5,83.93,1.64,11.72,21.8,26.37,6000.0,0.18,27.93,1900.0,20.09,26.37,7100.0,0.14,29.56,7100.0,6.858571428571429,48.010000000000005,3600.0,27.454285714285717,6.684333333333333,200.53,3591.6666666666665,27.730666666666664,0,0,7,192,28,1
Madhya Pradesh,chhatarpur,Chhatarpur,Wheat,Other,FAQ,2250.0,2325.0,2280.0,2023-08-23,27.62,12.33,25.65,31.1,88.34,2.16,9.44,12.33,27.62,2200.0,5.63,28.76,2280.0,1.21,29.36,2145.0,17.03,27.42,2300.0,9.458571428571428,66.21,2250.0,28.10857142857143,7.819666666666666,234.59,2241.4333333333334,28.316666666666663,0,0,8,235,34,1
Uttar Pradesh,gorakhpur,Chorichora,Tomato,Hybrid,FAQ,7925.0,8175.0,8025.0,2023-07-25,31.94,3.89,27.64,36.27,67.66,2.23,15.88,3.89,31.94,2260.0,1.36,31.23,2260.0,1.36,31.23,1190.0,0.07,32.47,7900.0,2.8057142857142856,19.64,6328.571428571428,31.63571428571429,2.756,82.68,3312.333333333333,31.421,0,0,7,206,30,1
Uttar Pradesh,basti,Basti,Potato,Desi,FAQ,2125.0,2250.0,2190.0,2024-12-11,13.02,0.0,6.57,22.23,58.97,1.67,13.26,0.04,15.04,2200.0,0.0,16.55,3515.0,0.0,18.4,3750.0,0.0,19.18,2175.0,0.0057142857142836,0.0399999999999857,2427.8571428571427,15.58714285714286,0.0013333333333333,0.04,2862.333333333333,17.058666666666667,1,0,12,346,50,0
Uttar Pradesh,jhansi,Moth,Onion,Red,FAQ,1240.0,1350.0,1300.0,2024-05-30,40.28,0.0,34.36,47.05,23.67,4.06,23.15,0.0,40.28,1815.0,0.0,40.8,1860.0,0.0,40.34,1330.0,0.0,40.14,1350.0,0.0,0.0,1679.2857142857142,40.57714285714286,0.0,0.0,1601.8333333333333,40.440666666666665,1,0,5,151,22,2
Maharashtra,pune,Pune(Khadiki),Onion,Local,Local,1500.0,2300.0,1900.0,2025-03-09,26.77,0.0,17.34,37.47,29.54,1.83,24.9,0.0,26.77,2400.0,0.0,26.77,1200.0,0.0,25.9,1000.0,0.0,24.94,1250.0,0.0,0.0,1850.0,26.77,0.0,0.0,1635.0,25.841,1,0,3,68,10,0
Rajasthan,baran,Anta,Wheat,Other,FAQ,2441.0,2469.0,2455.0,2023-11-30,18.66,4.16,15.34,23.34,86.4,1.81,10.56,0.03,19.44,2640.0,1.88,17.6,2568.0,0.0,19.61,2600.0,0.0,19.79,2555.0,0.8842857142857152,6.190000000000007,2511.8571428571427,19.06571428571429,0.5096666666666666,15.29,2552.0666666666666,19.768666666666665,0,0,11,334,48,0
Maharashtra,amarawati,Amrawati(Frui & Veg. Market),Potato,Local,FAQ,800.0,1600.0,1200.0,2023-08-16,30.11,2.14,,,,,,2.14,30.11,2350.0,2.14,30.11,2500.0,2.14,30.11,2000.0,2.14,30.11,1200.0,2.14,14.98,2541.0,30.11,2.14,64.2,2651.266666666667,30.11,0,0,8,228,33,1
Delhi,delhi,Keshopur,Onion,Onion,FAQ,1400.0,2000.0,1700.0,2024-05-13,34.96,0.02,27.9,42.4,20.55,1.72,21.33,0.02,34.96,1600.0,0.03,34.88,1600.0,0.04,34.37,1562.0,0.0,34.93,2150.0,0.0214285714285714,0.1499999999999998,1689.2857142857142,34.948571428571434,0.0646666666666666,1.94,1715.4,34.748666666666665,1,0,5,134,20,2
Uttar Pradesh,badaun,Badayoun,Onion,Nasik,FAQ,3900.0,4200.0,4110.0,2024-11-22,18.55,0.0,11.39,26.03,46.74,1.1,11.85,0.0,18.55,2020.0,0.0,18.26,3500.0,0.0,18.16,2000.0,0.0,22.2,2000.0,0.0,0.0,2614.285714285714,18.342857142857145,0.0,0.0,2451.833333333333,19.278666666666663,1,0,11,327,47,0
Kerala,alappuzha,Chengannur,Onion,Small,FAQ,5800.0,6100.0,6000.0,2024-08-28,27.74,1.69,27.1,28.6,84.12,3.46,17.03,1.69,27.74,4200.0,1.77,27.83,4200.0,1.77,27.83,5700.0,1.35,27.86,3700.0,1.7242857142857144,12.07,4914.285714285715,27.77857142857143,2.0373333333333337,61.120000000000005,4563.333333333333,27.791,0,0,8,241,35,1
Haryana,kaithal,Dhand,Onion,Other,FAQ,3000.0,3200.0,3150.0,2025-03-01,18.67,0.36,12.06,26.65,66.61,1.74,12.76,0.36,18.67,650.0,19.34,17.15,880.0,2.0,19.72,2050.0,0.0,18.83,525.0,8.494285714285715,59.46,1585.7142857142858,18.01857142857143,3.6786666666666665,110.36,1604.1666666666667,19.246666666666663,0,0,3,60,9,0
Madhya Pradesh,jhabua,Thandla,Potato,Other,FAQ,1000.0,1200.0,1100.0,2023-08-26,25.84,0.01,23.24,29.94,84.48,3.5,18.21,0.03,25.43,1200.0,0.03,25.43,2279.0,0.14,25.46,1400.0,9.91,24.96,1500.0,0.0271428571428571,0.19,1528.142857142857,25.48857142857143,1.3483333333333334,40.45,1735.4333333333334,25.121666666666663,0,0,8,238,34,1
Punjab,gurdaspur,Dinanagar,Potato,Potato,FAQ,1200.0,1500.0,1500.0,2024-05-02,25.82,0.0,18.11,34.64,39.9,2.15,28.43,0.0,22.54,2200.0,18.64,23.77,1500.0,4.06,25.09,900.0,0.42,27.36,1500.0,0.0514285714285704,0.3599999999999929,1628.571428571429,23.677142857142854,3.796,113.88,1526.6666666666667,26.24533333333333,0,0,5,123,18,2
Madhya Pradesh,hoshangabad,Hoshangabad,Onion,Onion,FAQ,960.0,1480.0,1350.0,2023-07-26,27.46,23.72,24.44,30.92,89.1,2.3,16.22,23.72,27.46,1100.0,4.68,26.73,2306.0,18.52,27.36,1100.0,9.35,28.65,2289.0,10.12,70.84,1793.2857142857142,26.938571428571432,14.538666666666666,436.16,1879.4666666666667,27.44333333333333,0,0,7,207,30,1
Himachal Pradesh,mandi,Mandi(Mandi),Onion,Onion,FAQ,3600.0,3800.0,3700.0,2023-10-24,16.84,0.0,12.24,23.19,63.48,1.46,17.11,0.0,16.84,2800.0,0.0,16.39,1300.0,0.0,16.12,3100.0,0.01,15.5,3000.0,0.12,0.84,2778.5714285714284,16.634285714285713,0.0296666666666666,0.8899999999999999,2448.333333333333,16.181333333333335,1,0,10,297,43,0
Manipur,bishnupur,Bishenpur,Potato,Other,FAQ,1500.0,2000.0,1750.0,2025-04-17,22.38,3.31,17.96,28.79,72.29,0.32,17.22,3.31,22.38,3250.0,0.89,22.4,1750.0,0.01,23.86,5200.0,2.87,21.94,2250.0,2.2414285714285724,15.690000000000008,3378.5714285714284,22.925714285714285,1.4746666666666666,44.24,3271.6666666666665,23.149,0,0,4,107,16,2
Rajasthan,ganganagar,Gajsinghpur,Wheat,Other,FAQ,2299.0,2299.0,2299.0,2023-09-27,28.49,0.0,24.74,32.7,75.79,0.88,18.81,0.0,28.49,800.0,1.2,28.58,2531.0,7.06,28.43,2600.0,11.98,27.36,1800.0,0.5142857142857135,3.5999999999999943,1818.4285714285716,28.52857142857143,4.565666666666667,136.97,2108.3,28.35633333333333,0,0,9,270,39,1
Madhya Pradesh,alirajpur,Alirajpur(F&V),Potato,Potato,FAQ,1500.0,2000.0,1800.0,2023-07-17,27.42,2.5,24.82,31.33,83.78,3.66,12.93,2.5,27.42,1800.0,12.56,26.52,1500.0,6.53,27.29,1500.0,10.6,27.73,2100.0,6.285714285714287,44.000000000000014,2871.428571428572,27.034285714285712,9.793,293.79,2115.0,27.03533333333333,0,0,7,198,29,1
Bihar,kishanganj,Bahadurganj,Onion,Medium,FAQ,4200.0,4600.0,4400.0,2024-10-12,24.47,0.02,21.86,28.24,90.76,1.57,11.3,0.01,25.49,2500.0,3.8,25.45,4400.0,10.21,24.26,4500.0,105.06,24.68,4500.0,3.572857142857145,25.010000000000016,3342.8571428571427,25.318571428571428,16.547666666666668,496.43,3471.6666666666665,25.44066666666667,0,0,10,286,41,0
West Bengal,kolkata,Bara Bazar (Posta Bazar),Potato,Other,FAQ,1060.0,1200.0,1140.0,2025-01-30,21.95,0.0,17.42,28.13,83.52,2.65,9.67,0.0,19.92,1220.0,0.0,20.52,1060.0,0.0,17.11,1320.0,0.0,15.76,2340.0,0.0,0.0,1430.0,19.481428571428573,0.0,0.0,1661.3333333333333,17.956000000000003,1,0,1,30,5,0
Maharashtra,beed,Kada,Onion,Red,FAQ,1000.0,4500.0,3300.0,2023-12-03,23.63,0.0,17.73,31.41,69.05,2.78,16.9,0.0,23.63,2900.0,4.55,23.38,2967.0,0.02,23.98,2802.0,0.0,22.41,3400.0,3.3371428571428567,23.36,2901.0,23.66857142857143,2.16,64.8,2852.0666666666666,23.837,0,0,12,337,48,0
West Bengal,murshidabad,Beldanga,Potato,Jyoti,FAQ,2400.0,2500.0,2450.0,2024-08-03,27.85,12.35,26.16,29.93,91.19,3.84,6.15,12.35,27.85,2500.0,95.13,27.66,2600.0,33.49,29.54,2450.0,2.43,30.61,3175.0,36.00142857142857,252.01,2615.0,27.795714285714286,25.53333333333333,766.0,2683.0,29.15833333333333,0,1,8,216,31,1
Punjab,amritsar,Rayya,Onion,Red,FAQ,2000.0,2000.0,2000.0,2025-05-14,34.98,0.0,26.3,43.48,27.26,1.74,25.95,0.0,34.98,1700.0,1.57,33.39,1000.0,0.02,32.38,1200.0,0.24,28.67,900.0,0.0,0.0,1257.142857142857,34.222857142857144,1.8903333333333328,56.71,1331.6666666666667,32.04333333333334,0,0,5,134,20,2
Maharashtra,pune,Pune,Onion,Local,FAQ,400.0,1400.0,900.0,2024-01-29,21.26,0.0,13.91,30.24,48.8,1.37,16.15,0.0,21.26,1300.0,0.0,21.26,1250.0,0.0,21.35,1200.0,0.0,21.6,1000.0,0.0,0.0,1264.2857142857142,21.26,0.0,0.0,1183.3333333333333,21.36766666666667,1,0,1,29,5,0
Madhya Pradesh,dewas,Dewas(F&V),Onion,Other,FAQ,400.0,1700.0,700.0,2023-06-19,30.83,0.52,24.85,36.95,55.49,6.07,17.31,0.52,30.83,2150.0,1.73,30.81,600.0,0.06,30.58,600.0,0.0,32.31,2280.0,1.2114285714285715,8.48,1733.2857142857142,30.818571428571428,0.6486666666666667,19.46,1679.3666666666666,31.08533333333333,0,0,6,170,25,1
Madhya Pradesh,sagar,Bina,Wheat,MP(Desi),FAQ,2350.0,2660.0,2505.0,2023-08-07,25.88,1.36,23.29,29.74,84.43,4.14,13.08,1.36,25.88,2500.0,5.45,25.26,2200.0,14.03,25.37,2500.0,74.1,25.06,2366.0,2.528571428571429,17.700000000000003,2079.0,25.702857142857145,13.969666666666663,419.09,2076.4333333333334,25.319,0,0,8,219,32,1
Uttar Pradesh,aligarh,Charra,Potato,Desi,FAQ,1000.0,1200.0,1100.0,2025-04-07,31.6,0.0,21.51,41.64,15.9,1.75,24.1,0.0,31.6,3300.0,0.0,30.72,1060.0,0.0,28.56,1050.0,0.0,28.27,950.0,0.0,0.0,1754.2857142857142,31.6,0.0163333333333338,0.4900000000000142,1490.3333333333333,30.193,1,0,4,97,15,2
Madhya Pradesh,khargone,Badwaha,Onion,Other,FAQ,1325.0,2150.0,1600.0,2023-10-02,26.02,0.0,21.11,32.2,75.56,1.55,21.29,0.0,26.02,1200.0,0.0,27.02,800.0,0.02,27.62,1600.0,1.89,27.32,1200.0,0.0,0.0,1682.857142857143,26.448571428571427,0.7829999999999999,23.49,1723.6666666666667,27.21333333333333,0,0,10,275,40,0
Madhya Pradesh,ujjain,Mahidpur,Wheat,Other,FAQ,2201.0,2885.0,2391.0,2023-10-06,22.34,0.0,17.23,28.86,82.32,2.61,22.38,0.0,22.34,1400.0,0.0,22.3,2564.0,0.0,22.53,1500.0,0.0,25.11,1100.0,0.0,0.0,2383.428571428572,22.31142857142857,0.0,0.0,2203.1666666666665,22.74633333333333,1,0,10,279,40,0
Uttar Pradesh,banda,Atarra,Onion,Red,FAQ,1770.0,1950.0,1860.0,2024-01-04,16.96,0.26,13.34,23.07,76.69,0.92,1.53,0.26,16.96,2380.0,0.97,16.38,2350.0,0.01,15.48,1850.0,0.0,14.5,2400.0,0.4628571428571429,3.24,1686.428571428571,16.794285714285714,0.2393333333333333,7.18,1563.3333333333333,15.698333333333332,1,0,1,4,1,0
Uttar Pradesh,ghaziabad,Noida,Onion,Red,FAQ,3000.0,3100.0,3040.0,2024-08-02,29.02,1.62,26.0,32.18,86.32,1.9,14.42,1.62,29.02,2310.0,17.67,30.87,2980.0,0.93,30.53,3080.0,7.29,30.42,2380.0,8.498571428571433,59.49000000000002,2644.285714285714,29.812857142857144,10.126,303.78000000000003,2687.1666666666665,30.60533333333333,0,0,8,215,31,1
Karnataka,dharwad,Hubli (Amaragol),Onion,Puna,FAQ,500.0,2500.0,1200.0,2024-02-24,25.18,0.0,15.47,36.31,42.82,2.16,24.27,0.0,25.18,860.0,0.0,25.48,1000.0,0.0,26.56,1200.0,0.0,27.02,630.0,0.0,0.0,1020.0,25.02857142857143,0.0,0.0,1043.0,25.84933333333333,1,0,2,55,8,0
Uttar Pradesh,shravasti,Payagpur,Potato,Red,FAQ,900.0,1100.0,1000.0,2023-08-23,27.37,24.67,25.04,30.0,91.16,1.86,6.8,40.29,27.38,900.0,14.49,28.2,1500.0,5.71,30.44,1000.0,2.68,30.06,1200.0,19.69,137.82999999999998,1157.142857142857,27.787142857142857,10.846,325.38,1736.6666666666667,29.634333333333338,0,1,8,235,34,1
Uttar Pradesh,rampur,Rampur,Rice,Common,FAQ,3200.0,3300.0,3250.0,2025-04-11,26.91,1.77,21.91,33.57,48.44,2.1,22.04,1.77,26.91,1120.0,1.39,30.11,1150.0,0.0,29.54,1640.0,0.0,27.47,1700.0,5.458571428571427,38.21,1621.428571428571,28.178571428571427,1.4126666666666663,42.38,1542.3333333333333,28.96633333333333,0,0,4,101,15,2
Madhya Pradesh,seoni,Seoni,Onion,1st Sort,FAQ,3400.0,3700.0,3575.0,2023-11-07,20.92,0.0,15.31,28.17,62.52,1.24,16.55,0.0,20.92,2411.0,0.0,20.79,2530.0,0.0,20.73,3650.0,0.0,20.17,2299.0,0.0,0.0,2372.8571428571427,21.057142857142857,0.0,0.0,2222.0666666666666,20.647,1,0,11,311,45,0
Tamilnadu,namakkal,Paramathivelur(Uzhavar Sandhai ),Potato,(Red Nanital),Local,3500.0,4000.0,4000.0,2025-03-15,27.6,0.0,20.69,37.35,59.09,1.53,26.75,0.0,27.89,3000.0,0.0,27.89,4000.0,2.28,28.21,3800.0,8.23,26.68,4500.0,0.0,0.0,3885.714285714286,27.84857142857143,2.2836666666666665,68.50999999999999,3966.6666666666665,27.80666666666667,0,0,3,74,11,0
West Bengal,hooghly,Pandua,Onion,Nasik,FAQ,3200.0,3400.0,3300.0,2024-08-02,28.02,83.67,27.06,29.87,92.03,4.74,7.73,83.67,28.02,2500.0,59.27,28.94,2540.0,12.44,28.64,2580.0,9.35,30.17,2540.0,76.69857142857144,536.8900000000001,2754.285714285714,28.282857142857143,35.190000000000005,1055.7,2866.6666666666665,28.758333333333333,0,1,8,215,31,1
Kerala,idukki,Kattappana,Onion,Big,FAQ,4700.0,5200.0,4800.0,2024-09-12,22.52,1.08,20.51,25.26,88.47,0.44,22.51,1.08,22.52,4500.0,7.2,23.19,5500.0,7.2,23.19,4500.0,6.5,23.29,5000.0,1.08,7.56,4357.142857142857,22.52,5.585333333333334,167.56,4640.0,23.060333333333336,0,0,9,256,37,1
Uttar Pradesh,etawah,Etawah,Onion,Red,FAQ,925.0,1325.0,1125.0,2023-06-17,37.64,0.15,32.2,43.2,30.95,3.28,26.63,0.15,37.64,1150.0,0.0,37.33,2150.0,0.0,37.84,1250.0,0.0,38.67,900.0,0.0428571428571428,0.3,1076.428571428571,37.41857142857143,0.01,0.3,1243.0,37.80566666666667,1,0,6,168,24,1
Bihar,kishanganj,Bahadurganj,Potato,Jyoti,FAQ,1200.0,1300.0,1250.0,2023-09-07,27.38,3.2,26.05,28.42,86.95,1.3,16.55,1.55,28.42,1250.0,2.35,27.63,1250.0,4.08,27.84,2700.0,4.75,28.73,1800.0,1.2285714285714289,8.600000000000001,1592.857142857143,28.412857142857145,3.955333333333334,118.66,1986.0,27.988666666666667,0,0,9,250,36,1
Madhya Pradesh,khandwa,Khandwa,Onion,Local,FAQ,1000.0,2500.0,2500.0,2024-09-21,26.83,0.26,23.28,30.77,85.99,1.33,17.75,0.03,26.41,2200.0,0.55,25.05,1000.0,4.4,25.45,2200.0,1.04,26.95,1000.0,0.9242857142857124,6.4699999999999855,1928.571428571429,25.34714285714286,7.874333333333333,236.23,2031.2,25.85666666666667,0,0,9,265,38,1
West Bengal,birbhum,Sainthia,Potato,Jyoti,FAQ,850.0,900.0,870.0,2025-02-14,18.78,0.0,10.18,28.74,42.92,2.2,20.05,0.0,18.78,810.0,0.0,20.16,2600.0,0.0,21.1,950.0,0.0,19.04,880.0,0.0,0.0,1408.571428571429,19.174285714285716,0.0,0.0,1721.0,20.01933333333333,1,0,2,45,7,0
Haryana,mewat,Nuh,Onion,Other,FAQ,1200.0,1200.0,1200.0,2023-07-30,29.86,1.38,26.47,33.27,81.14,2.01,20.49,4.33,29.66,1500.0,23.24,28.04,1500.0,23.24,28.04,1100.0,0.47,31.19,8000.0,6.61,46.27,2585.714285714286,29.457142857142856,15.640666666666666,469.22,2226.6666666666665,29.529666666666667,0,0,7,211,30,1
Tamilnadu,vellore,Katpadi (Uzhavar Sandhai ),Potato,(Red Nanital),Local,3000.0,4200.0,4200.0,2025-01-02,20.58,0.0,16.2,26.33,86.25,1.98,17.72,0.0,20.58,4000.0,0.0,20.89,4200.0,0.21,21.64,4500.0,9.77,22.34,4000.0,0.0,0.0,4314.285714285715,20.66857142857143,0.4706666666666666,14.12,4223.333333333333,21.348333333333336,0,0,1,2,1,0
Maharashtra,kolhapur,Kolhapur,Onion,Other,FAQ,1000.0,6800.0,3000.0,2024-11-09,21.31,0.0,16.02,27.34,81.04,2.27,17.35,0.0,21.04,3000.0,3.11,23.42,2500.0,0.01,24.19,3500.0,6.54,24.51,3500.0,0.0185714285714283,0.1299999999999986,2971.428571428572,22.08571428571429,4.920666666666666,147.61999999999998,3170.0,23.339333333333336,0,0,11,314,45,0
Punjab,patiala,Dudhansadhan,Potato,Other,FAQ,800.0,1000.0,900.0,2025-01-28,13.88,0.0,4.86,25.04,30.46,1.39,16.64,0.0,13.88,800.0,0.0,12.46,900.0,0.0,12.61,900.0,0.0,14.41,890.0,0.0,0.0,722.8571428571429,13.677142857142856,0.0,0.0,766.3333333333334,13.750333333333336,1,0,1,28,5,0
Madhya Pradesh,khargone,Kasrawad,Wheat,Other,FAQ,2655.0,2655.0,2655.0,2023-10-17,25.25,0.21,20.98,30.7,76.07,1.03,17.36,0.21,25.25,800.0,4.58,25.4,2625.0,4.58,25.4,1650.0,0.0,26.35,1200.0,2.7071428571428577,18.950000000000003,2064.0,25.335714285714285,2.005666666666667,60.17,1905.1,25.574333333333332,0,0,10,290,42,0
Haryana,ambala,Ambala City(Subji Mandi),Potato,Other,FAQ,920.0,1200.0,1125.0,2025-01-16,11.43,1.62,8.04,16.16,74.88,1.67,9.07,1.62,11.43,800.0,0.0,13.04,900.0,4.7,10.52,1500.0,0.01,12.88,950.0,0.6942857142857143,4.86,1075.0,12.637142857142855,0.7893333333333333,23.68,1090.1666666666667,12.511333333333337,0,0,1,16,3,0
Punjab,ludhiana,Ludhiana,Potato,Other,FAQ,200.0,600.0,300.0,2024-01-05,11.08,0.0,6.2,19.54,64.12,1.05,3.79,0.0,11.08,550.0,0.0,11.08,1500.0,0.0,10.94,2600.0,0.0,10.32,600.0,0.0,0.0,1092.857142857143,11.08,0.0,0.0,1138.3333333333333,10.942666666666666,1,0,1,5,1,0
Uttar Pradesh,agra,Agra,Rice,III,FAQ,3300.0,3480.0,3380.0,2025-05-16,38.14,0.0,29.47,46.1,14.64,1.72,24.08,0.0,38.14,1180.0,0.0,37.45,1300.0,0.0,37.45,1000.0,0.32,35.54,1175.0,0.0,0.0,1457.142857142857,37.94285714285714,0.0,0.0,1494.6666666666667,37.077,1,0,5,136,20,2
West Bengal,paschim bardhaman,Asansol,Onion,Nasik,Non-FAQ,1300.0,1400.0,1350.0,2025-06-11,31.0,1.99,26.75,35.63,68.42,2.27,22.24,0.77,31.99,1400.0,0.77,31.99,1200.0,0.16,32.04,1450.0,2.15,31.1,1200.0,0.9442857142857142,6.609999999999999,1368.571428571429,31.84857142857143,0.6753333333333333,20.26,1360.0,31.784666666666663,0,0,6,162,24,1
Uttar Pradesh,mainpuri,Ghiraur,Tomato,Hybrid,FAQ,6000.0,6200.0,6100.0,2023-07-07,30.07,7.67,26.71,33.56,77.74,2.57,10.12,7.67,30.07,930.0,7.67,30.07,1140.0,21.48,30.3,895.0,0.96,33.25,2175.0,7.67,53.69,2053.5714285714284,30.07,9.854333333333331,295.63,2617.733333333333,30.971,0,0,7,188,27,1
Uttar Pradesh,baghpat,Baraut,Potato,Chips,FAQ,1100.0,1200.0,1150.0,2023-09-28,24.98,0.0,19.5,31.65,78.35,1.51,19.64,0.0,24.98,1400.0,0.0,25.82,1150.0,0.0,27.7,950.0,0.04,29.11,1150.0,0.0,0.0,1385.7142857142858,25.22,1.478333333333333,44.35,1490.0,27.20466666666667,0,0,9,271,39,1
Nagaland,mokokchung,Mokokchung Town,Onion,Other,FAQ,5500.0,6500.0,6000.0,2024-09-07,29.1,3.5,24.34,34.7,74.15,0.39,21.62,3.5,29.1,4000.0,92.29,26.7,7000.0,8.84,29.07,6000.0,8.71,28.62,4000.0,8.551428571428573,59.860000000000014,5285.714285714285,28.002857142857145,18.44366666666667,553.3100000000001,5200.0,28.51333333333333,0,0,9,251,36,1
Haryana,bhiwani,Ch. Dadri,Potato,Other,FAQ,900.0,1000.0,950.0,2025-05-14,34.0,0.15,26.31,42.08,38.78,1.74,25.6,3.68,33.75,1350.0,2.38,31.49,950.0,3.78,30.04,2401.0,0.0,32.31,1300.0,1.3500000000000008,9.450000000000005,957.1428571428572,33.80285714285714,3.420333333333333,102.61,986.7,31.175666666666665,0,0,5,134,20,2
Tamilnadu,thanjavur,Thanjavur(Uzhavar Sandhai ),Potato,(Red Nanital),Local,3400.0,3400.0,3400.0,2025-05-03,30.69,0.73,28.31,34.07,75.17,2.9,24.28,0.73,30.69,3600.0,0.2,31.0,3600.0,0.08,30.81,3600.0,4.78,30.3,3000.0,0.4271428571428576,2.9900000000000038,3400.0,30.867142857142856,0.8176666666666669,24.530000000000005,3326.6666666666665,30.715,0,0,5,123,18,2
Maharashtra,nashik,Sinner,Onion,Other,Local,500.0,1360.0,1250.0,2025-04-07,31.3,0.0,22.66,40.91,19.26,2.24,26.59,0.0,31.3,1050.0,0.0,31.3,1200.0,0.54,29.97,1401.0,0.04,29.66,1260.14,0.0,0.0,1157.142857142857,31.3,0.296,8.879999999999999,1241.6206666666667,30.262666666666668,1,0,4,97,15,2
Tamilnadu,nagapattinam,Sirkali(Uzhavar Sandhai ),Onion,Bellary,Local,4000.0,4500.0,4500.0,2024-11-14,28.06,14.5,27.63,28.66,85.53,3.75,14.88,14.5,28.06,5000.0,9.76,28.06,5000.0,7.13,27.97,5000.0,0.79,28.65,4500.0,12.468571428571428,87.28,4785.714285714285,28.06,6.086,182.58,4846.666666666667,28.22533333333333,0,0,11,319,46,0
Uttar Pradesh,mainpuri,Mainpuri,Rice,Common,FAQ,3330.0,3460.0,3390.0,2025-05-02,32.13,0.48,25.72,38.73,35.07,2.65,13.27,0.48,32.13,1100.0,0.0,32.42,1155.0,0.0,31.61,1150.0,0.0,32.36,1150.0,0.1371428571428571,0.96,2093.5714285714284,32.33714285714286,0.0319999999999999,0.9599999999999992,1779.1666666666667,32.08133333333333,1,0,5,122,18,2
Delhi,delhi,Shahdara,Onion,Other,FAQ,700.0,900.0,800.0,2023-06-07,33.67,0.0,27.08,40.66,33.3,2.15,25.68,0.0,33.67,905.0,0.01,33.34,800.0,0.01,33.34,2355.0,0.01,33.34,1100.0,0.0014285714285714,0.01,955.7142857142856,33.62285714285714,0.00625,0.1,1239.4375,33.463750000000005,1,0,6,158,23,1
Himachal Pradesh,hamirpur,Bharuasumerpur,Wheat,Dara,FAQ,2125.0,2200.0,2150.0,2023-06-25,31.4,20.17,27.11,35.9,67.37,2.52,14.28,20.17,31.4,1040.0,10.31,32.98,1100.0,10.31,32.98,1125.0,8.43,33.56,2200.0,18.76142857142857,131.33,1773.571428571429,31.625714285714285,12.156666666666668,364.7000000000001,1700.1666666666667,32.702666666666666,0,1,6,176,25,1
Uttar Pradesh,balrampur,Balrampur,Potato,Desi,FAQ,1060.0,1280.0,1160.0,2023-09-29,27.46,0.01,24.02,31.64,83.09,1.35,19.84,0.01,27.46,2365.0,0.02,27.48,2365.0,0.02,27.65,2100.0,4.86,26.59,2200.0,0.0128571428571443,0.0900000000000106,1792.142857142857,27.465714285714288,0.8383333333333334,25.15,1740.8333333333333,27.369,0,0,9,272,39,1
West Bengal,alipurduar,Alipurduar,Onion,Other,FAQ,2800.0,3000.0,2900.0,2024-01-03,17.18,0.0,12.13,23.28,67.63,0.68,13.77,0.0,17.18,1850.0,0.0,16.87,1450.0,1.55,17.23,2900.0,0.0,19.11,3600.0,0.0,0.0,2264.285714285714,17.002857142857142,0.31,9.3,2098.333333333333,18.043,1,0,1,3,1,0
Uttar Pradesh,agra,Jagnair,Potato,Desi,FAQ,750.0,850.0,800.0,2025-03-06,20.52,0.0,9.22,31.05,22.37,2.39,22.26,0.0,20.52,1050.0,0.0,20.52,2540.0,0.0,18.11,1000.0,0.0,21.48,2550.0,0.0,0.0,1647.142857142857,20.52,0.0,0.0,1538.1666666666667,20.068666666666665,1,0,3,65,10,0
Jammu & Kashmir,jammu,Narwal Jammu (F&V),Onion,Other,FAQ,1700.0,1900.0,1800.0,2024-02-16,16.03,0.0,11.52,23.35,39.87,1.19,18.06,0.0,16.03,850.0,0.0,15.39,1650.0,0.0,15.12,900.0,0.0,10.39,900.0,0.0,0.0,1378.571428571429,15.787142857142856,0.0,0.0,1378.3333333333333,14.486666666666668,1,0,2,47,7,0
Haryana,sonipat,Sonepat(Kharkhoda),Onion,Other,FAQ,2500.0,3500.0,3000.0,2024-08-14,28.8,3.62,26.39,31.71,87.12,1.07,16.22,3.62,28.8,2200.0,7.06,28.49,3400.0,7.06,28.49,2800.0,2.62,29.71,2200.0,3.62,25.34,2692.8571428571427,28.8,11.493666666666666,344.81,2701.6666666666665,28.739666666666665,0,0,8,227,33,1
Madhya Pradesh,alirajpur,Alirajpur(F&V),Potato,Potato,FAQ,1600.0,1900.0,1700.0,2023-07-07,27.73,10.6,23.97,32.17,83.14,2.59,14.83,8.68,27.96,2200.0,3.68,28.78,2100.0,3.84,28.02,2000.0,8.73,28.26,2000.0,18.928571428571427,132.5,1957.142857142857,27.71,13.467666666666666,404.03,1881.0,27.756666666666664,0,1,7,188,27,1
West Bengal,jalpaiguri,Jalpaiguri Sadar,Potato,Jyoti,FAQ,2080.0,2120.0,2100.0,2024-06-04,28.55,28.82,25.33,32.3,83.33,1.17,18.39,17.69,29.57,2150.0,17.69,29.57,2200.0,15.13,29.6,2150.0,10.58,31.42,2200.0,19.28,134.95999999999998,2164.285714285714,29.42428571428572,20.468000000000004,614.0400000000001,2163.333333333333,30.097666666666665,0,1,6,156,23,1
Uttar Pradesh,bulandshahar,Siyana,Potato,Desi,FAQ,900.0,1000.0,950.0,2023-09-03,28.73,0.0,22.84,35.38,67.26,1.8,23.83,0.0,28.73,600.0,0.0,28.73,2800.0,0.0,28.86,2000.0,0.0,28.86,1240.0,0.0,0.0,1227.142857142857,28.73,0.0,0.0,1564.0,28.821,1,0,9,246,35,1
Tamilnadu,theni,Kambam(Uzhavar Sandhai ),Potato,(Red Nanital),Local,4200.0,4200.0,4200.0,2024-08-07,23.31,10.17,20.37,27.05,84.38,1.44,16.52,10.17,23.31,4200.0,11.23,24.6,4200.0,11.23,24.6,4400.0,4.07,24.06,4400.0,10.472857142857142,73.31,4228.571428571428,23.678571428571427,8.428,252.84000000000003,4273.333333333333,24.187,0,0,8,220,32,1
Kerala,thiruvananthapuram,Vamanapuram,Potato,Other,FAQ,3500.0,4000.0,3500.0,2024-11-21,26.79,1.57,24.61,29.28,82.1,2.47,9.35,1.57,26.79,5000.0,1.57,26.79,5500.0,7.77,25.98,7200.0,16.51,27.2,24780.0,1.57,10.99,5985.714285714285,26.79,8.823333333333332,264.7,10135.333333333334,26.629666666666665,0,0,11,326,47,0
Haryana,kurukshetra,Ladwa,Potato,Potato,Non-FAQ,800.0,800.0,800.0,2025-05-09,31.54,0.52,24.28,38.55,40.98,2.34,18.67,0.52,31.54,1000.0,4.18,30.76,865.0,3.11,30.18,1500.0,3.2,28.98,1200.0,1.5657142857142865,10.960000000000006,1042.142857142857,31.31714285714286,3.0203333333333333,90.61,1015.5333333333332,30.300666666666665,0,0,5,129,19,2
Maharashtra,nashik,Dindori(Vani),Onion,Red,FAQ,901.0,1611.0,1212.0,2024-01-31,21.74,0.0,15.78,31.03,38.21,1.91,18.27,0.0,21.74,2676.0,0.0,21.82,1225.0,0.0,21.82,1250.0,0.0,22.77,950.0,0.0,0.0,1883.2857142857144,21.74,0.0,0.0,1568.3333333333333,21.833,1,0,1,31,5,0
Uttar Pradesh,ballia,Rasda,Rice,III,FAQ,3210.0,3345.0,3280.0,2025-05-27,32.81,0.37,26.7,38.76,57.34,3.33,17.59,0.37,32.81,3300.0,0.37,32.81,1200.0,0.76,30.11,1225.0,0.58,32.08,3280.0,0.37,2.59,1974.2857142857144,32.81,0.5960000000000001,17.880000000000003,1817.3333333333333,31.486666666666665,0,0,5,147,22,2
Uttar Pradesh,ballia,Chitwadagaon,Potato,Other,FAQ,670.0,790.0,730.0,2024-01-23,13.48,0.0,6.55,22.52,44.56,1.83,5.32,0.0,13.48,2500.0,0.0,13.1,2510.0,0.0,13.76,2520.0,0.0,15.28,2520.0,0.0,0.0,1542.857142857143,13.37142857142857,0.0,0.0,1616.1666666666667,13.809,1,0,1,23,4,0
Haryana,panipat,Madlauda,Potato,Other,FAQ,1400.0,1400.0,1400.0,2025-01-03,14.66,0.0,9.89,23.25,58.15,1.39,6.36,0.0,13.55,1400.0,0.0,11.56,1000.0,25.52,14.48,1200.0,0.0,13.28,1300.0,0.0,0.0,1385.7142857142858,12.484285714285717,2.83,84.89999999999999,1260.0,13.483,0,0,1,3,1,0
Himachal Pradesh,hamirpur,Bharuasumerpur,Onion,Red,FAQ,2700.0,2800.0,2725.0,2025-03-03,17.95,2.9,11.84,24.77,45.06,1.23,8.83,2.9,17.95,1900.0,0.02,16.49,1300.0,55.11,13.46,3100.0,7.23,18.58,1500.0,1.2428571428571469,8.700000000000028,1904.2857142857144,17.33857142857143,21.463000000000005,643.8900000000001,2006.3333333333333,15.792333333333335,0,0,3,62,10,0
Uttar Pradesh,sambhal,Chandausi,Potato,Desi,FAQ,800.0,1050.0,875.0,2023-11-20,19.47,0.0,13.62,27.95,56.42,1.95,11.13,0.0,19.47,870.0,0.0,19.85,2850.0,0.0,20.41,3280.0,0.0,21.53,810.0,0.0,0.0,1077.857142857143,19.687142857142856,0.0,0.0,1754.5,20.663666666666664,1,0,11,324,47,0
Kerala,kottayam,Thalayolaparambu,Potato,Other,FAQ,4500.0,5000.0,4800.0,2024-05-08,29.14,4.16,25.8,34.98,70.45,0.58,22.35,4.16,29.14,3800.0,4.16,29.14,4700.0,0.03,29.79,4100.0,0.18,28.97,4100.0,4.16,29.12,5171.428571428572,29.14,1.3090000000000002,39.27,4540.0,29.37633333333333,0,0,5,129,19,2
Uttar Pradesh,jaunpur,Mugrabaadshahpur,Wheat,Dara,FAQ,2400.0,2600.0,2500.0,2023-12-14,16.06,0.0,9.67,25.46,49.85,2.19,11.4,0.0,16.06,810.0,0.0,16.15,3410.0,0.0,16.79,790.0,0.0,18.93,850.0,0.0,0.0,1662.857142857143,16.111428571428572,0.0,0.0,2131.0666666666666,16.823,1,0,12,348,50,0
Maharashtra,nashik,Nasik,Potato,Other,Local,1350.0,1900.0,1650.0,2025-05-30,26.11,0.0,23.93,29.93,84.03,4.61,21.65,0.0,26.11,1150.0,0.0,26.11,1050.0,6.86,25.71,1200.0,6.86,25.71,1480.0,0.0,0.0,1250.0,26.11,4.1160000000000005,123.48,1270.8666666666666,25.87,0,0,5,150,22,2
Uttar Pradesh,agra,Samsabad,Onion,Red,FAQ,1800.0,2000.0,1900.0,2024-07-27,29.05,10.19,27.51,31.02,85.71,1.31,17.33,10.19,29.05,2120.0,14.48,29.58,1250.0,2.18,30.3,2800.0,17.06,29.67,1650.0,12.641428571428571,88.49000000000001,2054.285714285714,29.352857142857143,9.475,284.25,2083.333333333333,29.827,0,0,7,209,30,1
Maharashtra,pune,Khed(Chakan),Onion,Other,Local,2000.0,2500.0,2300.0,2025-03-07,24.94,0.0,15.01,36.11,21.06,1.9,25.56,0.0,24.94,2000.0,0.0,24.94,1300.0,0.0,24.75,1050.0,0.0,25.44,1600.0,0.0,0.0,1971.4285714285716,24.94,0.0,0.0,1825.0,24.968000000000004,1,0,3,66,10,0
West Bengal,nadia,Ranaghat,Onion,Other,FAQ,3150.0,3350.0,3250.0,2025-03-10,27.17,0.0,19.87,35.15,44.53,0.79,18.75,0.0,27.17,1120.0,0.0,27.17,1120.0,0.0,25.82,3200.0,0.0,22.22,1100.0,0.0,0.0,2192.8571428571427,27.17,0.0,0.0,2063.833333333333,25.4,1,0,3,69,11,0
Haryana,kaithal,Cheeka,Potato,Other,FAQ,1500.0,1500.0,1500.0,2024-07-02,35.09,14.57,30.93,39.76,60.21,2.81,12.27,14.57,35.09,2000.0,2.39,36.3,1900.0,1.58,34.39,1450.0,2.07,37.75,1900.0,9.35,65.45,1792.857142857143,35.60857142857143,4.472333333333334,134.17000000000002,1883.3333333333333,36.022000000000006,0,0,7,184,27,1
Punjab,amritsar,Rayya,Onion,Red,FAQ,1600.0,1600.0,1600.0,2024-04-09,28.1,0.0,20.5,36.5,24.4,1.11,24.24,0.0,27.09,1100.0,0.0,24.61,1700.0,0.0,25.53,600.0,0.0,24.02,500.0,0.0,0.0,1185.7142857142858,26.525714285714287,0.0,0.0,1118.3333333333333,25.53833333333333,1,0,4,100,15,2
Himachal Pradesh,kangra,Kangra,Potato,Other,FAQ,1300.0,3200.0,2250.0,2023-11-01,19.09,0.0,15.61,24.14,54.09,1.16,14.4,0.0,18.53,2500.0,0.0,18.53,2700.0,0.0,18.33,5250.0,0.0,18.34,2400.0,0.0,0.0,3864.285714285714,18.610000000000003,0.0,0.0,3780.0,18.393000000000004,1,0,11,305,44,0
Kerala,alappuzha,Alappuzha,Potato,Other,FAQ,4000.0,4700.0,4300.0,2023-11-17,28.43,5.8,27.39,29.72,80.09,1.76,18.9,5.8,28.43,5300.0,7.41,28.21,5100.0,7.41,28.21,2300.0,4.14,28.72,3000.0,6.26,43.82,6357.142857142857,28.367142857142856,5.776666666666667,173.3,5653.333333333333,28.403666666666663,0,0,11,321,46,0
Uttar Pradesh,maharajganj,Nautnava,Potato,Desi,FAQ,1000.0,1200.0,1100.0,2023-09-30,27.3,0.0,22.85,31.63,73.91,0.93,16.56,0.0,27.3,965.0,0.0,27.3,1300.0,0.05,27.39,1000.0,0.13,28.02,1100.0,0.0,0.0,1530.7142857142858,27.3,0.056,1.6800000000000002,1514.5,27.588000000000005,1,0,9,273,39,1
Maharashtra,satara,Vai,Potato,Local,FAQ,2500.0,2900.0,2700.0,2024-06-08,26.49,20.38,23.08,32.25,75.23,2.87,12.57,20.69,26.78,2250.0,6.61,27.0,2750.0,5.49,28.42,2200.0,0.07,29.41,2500.0,14.611428571428574,102.28000000000002,2357.1428571428573,26.83285714285714,6.842666666666667,205.28,2336.6666666666665,28.217,0,1,6,160,23,1
Punjab,sangrur,Lehra Gaga,Onion,Other,FAQ,4500.0,4500.0,4500.0,2024-10-20,26.15,0.0,19.32,34.69,47.89,1.23,15.32,0.0,27.24,3750.0,0.0,27.24,3800.0,0.0,27.5,4500.0,0.0,28.03,1300.0,0.0,0.0,2578.5714285714284,27.08428571428572,0.0,0.0,2636.6666666666665,27.653,1,0,10,294,42,0
Uttar Pradesh,varanasi,Varanasi,Potato,Badshah,FAQ,1940.0,2050.0,1970.0,2024-06-22,37.39,1.88,33.83,41.2,38.19,1.07,18.85,0.1,36.75,1970.0,0.0,41.27,1835.0,0.0,38.51,1600.0,0.0,37.33,1720.0,0.7228571428571428,5.06,1917.857142857143,38.93714285714286,0.2506666666666666,7.52,1733.5,38.163,1,0,6,174,25,1
Gujarat,porbandar,Porbandar,Potato,(Red Nanital),FAQ,1000.0,1500.0,1250.0,2023-10-21,29.14,0.0,22.98,35.52,60.24,1.82,20.84,0.0,28.23,2560.0,0.0,27.01,1250.0,0.0,27.45,2405.0,0.0,26.24,1500.0,0.0,0.0,1753.571428571429,28.3,0.0,0.0,2001.6666666666667,27.268666666666668,1,0,10,294,42,0
Bihar,madhubani,Jahajharpur,Onion,Medium,FAQ,2800.0,3000.0,2900.0,2023-10-01,26.52,6.74,24.89,28.47,90.36,1.5,14.98,6.74,26.52,3100.0,2.6,28.4,1300.0,0.67,27.13,3100.0,14.12,26.57,2750.0,8.93,62.51,2714.285714285714,27.18142857142857,15.958,478.74,2348.333333333333,26.833666666666662,0,0,10,274,39,0
Tamilnadu,theni,Andipatti(Uzhavar Sandhai ),Onion,Bellary,Local,4000.0,4400.0,4400.0,2025-02-27,24.0,0.12,17.84,32.17,67.5,1.67,23.08,1.64,23.31,3500.0,1.64,23.31,4200.0,1.64,23.31,4200.0,0.0,23.4,4400.0,1.4228571428571428,9.96,3814.285714285714,23.408571428571427,1.124,33.72,3816.6666666666665,23.448,0,0,2,58,9,0
Punjab,patiala,Patiala,Potato,Potato,FAQ,800.0,1200.0,1000.0,2025-06-04,31.01,3.93,24.58,36.8,47.62,1.97,26.81,3.93,31.01,500.0,3.93,31.01,1050.0,3.69,30.95,1100.0,0.0,33.8,740.0,3.93,27.51,897.1428571428571,31.01,3.0386666666666664,91.16,1078.0,31.662,0,0,6,155,23,1
Maharashtra,ahmednagar,Om Chaitanya Multistate Agro Purpose CoOp Society,Onion,Other,FAQ,250.0,1700.0,1350.0,2023-07-18,25.57,10.74,23.01,29.3,80.02,5.86,10.59,10.74,25.57,4500.0,10.74,25.57,2285.0,1.8,25.86,3800.0,1.8,25.86,1800.0,10.74,75.18,2196.428571428572,25.57,5.674000000000001,170.22000000000003,2063.0,25.73433333333333,0,0,7,199,29,1
Haryana,ambala,Barara,Onion,Other,FAQ,900.0,1000.0,900.0,2023-06-09,32.66,0.04,25.53,39.84,40.69,2.86,27.98,0.04,32.66,500.0,0.28,30.73,615.0,0.38,29.98,600.0,2.14,30.11,900.0,0.2114285714285714,1.48,735.0,31.28142857142857,0.7280000000000001,21.840000000000003,780.3333333333334,30.489,0,0,6,160,23,1
Tamilnadu,virudhunagar,Srivilliputhur(Uzhavar Sandhai ),Onion,Bellary,Local,5500.0,6000.0,6000.0,2024-09-06,29.0,0.42,24.87,34.04,73.04,2.51,18.5,0.42,29.0,5000.0,0.42,29.0,5500.0,0.42,29.0,6000.0,0.15,29.73,6000.0,0.42,2.94,5642.857142857143,29.0,0.2939999999999999,8.819999999999999,5616.666666666667,29.340666666666667,1,0,9,250,36,1
West Bengal,murshidabad,Beldanga,Potato,Jyoti,FAQ,2500.0,2600.0,2550.0,2024-10-30,27.22,0.28,23.71,30.88,87.26,1.28,13.52,0.28,27.22,4375.0,0.01,26.78,4370.0,1.44,26.81,2550.0,15.02,25.0,2400.0,0.1642857142857163,1.1500000000000143,2766.428571428572,27.03142857142857,10.278333333333334,308.35,2934.5,26.55033333333333,0,0,10,304,44,0
Uttar Pradesh,saharanpur,Saharanpur,Rice,III,FAQ,3250.0,3530.0,3400.0,2025-04-24,31.29,0.0,22.71,40.86,19.26,2.17,25.88,0.0,31.29,1400.0,0.0,30.82,950.0,0.0,30.82,1250.0,0.1,31.78,650.0,0.0,0.0,1318.571428571429,31.29,0.0133333333333333,0.4,1273.6666666666667,31.017333333333337,1,0,4,114,17,2
Uttar Pradesh,bulandshahar,Divai,Onion,Red,FAQ,1500.0,1750.0,1600.0,2024-04-20,30.83,0.0,22.24,38.82,22.4,2.75,24.4,0.0,30.83,1696.0,0.0,32.13,1800.0,0.0,32.13,1600.0,0.0,31.08,1000.0,0.0,0.0,1613.7142857142858,30.83,0.0,0.0,1477.5333333333333,31.54666666666667,1,0,4,111,16,2
Haryana,panchkula,Barwala,Onion,Onion,FAQ,1000.0,1200.0,1100.0,2025-04-19,30.92,1.23,24.04,38.65,34.06,4.29,21.12,1.23,30.92,1800.0,2.94,30.44,1350.0,2.45,29.33,1800.0,0.0,27.54,2500.0,0.43,3.01,1500.0,30.99142857142857,0.8843333333333336,26.53000000000001,1400.0,29.375,0,0,4,109,16,2
Madhya Pradesh,shajapur,Akodiya,Onion,Medium,FAQ,200.0,1955.0,700.0,2024-02-20,24.37,0.0,16.74,33.78,28.54,2.6,21.31,0.0,24.37,300.0,0.0,24.41,400.0,0.0,22.55,388.0,0.0,21.18,300.0,0.0,0.0,725.2857142857143,24.38714285714286,0.0,0.0,477.9666666666666,22.85333333333333,1,0,2,51,8,0
Tamilnadu,sivaganga,Devakottai (Uzhavar Sandhai ),Onion,Bellary,Local,6400.0,6800.0,6800.0,2024-12-02,26.54,6.23,24.4,29.85,89.55,3.85,16.91,1.24,25.25,6200.0,1.24,25.25,6800.0,2.42,24.48,6600.0,22.89,24.26,7000.0,1.9528571428571428,13.67,6614.285714285715,25.43428571428572,6.468,194.04,6633.333333333333,24.706666666666667,0,0,12,337,49,0
Maharashtra,nagpur,Nagpur,Potato,Local,Local,1000.0,1600.0,1450.0,2025-03-15,31.99,0.0,23.35,40.96,17.82,1.41,21.25,0.0,31.99,1750.0,0.0,31.34,1900.0,0.0,30.71,2000.0,0.0,27.59,2000.0,0.0,0.0,1707.142857142857,31.618571428571425,0.0,0.0,1845.8333333333333,29.822666666666667,1,0,3,74,11,0
Madhya Pradesh,morena,Morena,Potato,Potato,FAQ,1000.0,1000.0,1000.0,2024-08-09,28.76,4.86,25.74,32.68,84.85,2.21,14.07,4.86,28.76,800.0,8.63,28.03,900.0,5.51,28.44,1000.0,3.74,30.14,600.0,9.691428571428574,67.84000000000002,1500.0,28.45714285714286,8.856666666666666,265.7,1130.0,29.051333333333336,0,0,8,222,32,1
Orissa,khurda,Balugaon,Potato,Other,Non-FAQ,1200.0,1400.0,1400.0,2025-05-19,31.0,1.9,27.36,35.4,70.43,3.03,23.56,1.9,31.0,2200.0,0.87,30.7,1300.0,2.21,31.9,3000.0,0.47,31.1,2400.0,0.95142857142857,6.6599999999999895,2178.5714285714284,30.942857142857143,0.909,27.27,2201.6666666666665,31.57,0,0,5,139,21,2
Uttar Pradesh,bahraich,Naanpara,Potato,Desi,FAQ,900.0,960.0,930.0,2023-12-17,14.87,0.0,9.0,23.47,51.83,1.47,12.41,0.0,14.88,3420.0,0.0,15.07,1000.0,0.0,15.13,980.0,0.0,15.79,1020.0,0.0,0.0,2096.428571428572,14.87857142857143,0.0,0.0,2342.6666666666665,15.233333333333333,1,0,12,351,50,0
Tamilnadu,perambalur,Perambalur(Uzhavar Sandhai ),Potato,(Red Nanital),Local,4800.0,4800.0,4800.0,2024-09-30,27.42,0.27,23.72,32.88,75.2,1.31,18.3,0.85,27.08,4800.0,0.38,28.03,7000.0,1.59,28.48,6800.0,0.12,29.2,4800.0,1.51,10.57,5742.857142857143,27.722857142857144,1.3443333333333334,40.33,5900.0,28.394,0,0,9,274,40,1
Tamilnadu,thanjavur,Pattukottai(Uzhavar Sandhai ),Potato,(Red Nanital),Local,3600.0,3600.0,3600.0,2025-03-20,29.64,0.12,26.43,34.42,68.05,2.98,25.3,0.12,29.64,3000.0,0.15,29.24,4000.0,0.16,29.65,3600.0,0.01,28.66,3600.0,0.1371428571428576,0.9600000000000036,3600.0,29.41142857142857,0.1730000000000001,5.190000000000004,3770.0,29.424666666666663,1,0,3,79,12,0
Kerala,kottayam,Ettumanoor,Onion,Onion,FAQ,12300.0,12700.0,12500.0,2023-07-16,24.52,3.11,22.56,27.29,90.16,0.7,18.86,3.11,24.52,2000.0,1.2,24.37,2600.0,1.2,24.37,2600.0,0.87,23.84,11700.0,2.564285714285714,17.95,4385.714285714285,24.47714285714286,1.4193333333333331,42.58,5566.666666666667,24.236,0,0,7,197,28,1
West Bengal,hooghly,Sheoraphuly,Onion,Nasik,FAQ,4000.0,4200.0,4100.0,2023-12-09,19.17,0.19,15.28,25.17,83.5,1.87,13.68,0.19,19.17,1660.0,14.03,20.53,1480.0,28.86,20.56,4100.0,0.14,22.63,4500.0,2.1671428571428573,15.17,3217.1428571428573,19.36428571428572,16.214000000000002,486.42,2948.0,20.26333333333333,0,0,12,343,49,0
Uttar Pradesh,balrampur,Panchpedwa,Onion,Red,FAQ,1550.0,1750.0,1640.0,2024-03-05,19.44,0.0,12.88,28.82,37.21,3.38,22.85,0.0,19.44,1050.0,7.49,22.31,1830.0,0.0,19.85,1050.0,0.0,19.56,1000.0,4.86857142857143,34.08000000000001,1345.7142857142858,19.548571428571428,2.143333333333333,64.3,1367.6666666666667,20.542666666666666,0,0,3,65,10,0
Madhya Pradesh,ratlam,Jaora,Onion,Onion,FAQ,3341.0,3983.0,3983.0,2024-10-08,25.39,0.0,20.46,30.72,79.11,1.24,19.86,0.0,25.24,3270.0,0.0,24.98,4071.0,0.0,25.15,2801.0,1.78,25.83,3300.0,0.0,0.0,3520.714285714286,25.187142857142856,0.3026666666666667,9.08,3601.866666666667,25.469,1,0,10,282,41,0
Rajasthan,hanumangarh,Hanumangarh,Wheat,Other,FAQ,2246.0,2246.0,2246.0,2023-10-03,27.99,0.0,19.73,36.88,35.82,1.58,20.49,0.0,27.99,800.0,0.0,27.99,2300.0,0.0,28.16,1200.0,0.0,28.17,2400.0,0.0,0.0,1679.571428571429,27.99,0.0,0.0,1801.8333333333333,28.104333333333333,1,0,10,276,40,0
Uttar Pradesh,badaun,Bilsi,Onion,Red,FAQ,3900.0,4000.0,3950.0,2024-12-04,18.24,0.0,11.78,28.06,55.74,2.62,13.78,0.0,18.24,1800.0,0.0,18.77,2200.0,0.0,19.05,3950.0,0.0,17.34,2100.0,0.0,0.0,2452.8571428571427,18.542857142857144,0.0,0.0,2674.333333333333,18.410666666666668,1,0,12,339,49,0
Rajasthan,udaipur,Fatehnagar,Wheat,Local,FAQ,2175.0,2250.0,2220.0,2023-06-22,26.8,0.0,23.34,31.1,77.59,3.17,20.94,0.0,26.8,1750.0,0.11,27.23,2000.0,30.52,27.14,900.0,0.0,30.32,2100.0,0.0471428571428571,0.33,1430.142857142857,26.98428571428571,15.889666666666669,476.69,1407.3,27.728,0,0,6,173,25,1
Uttar Pradesh,badaun,Shahaswan,Potato,Potato,FAQ,1950.0,2200.0,2000.0,2024-11-09,22.69,0.0,17.89,29.35,78.81,1.78,9.37,0.0,22.69,1990.0,0.0,22.61,3800.0,0.0,22.17,1950.0,0.0,23.49,3830.0,0.0,0.0,2250.0,22.678571428571427,0.0,0.0,2361.1666666666665,22.548666666666666,1,0,11,314,45,0
 Punjab,fazilka,Fazilka,Potato,Other,FAQ,800.0,1500.0,1200.0,2024-04-15,27.26,0.62,21.08,34.73,49.78,2.24,15.07,0.62,27.26,700.0,0.0,30.37,650.0,0.0,29.24,650.0,0.0,26.39,600.0,0.777142857142857,5.44,1628.571428571429,28.38142857142857,0.1813333333333333,5.44,1521.6666666666667,28.640666666666668,1,0,4,106,16,2
Uttar Pradesh,chandauli,Chandoli,Onion,Red,FAQ,2150.0,2250.0,2200.0,2023-08-22,28.48,4.6,26.78,30.68,88.0,1.45,6.17,4.6,28.48,1230.0,0.15,29.4,2320.0,16.58,29.15,2000.0,0.02,28.42,1580.0,2.692857142857143,18.85,2667.1428571428573,28.874285714285715,4.034333333333333,121.03,2436.1666666666665,28.904666666666667,0,0,8,234,34,1
Orissa,bhadrak,Sahidngar,Potato,Other,FAQ,2600.0,2800.0,2700.0,2024-05-24,30.1,17.61,27.93,32.4,80.76,3.69,16.74,17.61,30.1,2370.0,4.36,30.0,2370.0,12.47,30.25,2350.0,4.15,30.23,2600.0,11.987142857142857,83.91,2501.428571428572,30.074285714285715,8.363666666666667,250.91,2528.333333333333,30.439666666666664,0,0,5,145,21,2
Madhya Pradesh,mandsaur,Mandsaur,Onion,Onion,FAQ,200.0,1921.0,680.0,2024-01-18,15.31,0.0,7.62,24.49,46.58,1.69,16.01,0.0,17.72,2752.0,0.0,17.56,1001.0,0.0,18.16,800.0,0.95,19.32,2685.0,0.0,0.0,2161.8571428571427,17.307142857142857,0.97,29.1,1922.2333333333331,17.348666666666666,0,0,1,18,3,0
Uttar Pradesh,saharanpur,Chutmalpur,Potato,Potato,FAQ,800.0,900.0,850.0,2025-03-19,23.36,0.0,17.29,33.07,38.75,1.82,23.29,0.0,23.36,940.0,0.0,22.28,2420.0,0.04,21.26,850.0,6.48,23.4,2100.0,0.0,0.0,1320.0,22.897142857142857,1.04,31.2,1347.0,22.275666666666663,0,0,3,78,12,0
Punjab,gurdaspur,Gurdaspur,Onion,Other,FAQ,4000.0,4500.0,4200.0,2024-09-04,28.46,3.09,25.69,31.6,78.19,0.77,20.14,3.09,28.46,2600.0,21.77,28.42,3500.0,14.13,29.81,2500.0,2.86,28.57,1900.0,16.43285714285714,115.03,3185.714285714286,28.43142857142857,9.527333333333337,285.82000000000005,2878.333333333333,28.734,0,1,9,248,36,1
Gujarat,anand,Borsad,Wheat,Other,FAQ,2400.0,2425.0,2412.0,2023-11-24,23.99,0.0,17.17,32.68,50.48,2.25,13.6,0.0,23.99,3500.0,0.0,23.76,1000.0,0.0,25.09,2300.0,0.0,25.91,3700.0,0.0,0.0,2366.0,23.62142857142857,0.0,0.0,2359.233333333333,24.583666666666662,1,0,11,328,47,0
Jammu & Kashmir,jammu,Batote,Potato,Other,FAQ,2300.0,2500.0,2400.0,2024-08-16,27.9,7.52,26.42,29.53,86.86,0.81,19.69,7.52,27.9,4000.0,33.22,27.97,2200.0,5.9,29.17,4100.0,6.47,28.45,3750.0,11.19142857142857,78.33999999999999,3128.5714285714284,27.91,17.34933333333333,520.4799999999999,3058.333333333333,28.322000000000003,0,0,8,229,33,1
Orissa,bhadrak,Chandabali,Onion,Other,FAQ,2200.0,2700.0,2370.0,2025-04-10,28.41,0.28,25.18,32.26,70.33,3.01,23.76,0.45,28.61,3200.0,4.95,30.01,3200.0,0.11,29.56,3200.0,4.43,27.26,1370.0,3.134285714285715,21.940000000000005,2338.5714285714284,28.59,1.4156666666666669,42.470000000000006,2355.0,29.130333333333333,0,0,4,100,15,2
Gujarat,bharuch,Ankleshwar,Potato,Potato,FAQ,1800.0,3500.0,2500.0,2024-11-18,21.84,0.0,16.25,29.51,71.42,2.31,16.76,0.0,21.84,2500.0,0.0,22.46,2500.0,0.0,24.1,2500.0,0.0,24.84,2700.0,0.0,0.0,2642.8571428571427,22.464285714285715,0.0,0.0,2693.333333333333,23.735,1,0,11,323,47,0
Maharashtra,nagpur,Hingna,Onion,Red,FAQ,3800.0,4000.0,3900.0,2024-10-17,26.47,1.16,22.61,30.78,84.48,1.37,13.72,1.16,26.47,3000.0,1.16,26.47,3750.0,0.22,26.66,3500.0,4.33,26.81,3500.0,1.16,8.12,3621.428571428572,26.47,1.9686666666666668,59.06,3461.1,26.51033333333333,0,0,10,291,42,0
Himachal Pradesh,mandi,Mandi(Takoli),Potato,Other,FAQ,1000.0,1300.0,1100.0,2023-08-07,23.89,7.66,21.29,26.59,90.85,3.04,16.46,7.66,23.89,2200.0,26.71,24.5,1200.0,7.57,24.27,1800.0,4.53,23.9,1800.0,17.952857142857145,125.67,1828.571428571429,24.174285714285716,11.111333333333333,333.34,1978.3333333333333,24.330333333333336,0,1,8,219,32,1
Punjab,ludhiana,Khanna,Potato,Other,FAQ,300.0,500.0,400.0,2024-02-14,15.23,0.0,9.5,24.09,52.13,1.48,17.17,0.0,15.23,600.0,0.0,15.23,1200.0,0.0,15.68,1300.0,0.0,14.45,1600.0,0.0,0.0,1164.2857142857142,15.23,0.0,0.0,996.0,15.216,1,0,2,45,7,0
Kerala,alappuzha,Cherthala,Potato,Other,FAQ,3600.0,3800.0,3700.0,2024-05-07,31.08,0.11,29.77,32.79,69.81,3.76,24.52,0.11,31.08,3500.0,0.17,30.84,3700.0,0.17,30.84,4300.0,0.06,30.79,5200.0,0.1357142857142858,0.950000000000001,3814.285714285714,30.97714285714286,0.1373333333333333,4.12,3536.6666666666665,30.85333333333333,1,0,5,128,19,2
West Bengal,jalpaiguri,Jalpaiguri Sadar,Potato,Jyoti,FAQ,1050.0,1250.0,1150.0,2023-06-13,29.62,22.95,25.82,33.57,79.71,1.76,16.05,22.95,29.62,1800.0,35.65,29.63,1100.0,35.65,29.63,1500.0,3.86,30.6,1300.0,22.95,160.65,1571.428571428571,29.62,23.25433333333333,697.63,1506.6666666666667,30.151333333333334,0,1,6,164,24,1
Maharashtra,ahmednagar,Ahmednagar,Onion,Red,FAQ,150.0,2100.0,1450.0,2024-03-02,28.64,0.01,22.06,35.64,37.07,2.86,18.56,0.12,29.33,1100.0,0.12,29.33,1050.0,0.72,28.92,1500.0,0.3,28.34,1500.0,0.1042857142857153,0.7300000000000071,1328.571428571429,29.231428571428573,0.4579999999999999,13.739999999999998,1414.2,28.857000000000003,0,0,3,62,9,0
Maharashtra,jalgaon,Amalner,Wheat,Other,FAQ,2400.0,2550.0,2550.0,2023-10-09,25.02,0.0,19.92,31.24,77.5,1.39,21.35,0.0,25.02,2500.0,0.0,24.95,2766.0,0.0,24.16,1550.0,0.0,24.06,1800.0,0.0,0.0,1900.2857142857144,25.05857142857143,0.0,0.0,2062.766666666667,24.47133333333333,1,0,10,282,41,0
Madhya Pradesh,raisen,Silvani,Wheat,147 Average,FAQ,2300.0,2400.0,2320.0,2023-12-16,17.02,0.0,9.35,24.56,57.6,0.98,14.82,0.0,17.02,2400.0,0.0,16.03,2300.0,0.0,16.76,2355.0,0.01,19.41,2500.0,0.0,0.0,2337.0,16.595714285714287,0.0013333333333333,0.04,2411.0666666666666,17.029,1,0,12,350,50,0
Uttar Pradesh,lucknow,Lucknow,Wheat,Dara,FAQ,2260.0,2360.0,2310.0,2023-06-24,35.36,1.08,30.76,39.8,50.6,1.51,17.22,1.08,35.36,1150.0,2.27,32.77,1800.0,32.65,30.59,1080.0,0.0,37.96,1120.0,0.6457142857142858,4.5200000000000005,1570.0,34.81142857142857,5.3853333333333335,161.56,1555.0,34.99733333333334,0,0,6,175,25,1
Uttar Pradesh,azamgarh,Azamgarh,Potato,Desi,FAQ,965.0,1115.0,1040.0,2023-09-26,28.58,4.02,23.85,33.27,78.13,0.75,12.61,0.85,27.73,1060.0,3.93,27.17,2165.0,2.08,28.62,1060.0,2.2,28.2,2260.0,1.74,12.18,1586.428571428571,27.748571428571427,1.6876666666666666,50.63,1712.3333333333333,28.281333333333336,0,0,9,269,39,1
Uttar Pradesh,bareilly,Bareilly,Potato,Potato,FAQ,1100.0,1150.0,1125.0,2025-03-26,28.69,0.0,19.77,39.7,25.21,2.0,23.13,0.0,28.69,1800.0,0.0,27.03,2375.0,0.0,26.09,1050.0,0.09,23.87,935.0,0.0,0.0,1459.2857142857142,28.215714285714284,0.1066666666666667,3.200000000000001,1511.0,26.17933333333333,1,0,3,85,13,0
Jammu & Kashmir,jammu,Akhnoor,Potato,Other,FAQ,1000.0,1200.0,1100.0,2024-03-02,14.63,56.89,12.31,16.98,85.76,5.29,8.63,56.89,14.63,2200.0,9.82,14.68,1100.0,0.0,15.38,1200.0,0.0,13.24,900.0,43.441428571428574,304.09000000000003,2057.1428571428573,14.644285714285717,11.449666666666667,343.49,1756.6666666666667,14.425000000000002,0,1,3,62,9,0
Nagaland,mokokchung,Mangkolemba,Onion,Other,FAQ,3500.0,4500.0,4000.0,2024-04-15,27.25,0.0,20.26,34.31,54.67,0.48,18.89,0.0,27.25,3000.0,0.67,25.23,3000.0,0.21,24.72,5000.0,3.16,23.63,5000.0,0.0,0.0,3428.5714285714284,26.032857142857143,0.4253333333333334,12.760000000000002,3533.333333333333,25.31866666666667,0,0,4,106,16,2
Orissa,keonjhar,Keonjhar(Dhekikote),Onion,Other,FAQ,2200.0,2500.0,2500.0,2023-09-18,27.49,4.8,23.88,31.43,85.34,1.08,18.01,4.8,27.49,2200.0,4.46,26.86,2000.0,7.81,26.45,2500.0,15.87,26.66,2000.0,4.702857142857143,32.92,2457.1428571428573,27.31,13.031333333333333,390.94,2246.6666666666665,26.613666666666667,0,0,9,261,38,1
Tamilnadu,cuddalore,Viruthachalam(Uzhavar Sandhai ),Onion,Bellary,Local,2500.0,2500.0,2500.0,2025-05-22,30.42,0.09,25.26,35.95,66.12,2.36,21.25,0.09,30.42,3000.0,1.27,29.36,4000.0,9.51,28.81,4000.0,23.89,27.89,3000.0,0.9328571428571428,6.529999999999999,3285.714285714286,29.662857142857145,7.564666666666667,226.94,3383.333333333333,29.13233333333333,0,0,5,142,21,2
Bihar,buxar,Buxur,Potato,Jyoti,FAQ,1200.0,1300.0,1300.0,2024-01-04,17.77,0.24,14.16,23.1,69.9,1.03,6.93,0.24,17.77,1600.0,0.0,15.31,1200.0,0.0,18.13,3500.0,0.0,16.19,3500.0,0.1699999999999994,1.1899999999999964,2014.2857142857144,17.68,0.0396666666666666,1.19,1733.3333333333333,16.604333333333333,1,0,1,4,1,0
Gujarat,kheda,Kapadvanj,Potato,Other,FAQ,2000.0,2800.0,2400.0,2024-12-03,19.92,0.0,12.89,28.8,69.35,2.04,14.55,0.0,19.92,2400.0,0.0,18.68,3200.0,0.0,16.74,2950.0,0.0,20.21,2600.0,0.0,0.0,2571.428571428572,19.388571428571428,0.0,0.0,2656.6666666666665,18.614,1,0,12,338,49,0
Punjab,patiala,Nabha,Onion,Other,FAQ,900.0,1600.0,1150.0,2023-07-28,29.41,9.84,26.47,32.38,78.92,0.64,10.3,9.84,29.41,1500.0,9.84,29.41,1070.0,5.44,28.94,800.0,8.09,30.09,2200.0,9.84,68.88,3150.0,29.41,11.419999999999998,342.6,3354.6666666666665,29.036999999999995,0,0,7,209,30,1
Tamilnadu,theni,Theni(Uzhavar Sandhai ),Potato,(Red Nanital),Local,4400.0,5000.0,5000.0,2024-09-08,23.54,1.13,20.97,27.43,83.97,2.35,15.61,1.13,23.54,5500.0,0.85,24.18,4200.0,0.85,24.18,4400.0,0.38,24.16,4500.0,0.93,6.51,5171.428571428572,23.997142857142855,0.9293333333333332,27.88,5193.333333333333,24.006666666666668,0,0,9,252,36,1
Tamilnadu,cuddalore,Chidambaram(Uzhavar Sandhai ),Potato,(Red Nanital),Local,4000.0,4000.0,4000.0,2025-05-21,29.36,1.27,25.06,35.0,70.07,3.14,19.7,1.27,29.36,4000.0,9.51,28.81,4000.0,3.01,29.76,4000.0,22.88,29.82,4000.0,5.978571428571429,41.85,3357.1428571428573,29.045714285714286,12.752999999999998,382.59,3386.6666666666665,29.04033333333333,0,0,5,141,21,2
Gujarat,kheda,Nadiyad(Piplag),Onion,Onion,FAQ,1800.0,2200.0,2000.0,2024-05-17,38.23,0.0,31.25,45.83,22.83,3.31,24.61,0.23,37.53,2400.0,0.0,37.02,1400.0,6.11,36.2,1900.0,0.01,36.18,1700.0,0.1971428571428571,1.38,1878.571428571429,37.63,1.2916666666666667,38.75,1825.4666666666667,36.85633333333333,0,0,5,138,20,2
Maharashtra,ahmednagar,Rahuri(Vambori),Wheat,Other,FAQ,2256.0,2294.0,2271.0,2023-08-26,26.43,1.52,22.1,32.6,74.47,4.35,14.84,1.52,26.43,1250.0,1.52,26.43,1400.0,1.52,26.43,1200.0,1.16,26.27,1350.0,1.52,10.64,1860.142857142857,26.43,1.376,41.28,1943.9666666666667,26.366,0,0,8,238,34,1
Uttar Pradesh,etawah,Jasvantnagar,Potato,Potato,FAQ,1300.0,1500.0,1400.0,2025-03-22,26.68,0.0,19.44,35.39,19.51,1.7,18.78,0.0,26.68,2500.0,0.0,27.28,1425.0,0.0,25.63,2760.0,0.0,28.97,1360.0,0.0,0.0,1927.857142857143,26.868571428571425,0.004,0.12,2067.0,26.480666666666664,1,0,3,81,12,0
Rajasthan,hanumangarh,Goluwala,Onion,1st Sort,FAQ,1600.0,1600.0,1600.0,2023-07-07,30.16,9.99,26.97,33.41,76.32,1.81,17.0,9.99,30.16,1000.0,9.99,30.16,2104.0,9.99,30.87,900.0,9.99,30.87,900.0,9.99,69.93,1494.857142857143,30.16,9.99,299.7,1998.5333333333333,30.538666666666668,0,0,7,188,27,1
Haryana,ambala,Naraingarh,Potato,Potato,FAQ,500.0,1000.0,850.0,2024-05-07,33.28,0.0,26.03,41.4,22.18,1.88,26.43,0.0,33.28,1200.0,0.02,32.39,1100.0,0.0,31.6,1500.0,0.1,24.65,1000.0,0.0114285714285709,0.0799999999999964,1164.2857142857142,32.77142857142858,0.0093333333333333,0.2800000000000009,1182.3333333333333,30.13,1,0,5,128,19,2
Uttar Pradesh,jhansi,Mauranipur,Tomato,Local,FAQ,980.0,1060.0,1025.0,2023-06-11,37.91,0.09,31.66,44.06,28.39,4.43,26.5,0.09,37.91,1025.0,0.09,37.91,2185.0,0.09,37.91,1045.0,0.48,36.75,1040.0,0.09,0.63,1017.1428571428572,37.91,0.285,8.549999999999999,1345.3333333333333,37.33,1,0,6,162,23,1
Uttar Pradesh,sambhal,Chandausi,Onion,Red,FAQ,4000.0,4050.0,4025.0,2024-09-28,25.61,0.79,23.95,28.06,92.86,2.02,12.19,0.79,25.61,2005.0,2.71,25.81,2005.0,5.8,27.02,3980.0,0.17,29.59,3920.0,1.0642857142857165,7.450000000000014,2460.714285714286,25.638571428571428,2.2716666666666665,68.14999999999999,2580.833333333333,27.08233333333333,0,0,9,272,39,1
Tamilnadu,villupuram,Ulundurpettai,Onion,Bellary,Local,5000.0,5000.0,5000.0,2024-11-22,26.29,0.16,24.41,28.42,81.7,5.27,18.28,0.56,26.61,5000.0,1.23,26.78,4800.0,1.82,27.16,4800.0,8.36,27.59,4800.0,0.5028571428571439,3.520000000000008,4885.714285714285,26.564285714285717,2.4746666666666663,74.24,5006.666666666667,27.12066666666667,0,0,11,327,47,0
Kerala,alappuzha,Kayamkulam,Onion,Big,FAQ,7100.0,7300.0,7200.0,2024-11-09,27.72,11.98,26.75,29.6,83.72,2.62,21.12,11.98,27.72,7000.0,24.69,28.4,3300.0,24.69,28.4,6000.0,0.6,28.08,6100.0,17.427142857142858,121.99,6128.571428571428,28.01142857142857,11.883666666666668,356.51,5616.666666666667,28.272666666666662,0,1,11,314,45,0
Tamilnadu,nagapattinam,Nagapattinam,Potato,(Red Nanital),Local,3500.0,5000.0,5000.0,2024-07-15,29.95,1.54,28.32,32.41,71.39,7.06,12.92,1.54,29.95,5000.0,0.62,30.04,4000.0,6.3,29.91,4500.0,5.24,29.06,5000.0,0.8828571428571428,6.18,5128.571428571428,30.014285714285712,2.799333333333333,83.97999999999999,4773.333333333333,29.72933333333333,0,0,7,197,29,1
Maharashtra,nashik,Nasik,Onion,Other,FAQ,600.0,1600.0,1250.0,2024-05-16,32.19,0.45,26.17,38.73,44.7,1.45,21.37,0.45,32.19,1700.0,1.44,31.61,1580.0,1.44,31.61,1700.0,3.52,30.82,1600.0,0.7328571428571429,5.13,1468.5842857142857,32.02428571428572,1.6176666666666668,48.53,1601.5030000000002,31.441,0,0,5,137,20,2
Uttar Pradesh,muzaffarnagar,Muzzafarnagar,Tomato,Deshi,FAQ,750.0,900.0,820.0,2023-06-07,32.68,0.03,25.25,39.96,35.23,2.84,26.64,0.03,32.68,1130.0,0.05,32.75,1130.0,0.05,32.75,1130.0,0.05,32.75,1130.0,0.0385714285714285,0.27,1350.0,32.71,0.04,0.32,1322.5,32.715,1,0,6,158,23,1
Himachal Pradesh,mandi,Dhanotu (Mandi),Potato,Other,FAQ,1200.0,1600.0,1400.0,2024-04-12,21.18,0.01,13.95,28.19,40.07,1.82,23.75,0.23,20.04,2300.0,0.01,20.06,1500.0,0.03,19.2,1400.0,0.0,18.59,1600.0,0.1357142857142857,0.95,1814.2857142857144,20.208571428571425,0.0476666666666666,1.4300000000000002,1936.6666666666667,19.297666666666665,1,0,4,103,15,2
Haryana,gurgaon,Sohna,Tomato,Tomato,FAQ,800.0,1500.0,1200.0,2023-06-06,32.85,0.09,26.36,40.16,38.75,1.45,24.48,0.09,32.85,1200.0,0.09,32.85,1050.0,0.09,32.85,1050.0,0.09,32.85,1050.0,0.09,0.63,992.8571428571428,32.85,0.09,0.63,992.8571428571428,32.85,1,0,6,157,23,1
Uttar Pradesh,auraiya,Achalda,Wheat,Dara,FAQ,2220.0,2420.0,2320.0,2023-08-08,28.24,0.0,25.21,31.83,84.85,3.84,15.89,0.25,27.8,2300.0,12.85,28.96,1000.0,12.85,28.96,1650.0,8.08,28.82,1640.0,0.2142857142857142,1.5,1758.571428571429,27.86285714285714,14.714,441.42,1612.3333333333333,29.13833333333333,0,0,8,220,32,1
Uttar Pradesh,ballia,Ballia,Potato,Potato,FAQ,2110.0,2170.0,2140.0,2024-10-30,26.79,0.0,21.71,33.05,72.2,1.81,17.29,0.0,26.79,3990.0,0.0,27.33,4020.0,0.01,27.59,3990.0,0.08,26.37,2190.0,0.0,0.0,3003.285714285714,26.944285714285712,0.1046666666666666,3.14,3056.9333333333334,26.933333333333334,1,0,10,304,44,0
Orissa,khurda,Balugaon,Onion,Other,FAQ,3600.0,4000.0,3800.0,2024-07-30,29.22,4.84,27.27,32.07,86.28,3.73,8.71,4.84,29.22,3500.0,7.83,29.02,4200.0,5.91,29.84,4200.0,6.18,29.16,3200.0,5.694285714285713,39.85999999999999,3957.142857142857,29.162857142857145,6.901333333333334,207.04,3970.0,29.229333333333333,0,0,7,212,31,1
Haryana,gurgaon,Sohna,Potato,Potato,FAQ,700.0,800.0,750.0,2024-02-03,15.34,0.51,6.28,25.59,42.04,1.6,11.33,0.22,13.28,1900.0,0.22,13.28,800.0,3.56,16.04,1800.0,0.0,15.12,550.0,0.2614285714285714,1.83,1321.428571428571,13.574285714285711,2.2156666666666665,66.47,1340.0,15.001666666666669,0,0,2,34,5,0
Madhya Pradesh,ujjain,Ujjain,Potato,Chips,FAQ,2200.0,2200.0,2200.0,2024-07-05,26.36,4.78,24.59,29.36,82.45,4.67,10.98,4.78,26.36,2200.0,15.88,26.7,2400.0,2.79,30.55,1900.0,1.81,31.03,1500.0,3.642857142857143,25.5,2217.5714285714284,27.15714285714285,6.932333333333333,207.97,2273.9666666666667,29.415666666666667,0,0,7,187,27,1
Uttar Pradesh,hardoi,Madhoganj,Potato,Badshah,FAQ,2100.0,2150.0,2120.0,2024-09-20,27.93,0.0,23.63,31.99,84.11,1.02,20.15,0.07,27.43,2130.0,0.07,27.43,2125.0,7.41,26.36,2125.0,0.57,26.96,2145.0,0.06,0.42,2609.285714285714,27.50142857142857,2.605,78.15,2936.6666666666665,26.885666666666665,0,0,9,264,38,1
Madhya Pradesh,ujjain,Ujjain,Onion,Onion,Non-FAQ,792.0,2269.0,2113.0,2025-02-08,21.79,0.0,12.23,31.77,26.61,1.47,18.35,0.0,21.79,1500.0,0.0,19.34,1349.0,0.0,22.74,900.0,0.0,18.02,1086.0,0.0,0.0,2034.0,20.668571428571425,0.0,0.0,1471.2,20.355,1,0,2,39,6,0
Rajasthan,hanumangarh,Hanumangarh Town,Wheat,Other,FAQ,2221.0,2319.0,2286.0,2023-07-27,29.49,17.85,26.96,32.01,83.97,1.58,16.49,17.85,29.49,2300.0,17.85,29.49,900.0,22.96,29.15,700.0,2.42,31.69,1300.0,17.85,124.95000000000002,1955.142857142857,29.49,21.256666666666668,637.7,2224.866666666667,29.26333333333333,0,1,7,208,30,1
Kerala,ernakulam,Perumbavoor,Potato,Potato,FAQ,2200.0,3200.0,2500.0,2023-08-12,26.95,9.63,25.68,28.79,85.82,3.11,18.93,4.68,26.9,7000.0,4.68,26.9,2600.0,4.68,26.9,2500.0,2.9,26.66,2500.0,5.387142857142856,37.71,4542.857142857143,26.90714285714285,4.073666666666667,122.21,3700.0,26.797666666666665,0,0,8,224,32,1
Rajasthan,bhilwara,Bhilwara,Onion,Other,FAQ,2000.0,3000.0,2500.0,2024-08-11,26.84,5.58,24.32,30.03,88.97,2.69,11.87,10.11,26.93,2250.0,5.33,25.79,2500.0,4.49,27.29,2250.0,6.44,30.42,2850.0,7.954285714285713,55.67999999999999,2392.8571428571427,26.85142857142857,16.535,496.05,2465.0,27.721666666666668,0,0,8,224,32,1
Haryana,karnal,Gharaunda,Onion,Other,FAQ,2000.0,3000.0,3000.0,2025-03-11,24.42,0.0,17.62,34.26,34.23,1.53,14.39,0.0,24.42,2150.0,0.0,22.75,400.0,0.0,22.11,2700.0,0.0,19.29,2500.0,0.0,0.0,2464.285714285714,23.465714285714284,0.0,0.0,1636.3333333333333,21.75433333333333,1,0,3,70,11,0
Uttar Pradesh,basti,Basti,Onion,Red,FAQ,3925.0,4025.0,3975.0,2024-11-02,22.79,0.0,16.74,29.92,66.75,0.93,11.88,0.0,24.77,2150.0,0.0,25.43,2190.0,0.0,26.32,4100.0,0.0,23.47,4200.0,0.0,0.0,3222.8571428571427,24.79,0.0026666666666666,0.08,3154.833333333333,25.19666666666667,1,0,11,307,44,0
West Bengal,hooghly,Pandua,Tomato,Hybrid,FAQ,10500.0,11000.0,10800.0,2023-07-25,29.84,5.05,26.09,34.11,82.17,2.52,15.52,5.05,29.84,1950.0,5.05,29.84,1480.0,1.97,29.89,1950.0,6.9,29.44,10000.0,5.05,35.35,5735.714285714285,29.84,4.434666666666668,133.04000000000002,4640.333333333333,29.72666666666667,0,0,7,206,30,1
Tamilnadu,coimbatore,Sundarapuram(Uzhavar Sandhai ),Potato,(Red Nanital),Local,5500.0,6200.0,6200.0,2024-09-16,24.8,0.01,20.95,30.37,83.02,2.25,21.55,0.01,24.8,5600.0,0.01,24.8,5600.0,0.08,24.62,5800.0,0.08,24.62,6800.0,0.01,0.07,5900.0,24.8,0.0473333333333333,1.4200000000000002,5870.0,24.704,1,0,9,260,38,1
Haryana,mewat,Nuh,Potato,Other,FAQ,1000.0,1000.0,1000.0,2024-07-29,31.82,0.0,27.2,36.99,72.65,2.8,22.31,0.0,31.82,2000.0,20.76,30.52,3200.0,9.1,30.78,1000.0,0.32,32.52,3200.0,8.911428571428571,62.38,1771.428571428571,31.28857142857143,8.515,255.45,2230.0,31.416666666666668,0,0,7,211,31,1
Tamilnadu,the nilgiris,Coonoor(Uzhavar Sandhai ),Onion,Bellary,Local,2500.0,3000.0,3000.0,2025-04-23,27.41,2.66,20.77,36.26,65.25,1.37,21.91,2.66,27.41,2800.0,2.12,27.69,3000.0,0.1,27.43,2800.0,2.01,26.78,4000.0,2.2742857142857145,15.920000000000002,3428.5714285714284,27.610000000000003,1.0913333333333337,32.74,3520.0,27.264,0,0,4,113,17,2
Delhi,delhi,Shahdara,Onion,Other,FAQ,3000.0,3500.0,3300.0,2024-08-15,28.95,1.46,26.29,32.07,87.24,1.52,15.9,1.46,28.95,2000.0,4.61,28.34,2969.0,5.43,28.22,2700.0,3.83,28.67,2157.0,2.801428571428572,19.610000000000003,2522.5714285714284,28.542857142857144,10.836666666666668,325.1,2565.233333333333,28.298333333333336,0,0,8,228,33,1
Tamilnadu,salem,Elampillai(Uzhavar Sandhai ),Onion,Bellary,Local,6500.0,7500.0,7500.0,2024-10-28,25.41,0.37,21.09,30.75,80.4,1.4,17.47,0.37,25.41,5000.0,0.37,25.41,7500.0,0.09,25.93,7400.0,0.09,25.93,6800.0,0.37,2.59,6700.0,25.41,0.2113333333333333,6.34,6500.0,25.704666666666665,1,0,10,302,44,0
Andhra Pradesh,warangal,Hanmarkonda(Rythu Bazar),Tomato,Deshi,FAQ,3600.0,4000.0,4000.0,2023-06-09,36.4,1.17,,,,,,1.17,36.4,3800.0,1.17,36.4,2100.0,1.17,36.4,2000.0,1.17,36.4,2000.0,1.17,8.19,2642.8571428571427,36.4,1.17,15.21,2507.692307692308,36.4,0,0,6,160,23,1
Maharashtra,akola,Akola,Onion,Other,Local,500.0,1300.0,1000.0,2025-05-17,33.74,2.61,26.94,39.96,49.91,1.8,19.71,2.61,33.74,1500.0,0.02,34.78,1600.0,1.83,29.79,1000.0,0.0,36.25,1700.0,4.305714285714286,30.140000000000004,1200.0,33.47714285714286,1.544,46.32,1283.3333333333333,33.50266666666666,0,0,5,137,20,2
Andhra Pradesh,hyderabad,Gudimalkapur,Onion,1st Sort,FAQ,600.0,3000.0,1800.0,2025-02-11,26.66,0.0,18.29,36.44,48.75,1.92,21.65,0.0,27.12,2300.0,0.0,27.12,2000.0,0.0,27.03,2000.0,0.0,27.46,1500.0,0.0,0.0,2157.1428571428573,27.054285714285715,0.0,0.0,1975.0,27.17633333333333,1,0,2,42,7,0
Punjab,ludhiana,Ludhiana,Potato,Other,FAQ,400.0,1800.0,900.0,2024-09-14,27.87,4.44,23.25,32.23,76.32,1.22,18.58,1.39,28.29,4500.0,1.39,28.29,1600.0,1.73,28.6,4100.0,0.47,28.54,1800.0,1.8257142857142776,12.779999999999944,3242.8571428571427,28.23,1.3290000000000002,39.870000000000005,2571.6666666666665,28.45433333333333,0,0,9,258,37,1
Uttar Pradesh,amroha,Hasanpur,Potato,Badshah,FAQ,930.0,1010.0,950.0,2024-07-07,29.65,9.29,26.34,34.69,75.19,1.93,9.82,9.29,29.65,1200.0,24.77,29.51,1450.0,11.49,29.53,950.0,0.09,36.91,1900.0,20.347142857142853,142.42999999999998,1438.571428571429,29.55,12.721333333333332,381.64,1383.3333333333333,31.500666666666667,0,1,7,189,27,1
Haryana,yamuna nagar,Jagadhri,Onion,Other,FAQ,1450.0,1950.0,1650.0,2024-03-15,20.93,0.0,13.16,30.61,44.03,2.36,23.79,0.0,20.93,1000.0,0.01,20.67,800.0,0.06,20.79,1650.0,0.0,21.45,700.0,0.0057142857142836,0.0399999999999857,1042.857142857143,20.78142857142857,0.0573333333333333,1.72,1290.0,21.132666666666665,1,0,3,75,11,0
Orissa,dhenkanal,Kamakhyanagar,Potato,Potato,Non-FAQ,1900.0,2100.0,2000.0,2025-05-23,29.43,11.21,25.26,34.77,70.09,1.24,19.41,11.21,29.43,1800.0,4.22,29.1,2000.0,2.46,31.33,1800.0,0.66,31.55,2000.0,8.214285714285717,57.500000000000014,1957.142857142857,29.288571428571423,3.264,97.92,1986.6666666666667,30.708666666666662,0,0,5,143,21,2
Uttar Pradesh,balrampur,Panchpedwa,Onion,Red,FAQ,2350.0,2500.0,2450.0,2024-03-26,26.64,0.0,17.74,35.5,33.01,1.55,20.48,0.0,27.18,1440.0,0.0,25.64,1200.0,0.0,24.71,2140.0,0.0,23.96,2140.0,0.0,0.0,1890.0,26.982857142857146,0.4,12.0,1791.0,24.77333333333333,0,0,3,86,13,0
Haryana,fatehabad,Dharsul,Tomato,Deshi,FAQ,4400.0,4600.0,4500.0,2023-07-09,30.47,20.78,26.86,34.37,75.51,1.79,15.83,20.78,30.47,6500.0,20.13,29.77,1800.0,20.13,29.77,1500.0,4.13,29.9,5500.0,20.40857142857143,142.86,3528.5714285714284,30.07,13.795,413.85,2724.6666666666665,29.892,0,1,7,190,27,1
Rajasthan,udaipur,Udaipur (F&V),Onion,Other,FAQ,600.0,1200.0,900.0,2023-06-18,27.14,30.52,24.25,31.02,83.14,6.91,2.53,30.52,27.14,1000.0,16.46,27.6,2145.0,0.0,30.32,1000.0,0.0,31.16,1000.0,53.52,374.64,1207.142857142857,26.868571428571425,13.834666666666667,415.04,1341.0666666666666,29.563333333333333,0,1,6,169,24,1
Gujarat,patan,Radhanpur,Wheat,Medium Fine,FAQ,2500.0,2940.0,2650.0,2023-12-05,18.94,0.0,12.48,28.38,49.43,2.41,16.58,0.0,18.94,2732.0,0.0,20.91,2600.0,0.0,21.45,2250.0,0.0,22.8,2685.0,0.0,0.0,2694.5714285714284,20.06571428571429,0.01,0.3,2732.5,20.811,1,0,12,339,49,0
Uttar Pradesh,aligarh,Khair,Onion,Red,FAQ,2200.0,2300.0,2250.0,2023-12-21,13.74,0.0,7.6,22.59,43.05,1.64,11.44,0.0,13.74,2440.0,0.0,13.74,2300.0,0.0,13.39,2400.0,0.0,14.15,850.0,0.0,0.0,1941.4285714285716,13.74,0.0,0.0,1853.0,13.660333333333334,1,0,12,355,51,0
Uttar Pradesh,amroha,Dhanaura,Onion,Medium,FAQ,1000.0,1400.0,1200.0,2024-11-14,21.16,0.0,15.66,29.36,59.6,1.35,8.22,0.0,21.16,2100.0,0.0,21.69,1820.0,0.0,23.39,4100.0,0.0,23.06,1200.0,0.0,0.0,2105.714285714286,21.462857142857143,0.0,0.0,2306.6666666666665,22.681,1,0,11,319,46,0
Himachal Pradesh,kangra,Kangra(Baijnath),Potato,Potato,FAQ,1100.0,1200.0,1200.0,2025-03-11,17.46,0.25,12.01,23.83,56.95,1.25,12.65,0.25,17.46,1500.0,0.25,17.46,1100.0,0.79,17.35,950.0,0.08,13.11,1100.0,0.25,1.75,2385.714285714286,17.46,0.485,14.55,2100.0,16.973666666666666,0,0,3,70,11,0
West Bengal,alipurduar,Alipurduar,Tomato,Other,FAQ,2600.0,2800.0,2700.0,2023-06-16,29.97,45.56,26.48,33.98,81.79,1.48,8.2,47.04,30.24,2600.0,47.04,30.24,1700.0,53.61,29.22,1100.0,9.56,29.75,1150.0,46.82857142857143,327.8,1800.0,30.20142857142857,34.54366666666667,1036.31,1670.0,29.31433333333333,0,1,6,167,24,1
Uttar Pradesh,barabanki,Barabanki,Onion,Red,FAQ,1450.0,1560.0,1500.0,2023-07-25,31.08,11.72,26.7,35.25,76.39,1.45,14.92,11.72,31.08,1220.0,6.54,29.93,8100.0,0.38,30.49,1220.0,0.16,30.78,2230.0,11.72,82.04,3494.285714285714,31.08,4.500666666666667,135.02,3317.6666666666665,30.551666666666662,0,0,7,206,30,1
Maharashtra,nagpur,Umared,Rice,Other,Local,3800.0,5000.0,4750.0,2025-05-31,31.42,0.28,27.06,38.21,58.39,3.28,21.43,0.28,31.42,1200.0,5.6,32.05,1200.0,5.6,32.05,1250.0,2.87,30.57,1050.0,1.5485714285714296,10.840000000000009,2517.8571428571427,32.04142857142857,5.373,161.19,1779.8666666666666,31.618,0,0,5,151,22,2
Haryana,kaithal,Siwan,Potato,Other,FAQ,1100.0,1200.0,1200.0,2024-05-01,25.38,0.0,18.27,33.06,29.95,3.81,27.39,0.0,25.38,1500.0,0.0,28.06,1400.0,1.22,30.44,1050.0,0.0,30.62,1800.0,0.0,0.0,1594.2857142857142,26.91142857142857,0.5703333333333335,17.110000000000003,1584.3333333333333,29.874333333333333,0,0,5,122,18,2
Maharashtra,kolhapur,Kolhapur,Tomato,Other,FAQ,2000.0,8000.0,4300.0,2023-07-22,23.3,36.34,21.36,26.5,91.18,5.91,8.52,40.54,22.55,1200.0,37.98,23.69,4500.0,9.81,24.22,1200.0,2.0,24.39,6000.0,35.27857142857143,246.95,3485.714285714286,23.085714285714285,20.733666666666668,622.01,3243.333333333333,23.961333333333336,0,1,7,203,29,1
Punjab,sangrur,Dhuri,Onion,Other,FAQ,2200.0,2500.0,2300.0,2024-01-13,12.63,0.0,7.62,21.92,42.42,1.11,7.58,0.0,12.63,1800.0,0.0,12.63,500.0,0.0,11.04,2000.0,0.0,9.79,500.0,0.0,0.0,1428.571428571429,12.63,0.0,0.0,1410.0,11.118666666666666,1,0,1,13,2,0
Uttar Pradesh,balrampur,Balrampur,Wheat,Dara,FAQ,2230.0,2450.0,2335.0,2023-06-14,37.3,0.1,30.28,43.99,31.16,5.33,25.36,0.04,37.04,2330.0,0.01,36.49,1060.0,0.01,36.49,1190.0,0.0,35.65,1220.0,0.0485714285714285,0.3399999999999999,1837.857142857143,37.07714285714285,0.028,0.8400000000000001,1675.3333333333333,36.447,1,0,6,165,24,1
Andhra Pradesh,kurnool,Kurnool,Onion,Local,FAQ,506.0,867.0,867.0,2025-05-05,33.76,0.01,26.36,40.79,33.06,2.28,25.44,0.82,33.8,859.0,0.18,34.41,825.0,0.11,32.94,860.0,0.11,30.58,1285.0,0.5342857142857123,3.739999999999986,883.1428571428571,34.058571428571426,0.8643333333333333,25.93,945.8333333333334,32.547333333333334,0,0,5,125,19,2
Haryana,ambala,Naraingarh,Potato,Potato,FAQ,400.0,600.0,500.0,2025-04-24,30.82,0.0,22.57,39.94,17.04,2.13,27.75,0.0,30.82,700.0,0.0,30.14,900.0,0.12,30.11,500.0,0.11,31.02,900.0,0.0,0.0,830.0,30.43142857142857,0.4363333333333333,13.09,846.5,30.448666666666668,0,0,4,114,17,2
Punjab,kapurthala,Kapurthala,Potato,Potato,FAQ,1900.0,2100.0,2000.0,2024-07-31,33.58,21.95,30.33,37.02,71.04,1.35,16.28,7.26,33.57,3200.0,22.72,33.26,1955.0,7.59,35.01,2052.0,15.26,32.48,1974.0,8.015714285714285,56.11,2392.1428571428573,33.66285714285714,6.654333333333333,199.63,2447.333333333333,34.745999999999995,0,0,7,213,31,1
West Bengal,puruliya,Purulia,Onion,Other,FAQ,3300.0,3500.0,3400.0,2024-08-07,26.83,19.03,25.27,28.85,90.69,1.52,13.74,19.03,26.83,3300.0,14.63,27.21,2420.0,15.04,27.06,3300.0,4.07,29.25,3100.0,21.161428571428576,148.13000000000002,2961.428571428572,27.204285714285717,25.42533333333333,762.76,2816.6666666666665,27.781333333333333,0,1,8,220,32,1
Madhya Pradesh,ratlam,Sailana,Onion,Medium,FAQ,396.0,1550.0,900.0,2025-03-24,29.44,0.0,19.39,39.02,13.41,1.53,25.25,0.0,29.44,1172.0,0.0,27.18,1341.0,0.0,27.03,971.0,0.0,28.44,1061.0,0.0,0.0,1486.142857142857,27.437142857142856,0.0,0.0,1312.3666666666666,27.200333333333333,1,0,3,83,13,0
West Bengal,bankura,Bankura Sadar,Onion,Nasik,FAQ,2800.0,3200.0,3000.0,2024-01-06,18.49,0.0,13.07,24.22,83.78,1.27,7.34,0.0,18.49,1180.0,0.0,18.01,3000.0,0.0,17.43,2600.0,0.0,15.64,3200.0,0.0,0.0,1867.142857142857,18.352857142857143,0.0,0.0,1822.0,17.363,1,0,1,6,1,0
Uttar Pradesh,badaun,Wazirganj,Onion,Red,FAQ,3210.0,3310.0,3260.0,2023-12-12,16.39,0.0,9.37,23.4,44.91,1.0,10.39,0.0,16.39,880.0,0.0,16.39,2510.0,0.0,16.12,2520.0,0.0,15.51,920.0,0.0,0.0,2010.7142857142856,16.39,0.0,0.0,1991.0,16.126333333333335,1,0,12,346,50,0
Gujarat,surendranagar,Chotila,Wheat,Local,FAQ,2250.0,2750.0,2500.0,2024-02-06,23.83,0.0,16.85,32.46,35.72,1.37,17.76,0.0,23.83,2762.0,0.0,24.21,1750.0,0.0,22.54,2500.0,0.0,19.5,2640.0,0.0,0.0,2176.714285714286,24.094285714285714,0.0,0.0,2091.233333333333,21.96,1,0,2,37,6,0
Punjab,kapurthala,Phagwara,Onion,Other,FAQ,2800.0,3221.0,2800.0,2024-08-01,31.53,35.35,28.6,35.14,79.35,1.97,7.18,35.35,31.53,1979.0,9.34,32.17,3500.0,7.2,34.74,1990.0,0.61,35.34,2840.0,21.58142857142857,151.07,2359.8571428571427,32.99142857142857,10.412666666666668,312.38,2438.8,34.364000000000004,0,1,8,214,31,1
Manipur,thoubal,Thoubal,Potato,Other,FAQ,4000.0,4500.0,4250.0,2024-08-19,23.24,48.63,21.05,25.81,94.11,0.24,7.91,48.63,23.24,5750.0,3.36,24.31,4250.0,33.65,25.16,4750.0,2.29,26.2,4250.0,14.991428571428573,104.94,4892.857142857143,24.50142857142857,12.069333333333333,362.08,4516.666666666667,24.607000000000003,0,1,8,232,34,1
Uttar Pradesh,sambhal,Muradabad,Potato,Desi,FAQ,920.0,960.0,940.0,2023-06-08,34.81,0.0,26.6,42.44,31.2,3.56,26.63,0.0,34.81,650.0,0.05,33.98,650.0,0.0,33.68,925.0,0.0,33.68,750.0,0.0357142857142857,0.25,930.7142857142856,34.21714285714285,0.0261904761904761,0.55,1052.6190476190477,33.944761904761904,1,0,6,159,23,1
Rajasthan,hanumangarh,Goluwala,Wheat,147 Best,FAQ,2390.0,2426.0,2426.0,2023-12-07,16.85,0.0,10.43,25.29,46.31,1.03,12.76,0.0,16.85,900.0,0.0,17.22,3833.0,0.0,17.39,500.0,0.0,18.02,2200.0,0.0,0.0,1503.142857142857,17.114285714285714,0.0,0.0,2610.2,17.507333333333335,1,0,12,341,49,0
Assam,lakhimpur,Lakhimpur,Tomato,Deshi,FAQ,3000.0,3265.0,3200.0,2023-06-28,28.77,8.35,25.26,32.89,81.64,1.1,15.99,8.35,28.77,4000.0,34.45,27.62,2800.0,34.45,27.62,2270.0,4.74,29.19,1070.0,8.35,58.45,2147.1428571428573,28.77,17.277,518.3100000000001,1751.6666666666667,28.954666666666665,0,0,6,179,26,1
Haryana,panipat,Madlauda,Potato,Other,FAQ,600.0,600.0,600.0,2025-05-01,32.11,0.18,25.38,38.81,33.01,3.87,21.18,0.0,31.57,1800.0,0.0,33.17,600.0,0.0,32.73,600.0,0.0,32.08,800.0,0.0257142857142836,0.1799999999999857,1114.2857142857142,31.57,0.0076666666666661,0.2299999999999857,1088.3333333333333,32.05733333333333,1,0,5,121,18,2
Madhya Pradesh,shajapur,Shujalpur(F&V),Onion,Onion,FAQ,900.0,3926.0,3400.0,2024-09-30,26.19,0.23,23.29,30.03,86.34,1.15,17.44,0.23,26.19,2000.0,4.29,26.45,2000.0,9.79,26.01,2951.0,1.84,27.25,4175.0,0.810000000000002,5.670000000000014,3160.714285714286,26.22714285714286,7.830999999999999,234.93,3077.4,26.114,0,0,9,274,40,1
Tamilnadu,erode,Sampath Nagar(Uzhavar Sandhai ),Potato,(Red Nanital),Local,5800.0,6200.0,6200.0,2024-09-16,27.38,0.01,21.51,34.84,67.19,2.03,23.57,0.1,27.03,6000.0,0.1,27.03,4800.0,0.01,27.51,4800.0,0.0,27.74,4800.0,0.0871428571428574,0.6100000000000018,5628.571428571428,27.08,0.037,1.11,5466.666666666667,27.41466666666667,1,0,9,260,38,1
Gujarat,rajkot,Jasdan,Wheat,2189 No. 2,FAQ,2275.0,3120.0,2400.0,2024-01-08,20.06,0.0,12.46,28.43,39.02,3.09,12.95,0.0,20.06,1205.0,0.0,20.06,2815.0,0.0,18.99,1100.0,0.0,18.93,2400.0,0.0,0.0,2262.1428571428573,20.06,0.0,0.0,2190.0,19.10333333333333,1,0,1,8,2,0
Kerala,ernakulam,Kothamangalam,Potato,Other,FAQ,2400.0,3000.0,2800.0,2024-03-11,31.12,0.02,28.15,36.0,58.53,1.81,22.7,0.02,31.12,3000.0,0.02,29.99,3200.0,0.0,30.44,4000.0,0.0,30.5,2700.0,0.0128571428571428,0.09,3000.0,30.76428571428572,0.005,0.15,3140.0,30.486666666666668,1,0,3,71,11,0
Punjab,hoshiarpur,Tanda Urmur,Onion,Other,FAQ,2700.0,3000.0,2800.0,2023-12-23,14.41,0.0,9.5,20.8,52.38,0.89,9.45,0.0,14.41,2200.0,0.0,12.62,500.0,0.0,12.62,600.0,0.0,11.94,2000.0,0.0,0.0,1514.2857142857142,13.38714285714286,0.0,0.0,1519.1666666666667,12.526999999999996,1,0,12,357,51,0
Haryana,ambala,Naraingarh,Potato,Potato,FAQ,500.0,600.0,550.0,2024-04-13,29.01,0.09,22.73,36.59,31.99,2.03,14.47,0.0,28.14,1500.0,0.0,28.14,1600.0,0.01,27.01,600.0,0.0,26.04,1600.0,0.0128571428571423,0.0899999999999964,1100.0,28.26428571428572,0.008,0.24,1186.6666666666667,27.121,1,0,4,104,15,2
West Bengal,murshidabad,Jangipur,Onion,Red,FAQ,4970.0,5030.0,5010.0,2023-12-05,23.0,0.04,19.31,27.44,73.2,0.61,6.42,0.04,23.0,1480.0,0.0,22.16,1450.0,0.0,22.29,2300.0,0.0,21.7,2300.0,0.0114285714285714,0.08,2570.0,22.4,0.0026666666666666,0.08,2157.0,22.143,1,0,12,339,49,0
Uttar Pradesh,chandauli,Chandoli,Potato,Badshah,FAQ,2325.0,2425.0,2375.0,2024-08-24,26.9,32.2,25.21,28.98,93.42,3.06,18.06,32.2,26.9,3100.0,6.06,28.76,2375.0,8.71,28.59,2330.0,25.01,28.17,2800.0,21.054285714285715,147.38,2779.285714285714,27.777142857142856,12.234,367.02,2636.0,28.34,0,1,8,237,34,1
Kerala,kollam,Kottarakkara,Onion,Other,FAQ,4000.0,4000.0,4000.0,2023-10-12,24.87,15.54,23.49,26.88,92.7,1.63,10.54,15.54,24.87,3500.0,17.81,25.57,3500.0,3.28,26.02,3500.0,3.19,26.06,4200.0,15.864285714285714,111.05,3885.714285714286,24.97,8.244333333333334,247.33,4243.333333333333,25.782,0,1,10,285,41,0
Uttar Pradesh,sitapur,Viswan,Onion,Red,FAQ,1860.0,1900.0,1880.0,2024-01-09,12.98,0.02,9.66,17.14,69.09,1.83,5.74,0.02,12.98,2430.0,0.0,14.68,690.0,0.0,14.68,600.0,1.23,14.88,2420.0,0.0142857142857183,0.1000000000000284,1690.7142857142858,13.465714285714286,0.3313333333333333,9.94,1557.8333333333333,14.433333333333334,1,0,1,9,2,0
Haryana,karnal,Gharaunda,Potato,Other,FAQ,1200.0,1500.0,1500.0,2025-05-31,33.52,0.0,25.79,41.13,32.74,1.93,20.29,0.0,33.52,1500.0,0.0,34.69,1150.0,1.1,34.12,800.0,0.01,31.8,800.0,0.7771428571428551,5.439999999999986,1357.142857142857,33.84142857142857,0.5473333333333337,16.42000000000001,1190.0,33.79933333333334,0,0,5,151,22,2
West Bengal,murshidabad,Jangipur,Onion,Red,FAQ,4350.0,4400.0,4380.0,2024-11-04,25.2,0.0,21.43,28.89,75.06,0.66,12.01,0.0,25.91,2500.0,0.0,25.94,4375.0,0.0,27.12,2380.0,0.06,27.11,2410.0,0.0,0.0,3033.5714285714284,25.812857142857144,0.0603333333333333,1.81,2934.6666666666665,26.68433333333333,1,0,11,309,45,0
Uttar Pradesh,meerut,Sardhana,Onion,Red,FAQ,800.0,900.0,850.0,2023-08-01,29.97,0.04,25.77,34.26,81.7,2.07,20.6,0.04,29.97,2265.0,19.06,29.46,1350.0,13.67,28.91,1540.0,0.36,29.82,1580.0,4.588571428571428,32.12,1240.7142857142858,29.48857142857143,12.163666666666666,364.91,2237.5,29.360666666666667,0,0,8,213,31,1
Bihar,banka,Barahat,Onion,Medium,FAQ,2600.0,3000.0,2800.0,2025-03-06,22.42,0.0,13.32,31.41,22.05,1.55,23.62,0.0,24.03,2800.0,0.0,23.51,2800.0,0.23,23.07,3000.0,0.0,18.04,5800.0,0.0014285714285724,0.0100000000000071,2800.0,24.624285714285715,0.2336666666666666,7.01,3060.0,21.787333333333333,1,0,3,65,10,0
Rajasthan,sikar,Sikar,Onion,Onion,FAQ,700.0,1100.0,900.0,2025-03-31,25.82,0.0,17.92,35.0,13.43,1.95,24.01,0.0,25.82,850.0,0.0,26.93,950.0,0.0,25.31,850.0,0.06,24.51,850.0,0.0,0.0,871.4285714285714,23.552857142857142,0.018,0.5400000000000018,964.1666666666666,25.02233333333333,1,0,3,90,14,0
Uttar Pradesh,aligarh,Charra,Onion,Red,FAQ,1850.0,1950.0,1900.0,2023-09-25,29.36,0.08,24.88,33.53,69.99,0.79,18.07,0.08,29.36,1020.0,0.08,29.36,1020.0,2.64,28.61,1000.0,1.06,29.18,2330.0,0.08,0.56,1605.7142857142858,29.36,1.9753333333333336,59.26000000000001,1641.5,29.079,0,0,9,268,39,1
West Bengal,north 24 parganas,Barasat,Onion,Other,FAQ,3200.0,3200.0,3200.0,2023-08-16,28.85,11.47,26.36,32.79,87.75,1.07,15.7,11.47,28.85,8000.0,2.1,29.09,1580.0,16.6,27.61,1540.0,17.6,28.12,1560.0,9.461428571428572,66.23,3122.8571428571427,28.72142857142857,9.989333333333333,299.68,2506.0,28.619666666666667,0,0,8,228,33,1
Uttar Pradesh,etah,Etah,Onion,Red,FAQ,2500.0,3000.0,2950.0,2024-08-14,28.99,4.11,26.68,31.87,89.03,1.47,15.87,3.15,28.96,1900.0,9.47,28.83,2850.0,25.22,28.16,2070.0,7.05,28.71,2850.0,13.378571428571428,93.65,2206.428571428572,28.60857142857143,10.179,305.37,2370.1666666666665,28.41033333333333,0,0,8,227,33,1
West Bengal,murshidabad,Jiaganj,Potato,Jyoti,FAQ,1650.0,1690.0,1680.0,2023-09-15,27.74,2.85,26.26,29.84,92.24,2.44,16.05,2.85,27.74,1620.0,4.34,28.23,1600.0,3.66,28.71,1600.0,5.89,28.4,1560.0,3.488571428571429,24.42,2142.8571428571427,27.95,4.168333333333333,125.05,1980.6666666666667,28.65566666666667,0,0,9,258,37,1
West Bengal,birbhum,Sainthia,Potato,Jyoti,FAQ,2450.0,2550.0,2500.0,2024-07-02,28.77,23.65,26.68,32.1,83.4,3.06,8.09,23.65,28.77,2600.0,8.37,29.85,2500.0,1.9,32.08,2600.0,1.18,32.7,2600.0,17.101428571428574,119.71,2550.0,29.232857142857146,6.917333333333333,207.52,2565.0,31.34,0,1,7,184,27,1
Rajasthan,ganganagar,Sriganganagar (F&V),Onion,Other,FAQ,3000.0,3400.0,3200.0,2023-12-06,17.1,0.0,10.41,25.27,60.12,1.51,13.13,0.02,16.21,2505.0,4.05,16.35,3200.0,0.75,19.16,3500.0,0.12,19.11,4000.0,1.1685714285714277,8.179999999999993,2435.0,16.37714285714286,1.0653333333333337,31.96,2273.4333333333334,18.268,0,0,12,340,49,0
Uttar Pradesh,bijnor,Chaandpur,Onion,Red,FAQ,800.0,1000.0,900.0,2025-04-13,27.18,0.0,19.41,34.25,36.65,1.29,25.1,0.0,27.18,700.0,6.91,26.0,900.0,0.72,26.97,1120.0,0.0,28.46,1100.0,3.948571428571429,27.64,1101.428571428571,26.505714285714287,2.89,86.7,1088.0,27.58,0,0,4,103,15,2
Delhi,delhi,Keshopur,Onion,Onion,FAQ,1500.0,2000.0,1800.0,2024-04-27,33.55,0.5,26.96,40.82,20.07,2.87,23.73,0.5,33.55,1455.0,0.0,32.36,1688.0,0.82,31.17,1656.0,0.0,30.83,1800.0,0.1428571428571428,0.9999999999999998,1656.857142857143,33.51714285714285,0.1716666666666666,5.15,1577.5,32.275666666666666,1,0,4,118,17,2
Maharashtra,nagpur,Nagpur,Potato,Local,FAQ,1000.0,1500.0,1375.0,2024-03-02,27.76,0.36,19.18,35.92,35.32,1.69,12.68,0.36,27.76,1750.0,0.05,27.75,1500.0,0.37,27.65,1325.0,0.0,24.51,2050.0,0.1099999999999982,0.7699999999999876,1632.142857142857,27.884285714285717,0.3303333333333333,9.91,1644.1666666666667,26.69633333333333,1,0,3,62,9,0
Kerala,ernakulam,North Paravur,Potato,(Red Nanital),FAQ,4000.0,5000.0,4500.0,2024-06-20,27.42,12.77,26.03,29.4,86.68,2.13,11.09,12.77,27.42,5000.0,13.86,27.62,4500.0,15.07,27.67,5000.0,0.97,28.04,4300.0,13.237142857142857,92.66,4528.571428571428,27.505714285714287,9.913333333333332,297.4,4303.333333333333,27.724666666666668,0,0,6,172,25,1
Uttar Pradesh,bareilly,Bareilly,Onion,Red,FAQ,1450.0,1525.0,1480.0,2023-08-04,29.67,25.52,27.04,32.6,84.07,1.63,14.3,25.52,29.67,7810.0,12.53,30.14,6200.0,4.29,30.14,1485.0,6.01,29.99,1250.0,18.097142857142856,126.68,2202.1428571428573,29.93857142857143,8.581999999999999,257.46,2712.6,30.117,0,1,8,216,31,1
Tamilnadu,dharmapuri,Pennagaram(Uzhavar Sandhai ),Onion,Bellary,Local,4500.0,4800.0,4800.0,2025-03-04,28.01,0.0,20.81,37.57,45.95,2.49,20.85,0.0,28.01,4200.0,0.0,27.43,3400.0,0.0,27.43,4000.0,0.35,26.91,4000.0,0.0,0.0,4142.857142857143,27.844285714285714,0.0783333333333333,2.35,4010.0,27.530000000000005,1,0,3,63,10,0
Uttar Pradesh,sambhal,Sambhal,Potato,Desi,FAQ,1200.0,1550.0,1400.0,2024-06-15,40.77,0.0,33.8,47.86,19.92,4.94,26.1,0.0,40.77,1800.0,0.0,39.34,1750.0,0.0,38.48,1725.0,0.0,37.64,1700.0,0.1714285714285714,1.1999999999999995,1581.428571428571,40.21142857142858,0.04,1.2,1483.0,38.76233333333333,1,0,6,167,24,1
Tamilnadu,salem,Thammampatti (Uzhavar Sandhai ),Potato,(Red Nanital),Local,3000.0,3400.0,3400.0,2025-04-14,29.85,4.55,24.1,37.02,61.55,1.28,22.58,4.55,29.85,3000.0,4.55,29.85,3000.0,0.4,30.93,3400.0,5.93,29.65,3400.0,4.55,31.85,3257.1428571428573,29.85,1.5066666666666666,45.2,3263.333333333333,30.642,0,0,4,104,16,2
Himachal Pradesh,hamirpur,Raath,Wheat,Dara,FAQ,2225.0,2250.0,2235.0,2023-08-25,27.74,5.47,24.34,31.32,81.19,1.29,22.15,5.47,27.74,2270.0,7.92,27.33,2200.0,7.92,27.33,3100.0,34.59,27.87,1250.0,5.47,38.29,2041.4285714285716,27.74,18.90533333333333,567.16,2080.1666666666665,27.659666666666663,0,0,8,237,34,1
Madhya Pradesh,indore,Indore,Potato,Potato,FAQ,2573.0,2573.0,2573.0,2024-10-09,24.92,0.49,21.37,29.02,83.63,1.06,11.99,0.49,24.92,965.0,0.0,24.91,1500.0,0.0,24.86,3944.0,0.11,26.7,3560.0,0.42,2.94,2569.5714285714284,24.91857142857143,0.1053333333333333,3.16,2758.0666666666666,25.485,1,0,10,283,41,0
Rajasthan,ganganagar,Sriganganagar (F&V),Potato,Other,FAQ,700.0,900.0,800.0,2025-03-28,26.36,0.0,18.92,36.23,7.06,3.22,26.58,0.0,26.36,800.0,0.0,30.25,1700.0,0.0,27.27,1100.0,0.0,25.88,1100.0,0.0,0.0,1000.0,29.184285714285718,0.0,0.0,1246.6666666666667,28.004666666666665,1,0,3,87,13,0
Punjab,moga,Moga,Potato,Other,FAQ,850.0,1250.0,1100.0,2024-04-03,26.89,0.0,17.16,35.82,32.17,1.3,19.94,0.0,23.16,900.0,9.44,25.14,900.0,0.99,24.36,900.0,0.06,25.43,990.0,1.3485714285714323,9.440000000000028,1528.571428571429,24.32714285714286,3.2096666666666667,96.29,1366.3333333333333,25.244333333333334,0,0,4,94,14,2
Madhya Pradesh,dhar,Kukshi,Potato,Potato,FAQ,800.0,1200.0,1000.0,2023-10-31,21.77,0.0,15.56,29.33,72.41,2.01,17.44,0.0,21.77,2815.0,0.0,21.77,2690.0,0.0,22.03,3000.0,0.0,22.77,2500.0,0.0,0.0,2362.5714285714284,21.77,0.0,0.0,2426.633333333333,22.52,1,0,10,304,44,0
Karnataka,raichur,Raichur,Onion,Onion,FAQ,1700.0,3330.0,2750.0,2024-09-09,25.48,0.48,22.79,29.04,83.92,3.59,15.07,2.56,25.53,2710.0,0.41,26.25,3410.0,9.65,27.64,2560.0,1.69,26.61,2895.0,7.638571428571429,53.47,2607.1428571428573,26.01571428571429,5.218999999999999,156.57,2739.1666666666665,26.94633333333333,0,0,9,253,37,1
Uttar Pradesh,amethi,Sultanpur,Potato,Desi,FAQ,2070.0,2250.0,2150.0,2024-11-12,21.88,0.0,16.78,28.3,75.47,1.49,10.69,0.0,21.88,2155.0,0.0,22.73,4285.0,0.0,24.0,2145.0,0.0,22.38,2150.0,0.0,0.0,3027.8571428571427,22.244285714285716,0.0,0.0,3111.6666666666665,23.389333333333337,1,0,11,317,46,0
Rajasthan,bhilwara,Bhilwara,Onion,Other,FAQ,500.0,1500.0,1000.0,2023-06-11,34.52,0.01,27.11,41.86,40.26,4.11,25.18,0.09,33.8,2280.0,0.71,32.83,2180.0,0.71,32.83,2250.0,0.71,32.83,2250.0,0.6871428571428572,4.8100000000000005,2135.714285714286,33.64714285714286,0.6922222222222223,6.23,2153.333333333333,33.465555555555554,1,0,6,162,23,1
Tamilnadu,cuddalore,Viruthachalam(Uzhavar Sandhai ),Onion,Bellary,Local,3500.0,3500.0,3500.0,2025-03-20,29.1,0.07,24.7,35.25,69.5,2.42,25.92,0.08,28.97,4000.0,0.08,28.97,4000.0,0.08,29.21,4000.0,0.0,27.93,3500.0,0.0785714285714285,0.55,3714.285714285714,28.988571428571426,0.0536666666666661,1.609999999999986,3850.0,28.76933333333333,1,0,3,79,12,0
Uttar Pradesh,sonbhadra,Dudhi,Potato,Local,FAQ,1400.0,1600.0,1500.0,2025-04-17,31.88,0.0,24.88,39.38,32.64,1.08,20.94,0.01,31.0,1600.0,2.83,29.55,3265.0,3.49,30.64,1600.0,0.0,31.59,1500.0,0.5271428571428571,3.69,1859.2857142857144,30.648571428571422,1.1980000000000002,35.940000000000005,2059.6666666666665,30.944666666666667,0,0,4,107,16,2
Tamilnadu,virudhunagar,Rajapalayam(Uzhavar Sandhai ),Onion,Bellary,Local,2500.0,3000.0,3000.0,2025-05-18,29.23,11.52,25.3,33.26,73.75,1.23,17.52,11.52,29.23,2500.0,11.52,29.23,3400.0,5.16,28.64,3400.0,8.36,30.42,4000.0,11.52,80.64,3100.0,29.23,7.811999999999999,234.36,3410.0,29.034333333333336,0,0,5,138,20,2
Maharashtra,ahmednagar,Shrirampur,Potato,Other,FAQ,2500.0,3000.0,2800.0,2024-11-08,21.84,0.0,16.27,29.39,75.3,1.99,16.73,0.0,21.84,3000.0,0.0,21.84,1800.0,0.0,22.06,2800.0,0.0,22.06,5500.0,0.0,0.0,3750.0,21.84,0.0,0.0,3635.0,21.972,1,0,11,313,45,0
Tamilnadu,vellore,Kahithapattarai(Uzhavar Sandhai ),Potato,(Red Nanital),Local,4200.0,4200.0,4200.0,2024-07-24,26.24,0.44,21.97,32.09,68.38,5.17,21.46,0.44,26.24,4400.0,0.44,26.24,4500.0,0.5,26.85,4400.0,0.99,27.17,4400.0,0.44,3.08,4385.714285714285,26.24,0.4283333333333333,12.85,4363.333333333333,26.747666666666667,0,0,7,206,30,1
Uttar Pradesh,jaunpur,Shahganj,Potato,Badshah,FAQ,2300.0,2450.0,2370.0,2024-07-22,30.76,0.37,27.88,34.93,79.38,3.69,18.02,0.37,30.76,2410.0,0.86,31.37,3020.0,2.77,31.69,3025.0,0.0,29.78,3000.0,0.7199999999999999,5.039999999999999,2564.285714285714,31.195714285714285,1.9226666666666667,57.68,2678.6666666666665,31.031333333333336,0,0,7,204,30,1
Andhra Pradesh,hyderabad,Erragadda(Rythu Bazar),Potato,(Red Nanital),FAQ,3700.0,3700.0,3700.0,2024-07-04,28.11,0.25,24.03,33.73,72.07,4.26,18.46,0.25,28.11,3000.0,0.18,28.89,2600.0,0.37,28.48,2800.0,1.11,25.01,2500.0,0.21,1.47,3178.5714285714284,28.555714285714288,0.5976666666666667,17.93,2950.0,28.406,0,0,7,186,27,1
Karnataka,bangalore,Bangalore,Onion,Puna,FAQ,1000.0,2000.0,1600.0,2024-03-12,27.92,0.0,19.77,36.61,42.51,2.39,23.26,0.0,27.71,1300.0,0.0,27.71,1700.0,0.0,27.96,800.0,0.0,27.48,1500.0,0.0,0.0,1657.142857142857,27.74,0.0,0.0,1563.3333333333333,27.733,1,0,3,72,11,0
Haryana,fatehabad,Jakhal,Onion,Other,FAQ,3000.0,3000.0,3000.0,2023-09-07,32.02,0.06,25.61,39.9,54.11,1.59,23.06,0.06,32.02,1500.0,0.54,31.97,1500.0,0.0,31.63,1000.0,0.0,32.03,2000.0,0.2657142857142858,1.860000000000001,1600.0,31.99857142857143,0.188,5.640000000000001,1568.5,31.915333333333333,1,0,9,250,36,1
Uttar Pradesh,badaun,Ujhani,Onion,Red,FAQ,1700.0,1750.0,1720.0,2023-08-24,27.99,4.69,25.14,31.56,85.58,2.58,10.38,4.69,27.99,1800.0,63.02,27.35,2250.0,23.64,28.25,2300.0,1.38,28.86,1000.0,46.35428571428572,324.48,1635.0,27.532857142857143,33.106,993.18,1766.3333333333333,28.00433333333333,0,1,8,236,34,1
Kerala,kollam,Chathanoor,Onion,Other,FAQ,3800.0,4200.0,4000.0,2024-07-06,24.83,8.52,23.53,26.79,90.98,1.52,13.23,8.52,24.83,4400.0,8.52,24.83,4000.0,1.62,25.9,4700.0,1.81,25.72,3900.0,8.52,59.64,4285.714285714285,24.83,5.526666666666667,165.8,4440.0,25.389333333333333,0,0,7,188,27,1
Orissa,jharsuguda,Jharsuguda,Potato,Other,FAQ,3000.0,3000.0,3000.0,2024-06-13,36.19,2.7,30.4,42.52,40.57,3.34,22.45,0.01,36.26,3000.0,0.21,34.26,3000.0,11.52,33.83,3000.0,2.58,33.48,3000.0,0.7499999999999984,5.249999999999989,3000.0,35.308571428571426,2.7590000000000003,82.77000000000001,3000.0,35.584,0,0,6,165,24,1
West Bengal,alipurduar,Alipurduar,Onion,Other,FAQ,2200.0,2300.0,2250.0,2023-08-04,28.37,42.72,26.29,31.38,90.06,1.52,9.93,42.72,28.37,1200.0,13.17,28.07,2250.0,10.39,29.58,1550.0,1.75,30.07,2300.0,21.61285714285714,151.29,2828.5714285714284,28.15571428571429,12.508666666666668,375.26,3246.6666666666665,29.322,0,1,8,216,31,1
Uttar Pradesh,balrampur,Balrampur,Potato,Desi,FAQ,2180.0,2400.0,2270.0,2024-09-27,24.5,76.59,23.43,26.31,93.59,4.58,2.04,6.87,26.54,5000.0,3.1,27.02,3340.0,0.02,29.33,2600.0,0.0,28.05,3340.0,15.752857142857149,110.27000000000004,3343.5714285714284,26.385714285714283,3.909,117.27,3255.1666666666665,27.901,0,1,9,271,39,1
West Bengal,murshidabad,Beldanga,Potato,Jyoti,FAQ,1470.0,1490.0,1480.0,2023-10-01,27.99,25.77,25.71,31.25,89.11,3.46,14.32,25.77,27.99,2390.0,7.55,28.45,1540.0,0.79,28.78,1560.0,18.74,27.36,1650.0,20.312857142857144,142.19,1808.571428571429,27.92285714285714,10.074333333333332,302.23,1735.1666666666667,28.01233333333333,0,1,10,274,39,0
Uttar Pradesh,shravasti,Bhinga,Potato,Desi,FAQ,1025.0,1340.0,1160.0,2025-02-10,18.23,0.0,10.26,29.24,38.2,1.95,17.45,0.0,18.23,1960.0,0.0,16.59,2180.0,0.0,16.63,880.0,0.0,15.67,1200.0,0.0,0.0,1608.571428571429,17.681428571428572,0.002,0.06,1306.0,18.04866666666667,1,0,2,41,7,0
Tamilnadu,krishnagiri,Kaveripattinam(Uzhavar Sandhai ),Onion,Bellary,Local,2000.0,3000.0,3000.0,2025-05-23,26.1,0.95,21.05,31.82,77.39,2.95,21.95,0.95,26.1,2500.0,0.95,26.1,4000.0,0.0,25.23,3000.0,35.28,25.55,2500.0,0.95,6.65,2785.714285714286,26.1,2.9320000000000004,87.96000000000001,2883.333333333333,25.44333333333333,0,0,5,143,21,2
Madhya Pradesh,hoshangabad,Pipariya,Onion,Onion,FAQ,450.0,1500.0,1100.0,2023-07-21,28.65,9.35,25.53,31.92,84.0,1.54,19.03,9.35,28.65,1370.0,12.1,28.58,1350.0,19.23,28.04,2225.0,20.11,27.27,1000.0,10.135714285714286,70.95,2016.142857142857,28.63,16.362666666666666,490.88,1972.7333333333331,28.07,0,0,7,202,29,1
Orissa,nuapada,Khariar,Potato,Local,Non-FAQ,2000.0,2500.0,2000.0,2025-02-25,23.13,0.0,16.02,31.76,39.82,1.24,21.68,0.0,23.13,3000.0,0.0,22.96,3000.0,0.0,24.79,3000.0,0.0,23.81,2500.0,0.0,0.0,2642.8571428571427,23.13,0.0,0.0,2766.6666666666665,24.24,1,0,2,56,9,0
Punjab,gurdaspur,F.G.Churian,Potato,Potato,FAQ,2800.0,3000.0,2900.0,2024-12-02,17.86,0.0,13.84,25.36,51.3,1.01,11.87,0.0,17.86,3000.0,0.0,16.58,1500.0,0.0,17.56,2400.0,0.0,16.73,3100.0,0.0114285714285714,0.08,3285.714285714286,17.451428571428572,0.0026666666666676,0.0800000000000284,3096.6666666666665,17.254,1,0,12,337,49,0
Uttar Pradesh,mirzapur,Mirzapur,Potato,Desi,FAQ,635.0,745.0,685.0,2024-01-05,16.88,2.46,11.96,23.59,82.69,1.25,3.68,0.36,16.15,1700.0,1.12,17.49,2525.0,0.02,16.86,725.0,0.0,15.23,2510.0,0.66,4.62,1506.428571428571,16.25428571428571,0.2700000000000001,8.100000000000001,1665.5,16.176,1,0,1,5,1,0
Rajasthan,churu,Churu,Potato,(Red Nanital),FAQ,2000.0,2200.0,2100.0,2024-11-29,18.36,0.0,11.5,26.88,40.54,1.42,13.48,0.0,18.36,2900.0,0.0,18.77,3000.0,0.0,20.22,2100.0,0.0,20.33,2100.0,0.0,0.0,2228.5714285714284,18.535714285714285,0.0,0.0,2413.333333333333,19.781333333333336,1,0,11,334,48,0
Maharashtra,pune,Pune(Pimpri),Onion,Local,FAQ,800.0,1600.0,1200.0,2023-07-04,24.71,20.32,23.17,27.69,90.8,3.72,11.61,20.32,24.71,1000.0,27.65,25.04,1050.0,27.65,25.04,8000.0,19.11,24.88,1000.0,22.414285714285715,156.9,2064.285714285714,24.804285714285715,22.727666666666664,681.8299999999999,2468.366666666667,24.915666666666663,0,1,7,185,27,1
Uttar Pradesh,gorakhpur,Sehjanwa,Tomato,Hybrid,FAQ,2515.0,2535.0,2520.0,2023-06-27,34.53,1.65,29.62,39.98,50.79,5.91,20.23,1.65,34.53,1165.0,0.02,35.16,1175.0,6.64,34.93,1165.0,2.05,36.52,1120.0,1.1842857142857142,8.29,1785.7142857142858,34.71,2.31,69.3,1694.3333333333333,35.42066666666666,0,0,6,178,26,1
Himachal Pradesh,mandi,Mandi(Takoli),Onion,Other,FAQ,1500.0,2000.0,1800.0,2025-05-19,27.67,0.92,21.07,33.83,41.06,1.93,24.99,0.92,27.67,1300.0,3.47,27.36,1800.0,1.79,27.38,2000.0,0.0,25.64,1500.0,1.2842857142857145,8.990000000000002,1407.142857142857,27.625714285714288,0.952,28.56,1421.6666666666667,27.23333333333333,0,0,5,139,21,2
Uttar Pradesh,lalitpur,Lalitpur,Onion,Red,FAQ,3900.0,4200.0,3980.0,2024-10-05,26.48,0.0,21.95,30.9,78.2,1.56,21.28,0.0,26.48,2250.0,0.0,26.7,2280.0,27.45,25.39,4100.0,0.25,25.85,2280.0,0.0,0.0,3034.285714285714,26.52,3.159333333333333,94.78,3051.6666666666665,26.576,0,0,10,279,40,0
Tamilnadu,krishnagiri,Denkanikottai(Uzhavar Sandhai ),Potato,(Red Nanital),Local,2000.0,2800.0,2800.0,2025-05-01,29.26,10.51,24.9,34.06,60.52,1.15,19.73,0.09,30.87,2500.0,0.09,30.87,2500.0,0.0,30.64,2800.0,0.0,29.08,2500.0,1.5785714285714283,11.05,2842.8571428571427,30.64,0.3803333333333333,11.41,2800.0,30.202666666666666,0,0,5,121,18,2
Madhya Pradesh,bhopal,Bhopal(F&V),Onion,Other,FAQ,400.0,1500.0,800.0,2023-09-01,27.07,1.41,22.44,31.08,78.98,1.52,23.33,1.41,27.07,700.0,5.4,26.43,2410.0,0.0,25.26,800.0,0.16,25.0,800.0,3.1199999999999988,21.839999999999996,1481.7142857142858,26.795714285714286,1.433,42.99,1636.6333333333334,25.783,0,0,9,244,35,1
West Bengal,birbhum,Sainthia,Onion,Onion,FAQ,1800.0,2000.0,1900.0,2025-05-11,34.75,0.46,27.6,41.86,41.4,1.57,22.1,0.46,34.75,3450.0,0.46,34.75,1400.0,0.0,34.35,1400.0,0.11,33.86,1650.0,0.46,3.22,1834.2857142857144,34.75,0.1593333333333333,4.78,2151.0,34.29333333333334,1,0,5,131,19,2
Rajasthan,hanumangarh,Hanumangarh,Potato,(Red Nanital),FAQ,1000.0,1000.0,1000.0,2023-10-09,30.15,0.11,23.51,37.63,45.53,1.78,18.27,0.11,30.15,2800.0,0.11,30.15,800.0,0.0,30.82,2500.0,0.0,29.85,2600.0,0.11,0.77,2053.285714285714,30.15,0.044,1.32,1755.7666666666669,30.19633333333333,1,0,10,282,41,0
Kerala,kollam,Anchal,Potato,Other,FAQ,4400.0,4600.0,4500.0,2024-07-10,25.2,5.84,23.33,27.6,91.82,1.83,22.07,5.84,25.2,3500.0,3.67,24.76,4300.0,4.3,25.74,5000.0,1.62,25.9,5500.0,4.6000000000000005,32.2,4314.285714285715,24.94857142857143,6.661666666666666,199.85,4523.333333333333,25.110666666666663,0,0,7,192,28,1
Haryana,mewat,Punhana,Potato,Other,FAQ,1200.0,1200.0,1200.0,2025-01-23,16.57,0.07,10.86,24.62,51.87,1.66,9.63,0.07,16.57,1000.0,0.0,15.48,1100.0,0.0,17.22,1400.0,0.02,12.0,1500.0,0.0328571428571408,0.2299999999999858,1271.428571428571,16.335714285714285,0.2303333333333333,6.91,1263.3333333333333,14.650666666666666,1,0,1,23,4,0
Haryana,gurgaon,Farukh Nagar,Onion,Other,FAQ,2200.0,2500.0,2200.0,2024-03-13,22.99,0.0,14.96,32.43,32.94,2.04,19.56,0.0,22.99,1000.0,0.0,22.83,1000.0,0.0,22.58,2200.0,0.0,17.72,2000.0,0.0,0.0,1414.2857142857142,22.94428571428572,0.0,0.0,1456.6666666666667,21.19633333333333,1,0,3,73,11,0
West Bengal,birbhum,Sainthia,Onion,Nasik,FAQ,1850.0,1950.0,1900.0,2023-07-24,30.01,1.14,25.86,34.8,77.49,1.94,22.7,1.14,30.01,1500.0,4.51,29.81,1450.0,6.03,29.41,1500.0,6.72,30.01,1750.0,3.0657142857142854,21.46,3214.285714285714,29.895714285714284,5.485333333333333,164.56,3288.6666666666665,29.82333333333333,0,0,7,205,30,1
Orissa,dhenkanal,Hindol,Potato,Potato,FAQ,1700.0,2000.0,1800.0,2023-11-12,22.31,0.0,17.26,28.15,78.11,1.34,14.48,0.0,21.71,1800.0,0.0,22.01,6000.0,0.0,20.58,6000.0,3.57,25.42,6000.0,0.0,0.0,3285.714285714286,21.88142857142857,0.4096666666666667,12.29,3600.0,22.168333333333337,0,0,11,316,45,0
Uttar Pradesh,aligarh,Aligarh,Potato,Desi,FAQ,1900.0,2100.0,2020.0,2024-08-13,28.65,7.59,26.14,31.94,88.46,2.32,14.44,7.59,28.65,3060.0,27.28,28.13,2600.0,6.85,28.68,1350.0,21.14,27.86,2900.0,10.402857142857142,72.82,2368.5714285714284,28.575714285714287,9.437,283.11,2269.333333333333,28.531,0,0,8,226,33,1
Uttar Pradesh,fatehpur,Bindki,Onion,Red,FAQ,4000.0,4100.0,4060.0,2024-10-21,25.25,0.0,18.82,32.0,66.77,1.12,16.68,0.0,25.25,2085.0,0.0,25.39,2080.0,0.0,25.59,2090.0,0.0,25.8,4300.0,0.0,0.0,2936.428571428572,25.27,0.0,0.0,3118.1666666666665,25.46333333333333,1,0,10,295,43,0
Madhya Pradesh,dhar,Gandhwani,Wheat,Other,FAQ,2400.0,2500.0,2450.0,2023-07-31,26.88,7.75,23.42,31.32,85.42,4.45,14.83,7.75,26.88,600.0,7.75,26.88,900.0,6.03,26.4,800.0,4.17,26.09,2300.0,7.75,54.25,2755.714285714286,26.88,5.992666666666667,179.78,2128.4666666666667,26.44533333333333,0,0,7,212,31,1
Uttar Pradesh,agra,Khairagarh,Potato,Desi,FAQ,1400.0,1500.0,1450.0,2024-05-10,34.66,0.01,27.34,41.72,28.78,2.46,22.73,0.01,34.66,1730.0,0.01,34.66,1600.0,0.73,34.11,1450.0,0.0,35.85,1300.0,0.01,0.07,1538.571428571429,34.66,0.295,8.85,1530.1666666666667,34.797000000000004,1,0,5,131,19,2
Tamilnadu,salem,Sooramangalam(Uzhavar Sandhai ),Onion,Bellary,Local,7000.0,7500.0,7500.0,2024-10-25,25.28,9.31,20.96,29.49,78.85,1.16,17.66,9.31,25.28,6000.0,9.31,25.28,6000.0,9.31,25.28,5000.0,18.17,24.65,5000.0,9.31,65.17,6785.714285714285,25.28,13.444666666666668,403.34,6430.0,24.986,0,0,10,299,43,0
Kerala,alappuzha,Chengannur,Potato,Potato,FAQ,3400.0,3800.0,3500.0,2024-05-06,30.84,0.17,29.85,32.17,72.3,3.84,22.62,0.17,30.84,2800.0,0.29,30.82,2800.0,0.06,30.79,5000.0,0.05,31.27,5000.0,0.17,1.1900000000000002,3342.8571428571427,30.84,0.1066666666666666,3.2,3400.0,30.900666666666663,1,0,5,127,19,2
Uttar Pradesh,deoria,Barhaj,Onion,Red,FAQ,2620.0,2640.0,2630.0,2023-12-18,15.2,0.0,8.79,24.22,53.35,1.75,11.3,0.0,15.2,2455.0,0.0,15.74,900.0,0.0,15.66,3130.0,0.0,16.21,3300.0,0.0,0.0,2072.8571428571427,15.31,0.0,0.0,2156.6666666666665,15.683666666666666,1,0,12,352,51,0
Tamilnadu,vellore,Thirupathur,Potato,(Red Nanital),Local,3400.0,3400.0,3400.0,2025-05-14,29.22,2.08,23.59,34.36,61.92,1.27,21.74,2.08,29.22,2200.0,8.1,30.3,3000.0,8.1,30.3,2200.0,0.25,29.71,2200.0,3.8,26.599999999999994,2828.5714285714284,29.52857142857143,3.858333333333333,115.75,2780.0,30.105,0,0,5,134,20,2
Uttar Pradesh,maharajganj,Gadaura,Potato,Red,FAQ,1200.0,1400.0,1300.0,2025-04-04,30.5,0.0,21.64,40.25,11.46,2.43,22.27,0.0,30.5,1500.0,0.0,28.79,1700.0,0.0,28.6,1700.0,0.0,26.94,2025.0,0.0,0.0,1734.2857142857142,29.767142857142854,0.0,0.0,1622.3333333333333,28.380000000000003,1,0,4,94,14,2
Madhya Pradesh,damoh,Javera,Wheat,Mill Quality,FAQ,2075.0,2225.0,2150.0,2023-06-07,35.32,0.05,28.39,42.24,28.17,2.15,22.44,0.05,35.32,2100.0,1.13,34.29,2254.0,1.13,34.29,2254.0,1.13,34.29,2254.0,0.5128571428571428,3.59,1788.0,34.878571428571426,0.5128571428571428,3.59,1788.0,34.878571428571426,1,0,6,158,23,1
Uttar Pradesh,unnao,Unnao,Potato,Desi,FAQ,1080.0,1175.0,1125.0,2024-03-08,20.31,0.0,11.58,29.99,38.11,2.12,22.47,0.0,20.31,1950.0,0.0,19.35,1900.0,0.0,18.1,1050.0,14.1,22.63,1770.0,0.0,0.0,1464.2857142857142,19.898571428571437,1.885333333333333,56.56,1432.0,19.22,0,0,3,68,10,0
Madhya Pradesh,ujjain,Ujjain(F&V),Onion,Onion,FAQ,300.0,2200.0,1536.0,2023-08-29,24.82,0.0,21.94,29.18,83.08,2.92,20.6,0.0,24.82,2534.0,0.02,24.73,2631.0,0.02,25.14,1200.0,0.14,25.15,2550.0,0.0028571428571428,0.02,2145.0,24.807142857142857,0.0246666666666666,0.74,2303.5666666666666,25.087333333333333,1,0,8,241,35,1
West Bengal,alipurduar,Alipurduar,Onion,Other,FAQ,1600.0,1800.0,1700.0,2025-05-17,26.6,28.04,22.56,31.09,77.61,0.77,16.26,11.9,26.84,1600.0,42.65,26.43,1500.0,3.58,28.44,1050.0,3.8,23.89,1900.0,26.22571428571428,183.58,1721.428571428571,26.897142857142857,14.642666666666663,439.28,1730.0,26.619,0,1,5,137,20,2
Uttar Pradesh,lalitpur,Lalitpur,Onion,Red,FAQ,1040.0,1100.0,1070.0,2023-06-19,31.99,11.64,28.7,35.98,55.88,5.16,15.1,11.64,31.99,1050.0,0.65,33.77,2200.0,0.0,36.12,1040.0,2.05,37.21,1010.0,6.930000000000001,48.510000000000005,1255.7142857142858,32.752857142857145,1.9296666666666664,57.89,1457.5,35.301,0,0,6,170,25,1
Haryana,kurukshetra,Pehowa,Onion,Other,FAQ,1230.0,1520.0,1421.0,2024-01-23,11.65,0.0,7.26,20.71,49.59,1.31,5.56,0.0,11.65,2300.0,0.0,10.53,2000.0,0.0,10.53,450.0,0.0,12.77,2300.0,0.0,0.0,1049.428571428571,11.33,0.0,0.0,1054.7666666666669,11.255666666666666,1,0,1,23,4,0
Gujarat,ahmedabad,Ahmedabad(Chimanbhai Patal Market Vasana),Onion,Local,FAQ,1700.0,2900.0,2700.0,2024-08-03,28.05,13.03,25.82,31.01,87.88,3.78,10.0,13.03,28.05,2950.0,9.61,27.81,2950.0,4.05,28.85,2500.0,26.4,28.84,2600.0,10.135714285714286,70.95,2642.8571428571427,27.867142857142856,8.528666666666666,255.86,2553.333333333333,28.627333333333336,0,0,8,216,31,1
Madhya Pradesh,dhar,Dhamnod(F&V),Onion,Onion,FAQ,850.0,1400.0,1000.0,2025-04-06,32.47,0.0,22.42,42.56,13.6,2.54,26.43,0.0,31.35,1280.0,0.0,30.06,1000.0,0.0,30.06,800.0,0.0,30.49,1100.0,0.0,0.0,1282.857142857143,31.141428571428573,0.0,0.0,1029.7,30.843666666666667,1,0,4,96,14,2
Himachal Pradesh,hamirpur,Hamirpur(Nadaun),Onion,Other,FAQ,4000.0,4200.0,4100.0,2024-08-09,28.37,3.98,25.33,31.26,82.78,1.22,17.24,3.98,28.37,2800.0,15.32,28.77,2900.0,13.93,28.33,2900.0,7.81,29.14,2800.0,7.220000000000003,50.54000000000002,2939.285714285714,28.48428571428571,11.214333333333334,336.43,3022.333333333333,28.643,0,0,8,222,32,1
Rajasthan,hanumangarh,Rawatsar,Onion,1st Sort,FAQ,1200.0,1200.0,1200.0,2025-05-01,34.64,1.37,26.59,42.29,27.68,3.89,21.0,1.37,34.64,1200.0,1.37,34.64,986.0,0.0,33.7,986.0,0.0,35.07,800.0,1.37,9.59,1157.142857142857,34.64,0.3653333333333333,10.96,1118.7666666666669,34.27933333333333,0,0,5,121,18,2
Haryana,kurukshetra,Shahabad,Onion,Onion,FAQ,2100.0,4500.0,4000.0,2024-11-19,18.28,0.0,13.28,26.57,52.81,1.55,11.32,0.0,18.45,2000.0,0.0,19.46,1900.0,0.0,19.67,3500.0,0.0,21.62,2600.0,0.0,0.0,3057.1428571428573,18.425714285714285,0.0,0.0,2900.0,19.73166666666667,1,0,11,324,47,0
Madhya Pradesh,jhabua,Petlawad,Onion,Hybrid,FAQ,1800.0,1800.0,1800.0,2023-12-08,20.06,0.0,13.98,26.49,70.51,1.31,13.77,0.0,20.06,2483.0,0.0,19.27,1207.0,0.0,19.7,1800.0,0.63,21.68,1900.0,0.0,0.0,2040.4285714285716,19.83428571428571,0.4316666666666657,12.94999999999997,2108.5666666666666,20.240666666666662,0,0,12,342,49,0
Andhra Pradesh,warangal,Hanmarkonda(Rythu Bazar),Onion,Big,FAQ,2500.0,3000.0,2800.0,2023-08-07,36.4,1.17,,,,,,1.17,36.4,1700.0,1.17,36.4,2800.0,1.17,36.4,1900.0,1.17,36.4,2600.0,1.17,8.19,2364.285714285714,36.4,1.17,35.099999999999994,2696.6666666666665,36.4,0,0,8,219,32,1
Haryana,sirsa,Rania,Onion,Other,FAQ,1770.0,1950.0,1880.0,2024-03-22,25.55,0.0,16.3,36.13,26.45,2.14,21.73,0.0,25.55,1200.0,0.0,25.74,1700.0,0.0,25.0,1500.0,0.0,21.94,800.0,0.0,0.0,1371.428571428571,25.685714285714283,0.0,0.0,1307.3333333333333,24.592,1,0,3,82,12,0
Uttar Pradesh,sitapur,Hargaon (Laharpur),Onion,Nasik,FAQ,1200.0,1400.0,1300.0,2023-10-13,26.0,0.0,19.94,31.9,54.1,0.78,19.18,0.0,25.59,2110.0,0.0,25.59,850.0,0.0,27.14,1300.0,0.0,27.62,1160.0,0.0,0.0,1926.4285714285716,25.648571428571422,0.0,0.0,1694.5,26.546,1,0,10,286,41,0
Kerala,kottayam,Thalayolaparambu,Onion,Big,FAQ,3800.0,4200.0,4000.0,2024-08-13,25.48,56.16,23.37,29.1,90.47,0.77,18.26,56.16,25.48,4000.0,56.16,25.48,7000.0,56.16,25.48,6200.0,10.05,24.89,4600.0,56.16,393.12,4700.0,25.48,34.642,1039.26,4873.333333333333,25.204666666666665,0,1,8,226,33,1
Rajasthan,baran,Baran,Potato,Other,FAQ,1300.0,1700.0,1450.0,2024-10-19,25.18,0.0,19.93,31.17,73.36,1.29,18.65,0.0,24.48,1400.0,0.0,25.7,2000.0,0.0,25.64,2000.0,0.0,26.35,1600.0,0.0,0.0,1550.0,24.755714285714287,1.538333333333333,46.15,1553.3333333333333,25.918333333333337,0,0,10,293,42,0
Andhra Pradesh,hyderabad,L B Nagar,Potato,(Red Nanital),FAQ,1600.0,1800.0,1700.0,2023-07-07,28.89,0.25,22.41,36.39,59.47,5.27,15.8,0.25,28.89,1500.0,0.25,28.89,8000.0,0.18,27.05,1300.0,2.28,27.11,2200.0,0.25,1.75,1571.428571428571,28.89,0.7053333333333334,21.16,1956.6666666666667,27.337333333333333,0,0,7,188,27,1
Gujarat,rajkot,Gondal(Veg.market Gondal),Potato,Potato,FAQ,220.0,320.0,270.0,2025-03-18,27.96,0.01,19.88,37.31,27.24,2.14,24.61,0.01,27.96,1105.0,0.0,27.22,280.0,0.0,28.22,1350.0,0.0,31.07,1455.0,0.0085714285714285,0.06,967.8571428571428,27.85428571428572,0.002,0.06,988.5,28.514000000000003,1,0,3,77,12,0
Uttar Pradesh,ghaziabad,Ghaziabad,Wheat,Dara,FAQ,2290.0,2310.0,2300.0,2023-09-13,28.65,0.31,25.24,32.18,83.25,0.58,17.59,0.31,28.65,1700.0,0.28,28.63,1200.0,0.28,28.63,1700.0,69.48,26.51,1700.0,0.3057142857142877,2.140000000000014,1664.2857142857142,28.647142857142857,7.239,217.17,1750.3333333333333,27.982,0,0,9,256,37,1
Gujarat,ahmedabad,Ahmedabad(Chimanbhai Patal Market Vasana),Potato,Jalander,FAQ,2200.0,3100.0,2900.0,2024-11-29,18.97,0.0,13.57,26.38,68.91,1.98,15.98,0.0,18.97,2100.0,0.0,20.44,4750.0,0.0,20.67,4850.0,0.0,18.41,3000.0,0.0,0.0,2600.0,19.81,0.0,0.0,3131.6666666666665,19.87,1,0,11,334,48,0
Uttar Pradesh,saharanpur,Saharanpur,Onion,Red,FAQ,1600.0,2200.0,1850.0,2024-03-27,26.89,0.0,20.88,35.88,37.98,2.62,18.53,0.0,26.89,1850.0,0.0,25.65,1850.0,0.0,23.91,1850.0,0.0,20.89,940.0,0.0,0.0,1601.2857142857142,26.18142857142857,0.0,0.0,1518.4333333333334,24.484666666666666,1,0,3,87,13,0
Rajasthan,ganganagar,Sriganganagar (F&V),Potato,Other,FAQ,1600.0,2000.0,1800.0,2024-06-28,29.32,12.91,27.65,31.17,81.18,1.54,18.02,12.91,29.32,1800.0,0.63,34.67,1800.0,5.79,37.66,1600.0,0.0,37.94,1400.0,14.91285714285714,104.39,1800.0,31.33857142857143,6.213333333333333,186.4,1591.6666666666667,35.52033333333334,0,1,6,180,26,1
Haryana,sonipat,Sonepat,Potato,Other,FAQ,1550.0,1700.0,1700.0,2024-07-05,32.32,4.11,27.58,38.23,67.71,2.15,13.03,4.11,32.32,1700.0,3.88,32.42,1600.0,1.45,33.95,1400.0,0.28,37.24,1900.0,6.054285714285714,42.38,1842.857142857143,30.762857142857143,8.87,266.1,1738.3333333333333,32.80266666666667,0,0,7,187,27,1
Bihar,samastipur,Tajpur,Onion,Medium,FAQ,1700.0,1800.0,1800.0,2024-02-15,20.26,0.07,13.92,28.49,54.83,1.32,9.99,3.07,18.27,1900.0,0.0,15.62,2000.0,0.0,18.8,2100.0,0.0,13.05,2550.0,0.4914285714285734,3.4400000000000137,1900.0,18.211428571428574,0.146,4.38,2194.1666666666665,16.299,1,0,2,46,7,0
Punjab,sangrur,Sunam,Potato,Potato,FAQ,800.0,1300.0,1100.0,2024-05-28,39.9,0.0,31.03,48.59,9.93,2.2,29.38,0.0,39.9,2000.0,0.0,39.63,800.0,0.0,39.03,1600.0,0.0,37.76,1800.0,0.0,0.0,1428.571428571429,39.78428571428572,0.0046666666666666,0.14,1386.6666666666667,39.03733333333333,1,0,5,149,22,2
Rajasthan,alwar,Alwar (F&V),Potato,Other,FAQ,1200.0,1700.0,1500.0,2025-04-26,34.48,0.0,28.3,42.4,8.9,1.45,15.75,0.0,34.48,1500.0,0.0,32.19,1600.0,0.0,35.0,1500.0,0.0,32.29,1600.0,0.0,0.0,1492.857142857143,33.69714285714286,0.0213333333333333,0.6399999999999999,1423.3333333333333,32.693,1,0,4,116,17,2
Tamilnadu,thiruvarur,Tiruthuraipoondi,Potato,(Red Nanital),Local,45.0,45.0,45.0,2024-06-18,29.97,8.92,26.16,34.25,72.69,3.54,21.76,8.92,29.97,46.0,8.92,29.97,46.0,8.92,29.97,46.0,8.92,29.97,46.0,8.92,17.84,45.5,29.97,8.92,17.84,45.5,29.97,0,0,6,170,25,1
Maharashtra,ahmednagar,Rahata,Potato,Other,FAQ,1300.0,1600.0,1450.0,2023-11-22,22.53,0.0,14.8,31.78,51.68,1.55,16.73,0.0,23.2,2800.0,0.0,23.2,2205.0,0.0,23.2,3200.0,0.0,24.75,2625.0,0.0,0.0,2365.0,23.104285714285712,0.0,0.0,2600.333333333333,23.746,1,0,11,326,47,0
Madhya Pradesh,khargone,Khargone,Wheat,Other,FAQ,2560.0,2834.0,2650.0,2023-10-19,24.79,0.0,19.31,30.9,70.92,1.09,18.74,0.0,24.79,800.0,0.03,25.43,2659.0,0.03,25.43,2595.0,0.21,25.25,2630.0,0.0,0.0,2015.7142857142856,24.79,0.077,2.31,2086.9333333333334,25.226666666666667,1,0,10,292,42,0
Tamilnadu,virudhunagar,Virudhunagar(Uzhavar Sandhai ),Potato,(Red Nanital),Local,5500.0,5600.0,5600.0,2025-02-10,26.12,0.0,20.12,33.78,70.24,2.53,21.16,0.0,26.12,5000.0,0.0,26.12,4000.0,0.0,26.08,4000.0,0.0,25.41,7000.0,0.0,0.0,4585.714285714285,26.12,0.0,0.0,4443.333333333333,25.957999999999995,1,0,2,41,7,0
Maharashtra,amarawati,Amrawati(Frui & Veg. Market),Onion,Local,FAQ,1000.0,2400.0,1700.0,2023-06-19,30.11,2.14,,,,,,2.14,30.11,2750.0,2.14,30.11,1350.0,2.14,30.11,2500.0,2.14,30.11,2215.0,2.14,14.98,1735.7142857142858,30.11,2.14,64.2,2088.5,30.11,0,0,6,170,25,1
Punjab,ludhiana,Sahnewal,Potato,Potato,FAQ,1200.0,1200.0,1200.0,2023-11-09,22.25,0.0,17.97,28.85,63.23,0.94,10.53,0.0,22.25,4300.0,0.0,20.97,1100.0,0.0,20.54,4500.0,0.0,21.39,3000.0,0.0,0.0,2419.0,21.70142857142857,0.0,0.0,2273.6,20.949666666666666,1,0,11,313,45,0
Punjab,hoshiarpur,Garh Shankar,Potato,Potato,FAQ,1000.0,1400.0,1200.0,2024-06-26,38.83,0.35,31.8,45.37,27.27,1.66,20.05,0.35,38.83,1200.0,0.24,37.68,1500.0,0.52,37.84,2600.0,5.37,37.08,1200.0,0.3185714285714329,2.23000000000003,1571.428571428571,38.50142857142857,0.6806666666666668,20.42,1640.0,36.95033333333333,0,0,6,178,26,1
Uttar Pradesh,saharanpur,Gangoh,Onion,Red,FAQ,1800.0,2000.0,1900.0,2023-08-10,27.63,22.81,26.03,30.08,90.26,1.41,13.67,22.81,27.63,1450.0,7.27,28.61,1600.0,4.3,28.36,1634.0,9.69,28.52,1500.0,13.93,97.51,2021.4285714285716,28.19,7.777,233.31,1743.5666666666666,28.361666666666668,0,0,8,222,32,1
Tamilnadu,sivaganga,Sivagangai (Uzhavar Sandhai ),Onion,Bellary,Local,6400.0,6800.0,6800.0,2024-11-29,25.25,1.24,22.57,29.15,86.78,3.91,9.16,1.24,25.25,7500.0,2.42,24.48,6400.0,2.42,24.48,7800.0,22.89,24.26,6000.0,1.4085714285714286,9.86,6542.857142857143,25.14,8.466666666666667,254.0,6633.333333333333,24.564666666666668,0,0,11,334,48,0
Madhya Pradesh,katni,Katni(F&V),Onion,Other,FAQ,1000.0,2000.0,1200.0,2023-12-16,15.53,0.0,8.21,23.84,58.29,1.19,16.04,0.0,15.22,2400.0,0.0,16.78,1200.0,0.0,20.28,600.0,0.0,21.84,600.0,0.0,0.0,1483.7142857142858,15.47,0.5903333333333334,17.71,1772.4333333333334,19.604333333333333,0,0,12,350,50,0
Maharashtra,ahmednagar,Parner,Onion,Other,FAQ,300.0,2600.0,1700.0,2023-09-17,26.1,0.59,22.21,32.05,75.34,4.43,11.78,0.59,26.1,1500.0,0.55,24.66,2300.0,0.55,24.66,1800.0,2.05,24.65,1150.0,0.5785714285714291,4.050000000000003,1911.142857142857,25.68857142857143,0.6566666666666667,19.700000000000003,1855.6333333333332,24.89933333333333,0,0,9,260,37,1
Manipur,bishnupur,Bishenpur,Potato,Other,FAQ,3500.0,4000.0,3750.0,2024-08-02,24.26,7.38,21.52,28.41,88.33,0.24,10.2,7.38,24.26,4750.0,12.49,23.53,3750.0,16.75,25.19,4750.0,6.32,26.22,3750.0,15.20142857142857,106.41,4321.428571428572,24.54714285714286,10.913000000000002,327.39000000000004,4275.0,24.994,0,1,8,215,31,1
Rajasthan,jodhpur,Jodhpur (F&V),Onion,Other,FAQ,800.0,1500.0,1200.0,2024-05-18,38.1,0.0,29.78,45.93,15.08,2.84,26.14,0.0,38.1,1300.0,0.17,36.85,1100.0,0.04,36.65,1200.0,0.0,28.89,900.0,0.0242857142857143,0.1700000000000004,1200.0,37.970000000000006,0.2033333333333333,6.1000000000000005,1151.6666666666667,35.468,1,0,5,139,20,2
Orissa,dhenkanal,Kamakhyanagar,Onion,Onion,FAQ,1900.0,2100.0,2000.0,2024-02-25,24.29,1.21,18.65,31.47,65.34,1.62,7.28,1.21,24.29,1800.0,0.01,25.6,2000.0,0.0,26.23,1900.0,0.0,22.99,2200.0,1.0157142857142876,7.110000000000014,1885.7142857142856,24.52857142857143,0.238,7.14,1896.6666666666667,24.97533333333333,1,0,2,56,8,0
Uttar Pradesh,baghpat,Bagpat,Potato,Desi,FAQ,1800.0,2200.0,2000.0,2024-07-29,30.53,0.93,26.75,35.21,81.04,1.96,22.12,0.93,30.53,2300.0,28.81,30.29,2000.0,0.13,30.53,2400.0,4.35,31.53,3070.0,8.758571428571427,61.31,2480.0,30.72142857142857,16.903000000000002,507.09,2452.6666666666665,30.646333333333335,0,0,7,211,31,1
Uttar Pradesh,saharanpur,Rampurmaniharan,Onion,Red,FAQ,2400.0,2465.0,2435.0,2023-10-18,20.19,0.08,15.4,26.96,74.76,1.8,18.51,1.04,21.07,1300.0,1.04,21.07,2450.0,20.14,22.46,1210.0,0.16,23.5,2320.0,0.9028571428571428,6.32,1643.7142857142858,20.94428571428572,8.404,252.12,1739.5333333333333,22.324,0,0,10,291,42,0
Haryana,gurgaon,Sohna,Onion,Onion,FAQ,1600.0,1600.0,1600.0,2023-07-10,29.97,22.36,26.88,34.23,80.39,1.21,12.88,22.36,29.97,1200.0,63.31,29.87,1400.0,10.57,30.11,7400.0,8.7,30.01,1200.0,34.06,238.42,3121.428571428572,29.94142857142857,23.537666666666667,706.13,2420.0,30.104,0,1,7,191,28,1
West Bengal,nadia,Nadia,Potato,Jyoti,FAQ,2720.0,2800.0,2780.0,2024-11-02,26.04,0.01,21.55,30.34,77.74,0.74,14.22,0.01,26.04,5000.0,0.01,26.04,4750.0,0.15,26.92,4900.0,0.31,26.98,5000.0,0.01,0.07,3707.142857142857,26.04,0.144,4.32,3832.0,26.75733333333333,1,0,11,307,44,0
Punjab,kapurthala,Phagwara,Potato,Other,FAQ,812.0,858.0,858.0,2025-02-17,19.12,0.0,12.33,27.93,35.38,1.26,18.16,0.0,19.12,800.0,0.0,16.27,800.0,0.0,16.44,740.0,0.0,13.18,2196.0,0.0,0.0,1447.857142857143,18.485714285714288,0.0,0.0,1246.0333333333333,16.811,1,0,2,48,8,0
Haryana,karnal,Indri,Onion,Other,FAQ,2500.0,2700.0,2500.0,2025-03-04,19.36,0.04,12.69,27.37,43.16,2.81,19.91,0.04,19.36,820.0,0.2,19.69,500.0,0.0,18.64,550.0,12.52,17.13,3500.0,0.1314285714285694,0.9199999999999858,1688.571428571429,19.548571428571428,1.0086666666666668,30.26,1506.0,19.098000000000003,0,0,3,63,10,0
Kerala,thiruvananthapuram,Pothencode,Onion,Other,FAQ,22800.0,22880.0,22840.0,2023-10-18,26.89,23.67,25.65,28.54,84.81,2.13,15.24,23.67,26.89,9800.0,23.67,26.89,1500.0,10.5,26.81,3200.0,40.26,26.4,3300.0,23.67,165.69,9054.285714285714,26.89,13.893333333333334,416.8,6679.333333333333,26.827,0,1,10,291,42,0
Maharashtra,pune,Pune(Pimpri),Onion,Local,FAQ,2900.0,3000.0,2950.0,2024-07-15,23.75,18.6,21.68,25.75,90.56,3.24,12.44,18.6,23.75,2500.0,47.45,24.45,1850.0,64.9,24.26,2500.0,48.07,24.46,2200.0,35.08571428571429,245.6,2642.8571428571427,24.15,49.94466666666667,1498.34,2405.0,24.325333333333337,0,1,7,197,29,1
West Bengal,north 24 parganas,Barasat,Tomato,Other,FAQ,9000.0,9000.0,9000.0,2023-07-20,29.44,2.51,26.79,32.92,86.61,3.16,19.74,2.51,29.44,1660.0,3.92,29.29,2300.0,4.79,29.17,1620.0,10.72,29.36,2200.0,3.517142857142857,24.62,4917.142857142857,29.33285714285714,6.430666666666667,192.92,4602.0,29.127333333333336,0,0,7,201,29,1
West Bengal,kolkata,Bara Bazar (Posta Bazar),Potato,Jyoti,FAQ,1580.0,1620.0,1600.0,2025-05-27,28.72,11.28,26.23,32.39,86.29,3.15,13.57,6.96,29.81,1500.0,6.4,31.12,1560.0,3.12,32.01,1650.0,0.0,33.95,1320.0,5.297142857142857,37.08,1485.7142857142858,29.72285714285714,4.326,129.78,1518.6666666666667,31.801666666666662,0,0,5,147,22,2
Tamilnadu,thanjavur,Kumbakonam (Uzhavar Sandhai ),Potato,(Red Nanital),Local,3000.0,3600.0,3600.0,2025-04-22,30.77,0.38,27.34,35.01,66.46,1.95,24.21,0.23,30.79,2600.0,0.23,30.79,3600.0,0.22,31.25,3600.0,0.12,31.35,3000.0,0.2514285714285719,1.7600000000000036,3342.8571428571427,30.787142857142857,0.1926666666666668,5.780000000000007,3306.6666666666665,31.27466666666667,1,0,4,112,17,2
Gujarat,anand,"Anand(Veg,Yard,Anand)",Onion,Onion,FAQ,2000.0,2250.0,2200.0,2023-10-07,26.14,0.0,21.01,31.22,80.54,1.21,20.99,0.0,26.14,1250.0,0.0,25.39,2255.0,0.0,25.7,2400.0,0.06,28.21,1300.0,0.0,0.0,1725.0,25.925714285714285,0.004,0.12,1823.5,26.456000000000003,1,0,10,280,40,0
Tamilnadu,salem,Edapadi (Uzhavar Sandhai ),Potato,(Red Nanital),Local,5000.0,6000.0,6000.0,2024-10-09,26.49,12.26,22.79,31.07,82.17,1.01,18.09,12.26,26.49,6000.0,12.26,26.49,7000.0,17.4,25.73,5000.0,17.4,25.73,7000.0,12.26,85.82,5857.142857142857,26.49,15.515333333333333,465.46,6206.666666666667,26.008666666666667,0,0,10,283,41,0
Rajasthan,ganganagar,Suratgarh,Onion,1st Sort,FAQ,2600.0,3200.0,2900.0,2024-07-23,30.28,14.83,27.73,33.62,84.24,1.33,6.34,6.12,31.53,1800.0,0.67,31.75,2900.0,15.94,30.9,2900.0,4.21,30.11,1800.0,5.807142857142856,40.64999999999999,2871.428571428572,31.414285714285715,5.12,153.6,2576.6666666666665,31.069000000000003,0,0,7,205,30,1
Andhra Pradesh,hyderabad,Gudimalkapur,Potato,(Red Nanital),FAQ,1300.0,1600.0,1400.0,2023-06-29,28.94,2.67,24.07,36.15,58.17,4.72,18.64,2.67,28.94,1175.0,0.12,30.1,5600.0,0.12,30.1,1600.0,5.94,28.92,1450.0,2.3057142857142856,16.14,2967.8571428571427,29.10571428571429,1.07,32.1,2639.1666666666665,29.55966666666667,0,0,6,180,26,1
Uttar Pradesh,meerut,Meerut,Wheat,Dara,FAQ,2510.0,2530.0,2525.0,2024-01-17,12.12,0.0,5.38,20.36,44.58,1.62,9.66,0.0,12.12,1800.0,0.0,11.26,2510.0,0.0,10.41,2545.0,0.0,12.22,700.0,0.0,0.0,1659.2857142857142,12.10142857142857,0.007,0.21,1620.1666666666667,12.047666666666666,1,0,1,17,3,0
Gujarat,navsari,Navsari,Potato,(Red Nanital),FAQ,1400.0,2500.0,1950.0,2023-11-30,23.69,0.01,17.78,31.24,73.4,1.57,14.3,0.01,23.69,1700.0,0.0,28.16,1700.0,0.0,27.27,3500.0,0.0,27.17,1550.0,2.821428571428572,19.75,2721.428571428572,23.73,0.6756666666666666,20.27,2706.6666666666665,26.408,0,0,11,334,48,0
Madhya Pradesh,dhar,Kukshi,Wheat,Other,FAQ,2600.0,2600.0,2600.0,2023-09-09,25.54,31.6,23.56,28.79,89.35,3.92,8.25,31.6,25.54,1000.0,31.6,25.54,1300.0,38.1,25.51,1000.0,28.04,25.95,1000.0,31.6,221.2,1730.0,25.54,33.586,1007.58,1746.6,25.622666666666667,0,1,9,252,36,1
Orissa,kendrapara,Kendrapara,Potato,Potato,FAQ,2400.0,2500.0,2500.0,2024-05-13,30.89,10.73,26.51,37.02,70.55,2.03,24.34,27.04,30.54,2200.0,23.72,30.71,2000.0,5.24,31.05,2500.0,3.6,33.09,1800.0,23.76142857142857,166.32999999999998,2371.428571428572,30.638571428571428,10.721666666666666,321.65,2206.6666666666665,31.206666666666663,0,1,5,134,20,2
Karnataka,kolar,Chickkaballapura,Tomato,Tomato,FAQ,4000.0,13000.0,8000.0,2023-07-12,24.47,6.57,19.2,31.33,68.22,4.45,17.26,6.57,24.47,1250.0,6.57,24.47,5500.0,9.71,24.1,4660.0,1.53,24.65,2000.0,6.57,45.99,5940.0,24.47,6.195333333333334,185.86,4921.0,24.402,0,0,7,193,28,1
Himachal Pradesh,kangra,Palampur,Onion,Other,FAQ,4800.0,5000.0,4900.0,2024-11-30,14.27,0.01,11.91,20.02,43.76,1.05,9.13,0.01,14.27,3000.0,0.0,14.51,4800.0,0.0,14.32,4300.0,0.0,14.18,3000.0,0.0028571428571448,0.0200000000000142,3764.285714285714,14.441428571428572,0.0006666666666666,0.02,3705.0,14.199333333333334,1,0,11,335,48,0
Maharashtra,nagpur,Nagpur,Wheat,Other,FAQ,2500.0,2740.0,2650.0,2023-11-11,22.84,0.0,17.32,29.46,72.13,0.78,16.37,0.0,22.04,2687.0,0.0,22.0,3150.0,0.0,22.0,2450.0,0.0,22.45,3950.0,0.0,0.0,2944.5714285714284,22.13714285714286,0.0,0.0,2893.366666666667,22.109,1,0,11,315,45,0
Uttar Pradesh,lalitpur,Lalitpur,Onion,Red,FAQ,1260.0,1300.0,1280.0,2025-05-28,34.84,4.46,30.24,40.41,41.89,2.08,17.44,0.42,35.08,3470.0,0.06,33.71,1200.0,1.01,35.98,3470.0,0.6,36.33,3450.0,0.8214285714285688,5.749999999999982,1885.7142857142856,34.69857142857143,0.6676666666666667,20.03,1704.8333333333333,35.93433333333334,0,0,5,148,22,2
Orissa,bargarh,Bargarh,Potato,Other,FAQ,1800.0,2000.0,1900.0,2023-12-27,18.15,0.0,12.26,25.14,70.47,0.74,13.0,0.0,18.15,2000.0,0.0,18.24,4200.0,0.0,16.41,1700.0,0.0,15.34,1500.0,0.0,0.0,2885.714285714286,18.275714285714283,0.0,0.0,3013.333333333333,16.557,1,0,12,361,52,0
Punjab,hoshiarpur,Garh Shankar,Potato,Potato,FAQ,800.0,1200.0,1000.0,2024-05-17,36.01,0.0,27.59,44.58,28.7,2.63,23.96,0.0,36.01,1800.0,0.0,36.01,2000.0,0.0,34.55,2000.0,0.0,33.53,2000.0,0.0,0.0,1442.857142857143,36.01,0.0,0.0,1580.0,35.080666666666666,1,0,5,138,20,2
Andhra Pradesh,hyderabad,Bowenpally,Potato,(Red Nanital),FAQ,1000.0,2100.0,1800.0,2025-04-10,32.29,7.07,25.06,39.95,46.0,1.63,22.83,7.07,32.29,1200.0,0.21,32.0,1500.0,0.65,32.2,1000.0,0.06,32.13,1600.0,3.15,22.05,1385.7142857142858,32.12428571428571,0.9333333333333332,28.0,1560.0,32.28433333333333,0,0,4,100,15,2
Tamilnadu,erode,Thalavadi(Uzhavar Sandhai ),Onion,Bellary,Local,4400.0,4800.0,4800.0,2024-08-23,26.15,0.0,21.21,32.04,78.46,1.75,22.63,0.0,26.15,5000.0,0.0,26.15,5000.0,0.01,25.23,5000.0,8.02,26.29,5500.0,0.0,0.0,5285.714285714285,26.15,1.154,34.62,5163.333333333333,25.52133333333333,0,0,8,236,34,1
Rajasthan,bundi,Dei,Wheat,Other,FAQ,2370.0,2386.0,2386.0,2023-10-13,28.47,0.0,21.57,36.76,55.88,1.43,19.63,0.0,27.96,2430.0,0.0,27.99,2240.0,0.0,27.72,2360.0,0.0,27.1,2310.0,0.0,0.0,2406.714285714286,28.04142857142857,0.0,0.0,2358.333333333333,27.261,1,0,10,286,41,0
Uttar Pradesh,bijnor,Chaandpur,Potato,Desi,FAQ,2000.0,2200.0,2100.0,2024-10-18,23.13,0.0,18.45,28.95,71.09,1.32,16.63,0.0,23.13,2160.0,0.0,23.56,2140.0,0.0,22.86,2140.0,0.0,23.98,2300.0,0.0,0.0,2710.0,23.314285714285717,0.1273333333333333,3.82,2619.0,23.325,1,0,10,292,42,0
Haryana,kurukshetra,Pehowa,Onion,Other,FAQ,1500.0,1600.0,1600.0,2023-07-24,29.51,3.89,26.39,32.63,83.8,1.58,23.24,3.89,29.51,2200.0,3.99,30.13,1500.0,9.13,28.97,1200.0,4.07,30.92,10000.0,3.961428571428572,27.730000000000004,2378.5714285714284,29.952857142857145,5.897333333333334,176.92000000000002,2519.9333333333334,29.953,0,0,7,205,30,1
Uttar Pradesh,sambhal,Chandausi,Onion,Red,FAQ,3300.0,3450.0,3385.0,2023-12-01,19.9,0.0,13.95,26.54,68.69,1.06,9.79,0.0,19.9,2450.0,0.0,19.99,950.0,0.05,18.61,3250.0,0.32,17.35,950.0,0.0,0.0,2047.857142857143,19.95142857142857,0.284,8.52,1935.5,18.89733333333333,1,0,12,335,48,0
Karnataka,belgaum,Belgaum,Potato,Local,FAQ,1500.0,2500.0,2000.0,2025-02-11,25.9,0.0,18.52,35.07,45.95,1.61,19.56,0.0,25.58,2000.0,0.0,24.06,2000.0,0.0,22.41,2000.0,0.0,21.92,2000.0,0.0,0.0,2200.0,25.305714285714284,0.0,0.0,2066.6666666666665,22.760666666666665,1,0,2,42,7,0
West Bengal,hooghly,Sheoraphuly,Onion,Nasik,FAQ,2400.0,2600.0,2500.0,2023-08-10,29.4,2.1,25.87,33.54,81.03,1.15,11.66,2.1,29.4,1540.0,3.74,28.98,1460.0,3.74,28.98,1500.0,21.73,28.21,1540.0,2.334285714285714,16.34,2081.428571428572,29.34,9.153666666666668,274.61,2227.6666666666665,28.700333333333333,0,0,8,222,32,1
Uttar Pradesh,maharajganj,Partaval,Onion,Red,FAQ,3800.0,3960.0,3875.0,2024-09-10,28.43,7.59,26.17,30.77,91.91,1.72,19.68,7.59,28.43,3350.0,3.0,29.18,3300.0,3.0,29.18,3860.0,4.0,28.8,3355.0,7.59,53.13,2760.714285714286,28.43,4.982333333333333,149.47,2606.1666666666665,28.97433333333333,0,0,9,254,37,1
Haryana,mewat,Tauru,Potato,Potato,FAQ,1100.0,1200.0,1200.0,2025-05-15,35.63,0.0,26.88,43.61,25.2,2.03,25.49,0.0,35.63,1000.0,0.09,34.79,1000.0,0.09,34.23,1000.0,1.82,31.64,1000.0,0.0642857142857122,0.4499999999999858,1142.857142857143,35.029999999999994,0.8246666666666668,24.74,1160.0,33.80566666666667,0,0,5,135,20,2
Nagaland,kohima,Jalukie,Tomato,Tomato,FAQ,13400.0,13600.0,13500.0,2023-07-28,23.64,2.68,19.03,28.65,78.53,0.18,16.76,4.52,23.85,3600.0,13.23,23.63,10600.0,18.89,24.05,8500.0,0.41,25.89,11300.0,6.7457142857142856,47.22,9914.285714285714,23.757142857142856,10.195,305.85,9893.333333333334,23.79233333333333,0,0,7,209,30,1
Kerala,kottayam,Ettumanoor,Onion,Big,FAQ,3600.0,4000.0,3800.0,2024-08-08,23.35,3.41,21.94,25.78,92.36,0.92,15.51,3.41,23.35,5200.0,3.41,23.35,7800.0,3.41,23.35,3700.0,4.08,23.47,6800.0,3.41,23.87,4528.571428571428,23.35,3.700333333333333,111.01,4836.666666666667,23.402,0,0,8,221,32,1
Haryana,panchkula,Raipur Rai,Potato,Other,FAQ,600.0,800.0,600.0,2023-11-16,20.02,0.0,15.74,27.14,54.26,1.23,15.15,0.0,19.92,1700.0,0.0,19.31,1200.0,0.0,18.74,1100.0,0.0,20.34,800.0,0.0,0.0,1892.857142857143,19.84714285714286,0.2026666666666665,6.0799999999999965,1931.6666666666667,19.546333333333333,1,0,11,320,46,0
Uttar Pradesh,aligarh,Aligarh,Potato,Desi,FAQ,1600.0,1750.0,1670.0,2024-04-30,31.03,0.0,24.07,39.36,20.64,3.36,27.63,0.0,33.58,1650.0,0.0,33.58,1500.0,0.54,33.51,1680.0,1.45,31.65,1680.0,0.0,0.0,1617.142857142857,33.215714285714284,0.3400000000000002,10.200000000000008,1601.0,32.919999999999995,0,0,4,121,18,2
Haryana,karnal,Gharaunda,Potato,Other,FAQ,1200.0,1500.0,1500.0,2023-09-10,27.12,11.95,23.69,31.75,86.28,2.48,20.02,11.95,27.12,1600.0,15.82,28.51,2000.0,3.2,29.02,1500.0,0.01,28.85,1800.0,13.055714285714286,91.39,1350.0,27.517142857142854,5.589,167.67,1666.6666666666667,29.132,0,0,9,253,36,1
Rajasthan,churu,Sujangarh,Potato,(Red Nanital),FAQ,600.0,800.0,700.0,2023-07-27,28.61,21.44,26.66,31.22,86.39,0.82,16.14,21.44,28.61,1200.0,12.73,29.64,1200.0,1.11,31.84,800.0,6.13,32.26,1300.0,16.462857142857143,115.24,1057.142857142857,29.198571428571427,6.066666666666666,182.0,1165.0,31.076,0,1,7,208,30,1
Uttar Pradesh,etah,Etah,Wheat,Dara,FAQ,2125.0,2350.0,2200.0,2023-08-26,28.48,0.0,25.02,33.17,80.36,3.09,20.46,0.0,28.48,2050.0,2.85,27.9,3800.0,25.12,28.64,1930.0,13.3,29.74,1060.0,0.2714285714285714,1.9,1696.428571428571,28.13714285714285,13.124666666666664,393.74,1671.6666666666667,28.84433333333333,0,0,8,238,34,1
Uttar Pradesh,badaun,Visoli,Potato,Desi,FAQ,700.0,700.0,700.0,2023-11-22,18.13,0.0,11.68,25.98,60.02,1.96,12.02,0.0,18.13,1000.0,0.0,18.13,3520.0,0.0,19.27,1000.0,0.0,19.7,8010.0,0.0,0.0,2086.428571428572,18.13,0.0,0.0,2179.5,19.10933333333333,1,0,11,326,47,0
Haryana,yamuna nagar,Jagadhri,Onion,Other,FAQ,2050.0,2550.0,2250.0,2024-01-10,11.53,0.0,5.35,21.62,55.84,1.61,11.57,0.0,11.53,2200.0,0.0,13.53,600.0,0.0,13.53,2800.0,0.0,13.27,425.0,0.0,0.0,1107.857142857143,11.815714285714284,0.0,0.0,1305.8333333333333,13.163333333333332,1,0,1,10,2,0
Madhya Pradesh,chhatarpur,Naugaon,Wheat,Dara Mill Quality,FAQ,2290.0,2350.0,2300.0,2023-09-05,27.76,15.37,24.64,31.72,81.7,1.86,13.9,15.37,27.76,2200.0,0.0,28.88,2300.0,0.12,28.44,2200.0,0.0,27.05,2200.0,6.587142857142857,46.11,2255.714285714286,28.2,1.6269999999999998,48.81,2246.0,28.091666666666665,0,0,9,248,36,1
West Bengal,alipurduar,Falakata,Potato,Red,FAQ,1800.0,1900.0,1850.0,2024-04-17,28.15,4.74,22.44,35.44,51.15,1.49,20.07,4.74,28.15,2300.0,2.3,30.16,1950.0,0.21,29.88,1700.0,0.49,27.25,2200.0,4.391428571428572,30.74,1864.2857142857144,28.43714285714285,1.5160000000000002,45.48,1893.3333333333333,29.05,0,0,4,108,16,2
Himachal Pradesh,kangra,Kangra(Jassour),Potato,Other,FAQ,1800.0,2400.0,2100.0,2024-12-16,12.99,0.0,9.6,19.33,29.9,0.76,12.27,0.0,12.99,2500.0,0.0,10.15,2400.0,0.0,9.04,2200.0,0.23,8.38,2800.0,0.0,0.0,2307.1428571428573,12.178571428571429,0.023,0.6900000000000001,2448.333333333333,10.216333333333331,1,0,12,351,51,0
Maharashtra,ahmednagar,Shevgaon(Bodhegaon),Wheat,Maharashtra 2189,FAQ,2500.0,2500.0,2500.0,2023-09-25,25.27,5.54,20.93,30.51,81.35,1.99,16.71,5.54,25.27,1750.0,2.7,24.96,2100.0,2.7,24.96,1600.0,17.76,24.35,1600.0,5.134285714285715,35.940000000000005,2039.2857142857144,25.22571428571428,10.798000000000002,323.94000000000005,1996.9666666666667,24.717,0,0,9,268,39,1
Uttar Pradesh,hardoi,Shahabad(New Mandi),Potato,Potato,FAQ,1150.0,1250.0,1200.0,2025-05-15,36.14,0.0,28.8,44.23,18.36,2.12,25.74,0.0,36.14,3165.0,0.0,35.67,1210.0,0.0,35.67,3165.0,0.0,34.84,1200.0,0.0,0.0,2029.2857142857144,36.14,0.0,0.0,1824.8333333333333,35.53066666666667,1,0,5,135,20,2
Haryana,rewari,Kosli,Onion,Other,FAQ,2500.0,2500.0,2500.0,2023-09-06,29.97,0.3,24.54,35.99,68.78,1.96,19.86,1.06,30.41,1500.0,0.0,30.51,1900.0,0.0,30.42,1000.0,0.25,29.42,1200.0,0.4971428571428571,3.48,1742.857142857143,30.390000000000004,0.143,4.29,1700.0,30.408,1,0,9,249,36,1
Chhattisgarh,bilaspur,Bilaspur,Onion,Other,FAQ,2000.0,2500.0,2300.0,2024-03-07,24.51,1.41,17.43,33.29,38.38,1.86,19.42,1.41,24.51,800.0,0.0,22.6,1300.0,1.75,26.21,2700.0,3.5,24.52,1600.0,0.8057142857142857,5.64,1800.0,24.285714285714285,0.7703333333333334,23.110000000000003,1763.3333333333333,24.637,0,0,3,67,10,0
Uttar Pradesh,kaushambi,Bharwari,Onion,Red,FAQ,1960.0,2115.0,2040.0,2023-12-22,14.05,0.0,8.56,19.12,48.63,0.91,7.45,0.0,13.32,2460.0,0.0,15.04,2500.0,0.0,17.26,850.0,14.1,22.08,810.0,0.0,0.0,1585.0,14.104285714285714,0.7466666666666667,22.4,2012.5,18.103666666666665,0,0,12,356,51,0
Uttar Pradesh,jhansi,Moth,Potato,Desi,FAQ,1130.0,1300.0,1240.0,2023-09-14,27.15,4.38,24.86,29.23,90.54,1.19,12.61,4.38,27.15,1810.0,21.54,27.33,1250.0,4.33,27.36,2350.0,18.71,27.79,1710.0,16.637142857142855,116.46,1727.857142857143,27.27857142857143,14.093333333333334,422.8,1704.6666666666667,27.42,0,1,9,257,37,1
Rajasthan,bikaner,Bikaner (F&V),Potato,Other,FAQ,700.0,900.0,800.0,2024-01-17,14.13,0.0,7.34,22.91,33.68,2.25,8.19,0.0,14.41,800.0,0.0,15.99,1500.0,0.0,12.09,700.0,0.0,12.58,700.0,0.0,0.0,1243.7142857142858,14.47857142857143,0.0,0.0,1492.5666666666666,13.157666666666666,1,0,1,17,3,0
Maharashtra,nashik,Umrane,Onion,Other,FAQ,1500.0,4625.0,3950.0,2024-09-27,24.09,42.98,23.09,26.22,94.56,4.15,5.46,42.98,24.09,4100.0,42.98,24.09,4375.0,72.32,23.84,4150.0,72.32,23.84,4600.0,42.98,300.86,4238.342857142858,24.09,58.62799999999999,1758.8399999999997,4248.613333333334,23.956666666666667,0,1,9,271,39,1
West Bengal,howrah,Uluberia,Onion,Other,FAQ,2000.0,2400.0,2300.0,2025-04-08,29.37,0.06,24.66,34.72,67.35,2.3,20.68,0.06,29.37,2300.0,0.32,30.85,3800.0,0.1,31.43,4000.0,1.99,30.7,2300.0,0.1342857142857162,0.940000000000014,2748.5714285714284,29.792857142857144,0.1896666666666666,5.69,2425.333333333333,30.979666666666667,1,0,4,98,15,2
Orissa,nuapada,Khariar,Potato,Local,FAQ,2000.0,2100.0,2000.0,2023-12-05,18.27,7.16,17.57,19.44,94.49,2.51,5.69,0.01,19.27,2000.0,0.0,19.28,2100.0,2.23,19.09,6000.0,0.0,19.67,2000.0,1.0271428571428571,7.19,3714.285714285714,19.032857142857143,0.3956666666666667,11.87,3210.0,19.105,0,0,12,339,49,0
Haryana,fatehabad,Jakhal,Potato,Other,FAQ,1600.0,1600.0,1600.0,2024-06-15,39.99,0.01,33.05,46.43,22.08,5.03,26.04,0.0,39.26,1800.0,0.0,39.7,1600.0,0.0,37.92,1600.0,0.17,38.41,1600.0,0.0014285714285714,0.01,1871.4285714285716,39.55285714285714,0.5423333333333338,16.270000000000014,1695.0,37.90733333333333,0,0,6,167,24,1
Tamilnadu,dharmapuri,Dharmapuri(Uzhavar Sandhai ),Onion,Bellary,Local,6000.0,6400.0,6400.0,2024-10-01,27.41,0.81,22.07,33.98,71.48,1.26,22.85,0.81,27.41,4400.0,0.81,27.41,5000.0,0.18,26.3,6000.0,5.09,26.91,4400.0,0.81,5.67,5257.142857142857,27.41,2.8386666666666667,85.16,5396.666666666667,26.7,0,0,10,275,40,0
West Bengal,hooghly,Kalipur,Onion,Nasik,FAQ,4600.0,4800.0,4700.0,2023-11-23,19.27,0.0,14.0,25.7,79.84,1.46,12.89,0.0,20.37,4700.0,0.0,20.37,4800.0,0.0,22.41,1500.0,0.01,22.94,4300.0,0.0,0.0,3385.714285714286,20.212857142857143,0.0016666666666666,0.05,3049.333333333333,21.785666666666668,1,0,11,327,47,0
Haryana,gurgaon,Sohna,Tomato,Tomato,FAQ,1400.0,2000.0,1500.0,2023-06-22,34.46,5.69,30.11,39.18,54.81,2.57,19.02,5.69,34.46,1000.0,1.76,34.24,1000.0,5.68,33.94,1200.0,2.86,32.74,1400.0,2.882857142857143,20.18,1235.7142857142858,34.30285714285714,3.4546666666666668,103.64,1138.3333333333333,33.81466666666667,0,0,6,173,25,1
Tamilnadu,krishnagiri,Kaveripattinam(Uzhavar Sandhai ),Onion,Bellary,Local,5000.0,6000.0,6000.0,2024-11-23,22.13,0.01,16.53,28.57,80.47,1.7,15.99,0.01,22.13,6000.0,0.0,22.17,5000.0,0.01,21.83,5000.0,0.0,21.69,6500.0,0.0028571428571429,0.0200000000000008,5642.857142857143,22.158571428571427,0.004,0.12,5606.666666666667,21.926,1,0,11,328,47,0
Haryana,kurukshetra,Shahabad,Potato,Potato,FAQ,1325.0,1500.0,1400.0,2024-04-20,28.42,1.24,21.12,36.03,34.13,2.73,22.5,1.24,28.42,1800.0,3.04,30.48,1800.0,0.12,29.44,1000.0,0.13,29.04,1000.0,1.4971428571428578,10.480000000000004,1571.428571428571,28.714285714285715,1.0786666666666669,32.36,1441.0666666666666,29.019333333333336,0,0,4,111,16,2
Uttar Pradesh,unnao,Unnao,Wheat,Dara,FAQ,2125.0,2325.0,2315.0,2023-09-04,29.71,0.01,24.64,34.8,69.82,1.08,20.44,0.01,29.71,1185.0,0.11,29.87,2115.0,0.0,29.71,2310.0,0.0,29.54,2135.0,0.0814285714285714,0.57,2131.428571428572,29.824285714285715,0.0373333333333333,1.12,1911.5,29.712333333333333,1,0,9,247,36,1
Uttar Pradesh,auraiya,Achalda,Wheat,Dara,FAQ,2400.0,2600.0,2500.0,2023-12-05,20.05,1.08,14.55,26.59,64.02,0.93,9.83,1.08,20.05,3400.0,5.08,20.52,1010.0,0.0,21.89,3350.0,0.3,19.89,800.0,3.937142857142857,27.56,2658.5714285714284,20.385714285714283,3.851333333333333,115.54,2194.333333333333,20.873666666666665,0,0,12,339,49,0
Madhya Pradesh,raisen,Obedullaganj,Wheat,Lokwan,FAQ,2100.0,2590.0,2376.0,2023-09-25,26.51,3.23,22.9,30.24,83.64,1.11,19.16,3.23,26.51,2326.0,9.41,26.78,2339.0,48.38,24.92,1950.0,0.0,27.36,2400.0,6.764285714285714,47.35,2381.285714285714,26.67142857142857,12.323,369.69,2349.5,26.139666666666667,0,0,9,268,39,1
Haryana,yamuna nagar,Jagadhri,Onion,Other,FAQ,2400.0,3000.0,2750.0,2025-03-07,18.41,0.0,10.76,28.6,40.65,1.82,22.27,0.0,18.41,2300.0,0.0,18.41,700.0,0.0,16.67,750.0,0.07,16.12,1800.0,0.0,0.0,1645.7142857142858,18.41,0.0186666666666666,0.56,1608.6666666666667,17.161333333333335,1,0,3,66,10,0
Rajasthan,hanumangarh,Hanumangarh(Urlivas),Potato,(Red Nanital),FAQ,800.0,900.0,850.0,2025-02-26,24.72,0.1,19.67,31.78,37.86,1.87,10.77,0.1,24.72,2600.0,0.1,24.72,900.0,0.02,23.0,2340.0,0.01,20.49,900.0,0.1,0.7000000000000001,1995.0,24.72,0.0366666666666666,1.1,1815.1666666666667,22.70433333333333,1,0,2,57,9,0
Gujarat,rajkot,Jasdan,Wheat,2189 No. 1,FAQ,2400.0,2940.0,2500.0,2023-12-06,20.97,0.0,13.86,29.24,53.59,2.92,13.07,0.0,20.97,1750.0,0.0,20.34,2770.0,0.0,20.34,2590.0,0.0,22.21,2765.0,0.0,0.0,2543.5714285714284,20.97,0.0,0.0,2557.1666666666665,21.419666666666668,1,0,12,340,49,0
Haryana,sonipat,Sonepat,Potato,Other,FAQ,800.0,1100.0,800.0,2025-03-06,17.85,0.0,7.97,29.83,28.7,2.93,22.44,0.0,17.85,900.0,0.02,16.86,750.0,0.02,20.29,900.0,0.15,19.9,800.0,0.0142857142857154,0.100000000000008,1571.428571428571,17.142857142857142,0.0336666666666666,1.01,1681.6666666666667,19.121666666666663,1,0,3,65,10,0
Maharashtra,pune,Junnar(Narayangaon),Potato,Other,Local,400.0,1700.0,1100.0,2025-01-26,22.91,0.0,14.86,31.33,49.5,1.97,19.85,0.0,22.91,1400.0,0.0,22.88,1600.0,0.0,22.35,1400.0,0.0,20.35,1700.0,0.0,0.0,1442.857142857143,22.897142857142857,0.0,0.0,1466.6666666666667,21.692666666666664,1,0,1,26,4,0
Uttar Pradesh,amethi,Jafarganj,Onion,Red,FAQ,2020.0,2120.0,2070.0,2024-01-16,13.83,0.0,6.83,20.67,36.43,1.05,4.36,0.0,13.83,2025.0,0.0,13.91,700.0,0.0,14.22,685.0,0.0,13.21,2560.0,0.0,0.0,2073.5714285714284,13.864285714285714,0.0,0.0,1808.3333333333333,13.622666666666667,1,0,1,16,3,0
Bihar,madhepura,Murliganj,Potato,Kufri Megha,FAQ,1500.0,1900.0,1800.0,2025-02-05,20.45,0.0,13.05,29.78,54.1,1.6,15.03,0.0,18.38,1850.0,0.0,17.14,1990.0,0.0,15.66,1800.0,0.0,15.86,2800.0,0.0,0.0,1842.857142857143,17.824285714285715,0.0026666666666666,0.08,1951.3333333333333,17.008333333333333,1,0,2,36,6,0
Bihar,bhojpur,Aarah,Potato,Jyoti,FAQ,1700.0,1900.0,1800.0,2024-04-06,33.92,0.0,27.13,41.87,17.63,2.79,17.03,0.0,32.8,1725.0,0.0,31.48,1725.0,0.0,28.44,2025.0,0.0,26.09,1600.0,0.0,0.0,1871.4285714285716,32.86142857142857,0.456,13.68,1768.5,28.732000000000003,0,0,4,97,14,2
Uttar Pradesh,bijnor,Chaandpur,Onion,Red,FAQ,2400.0,2600.0,2500.0,2024-11-06,22.48,0.0,17.99,27.83,68.16,0.96,13.37,0.0,22.48,2020.0,0.0,22.2,3850.0,0.0,22.97,2150.0,0.0,24.57,2060.0,0.0,0.0,2451.428571428572,22.32,0.0,0.0,2672.333333333333,22.83233333333333,1,0,11,311,45,0
Bihar,rohtas,Natwar,Potato,Jyoti,FAQ,800.0,1000.0,900.0,2025-04-09,33.14,0.02,26.4,40.62,28.67,2.14,18.5,0.02,33.14,2200.0,0.0,31.5,900.0,0.0,30.69,2300.0,0.0,30.8,2300.0,0.0057142857142857,0.04,1514.2857142857142,32.54571428571428,0.0013333333333333,0.04,1690.0,30.60833333333333,1,0,4,99,15,2
Assam,lakhimpur,Golagokarnath,Tomato,Hybrid,FAQ,6780.0,6980.0,6880.0,2023-07-08,29.87,12.19,26.05,34.03,80.75,1.45,11.47,12.19,29.87,2280.0,16.26,29.06,1220.0,60.67,28.69,1160.0,5.61,29.8,1140.0,13.934285714285712,97.54,3905.714285714286,29.52285714285714,29.819333333333336,894.58,2839.333333333333,29.316,0,0,7,189,27,1
West Bengal,nadia,Nadia,Potato,Jyoti,FAQ,1340.0,1400.0,1380.0,2025-01-15,16.79,0.0,10.84,23.77,75.18,1.93,12.41,0.0,18.26,1320.0,0.0,18.88,1930.0,0.0,18.81,1420.0,0.0,15.27,1720.0,0.0,0.0,1542.857142857143,18.050000000000004,0.0,0.0,1690.3333333333333,17.486666666666668,1,0,1,15,3,0
Andhra Pradesh,hyderabad,Bowenpally,Potato,(Red Nanital),FAQ,1000.0,1800.0,1600.0,2025-02-25,27.52,0.0,19.18,36.44,46.22,2.61,22.81,0.0,27.55,1400.0,0.0,27.55,1600.0,0.0,28.89,1300.0,0.0,28.8,2800.0,0.0,0.0,1971.4285714285716,27.54571428571429,0.0,0.0,2023.3333333333333,28.33533333333333,1,0,2,56,9,0
Rajasthan,bikaner,Bikaner (F&V),Onion,Other,FAQ,1300.0,1500.0,1400.0,2025-03-24,29.54,0.0,19.61,38.77,15.52,2.11,24.91,0.0,29.54,1100.0,0.0,26.22,1400.0,0.0,27.26,1200.0,0.08,21.91,2000.0,0.0085714285714285,0.06,1271.428571428571,27.83714285714285,0.0066666666666666,0.2,1400.0,24.97266666666667,1,0,3,83,13,0
Uttar Pradesh,ballia,Vilthararoad,Potato,Desi,FAQ,1700.0,1800.0,1750.0,2024-05-11,32.7,1.39,27.22,38.31,47.45,2.01,18.61,1.39,32.7,1640.0,0.08,30.79,1750.0,0.08,30.79,1620.0,4.16,30.52,1620.0,1.39,9.73,1796.428571428571,32.7,2.583,77.49000000000001,1780.8333333333333,30.69,0,0,5,132,19,2
Uttar Pradesh,jaunpur,Jaunpur,Potato,Badshah,FAQ,1175.0,1230.0,1200.0,2023-07-17,29.32,1.62,27.19,32.79,83.56,2.81,14.61,1.62,29.32,1535.0,34.33,30.61,2320.0,15.74,31.02,1430.0,4.3,30.71,1440.0,20.31142857142857,142.18,3009.285714285714,30.057142857142857,14.661666666666669,439.85,2841.5,30.77433333333333,0,1,7,198,29,1
Kerala,alappuzha,Chengannur,Onion,Small,FAQ,5000.0,6300.0,6200.0,2025-03-19,29.37,7.64,27.97,31.63,74.64,2.16,24.83,7.64,29.37,2400.0,6.7,29.57,2600.0,6.7,29.57,3000.0,4.78,28.99,2700.0,7.237142857142856,50.65999999999999,3914.285714285714,29.455714285714286,11.870333333333331,356.11,3456.6666666666665,29.062,0,0,3,78,12,0
Tamilnadu,the nilgiris,Coonoor(Uzhavar Sandhai ),Potato,(Red Nanital),Local,4000.0,5000.0,5000.0,2025-03-13,25.15,3.44,19.07,33.33,68.23,1.39,24.7,3.44,25.15,3800.0,7.49,23.82,4500.0,16.46,24.18,4500.0,0.0,27.64,4400.0,4.597142857142857,32.18,4200.0,24.77,5.363333333333333,160.9,4410.0,24.847,0,0,3,72,11,0
Punjab,ludhiana,Khanna,Potato,Other,FAQ,400.0,800.0,600.0,2023-10-14,24.46,6.88,19.1,31.65,67.6,1.3,15.56,6.88,24.46,950.0,6.88,24.46,2550.0,0.0,23.88,1200.0,0.0,23.9,2000.0,6.88,48.16,1114.2857142857142,24.46,2.064,61.92,1519.5333333333333,24.087666666666667,0,0,10,287,41,0
Tamilnadu,namakkal,Tiruchengode,Onion,Bellary,Local,6000.0,6500.0,6500.0,2024-10-04,27.26,15.56,24.21,30.64,77.86,0.87,18.12,15.56,27.26,4800.0,0.65,28.88,4800.0,5.13,28.56,6500.0,1.46,28.5,4800.0,4.910000000000001,34.370000000000005,5828.571428571428,28.417142857142856,3.544,106.32,5756.666666666667,28.593333333333337,0,0,10,278,40,0
Punjab,amritsar,Rayya,Onion,Red,FAQ,1600.0,1600.0,1600.0,2023-06-16,32.54,0.43,27.21,37.58,55.78,1.63,26.4,60.5,30.44,600.0,60.5,30.44,700.0,1.39,35.84,1600.0,0.0,35.45,1000.0,51.91857142857143,363.43,1028.571428571429,30.74,20.716,621.48,880.0,34.206,0,1,6,167,24,1
Gujarat,bhavnagar,Mahuva(Station Road),Wheat,Kalyan,FAQ,1855.0,3360.0,2610.0,2023-12-07,21.92,0.0,16.78,28.88,67.48,2.45,12.26,0.0,22.2,3055.0,0.0,21.88,2285.0,0.07,23.47,1895.0,0.0,21.19,2500.0,0.0,0.0,2462.1428571428573,22.16,0.0153333333333333,0.46,2444.833333333333,22.639333333333337,1,0,12,341,49,0
Tamilnadu,theni,Kambam(Uzhavar Sandhai ),Onion,Bellary,Local,5400.0,5400.0,5400.0,2024-08-28,23.21,0.13,19.63,28.03,82.82,1.91,16.17,0.31,23.24,4400.0,0.31,23.24,6000.0,0.31,23.24,6000.0,0.21,23.31,5200.0,0.2842857142857143,1.99,5200.0,23.235714285714288,0.296,8.879999999999999,5346.666666666667,23.26933333333333,1,0,8,241,35,1
Tamilnadu,madurai,Anna nagar(Uzhavar Sandhai ),Onion,Bellary,Local,8000.0,9000.0,9000.0,2024-11-14,25.68,7.49,23.9,28.65,90.66,1.85,14.26,7.49,25.68,6500.0,7.49,25.68,6500.0,0.53,25.35,6000.0,0.13,25.71,6500.0,7.49,52.43,6971.428571428572,25.68,2.484666666666667,74.54,6763.333333333333,25.569000000000003,0,0,11,319,46,0
Uttar Pradesh,meerut,Mawana,Potato,Desi,FAQ,1180.0,1300.0,1240.0,2023-09-05,29.14,0.2,23.87,34.09,78.35,0.88,22.62,0.2,29.14,2300.0,0.0,27.27,2290.0,0.0,27.37,1200.0,0.04,27.86,1260.0,0.0571428571428571,0.4,1839.2857142857144,27.804285714285715,0.016,0.48,1771.8333333333333,27.590666666666667,1,0,9,248,36,1
Kerala,ernakulam,Kothamangalam,Onion,Big,FAQ,3500.0,4500.0,4000.0,2024-07-18,26.46,15.07,25.79,27.39,90.97,3.94,7.19,15.07,26.46,4800.0,42.74,26.54,4500.0,42.74,26.54,3700.0,60.03,26.54,3500.0,30.88142857142857,216.17,4257.142857142857,26.505714285714284,43.51733333333334,1305.5200000000002,4580.0,26.51333333333333,0,1,7,200,29,1
Maharashtra,satara,Satara,Potato,Other,FAQ,2600.0,3000.0,2800.0,2024-07-04,25.5,2.71,22.81,29.38,83.06,6.3,16.19,6.23,25.25,2750.0,8.67,24.9,2800.0,2.29,24.79,2800.0,20.38,26.49,2450.0,9.845714285714283,68.92,2828.5714285714284,25.301428571428573,9.248,277.44,2778.6,24.844666666666665,0,0,7,186,27,1
Himachal Pradesh,solan,Solan,Potato,Other,FAQ,1500.0,1800.0,1700.0,2023-06-12,28.61,0.0,22.13,34.66,52.58,2.67,28.15,0.04,28.7,800.0,0.56,25.32,1500.0,1.99,25.52,1800.0,1.99,25.52,1800.0,0.2828571428571428,1.98,1428.571428571429,27.821428571428573,0.7407692307692308,9.63,1423.076923076923,26.71307692307692,1,0,6,163,24,1
Kerala,malappuram,Kondotty,Onion,Other,FAQ,2400.0,2600.0,2500.0,2024-05-13,27.43,20.0,25.43,30.84,83.23,0.73,13.37,20.0,27.43,4000.0,7.07,27.76,3050.0,4.56,28.41,2500.0,7.9,28.57,3550.0,20.0,140.0,3200.0,27.43,10.579,317.37,2978.333333333333,27.723000000000003,0,1,5,134,20,2
Uttar Pradesh,aligarh,Aligarh,Tomato,Hybrid,FAQ,7400.0,7600.0,7500.0,2023-07-21,30.91,0.77,27.92,34.45,77.8,1.78,20.18,0.77,30.91,2250.0,0.77,30.91,2260.0,0.0,31.67,1050.0,4.53,30.09,1050.0,0.77,5.390000000000001,2517.1428571428573,30.91,1.8693333333333333,56.080000000000005,2705.333333333333,30.788666666666664,0,0,7,202,29,1
Himachal Pradesh,una,Santoshgarh,Onion,Onion,FAQ,1400.0,1600.0,1500.0,2023-06-24,32.98,10.31,27.91,38.03,60.41,1.92,18.19,10.31,32.98,1250.0,5.04,33.52,1500.0,4.32,33.38,1600.0,0.29,29.86,1500.0,8.051428571428572,56.36,1707.142857142857,33.21142857142858,4.381,131.43,1585.0,32.899,0,0,6,175,25,1
Uttar Pradesh,amethi,Sultanpur,Onion,Red,FAQ,1740.0,1900.0,1810.0,2024-02-13,18.93,2.24,13.0,26.12,46.62,1.26,9.82,0.0,17.46,700.0,0.0,15.7,1800.0,0.0,14.74,700.0,0.02,16.13,2540.0,0.32,2.24,1172.857142857143,17.167142857142856,0.078,2.3400000000000003,1316.5,15.77,1,0,2,44,7,0
West Bengal,birbhum,Rampurhat,Onion,Local,FAQ,1600.0,1700.0,1650.0,2025-04-17,29.84,3.5,23.98,36.74,60.44,2.9,15.58,0.45,29.5,1000.0,0.45,29.5,1000.0,0.63,28.86,3500.0,10.13,28.56,2000.0,0.8857142857142903,6.200000000000032,1900.0,29.548571428571428,2.5596666666666663,76.78999999999999,2062.333333333333,29.06733333333333,0,0,4,107,16,2
Uttar Pradesh,maharajganj,Nautnava,Potato,Desi,FAQ,2325.0,2500.0,2410.0,2024-07-12,29.79,15.93,26.69,33.45,84.21,2.56,16.51,15.93,29.79,1800.0,4.15,31.38,2500.0,11.49,31.62,2400.0,3.61,29.98,2500.0,15.93,111.51,2234.285714285714,29.79,7.224666666666667,216.74,2277.5,30.975666666666665,0,1,7,194,28,1
Punjab,patiala,Ghanaur,Potato,Other,FAQ,700.0,900.0,800.0,2025-02-03,15.9,0.0,8.19,24.85,38.64,1.33,13.31,0.0,15.9,650.0,0.0,15.69,600.0,0.0,15.33,570.0,0.0,12.46,560.0,0.0,0.0,764.2857142857143,15.895714285714288,0.0,0.0,719.0,14.727666666666666,1,0,2,34,6,0
Uttar Pradesh,mahoba,Mahoba,Rice,Common,FAQ,3150.0,3250.0,3190.0,2025-05-03,33.83,0.4,26.42,40.96,27.81,2.03,21.64,0.0,33.21,1220.0,0.13,32.79,1300.0,0.23,33.79,1190.0,0.0,34.07,1360.0,0.0757142857142847,0.5299999999999929,2084.285714285714,33.35428571428571,0.0603333333333333,1.81,1855.8333333333333,33.88066666666666,1,0,5,123,18,2
Haryana,kaithal,Pundri,Onion,Other,FAQ,2500.0,2600.0,2550.0,2023-10-11,24.85,0.0,18.86,32.88,61.8,1.77,19.99,0.0,24.85,2500.0,7.31,26.2,2450.0,0.0,27.06,1150.0,0.0,25.39,1180.0,5.221428571428571,36.55,1641.428571428571,25.81428571428572,1.715666666666667,51.47,1786.3333333333333,26.374,0,0,10,284,41,0
Karnataka,dharwad,Hubli (Amaragol),Potato,Potato,FAQ,1600.0,1900.0,1700.0,2025-01-29,23.1,0.0,14.9,33.38,45.39,2.37,19.75,0.0,23.1,1800.0,0.0,23.6,1600.0,0.0,22.95,2250.0,0.0,22.26,2200.0,0.0,0.0,1807.142857142857,23.14428571428571,0.0006666666666666,0.0200000000000004,1828.3333333333333,22.184666666666665,1,0,1,29,5,0
Kerala,kottayam,Athirampuzha,Potato,Potato,FAQ,3000.0,3200.0,3100.0,2024-02-12,24.17,0.0,18.22,31.31,66.08,0.45,25.01,0.0,24.17,4800.0,0.0,24.17,5200.0,0.0,24.89,2400.0,0.0,23.82,2200.0,0.0,0.0,3228.5714285714284,24.17,0.0,0.0,3293.333333333333,24.18533333333333,1,0,2,43,7,0
Uttar Pradesh,bareilly,Bareilly,Onion,Red,FAQ,3050.0,3125.0,3080.0,2024-09-05,28.17,5.77,24.76,32.38,85.63,1.21,18.3,5.77,28.17,2470.0,3.27,28.89,1900.0,1.09,28.98,2200.0,0.03,28.88,2200.0,4.698571428571428,32.89,2662.8571428571427,28.478571428571428,2.2786666666666666,68.36,2567.333333333333,28.57,0,0,9,249,36,1
Haryana,kaithal,Pundri,Onion,Other,FAQ,1000.0,1100.0,1050.0,2024-03-30,28.38,2.6,20.7,35.4,41.07,1.47,21.75,2.6,28.38,1000.0,1.21,27.43,1000.0,0.01,27.15,1180.0,0.0,23.8,1050.0,1.8057142857142852,12.639999999999995,1292.857142857143,27.837142857142855,0.5446666666666667,16.340000000000003,1308.3333333333333,26.852666666666668,0,0,3,90,13,0
Uttar Pradesh,bulandshahar,Buland Shahr,Potato,F.A.Q.,FAQ,950.0,1100.0,1010.0,2023-12-01,20.56,0.0,16.1,26.73,62.8,0.82,9.34,0.0,19.59,2520.0,0.0,19.59,850.0,0.0,19.59,900.0,0.09,18.52,3000.0,0.0,0.0,2319.285714285714,19.728571428571428,0.033,0.99,2192.4,19.23,1,0,12,335,48,0
West Bengal,north 24 parganas,Habra,Potato,Other,FAQ,1040.0,1100.0,1100.0,2025-04-08,28.95,0.42,24.63,33.92,68.64,1.74,20.68,0.42,28.95,1400.0,0.79,31.14,1800.0,0.0,31.75,1150.0,0.0,31.01,1700.0,0.901428571428568,6.309999999999976,1521.428571428571,30.08,2.5546666666666664,76.63999999999999,1495.6666666666667,30.788666666666664,0,0,4,98,15,2
Haryana,panipat,Madlauda,Potato,Other,FAQ,1200.0,1200.0,1200.0,2023-09-24,27.98,1.03,23.57,33.88,76.39,1.23,12.2,7.16,28.57,1200.0,0.21,29.27,2100.0,0.07,29.39,1300.0,6.22,26.69,900.0,5.29142857142857,37.03999999999999,1342.857142857143,28.58571428571429,1.4036666666666666,42.11,1348.3333333333333,28.755,0,0,9,267,38,1
Uttar Pradesh,shahjahanpur,Tilhar,Potato,Desi,FAQ,1910.0,2010.0,1960.0,2024-12-18,14.11,0.0,7.94,24.02,50.32,1.51,11.03,0.0,14.11,1950.0,0.0,14.13,1450.0,0.0,11.84,2000.0,0.26,15.15,2060.0,0.0,0.0,1914.2857142857144,14.461428571428572,0.0146666666666666,0.44,1969.6666666666667,13.302666666666664,1,0,12,353,51,0
Haryana,ambala,Naraingarh,Tomato,Tomato,FAQ,3000.0,4500.0,4000.0,2023-06-28,30.11,13.73,26.21,34.54,70.52,1.25,22.96,9.3,29.35,2000.0,9.3,29.35,950.0,9.3,29.35,600.0,16.89,30.01,1000.0,9.932857142857143,69.53,1574.2857142857142,29.458571428571428,15.089666666666666,452.69,1373.3333333333333,28.855333333333338,0,0,6,179,26,1
Haryana,sonipat,Gohana,Onion,Other,FAQ,1200.0,2000.0,1500.0,2024-04-27,32.29,0.65,25.04,39.91,23.72,2.59,23.73,0.65,32.29,1500.0,1.04,33.34,2200.0,0.0,31.56,1800.0,0.17,31.44,1400.0,0.9285714285714284,6.499999999999998,1385.7142857142858,33.040000000000006,1.038333333333333,31.15,1456.6666666666667,31.538666666666664,0,0,4,118,17,2
Madhya Pradesh,khandwa,Khandwa,Onion,Local,FAQ,775.0,1000.0,800.0,2024-01-14,21.14,0.0,15.21,29.11,53.74,1.36,16.53,0.0,22.8,800.0,0.0,21.16,1000.0,0.0,21.84,2638.0,1.46,21.82,3004.0,0.0,0.0,1879.4285714285716,21.74571428571429,0.9006666666666666,27.02,1964.6333333333332,21.189000000000004,0,0,1,14,2,0
Maharashtra,beed,Majalgaon,Wheat,Other,FAQ,2330.0,2900.0,2400.0,2023-09-16,25.26,0.27,22.12,29.66,76.39,4.64,12.39,0.27,25.26,2650.0,0.01,27.04,2620.0,6.46,25.74,1850.0,0.41,27.18,2500.0,0.4499999999999995,3.149999999999997,2455.1428571428573,26.02857142857143,1.7566666666666668,52.7,2556.866666666667,26.577666666666666,0,0,9,259,37,1
Punjab,gurdaspur,Dhariwal,Potato,Other,FAQ,1400.0,1700.0,1600.0,2024-08-24,30.39,4.79,26.51,33.93,75.65,0.5,20.46,4.79,30.39,2600.0,2.54,30.34,2700.0,1.75,29.61,1900.0,13.43,29.92,1900.0,3.182857142857143,22.28,2428.5714285714284,30.354285714285712,5.758000000000001,172.74000000000004,2498.333333333333,29.88733333333333,0,0,8,237,34,1
Karnataka,belgaum,Belgaum,Tomato,Tomato,FAQ,1000.0,1200.0,1100.0,2023-10-21,24.61,0.0,19.34,30.73,74.47,1.83,18.23,0.02,24.35,4500.0,0.87,24.77,2500.0,0.0,24.55,2600.0,16.15,23.88,2000.0,0.1999999999999999,1.4,2748.0,24.22571428571428,6.889666666666667,206.69,2284.833333333333,23.895666666666667,0,0,10,294,42,0
Uttar Pradesh,badaun,Shahaswan,Potato,Potato,FAQ,1450.0,1600.0,1500.0,2024-04-27,34.04,0.07,27.69,40.85,20.79,3.1,23.88,0.07,34.04,1710.0,0.0,34.21,1690.0,0.0,34.21,1630.0,0.24,31.9,900.0,0.07,0.49,1528.571428571429,34.04,0.0483333333333333,1.45,1580.3333333333333,33.521,1,0,4,118,17,2
Maharashtra,nashik,Lasalgaon,Wheat,Maharashtra 2189,FAQ,2700.0,3350.0,3027.0,2023-11-02,21.46,0.0,15.49,28.73,70.64,2.03,17.6,0.0,21.46,2201.0,0.0,20.74,2851.0,0.0,20.74,3714.27,0.0,20.69,4400.0,0.0,0.0,3096.8571428571427,21.15142857142857,0.0,0.0,3378.024,20.831,1,0,11,306,44,0
Uttar Pradesh,varanasi,Varanasi(F&V),Onion,Red,FAQ,1720.0,1850.0,1775.0,2024-01-04,16.89,1.44,14.17,21.27,75.58,0.8,6.44,1.23,17.84,2515.0,0.0,15.15,735.0,0.0,17.77,760.0,0.0,14.99,2510.0,0.84,5.88,2043.571428571429,16.91142857142857,0.196,5.88,1902.3333333333333,16.197333333333333,1,0,1,4,1,0
Uttar Pradesh,varanasi,Varanasi(F&V),Potato,Badshah,FAQ,1140.0,1250.0,1185.0,2023-07-29,31.75,14.15,28.15,36.29,74.67,1.94,14.94,14.15,31.75,2315.0,0.01,32.56,1580.0,0.89,31.95,2300.0,0.0,32.28,1570.0,5.021428571428572,35.150000000000006,2719.285714285714,32.72857142857143,3.6466666666666665,109.4,3136.333333333333,32.044000000000004,0,0,7,210,30,1
Tamilnadu,thanjavur,Kumbakonam (Uzhavar Sandhai ),Potato,(Red Nanital),Local,3000.0,3600.0,3600.0,2025-06-09,29.86,5.78,27.83,32.13,74.47,2.89,22.29,5.78,29.86,3000.0,0.67,30.98,3000.0,0.83,30.8,3600.0,0.74,31.09,3600.0,3.5900000000000003,25.130000000000003,3328.5714285714284,30.34,1.4680000000000002,44.040000000000006,3346.6666666666665,30.715333333333334,0,0,6,160,24,1
Gujarat,anand,"Anand(Veg,Yard,Anand)",Potato,Potato,FAQ,1300.0,1400.0,1350.0,2023-07-29,27.24,7.51,25.12,29.9,89.48,4.23,16.01,7.51,27.24,10500.0,23.31,28.56,1350.0,0.55,28.19,2140.0,15.77,28.87,1250.0,12.19,85.33,4241.428571428572,27.657142857142865,15.750666666666666,472.52,4115.166666666667,28.17733333333333,0,0,7,210,30,1
Orissa,khurda,Balugaon,Potato,Other,FAQ,1600.0,1700.0,1650.0,2023-09-24,28.04,4.72,26.87,29.63,88.33,2.64,12.85,5.23,28.4,2500.0,5.9,27.96,3000.0,3.33,28.36,2800.0,2.66,28.23,1650.0,4.985714285714287,34.900000000000006,2214.285714285714,28.25428571428571,16.429,492.87,2168.0,28.28533333333333,0,0,9,267,38,1
Himachal Pradesh,mandi,Dhanotu (Mandi),Onion,Other,FAQ,2300.0,2800.0,2500.0,2025-03-13,16.46,0.84,11.85,21.72,55.24,1.55,14.14,0.84,16.46,950.0,0.21,16.14,3200.0,0.0,15.31,2800.0,0.0,10.07,950.0,0.36,2.52,2064.285714285714,16.40285714285714,0.1423333333333333,4.27,1951.6666666666667,14.574666666666667,1,0,3,72,11,0
West Bengal,bankura,Khatra,Wheat,Sonalika,FAQ,2600.0,2850.0,2800.0,2023-10-10,28.34,0.0,24.14,32.61,80.82,1.23,17.05,0.0,28.34,1300.0,0.03,27.75,1300.0,1.3,28.24,1340.0,2.62,27.26,2800.0,0.0171428571428571,0.12,2274.285714285714,28.002857142857145,0.9486666666666668,28.46,2136.0,27.836666666666662,0,0,10,283,41,0
Kerala,kottayam,Pala,Potato,Potato,FAQ,3700.0,4000.0,3800.0,2023-11-27,24.84,3.74,21.61,28.78,86.31,0.36,20.6,1.23,24.64,7900.0,7.34,24.38,3900.0,7.34,24.38,2800.0,2.83,24.87,5200.0,4.207142857142857,29.45,6071.428571428572,24.557142857142857,4.955333333333333,148.66,5830.0,24.601,0,0,11,331,48,0
Uttar Pradesh,bulandshahar,Sikarpur,Onion,Red,FAQ,1200.0,1400.0,1300.0,2024-05-14,34.47,0.0,25.36,43.09,15.96,2.4,25.32,0.0,34.47,1000.0,0.02,34.96,1750.0,0.02,34.96,1000.0,0.03,34.88,2000.0,0.0057142857142852,0.0399999999999964,1586.7142857142858,34.61,0.019,0.5700000000000001,1426.9333333333334,34.85966666666666,1,0,5,135,20,2
Uttar Pradesh,mirzapur,Mirzapur,Onion,Red,FAQ,3400.0,3550.0,3500.0,2023-10-29,23.78,0.0,16.01,31.24,49.24,1.22,18.56,0.0,23.78,1050.0,0.0,23.78,1125.0,0.0,24.22,1125.0,0.0,23.6,1090.0,0.0,0.0,1886.4285714285716,23.78,0.0,0.0,1990.0,24.081333333333337,1,0,10,302,43,0
Tamilnadu,thirunelveli,Melapalayam(Uzhavar Sandhai ),Onion,Bellary,Local,2400.0,2800.0,2800.0,2025-03-31,28.43,8.16,,,,,,8.16,28.43,3600.0,8.16,28.43,2600.0,8.16,28.43,3500.0,8.16,28.43,2800.0,8.16,57.120000000000005,2885.714285714286,28.43,8.16,244.8,2823.333333333333,28.43,0,0,3,90,14,0
Madhya Pradesh,guna,Binaganj,Wheat,Other,FAQ,2320.0,2380.0,2350.0,2023-10-04,23.83,0.0,16.97,30.46,64.56,1.8,22.71,0.0,23.83,2400.0,0.0,25.61,2760.0,0.0,24.84,2400.0,0.0,25.68,2512.0,0.0,0.0,2207.0,25.10142857142857,0.0,0.0,2215.9,25.441333333333333,1,0,10,277,40,0
Gujarat,bharuch,Ankleshwar,Potato,Potato,FAQ,1000.0,2000.0,1500.0,2025-01-20,24.53,0.0,16.09,34.86,42.12,1.5,15.42,0.0,24.53,2000.0,0.0,23.2,1500.0,0.0,21.71,2000.0,0.0,22.26,2000.0,0.0,0.0,1800.0,23.298571428571428,0.0,0.0,1940.0,21.532,1,0,1,20,4,0
Uttar Pradesh,hardoi,Shahabad(New Mandi),Potato,Potato,FAQ,980.0,1060.0,1020.0,2023-06-13,39.68,0.01,32.99,46.19,26.28,4.61,24.77,0.01,39.68,2250.0,0.0,38.69,1015.0,0.0,38.69,2250.0,0.0,38.72,1015.0,0.0071428571428571,0.05,1220.0,39.39714285714285,0.0016666666666666,0.05,1417.5,38.866,1,0,6,164,24,1
Madhya Pradesh,satna,Amarpatan,Wheat,Mill Quality,FAQ,2300.0,2325.0,2330.0,2023-12-22,13.99,0.0,10.23,20.02,54.25,0.96,11.45,0.0,13.91,2330.0,0.0,14.22,2350.0,0.0,14.85,2380.0,0.0,16.8,2330.0,0.0,0.0,2331.714285714286,14.010000000000002,0.0,0.0,2306.6666666666665,15.170666666666667,1,0,12,356,51,0
Himachal Pradesh,chamba,Chamba,Onion,Other,FAQ,2200.0,2400.0,2300.0,2023-07-22,17.56,27.34,15.97,19.38,93.55,1.38,5.69,27.34,17.56,2100.0,8.09,18.8,11500.0,34.2,18.64,2100.0,2.2,19.32,5750.0,19.62142857142857,137.35,3028.5714285714284,18.154285714285717,14.322,429.66,3020.0,18.392333333333337,0,1,7,203,29,1
Uttar Pradesh,hardoi,Sandila,Wheat,Dara,FAQ,2420.0,2470.0,2445.0,2023-12-16,15.23,0.0,8.9,23.91,47.5,1.7,12.33,0.0,15.23,2450.0,0.0,15.23,885.0,0.0,15.26,3070.0,0.0,15.1,2440.0,0.0,0.0,2364.285714285714,15.23,0.0,0.0,2180.333333333333,15.204,1,0,12,350,50,0
Madhya Pradesh,morena,Morena,Potato,Potato,FAQ,600.0,1000.0,1000.0,2025-02-22,19.01,0.0,11.08,28.14,44.17,2.08,20.05,0.0,20.39,800.0,0.01,22.09,800.0,0.0,21.43,675.0,0.0,21.68,800.0,1.320000000000002,9.240000000000014,910.7142857142856,20.407142857142865,0.3183333333333333,9.55,879.5,20.653666666666663,1,0,2,53,8,0
Gujarat,porbandar,Porbandar,Potato,(Red Nanital),FAQ,1250.0,1750.0,1500.0,2023-10-10,26.8,0.0,22.96,31.35,76.9,2.96,22.51,0.0,26.8,2100.0,0.0,26.71,2490.0,0.0,26.24,2345.0,2.3,28.54,2000.0,0.0,0.0,2067.1428571428573,26.794285714285717,0.0773333333333333,2.32,2080.833333333333,26.718,1,0,10,283,41,0
Andhra Pradesh,hyderabad,Bowenpally,Onion,1st Sort,FAQ,800.0,3500.0,3000.0,2024-11-07,24.72,0.0,18.91,32.13,70.05,1.76,18.81,0.0,24.72,2600.0,0.0,24.54,2200.0,0.0,25.14,2800.0,0.34,25.71,2500.0,0.0,0.0,3142.8571428571427,24.59142857142857,0.132,3.96,2763.333333333333,25.191666666666663,1,0,11,312,45,0
Rajasthan,pratapgarh,Pratapgarh,Onion,Other,FAQ,1741.0,2850.0,2400.0,2024-07-10,31.11,28.6,28.44,34.38,76.73,1.54,16.57,28.6,31.11,2400.0,0.93,32.13,2800.0,8.29,30.59,2580.0,26.15,31.27,2180.0,12.78857142857143,89.52000000000001,2442.8571428571427,31.692857142857147,15.739666666666666,472.19,2440.333333333333,30.836666666666662,0,0,7,192,28,1
Haryana,bhiwani,Ch. Dadri,Onion,Other,FAQ,1300.0,1500.0,1400.0,2023-08-07,31.07,0.03,27.42,35.53,71.51,2.84,19.16,0.03,31.07,950.0,15.26,30.85,1250.0,2.68,31.53,1300.0,6.38,30.61,1500.0,4.505714285714286,31.540000000000003,3900.0,31.148571428571437,3.251666666666667,97.55,4751.666666666667,31.372,0,0,8,219,32,1
Maharashtra,nagpur,Nagpur,Wheat,Sharbati,FAQ,3000.0,3200.0,3150.0,2023-06-07,37.84,0.14,32.16,44.16,25.09,2.4,22.09,0.14,37.84,1500.0,0.14,37.84,1150.0,0.01,37.15,1500.0,0.01,37.15,2327.0,0.14,0.98,2020.571428571429,37.84,0.0719047619047619,1.5100000000000002,1898.142857142857,37.47857142857144,1,0,6,158,23,1
Madhya Pradesh,shajapur,Shujalpur(F&V),Onion,Onion,FAQ,1000.0,3500.0,2400.0,2024-10-16,24.46,0.01,20.68,30.09,74.31,1.0,19.19,0.01,24.46,2355.0,0.24,25.06,4000.0,0.24,25.06,2525.0,0.15,24.68,3375.0,0.01,0.07,2507.285714285714,24.46,2.364666666666667,70.94000000000001,2890.4333333333334,24.747,0,0,10,290,42,0
Haryana,panchkula,"New Grain Market , Panchkula",Potato,Other,FAQ,2000.0,3000.0,2500.0,2023-07-05,29.03,10.95,25.24,33.58,76.02,1.46,7.07,10.95,29.03,2500.0,10.25,30.33,2500.0,10.25,30.33,2500.0,1.77,30.51,8500.0,10.849999999999998,75.94999999999999,3657.142857142857,29.215714285714288,6.571666666666666,197.15,3136.6666666666665,30.372666666666664,0,0,7,186,27,1
Maharashtra,nashik,Nasik,Potato,Other,FAQ,2450.0,3100.0,2700.0,2024-09-04,24.04,16.71,20.83,27.57,91.8,3.57,15.27,16.71,24.04,3975.0,16.71,24.04,3641.0,16.71,24.04,3750.0,6.46,21.2,3954.01,16.71,116.97,3711.428571428572,24.04,12.61,378.3,3847.591333333333,22.904,0,1,9,248,36,1
 Punjab,fazilka,Fazilka,Onion,Other,FAQ,1500.0,2200.0,1800.0,2023-09-21,29.8,23.61,25.08,34.97,73.59,0.83,21.5,23.61,29.8,1045.0,7.77,29.95,1000.0,20.77,28.81,2300.0,3.93,32.22,1800.0,12.295714285714284,86.07,1617.857142857143,29.907142857142865,10.785666666666666,323.57,1439.0,29.78166666666667,0,0,9,264,38,1
Gujarat,ahmedabad,Ahmedabad(Chimanbhai Patal Market Vasana),Onion,Local,FAQ,1500.0,3000.0,2750.0,2024-07-08,31.77,0.61,27.45,36.75,66.92,2.07,18.54,0.61,31.77,2250.0,1.15,31.45,2750.0,9.23,29.91,2350.0,2.5,31.79,2550.0,0.8414285714285713,5.889999999999999,2628.5714285714284,31.63285714285714,5.456333333333333,163.69,2428.333333333333,31.26333333333333,0,0,7,190,28,1
Uttar Pradesh,mathura,Kosikalan,Wheat,Dara,FAQ,2200.0,2220.0,2215.0,2023-07-21,31.57,0.94,28.1,35.33,73.47,2.16,19.2,0.94,31.57,7200.0,15.48,30.63,2240.0,27.42,30.67,2230.0,2.31,29.99,8200.0,11.325714285714286,79.28,3056.428571428572,30.898571428571422,12.247333333333334,367.42,3217.833333333333,31.09933333333333,0,0,7,202,29,1
Haryana,gurgaon,Sohna,Potato,Potato,FAQ,1000.0,1100.0,1050.0,2023-08-31,30.54,0.0,24.56,37.45,66.7,1.69,21.69,0.0,30.54,1500.0,0.0,30.43,1050.0,0.11,30.41,1750.0,0.01,29.6,1100.0,0.0,0.0,1514.2857142857142,30.49285714285714,0.0343333333333333,1.03,1521.6666666666667,30.134333333333338,1,0,8,243,35,1
Himachal Pradesh,hamirpur,Hamirpur,Potato,Desi,FAQ,2200.0,3700.0,2800.0,2024-08-09,28.37,3.98,25.33,31.26,82.78,1.22,17.24,3.98,28.37,2900.0,15.32,28.77,2900.0,13.93,28.33,3900.0,7.81,29.14,2950.0,8.840000000000002,61.88000000000001,2767.8571428571427,28.54142857142857,11.342,340.26,2979.0,28.668666666666663,0,0,8,222,32,1
Uttar Pradesh,prayagraj,Ajuha,Potato,Desi,FAQ,2330.0,2480.0,2400.0,2024-07-15,31.01,1.97,27.48,35.13,78.54,2.84,20.47,1.97,31.01,2940.0,24.14,29.88,2400.0,23.72,29.32,2420.0,0.94,32.02,2850.0,4.952857142857144,34.67000000000001,2659.285714285714,30.797142857142852,15.103333333333332,453.1,2633.833333333333,30.64033333333333,0,0,7,197,29,1
Tamilnadu,theni,Periyakulam(Uzhavar Sandhai ),Potato,(Red Nanital),Local,3000.0,3400.0,3400.0,2025-03-05,25.75,0.0,19.67,34.1,48.47,1.42,26.13,0.0,25.75,3400.0,0.0,25.12,3400.0,0.0,25.12,3200.0,0.13,24.96,4400.0,0.0,0.0,3628.571428571429,25.390000000000004,0.0563333333333333,1.69,3666.6666666666665,25.11366666666667,1,0,3,64,10,0
Andhra Pradesh,medak,Sadasivpet,Onion,1st Sort,Non-FAQ,816.0,2711.0,2711.0,2025-02-11,33.07,0.02,,,,,,0.02,33.07,1400.0,0.02,33.07,1400.0,0.02,33.07,1300.0,0.02,33.07,1200.0,0.02,0.14,1965.857142857143,33.07,0.02,0.6,1537.0333333333333,33.07,1,0,2,42,7,0
Uttar Pradesh,aligarh,Aligarh,Wheat,Dara,FAQ,2530.0,2570.0,2550.0,2024-01-17,12.16,0.0,6.05,19.97,40.69,1.49,3.59,0.0,12.16,2000.0,0.0,12.92,2560.0,0.0,12.27,730.0,0.0,13.49,660.0,0.0,0.0,1857.142857142857,12.594285714285714,0.0,0.0,1511.3333333333333,12.677666666666664,1,0,1,17,3,0
Gujarat,bhavnagar,Mahuva(Station Road),Onion,Red,FAQ,625.0,1950.0,1290.0,2024-03-04,20.19,0.0,10.94,30.36,22.13,1.79,24.57,2.53,26.35,1210.0,0.0,29.8,1425.0,0.0,27.47,1140.0,0.0,25.22,1435.0,1.0842857142857143,7.59,1209.2857142857142,26.948571428571427,0.253,7.59,1302.1666666666667,27.493,1,0,3,64,10,0
Uttar Pradesh,hardoi,Hardoi,Onion,Pusa-Red,FAQ,1840.0,1970.0,1915.0,2025-04-04,29.89,0.02,21.21,39.88,10.77,2.19,24.41,0.02,29.89,1900.0,0.02,29.89,1900.0,0.0,29.98,1900.0,0.0,26.93,1980.0,0.02,0.14,1467.857142857143,29.89,0.0059999999999999,0.1799999999999997,1521.0,29.125333333333337,1,0,4,94,14,2
West Bengal,jalpaiguri,Dhupguri,Potato,Jyoti,FAQ,1200.0,1400.0,1300.0,2023-08-01,30.35,17.43,27.4,33.58,84.88,1.49,22.37,17.43,30.35,1800.0,2.42,30.35,1300.0,2.42,30.35,7000.0,31.4,28.27,7500.0,10.997142857142856,76.97999999999999,2557.1428571428573,30.35,9.397333333333332,281.92,3420.0,29.819333333333336,0,0,8,213,31,1
Gujarat,rajkot,Rajkot(Veg.Sub Yard),Onion,Onion,FAQ,2055.0,4555.0,3105.0,2023-10-27,28.6,0.0,22.21,36.62,53.13,0.71,18.95,0.0,28.89,3250.0,0.0,28.89,2800.0,0.0,28.81,2450.0,0.0,28.73,2635.0,0.0,0.0,2607.8571428571427,28.84857142857143,0.0,0.0,2645.6666666666665,28.813333333333333,1,0,10,300,43,0
Madhya Pradesh,dewas,Sonkatch,Onion,Onion,FAQ,625.0,625.0,625.0,2024-09-27,25.57,14.83,23.4,28.17,90.17,1.18,11.17,13.56,25.81,850.0,0.01,26.2,600.0,4.52,25.65,3000.0,0.73,25.6,2000.0,8.444285714285714,59.11,685.2857142857143,26.47,7.552666666666667,226.58,835.1333333333333,25.737666666666662,0,0,9,271,39,1
Andhra Pradesh,warangal,Hanmarkonda(Rythu Bazar),Potato,Potato,FAQ,4200.0,4500.0,4400.0,2024-08-15,36.4,1.17,,,,,,1.17,36.4,2750.0,1.17,36.4,2800.0,1.17,36.4,4600.0,1.17,36.4,4500.0,1.17,8.19,3692.857142857143,36.4,1.17,35.099999999999994,3795.0,36.4,0,0,8,228,33,1
Orissa,jharsuguda,Jharsuguda,Onion,Other,FAQ,3000.0,3000.0,3000.0,2024-03-18,24.03,14.97,19.76,28.95,67.57,1.41,11.8,14.97,24.03,2000.0,0.02,27.16,2000.0,0.0,23.13,2000.0,0.0,23.34,2500.0,4.308571428571428,30.159999999999997,2571.428571428572,26.174285714285716,1.2483333333333335,37.45,2433.333333333333,24.98733333333333,0,0,3,78,12,0
Himachal Pradesh,hamirpur,Hamirpur(Nadaun),Onion,Other,FAQ,1800.0,2200.0,2000.0,2024-02-07,11.09,0.0,6.64,17.43,51.18,1.7,13.55,0.0,10.34,2400.0,0.0,10.34,1500.0,4.92,11.49,2200.0,0.9,12.2,2525.0,0.0,0.0,1669.2857142857142,10.447142857142856,6.684333333333333,200.53,1688.0,11.556,0,0,2,38,6,0
Punjab,hoshiarpur,GarhShankar (Kotfatuhi),Onion,Other,FAQ,2700.0,3200.0,3000.0,2024-07-16,34.52,2.19,29.01,39.76,56.25,1.62,23.77,2.19,34.52,2500.0,0.61,35.1,2800.0,0.61,35.1,2200.0,9.15,34.36,3800.0,1.7385714285714335,12.170000000000035,2642.8571428571427,34.68571428571429,2.438,73.14,2495.0,33.98866666666667,0,0,7,198,29,1
Uttar Pradesh,saharanpur,Saharanpur,Wheat,Dara,FAQ,2470.0,2620.0,2550.0,2023-11-29,19.67,0.03,14.38,25.91,56.19,1.15,10.62,0.03,19.67,1328.0,0.03,19.67,3124.0,0.01,18.79,1100.0,0.0,18.28,1324.0,0.03,0.21,1986.857142857143,19.67,0.0453333333333333,1.36,2034.5666666666664,18.618,1,0,11,333,48,0
West Bengal,birbhum,Bolpur,Potato,Jyoti,FAQ,2400.0,2500.0,2450.0,2024-11-28,19.22,0.0,14.58,24.75,83.29,1.49,12.29,0.0,19.22,4400.0,0.0,18.85,2400.0,0.0,19.4,2450.0,0.0,19.71,4500.0,0.0,0.0,3592.8571428571427,19.11428571428572,0.0,0.0,3435.0,19.28633333333333,1,0,11,333,48,0
Uttar Pradesh,badaun,Bilsi,Onion,Red,FAQ,1350.0,1400.0,1380.0,2025-05-05,29.34,9.1,22.31,36.29,47.16,2.17,17.25,9.1,29.34,875.0,2.91,31.13,1265.0,2.91,31.13,1275.0,6.7,30.22,1180.0,9.1,63.7,1469.2857142857142,29.34,4.986000000000001,149.58,1213.0,30.56066666666667,0,0,5,125,19,2
Orissa,dhenkanal,Kamakhyanagar,Potato,Potato,Non-FAQ,1900.0,2100.0,2000.0,2025-05-03,29.17,8.24,23.24,35.48,66.21,1.66,22.61,8.24,29.17,1800.0,2.03,28.95,2200.0,8.66,29.7,2200.0,0.0,32.63,1700.0,3.792857142857145,26.55000000000001,2042.857142857143,29.035714285714285,4.973333333333333,149.2,2053.333333333333,30.223333333333333,0,0,5,123,18,2
Punjab,barnala,Barnala,Onion,Other,FAQ,3700.0,4200.0,3950.0,2024-10-08,27.34,0.0,21.79,34.97,60.3,1.28,18.73,0.32,29.07,1700.0,0.0,29.23,1500.0,3.4,29.1,1700.0,0.27,28.13,4100.0,0.0457142857142852,0.3199999999999964,2914.285714285714,28.842857142857145,0.6200000000000002,18.600000000000005,2800.6666666666665,29.495,0,0,10,282,41,0
Uttar Pradesh,hardoi,Sandila,Potato,Badshah,FAQ,680.0,760.0,720.0,2024-01-03,14.34,0.16,9.43,20.09,56.17,1.09,5.66,0.16,14.34,740.0,0.18,13.47,1820.0,0.18,13.47,2430.0,0.0,13.11,1875.0,0.16,1.12,1560.0,14.34,0.1153333333333333,3.46,1636.8333333333333,13.553,1,0,1,3,1,0
Madhya Pradesh,panna,Simariya,Wheat,147 Average,FAQ,2270.0,2300.0,2290.0,2023-10-11,24.98,0.0,19.33,30.99,75.92,2.09,20.19,0.0,24.98,2300.0,0.0,25.14,2295.0,0.0,24.07,2300.0,0.19,25.0,2310.0,0.0,0.0,2266.428571428572,25.00714285714286,0.0253333333333333,0.76,2269.9333333333334,24.38233333333333,1,0,10,284,41,0
Uttar Pradesh,bareilly,Bareilly,Onion,Red,FAQ,1800.0,1900.0,1835.0,2023-09-22,28.18,6.21,24.54,31.51,81.64,0.61,14.27,6.21,28.18,1800.0,2.33,28.35,1340.0,0.24,28.44,1825.0,2.56,27.59,1430.0,3.4385714285714286,24.07,1586.428571428571,28.30142857142857,2.1396666666666664,64.19,1511.5,28.164,0,0,9,265,38,1
Haryana,kurukshetra,Thanesar,Onion,Other,FAQ,1600.0,2600.0,2000.0,2023-08-02,29.75,1.34,25.87,33.99,83.63,1.91,19.73,0.36,29.26,1700.0,0.36,29.26,800.0,3.92,29.23,900.0,14.19,28.93,900.0,0.5,3.5,1528.571428571429,29.33,3.067,92.01,1991.6666666666667,28.992,0,0,8,214,31,1
Maharashtra,satara,Karad,Onion,Other,FAQ,500.0,2200.0,2200.0,2023-09-20,24.24,6.16,21.2,28.74,85.49,3.48,15.24,6.16,24.24,1900.0,5.59,24.24,1650.0,1.71,24.22,1450.0,12.89,24.5,1500.0,6.078571428571428,42.55,1514.2857142857142,24.24,4.217666666666667,126.53,1795.0,23.996,0,0,9,263,38,1
Karnataka,udupi,Udupi,Potato,Potato,FAQ,2000.0,2200.0,2100.0,2024-02-27,27.59,0.0,22.66,34.6,60.98,1.2,23.93,0.0,27.59,2100.0,0.0,24.76,2100.0,0.0,26.24,1900.0,0.0,23.21,1900.0,0.0,0.0,2057.1428571428573,26.254285714285714,0.0,0.0,1943.3333333333333,25.671333333333333,1,0,2,58,9,0
Haryana,kaithal,Dhand,Potato,Other,FAQ,1000.0,1100.0,1080.0,2024-03-15,20.05,0.0,11.98,30.13,43.19,2.51,23.34,0.01,20.61,1200.0,0.01,20.61,900.0,0.13,21.24,1000.0,0.0,19.43,1250.0,0.008571428571428,0.0599999999999964,1412.857142857143,20.53,0.0326666666666667,0.9800000000000036,1385.3333333333333,21.035,1,0,3,75,11,0
Himachal Pradesh,hamirpur,Bharuasumerpur,Tomato,Local,FAQ,1175.0,1250.0,1215.0,2023-10-03,23.58,0.0,19.72,28.44,66.93,1.55,21.0,0.0,23.58,3100.0,0.0,23.58,1125.0,0.78,24.57,2045.0,0.22,24.68,2030.0,0.0,0.0,2049.285714285714,23.58,0.4453333333333333,13.36,1949.8333333333333,24.254666666666665,0,0,10,276,40,0
Haryana,fatehabad,Jakhal,Onion,Other,FAQ,2500.0,2500.0,2500.0,2023-12-19,12.7,0.0,5.5,22.97,45.55,2.1,13.41,0.0,12.7,5500.0,0.0,13.25,600.0,0.0,14.06,2200.0,0.0,15.08,2200.0,0.0,0.0,2121.428571428572,13.014285714285716,0.0,0.0,1965.8333333333333,14.043,1,0,12,353,51,0
West Bengal,birbhum,Sainthia,Onion,Nasik,FAQ,1150.0,1250.0,1200.0,2024-04-18,32.8,0.0,22.85,42.36,22.07,2.31,25.63,0.0,32.8,1200.0,0.0,33.8,1650.0,0.0,34.37,1300.0,0.0,31.52,1600.0,0.0,0.0,1371.428571428571,33.371428571428574,0.0,0.0,1656.6666666666667,33.325,1,0,4,109,16,2
Madhya Pradesh,tikamgarh,Jatara,Wheat,Mill Quality,FAQ,2330.0,2345.0,2250.0,2023-12-29,14.95,0.0,8.85,24.9,61.91,1.27,10.22,0.0,14.95,2340.0,0.0,15.98,2316.0,0.0,15.92,2255.0,0.0,14.24,2325.0,0.0,0.0,2305.0,15.522857142857143,0.0,0.0,2294.833333333333,15.37,1,0,12,363,52,0
Uttar Pradesh,sitapur,Sitapur,Potato,Desi,FAQ,1400.0,1900.0,1770.0,2024-05-27,39.65,0.0,31.71,46.34,23.0,1.67,23.44,0.0,39.65,1400.0,1.58,38.2,1300.0,0.0,37.33,1500.0,0.37,35.88,1775.0,0.6771428571428613,4.740000000000029,1532.857142857143,39.02857142857143,0.3453333333333333,10.36,1566.5,36.68933333333334,0,0,5,148,22,2
Punjab,nawanshahr,Nawan Shahar(Subzi Mandi),Potato,Other,FAQ,1800.0,2000.0,1900.0,2024-10-08,26.09,0.0,21.98,32.19,66.02,1.22,19.15,0.0,26.09,4300.0,0.0,27.52,4100.0,0.66,27.21,1800.0,17.66,27.03,4100.0,0.0742857142857163,0.5200000000000142,2857.1428571428573,26.845714285714287,2.650666666666667,79.52000000000001,3036.6666666666665,27.400333333333336,0,0,10,282,41,0
Punjab,patiala,Patran,Potato,Other,FAQ,400.0,500.0,480.0,2023-12-13,13.94,0.0,9.06,22.88,50.07,1.55,13.8,0.0,13.94,530.0,0.0,13.28,1920.0,0.0,14.76,600.0,0.0,15.13,500.0,0.0,0.0,1674.2857142857142,13.468571428571426,0.0,0.0,1737.0,14.205333333333332,1,0,12,347,50,0
Tamilnadu,krishnagiri,Denkanikottai(Uzhavar Sandhai ),Potato,(Red Nanital),Local,4000.0,4500.0,4500.0,2024-09-24,25.61,3.9,21.74,30.57,77.8,2.96,17.03,3.9,25.61,6500.0,3.9,25.61,6500.0,0.57,25.74,6000.0,0.6,26.32,4000.0,3.9,27.3,5428.571428571428,25.61,2.2266666666666666,66.8,5333.333333333333,25.866666666666664,0,0,9,268,39,1
Gujarat,navsari,Bilimora,Onion,Nasik,FAQ,3000.0,5000.0,4200.0,2024-10-13,27.23,7.91,25.05,30.38,90.01,1.26,17.38,7.91,27.23,2875.0,18.87,26.7,2800.0,0.05,26.93,2850.0,0.09,27.49,2825.0,14.105714285714289,98.74,3414.285714285714,27.082857142857144,6.006333333333334,180.19000000000003,3428.333333333333,26.83933333333333,0,0,10,287,41,0
Andhra Pradesh,hyderabad,Bowenpally,Onion,1st Sort,FAQ,1000.0,3000.0,2500.0,2025-02-20,28.78,0.0,20.13,37.48,46.23,2.0,20.51,0.0,28.78,2400.0,0.0,28.54,2200.0,0.0,28.54,1400.0,0.0,27.18,2200.0,0.0,0.0,1807.142857142857,28.74571428571429,0.0,0.0,2101.6666666666665,28.25633333333333,1,0,2,51,8,0
Kerala,malappuram,Perinthalmanna,Potato,Potato,FAQ,3800.0,4200.0,4000.0,2024-06-29,24.95,14.3,22.84,28.05,89.98,1.15,17.14,6.87,24.74,3600.0,15.19,24.38,3650.0,14.96,24.03,3550.0,7.39,25.39,3900.0,9.492857142857144,66.45,3842.857142857143,24.51285714285714,15.594333333333331,467.83,3808.3333333333335,24.533,0,0,6,181,26,1
Madhya Pradesh,khargone,Khargone,Tomato,Deshi,FAQ,1000.0,2500.0,2000.0,2023-07-19,28.25,17.35,25.39,32.0,84.79,2.88,8.83,17.35,28.25,2460.0,18.45,26.64,600.0,18.45,26.64,850.0,6.14,27.84,1300.0,18.13571428571429,126.95,2491.428571428572,27.1,13.452666666666666,403.58,2054.7,27.22733333333333,0,1,7,200,29,1
Punjab,moga,Dharamkot,Onion,Other,FAQ,2500.0,2500.0,2500.0,2023-12-24,12.82,0.0,8.29,20.11,62.97,0.92,10.06,0.0,12.82,900.0,0.0,13.21,2500.0,0.0,11.16,3500.0,0.01,12.68,900.0,0.0,0.0,1500.0,13.385714285714286,0.0006666666666666,0.0199999999999999,1643.3333333333333,12.367,1,0,12,358,51,0
Uttar Pradesh,etawah,Bharthna,Onion,Red,FAQ,4130.0,4430.0,4230.0,2024-10-02,27.39,0.0,24.0,32.53,85.77,2.31,20.1,0.0,27.39,2000.0,0.24,27.11,2030.0,1.15,26.89,2030.0,2.33,26.71,3980.0,0.0,0.0,2940.714285714286,27.430000000000003,5.071,152.13,3124.1666666666665,27.098,0,0,10,276,40,0
Kerala,kollam,Anchal,Onion,Other,FAQ,5400.0,5600.0,5500.0,2024-03-17,29.65,0.01,23.91,37.2,52.5,1.16,25.9,0.01,29.65,3700.0,0.05,30.57,3000.0,0.05,30.22,4000.0,0.08,29.86,3500.0,0.0271428571428571,0.19,3785.714285714286,30.044285714285717,0.0576666666666666,1.73,3686.6666666666665,30.051666666666662,1,0,3,77,11,0
Rajasthan,udaipur,Udaipur (F&V),Onion,Other,FAQ,1000.0,2000.0,1500.0,2024-03-17,24.33,0.0,16.33,33.34,23.93,2.43,23.33,0.0,24.33,1100.0,0.0,23.09,1550.0,0.0,21.76,1500.0,0.0,23.96,850.0,0.0,0.0,1428.571428571429,23.872857142857143,0.3053333333333332,9.159999999999997,1325.0,21.565666666666665,1,0,3,77,11,0
Uttar Pradesh,fatehpur,Jahanabad,Potato,Local,FAQ,800.0,1000.0,900.0,2023-08-25,27.91,1.38,24.23,32.13,82.09,3.44,16.21,1.38,27.91,1920.0,1.38,27.91,2320.0,5.71,28.12,1130.0,27.5,28.61,2315.0,1.38,9.66,1535.7142857142858,27.91,12.400666666666668,372.02,1798.0,28.236666666666665,0,0,8,237,34,1
Bihar,sheohar,Sheohar,Potato,Jyoti,FAQ,800.0,1100.0,1000.0,2024-02-14,18.13,1.95,14.31,21.37,58.64,1.0,3.93,0.96,20.33,1000.0,0.0,15.44,1100.0,0.05,17.82,2500.0,0.0,15.95,2900.0,0.5842857142857143,4.09,1614.2857142857142,18.667142857142856,0.2036666666666666,6.109999999999999,1856.6666666666667,17.319333333333336,1,0,2,45,7,0
Haryana,jind,Jind,Potato,Other,FAQ,2000.0,2400.0,2200.0,2024-09-20,28.63,0.38,23.8,33.35,78.36,0.84,20.06,0.38,28.63,2000.0,0.82,27.35,1900.0,0.04,28.2,2000.0,13.59,27.63,3500.0,0.5685714285714275,3.979999999999993,2878.5714285714284,28.08142857142857,3.033,90.99,2826.6666666666665,27.816666666666663,0,0,9,264,38,1
Uttar Pradesh,mirzapur,Mirzapur,Wheat,Dara,FAQ,2065.0,2235.0,2125.0,2023-06-07,36.75,0.0,30.49,43.56,22.74,2.22,25.98,0.0,36.75,950.0,0.02,35.97,850.0,0.02,35.97,875.0,0.02,35.97,875.0,0.0142857142857142,0.1,1324.2857142857142,36.19285714285714,0.016,0.16,1312.0,36.126,1,0,6,158,23,1
Uttar Pradesh,maharajganj,Anandnagar,Potato,Red,FAQ,1200.0,1500.0,1400.0,2025-05-31,35.66,2.56,31.04,41.3,30.23,2.24,19.84,2.56,35.66,1400.0,2.56,35.66,1000.0,1.2,37.88,1300.0,1.06,35.99,1300.0,2.56,17.92,2053.5714285714284,35.66,1.4566666666666668,43.7,1836.6666666666667,36.717666666666666,0,0,5,151,22,2
Maharashtra,nashik,Sinner,Onion,Red,FAQ,500.0,2029.0,1900.0,2024-01-02,21.89,0.0,15.36,30.9,47.13,1.57,14.43,0.0,21.89,2100.0,0.0,21.89,2521.0,0.0,21.89,2791.0,0.0,22.34,2501.0,0.0,0.0,1884.2857142857144,21.89,0.0,0.0,2071.7,22.025,1,0,1,2,1,0
Tamilnadu,dindigul,Vedasanthur(Uzhavar Sandhai ),Potato,(Red Nanital),Local,3000.0,5000.0,5000.0,2025-02-14,24.49,0.0,17.04,34.33,63.87,1.45,25.09,0.0,24.49,5000.0,0.0,24.68,5000.0,0.0,25.01,5000.0,0.0,24.8,4000.0,0.0,0.0,4714.285714285715,24.598571428571425,0.0,0.0,4676.666666666667,24.753,1,0,2,45,7,0
Rajasthan,hanumangarh,Pilibanga,Wheat,1482,FAQ,2350.0,2365.0,2357.0,2023-09-15,33.49,7.78,28.69,39.34,56.2,1.86,15.26,7.78,33.49,2200.0,7.78,33.49,1000.0,7.78,33.49,2150.0,0.67,34.33,900.0,7.78,54.46,1751.0,33.49,4.225,126.75,1837.2,33.91,0,0,9,258,37,1
Rajasthan,churu,Sujangarh,Onion,Other,FAQ,2800.0,3000.0,2900.0,2023-12-14,16.25,0.0,9.27,26.0,33.71,1.5,12.62,0.0,16.18,2900.0,0.0,16.08,2500.0,0.0,17.55,1200.0,0.0,16.14,1100.0,0.0,0.0,1764.2857142857142,16.16142857142857,0.0,0.0,2020.0,16.697,1,0,12,348,50,0
Karnataka,shimoga,Shimoga,Wheat,Super Fine,FAQ,3600.0,3900.0,3750.0,2023-09-01,24.76,11.73,22.75,28.2,89.81,1.35,22.77,1.99,25.13,2300.0,3.24,24.59,3500.0,4.55,24.53,30.0,14.72,23.88,3500.0,2.94,20.58,3078.5714285714284,24.94428571428572,4.446333333333333,133.39,2906.0,24.555,0,0,9,244,35,1
Rajasthan,alwar,Alwar (F&V),Potato,Other,FAQ,700.0,1400.0,1000.0,2023-12-14,17.05,0.0,9.08,26.4,36.75,1.02,12.14,0.0,17.05,2540.0,0.0,17.57,2360.0,0.0,16.99,2461.0,0.0,18.94,2435.0,0.0,0.0,1992.857142857143,17.347142857142856,0.0,0.0,2124.1,17.516333333333332,1,0,12,348,50,0
Rajasthan,alwar,Alwar (F&V),Onion,Other,FAQ,2125.0,5500.0,4000.0,2024-11-06,23.21,0.0,16.93,31.16,68.08,1.3,11.61,0.0,22.84,3750.0,0.0,26.89,3250.0,0.0,25.4,2200.0,0.0,25.25,4400.0,0.0,0.0,3078.5714285714284,23.40428571428572,0.06,1.8,3058.8,25.052000000000003,1,0,11,311,45,0
Uttar Pradesh,shahjahanpur,Puwaha,Wheat,Dara,FAQ,2300.0,2500.0,2400.0,2023-11-06,22.77,0.0,15.98,29.92,46.84,0.79,11.02,0.0,22.55,1000.0,0.0,23.92,1000.0,0.0,24.19,1000.0,0.0,24.23,2350.0,0.0,0.0,2557.8571428571427,23.36428571428572,0.0,0.0,2314.333333333333,24.58233333333333,1,0,11,310,45,0
Rajasthan,ganganagar,Suratgarh,Potato,(Red Nanital),FAQ,1800.0,2200.0,2100.0,2024-10-17,24.6,0.0,18.16,31.58,69.52,1.29,18.61,0.0,24.65,1900.0,0.0,26.65,4500.0,0.21,25.14,1700.0,0.0,27.13,2200.0,0.0,0.0,2628.5714285714284,25.214285714285715,0.1026666666666666,3.08,3010.0,25.84433333333333,1,0,10,291,42,0
Gujarat,surendranagar,Chotila,Wheat,Local,FAQ,2000.0,2800.0,2400.0,2023-06-13,33.45,0.6,29.09,39.78,55.21,7.48,20.58,0.6,33.45,1250.0,0.0,33.89,1750.0,0.24,34.42,1750.0,0.0,33.44,1750.0,0.5771428571428572,4.04,1921.4285714285716,33.21571428571429,0.2139130434782608,4.92,1936.9565217391305,33.89521739130435,1,0,6,164,24,1
Tamilnadu,thanjavur,Kumbakonam (Uzhavar Sandhai ),Potato,(Red Nanital),Local,4600.0,5000.0,5000.0,2024-08-17,29.87,2.47,26.84,33.3,75.68,3.2,19.98,2.47,29.87,5000.0,1.92,30.16,4600.0,0.26,30.03,5600.0,0.97,30.04,5000.0,2.312857142857144,16.190000000000005,5085.714285714285,29.952857142857145,2.414666666666667,72.44000000000001,5080.0,30.022333333333336,0,0,8,230,33,1
Maharashtra,thane,Palghar,Wheat,Other,FAQ,3045.0,3045.0,3045.0,2023-11-28,24.25,0.04,20.13,30.27,76.5,1.49,13.69,7.39,25.21,3400.0,0.0,26.64,3025.0,0.0,24.43,3400.0,0.0,24.48,3025.0,1.0614285714285734,7.430000000000014,3169.285714285714,25.27857142857143,0.5913333333333334,17.740000000000002,3245.333333333333,25.267333333333333,0,0,11,332,48,0
Tamilnadu,the nilgiris,Udhagamandalam(Uzhavar Sandhai ),Onion,Bellary,Local,2400.0,2800.0,2800.0,2025-05-17,25.45,9.97,21.14,31.84,71.84,1.66,15.23,9.97,25.45,5000.0,3.45,26.26,2800.0,6.97,25.09,5800.0,3.29,26.68,4800.0,9.038571428571428,63.27,3828.571428571429,25.56571428571429,5.676,170.28,4126.666666666667,25.646,0,0,5,137,20,2
Kerala,thiruvananthapuram,Aralamoodu,Potato,Potato,FAQ,5500.0,6000.0,6000.0,2024-12-19,27.5,0.04,25.8,30.18,82.64,2.11,18.21,0.04,27.5,3500.0,0.07,26.83,4500.0,0.1,25.86,6000.0,0.29,27.23,4600.0,0.0328571428571408,0.2299999999999858,7968.571428571428,27.17,5.862333333333333,175.86999999999998,9999.333333333334,26.646666666666665,0,0,12,354,51,0
Tamilnadu,thanjavur,Thanjavur(Uzhavar Sandhai ),Potato,(Red Nanital),Local,3000.0,3000.0,3000.0,2025-04-24,31.57,0.15,27.75,36.33,66.73,2.57,23.8,0.15,31.57,3000.0,0.32,30.37,3000.0,0.38,30.77,3000.0,0.22,31.25,4000.0,0.2471428571428576,1.7300000000000035,3171.428571428572,30.884285714285717,0.2850000000000002,8.550000000000006,3223.333333333333,30.796666666666667,1,0,4,114,17,2
Maharashtra,thane,Kalyan,Potato,Other,FAQ,1500.0,2500.0,2000.0,2024-12-18,21.64,0.0,14.13,31.43,49.2,1.82,17.41,0.0,22.35,2100.0,0.64,26.82,3750.0,0.07,25.43,5000.0,0.0,21.82,2750.0,0.0971428571428542,0.6799999999999796,2550.0,24.252857142857145,0.5863333333333334,17.59,3558.333333333333,23.677000000000003,0,0,12,353,51,0
Uttar Pradesh,pratapgarh,Pratapgarh,Potato,Desi,FAQ,1050.0,1150.0,1080.0,2025-03-26,29.62,0.0,19.21,40.6,16.07,2.27,24.41,0.0,29.62,1000.0,0.0,27.01,2200.0,0.0,26.72,2200.0,0.48,28.55,2300.0,0.0,0.0,1368.571428571429,29.12857142857143,0.0666666666666666,2.0,1483.0,27.91033333333333,1,0,3,85,13,0
Uttar Pradesh,aligarh,Aligarh,Potato,Desi,FAQ,650.0,800.0,720.0,2024-01-27,15.39,0.0,6.56,25.91,34.7,2.19,13.5,0.0,15.39,850.0,0.0,15.47,2000.0,0.0,13.35,2560.0,0.0,14.07,2580.0,0.0,0.0,999.2857142857144,15.424285714285714,0.0,0.0,1638.1666666666667,14.414,1,0,1,27,4,0
Haryana,rohtak,Meham,Potato,(Red Nanital),FAQ,1000.0,1000.0,1000.0,2023-10-14,27.4,0.0,21.19,36.22,47.29,1.46,17.89,0.0,27.4,1800.0,0.0,26.09,1000.0,0.15,28.21,800.0,0.0,27.16,1200.0,0.0,0.0,1328.571428571429,26.678571428571427,0.0299999999999999,0.8999999999999999,1450.0,27.461,1,0,10,287,41,0
Uttar Pradesh,hardoi,Madhoganj,Potato,Badshah,FAQ,1200.0,1250.0,1225.0,2025-04-15,30.07,0.01,22.6,37.39,35.28,1.84,23.15,0.01,30.07,1225.0,0.0,29.04,3175.0,0.0,29.04,1220.0,0.0,29.69,1220.0,0.01,0.07,1559.2857142857142,30.07,0.0023333333333333,0.07,1890.8333333333333,29.453666666666667,1,0,4,105,16,2
Bihar,sheohar,Sheohar,Onion,Medium,FAQ,2800.0,3200.0,3000.0,2023-09-13,28.8,1.17,24.89,32.64,83.29,1.55,20.3,1.17,28.8,1900.0,2.86,28.33,2900.0,3.18,28.58,2900.0,2.2,28.34,2900.0,4.102857142857143,28.72,2385.714285714286,28.867142857142856,5.056,151.68,2386.6666666666665,28.616,0,0,9,256,37,1
Uttar Pradesh,barabanki,Safdarganj,Wheat,Dara,FAQ,2300.0,2400.0,2350.0,2023-06-14,39.76,0.0,33.84,45.37,24.86,6.33,26.6,0.0,39.76,1000.0,0.0,39.77,1070.0,0.0,38.55,1100.0,0.0,36.56,1070.0,0.0,0.0,1525.7142857142858,39.76571428571429,0.0,0.0,1512.6666666666667,38.70433333333333,1,0,6,165,24,1
Maharashtra,sangli,Sangli,Wheat,Other,FAQ,2700.0,3700.0,3200.0,2023-06-10,27.1,1.56,24.02,32.08,71.05,4.63,23.85,1.56,27.1,1800.0,0.67,28.47,1350.0,0.0,29.01,1750.0,0.0,29.01,3200.0,1.052857142857143,7.370000000000001,2180.0,28.08571428571429,0.5289473684210527,10.05,2156.842105263158,28.53684210526316,0,0,6,161,23,1
Uttar Pradesh,prayagraj,Sirsa,Onion,Red,Non-FAQ,950.0,1050.0,1000.0,2025-06-02,37.09,0.13,31.08,42.63,27.38,4.25,23.18,0.13,37.09,1250.0,0.13,37.09,1000.0,0.48,36.04,3070.0,0.22,38.03,3080.0,0.13,0.91,1463.571428571429,37.09,0.2566666666666666,7.7,1800.1666666666667,37.25766666666667,1,0,6,153,23,1
Uttar Pradesh,saharanpur,Deoband,Onion,Red,FAQ,1600.0,2000.0,1800.0,2024-04-26,32.24,0.19,24.42,40.49,22.92,1.76,25.74,0.19,32.24,1800.0,0.0,30.91,1265.0,0.71,29.35,1150.0,0.03,30.04,1650.0,0.1357142857142857,0.95,1638.571428571429,31.860000000000003,0.2753333333333333,8.26,1532.8333333333333,30.408666666666665,1,0,4,117,17,2
Kerala,thiruvananthapuram,Chala,Potato,Other,FAQ,4500.0,4800.0,4500.0,2024-12-27,27.47,0.23,25.69,30.13,79.25,1.65,19.67,0.23,27.47,27040.0,0.02,27.02,4500.0,0.29,27.16,27040.0,0.07,26.83,3500.0,0.1399999999999979,0.9799999999999858,11402.857142857143,27.277142857142856,0.1076666666666657,3.229999999999972,11318.666666666666,27.054,1,0,12,362,52,0
Rajasthan,pali,Sumerpur,Wheat,Other,FAQ,2500.0,2919.0,2800.0,2023-10-26,27.52,0.0,21.49,34.31,42.0,1.08,18.61,2.59,25.28,2400.0,0.0,25.16,2600.0,7.37,29.74,3350.0,25.66,29.22,1500.0,0.3700000000000005,2.5900000000000034,2596.285714285714,26.33857142857143,7.098333333333334,212.95,2220.4,28.030666666666665,0,0,10,299,43,0
West Bengal,hooghly,Sheoraphuly,Potato,Jyoti,FAQ,2180.0,2220.0,2200.0,2024-04-25,35.44,0.04,26.72,44.31,28.59,1.71,23.65,0.04,35.44,2160.0,0.04,35.44,2140.0,0.84,34.79,1900.0,0.0,35.26,2100.0,0.04,0.28,2020.0,35.44,0.2346666666666666,7.04,2056.0,35.09466666666666,1,0,4,116,17,2
Tamilnadu,salem,Hasthampatti(Uzhavar Sandhai ),Onion,Bellary,Local,2500.0,3000.0,3000.0,2025-04-24,31.16,0.15,24.67,37.76,55.28,1.5,24.9,0.15,31.16,3400.0,0.15,31.16,3000.0,0.15,31.16,3000.0,0.93,30.11,3000.0,0.15,1.05,3114.285714285714,31.16,0.462,13.86,3183.333333333333,30.74,0,0,4,114,17,2
Rajasthan,kota,Kota (F&V),Onion,Other,FAQ,500.0,1500.0,950.0,2023-07-14,27.5,0.53,24.75,30.32,83.19,2.53,14.7,0.53,27.5,900.0,0.37,28.49,950.0,6.99,27.91,2195.0,8.31,28.08,1000.0,4.515714285714287,31.61000000000001,2306.1428571428573,28.285714285714285,7.640333333333333,229.21,2878.133333333333,28.148000000000003,0,0,7,195,28,1
Gujarat,bhavnagar,Palitana,Potato,Potato,FAQ,1500.0,2100.0,1800.0,2023-12-05,21.88,0.0,16.96,29.1,63.05,3.02,12.59,0.0,21.88,2625.0,0.03,23.96,2600.0,0.0,22.21,2250.0,0.0,20.51,2680.0,0.04,0.28,2430.0,22.788571428571423,0.0153333333333333,0.46,2397.5,22.207666666666668,1,0,12,339,49,0
Maharashtra,sangli,Sangli,Wheat,Other,FAQ,3000.0,4000.0,3500.0,2023-09-11,24.45,1.94,21.82,28.94,85.02,4.13,19.85,3.95,24.57,1650.0,0.12,23.45,1500.0,3.19,23.64,1475.0,5.64,24.05,2000.0,11.687142857142858,81.81,1800.0,24.12142857142857,5.616333333333333,168.49,1925.8333333333333,24.07766666666667,0,0,9,254,37,1
Uttar Pradesh,bulandshahar,Sikanderabad,Potato,Potato,FAQ,700.0,800.0,750.0,2024-02-15,16.76,0.0,8.96,26.66,45.43,1.49,15.89,0.0,16.76,1360.0,0.0,16.76,1345.0,0.0,16.78,1200.0,0.0,17.65,690.0,0.0,0.0,1062.857142857143,16.76,0.0,0.0,1183.1666666666667,16.770666666666667,1,0,2,46,7,0
Tamilnadu,thanjavur,Pattukottai(Uzhavar Sandhai ),Onion,Bellary,Local,4000.0,5000.0,5000.0,2025-02-21,26.57,0.0,22.07,32.44,73.78,2.74,23.68,0.0,26.57,4800.0,0.0,26.3,4800.0,0.0,26.3,4800.0,0.0,25.8,5000.0,0.0,0.0,4628.571428571428,26.57,0.0,0.0,4473.333333333333,26.177000000000003,1,0,2,52,8,0
Tamilnadu,krishnagiri,Kaveripattinam(Uzhavar Sandhai ),Potato,(Red Nanital),Local,3000.0,4000.0,4000.0,2025-03-02,26.75,0.01,19.62,35.58,56.49,2.51,23.93,0.01,26.75,4000.0,0.01,26.75,2800.0,0.08,26.11,2800.0,0.0,24.32,2800.0,0.01,0.07,3828.571428571429,26.75,0.033,0.99,3740.0,25.892333333333333,1,0,3,61,9,0
West Bengal,hooghly,Pandua,Onion,Nasik,FAQ,4500.0,4600.0,4600.0,2024-09-13,28.25,32.19,26.77,30.01,92.96,2.38,7.17,32.19,28.25,4600.0,32.19,28.25,4600.0,2.67,28.65,4400.0,5.72,28.63,4400.0,32.19,225.33,3305.714285714286,28.25,14.56,436.8,3361.333333333333,28.54733333333333,0,1,9,257,37,1
Tamilnadu,vellore,Vellore,Potato,(Red Nanital),Local,3000.0,3000.0,3000.0,2025-02-04,22.47,0.0,16.03,31.43,58.44,1.73,22.16,0.0,21.54,3200.0,0.01,22.95,3000.0,0.01,23.73,3200.0,0.0,20.36,3000.0,0.0014285714285714,0.01,3685.714285714286,21.874285714285712,0.005,0.15,3600.0,22.35866666666666,1,0,2,35,6,0
Uttar Pradesh,pratapgarh,Pratapgarh,Onion,Red,FAQ,1100.0,1300.0,1185.0,2023-06-21,34.56,6.59,31.54,38.19,49.03,2.55,16.72,6.59,34.56,1095.0,0.65,37.21,2229.0,0.65,37.21,618.0,0.0,38.51,1090.0,4.892857142857143,34.25,1405.0,35.31714285714286,1.3583333333333334,40.75,1542.7,37.38766666666667,0,0,6,172,25,1
Rajasthan,pratapgarh,Pratapgarh,Potato,Desi,FAQ,1000.0,1250.0,1080.0,2025-04-05,30.59,0.0,20.95,40.57,15.35,2.23,24.74,0.0,30.62,1800.0,0.0,29.05,1850.0,0.0,29.35,1090.0,0.0,29.62,2070.0,0.0,0.0,1174.2857142857142,30.615714285714287,0.0,0.0,1416.0,29.529,1,0,4,95,14,2
Haryana,kurukshetra,Thanesar,Onion,Other,FAQ,1600.0,2600.0,2100.0,2023-07-29,28.47,3.44,25.49,31.17,87.97,1.06,20.64,3.44,28.47,800.0,3.44,28.47,1600.0,14.19,28.93,900.0,18.87,28.81,1400.0,3.44,24.08,2292.8571428571427,28.47,8.12,243.6,2899.1666666666665,28.75,0,0,7,210,30,1
Haryana,kaithal,Siwan,Onion,Other,FAQ,4100.0,4200.0,4200.0,2023-11-26,16.16,0.0,12.92,21.4,61.14,1.39,9.47,0.0,16.16,950.0,0.0,16.7,3800.0,0.0,17.21,3800.0,0.0,16.82,1000.0,0.0,0.0,1892.857142857143,16.39142857142857,0.0,0.0,2499.333333333333,17.116333333333333,1,0,11,330,47,0
Madhya Pradesh,ratlam,Ratlam,Wheat,Lokwan,FAQ,3114.0,3334.0,2797.0,2024-01-16,18.28,0.0,9.83,27.09,45.61,1.66,16.47,0.0,18.28,2780.0,0.0,19.41,1090.0,0.66,20.02,1000.0,0.0,18.08,2600.0,0.0,0.0,2140.428571428572,19.08571428571429,0.296,8.879999999999999,1414.8333333333333,18.71,1,0,1,16,3,0
Punjab,ludhiana,Samrala,Potato,Other,FAQ,1500.0,1800.0,1600.0,2024-09-09,29.36,2.74,24.96,33.36,78.9,0.83,19.64,2.74,29.36,3000.0,2.74,29.36,850.0,10.76,28.75,4200.0,8.03,28.89,3500.0,2.74,19.18,3228.5714285714284,29.36,7.534999999999999,226.05,2708.333333333333,28.975,0,0,9,253,37,1
Haryana,ambala,Ambala Cantt.,Onion,Other,FAQ,900.0,1200.0,1100.0,2025-06-05,30.49,0.14,23.44,36.94,38.94,1.49,27.66,2.96,29.13,800.0,2.96,29.13,900.0,12.81,29.37,850.0,5.82,31.79,940.0,2.557142857142857,17.9,878.5714285714286,29.32428571428571,4.654,139.62,886.0,30.256,0,0,6,156,23,1
Gujarat,bhavnagar,Taleja,Onion,Red,FAQ,950.0,2200.0,1575.0,2025-03-05,23.63,0.0,13.71,35.02,8.66,3.48,24.48,0.0,26.75,1100.0,0.0,28.06,2150.0,0.0,28.06,1840.0,0.0,28.5,1075.0,0.0,0.0,1585.0,26.304285714285715,0.0,0.0,1571.3333333333333,27.60633333333333,1,0,3,64,10,0
 Punjab,fazilka,Jalalabad,Onion,Other,FAQ,1600.0,1800.0,1700.0,2023-07-24,30.75,2.24,26.46,35.14,75.99,1.94,19.15,19.2,29.66,1900.0,19.2,29.66,1025.0,10.24,32.08,6500.0,5.33,30.48,6800.0,16.777142857142856,117.44,2935.714285714286,29.81571428571428,9.341666666666663,280.24999999999994,2312.333333333333,31.003666666666668,0,1,7,205,30,1
Uttar Pradesh,baghpat,Bagpat,Potato,Desi,FAQ,1500.0,1700.0,1600.0,2024-06-30,33.53,12.2,28.54,38.62,63.64,2.11,15.74,6.71,33.56,1750.0,0.04,36.11,1550.0,0.04,39.95,1800.0,0.0,37.26,1350.0,8.218571428571428,57.53,1650.0,35.19,2.1790000000000003,65.37,1558.3333333333333,37.504,0,0,6,182,26,1
Himachal Pradesh,kullu,Bhuntar,Onion,Other,FAQ,3000.0,3200.0,3100.0,2023-09-07,17.98,0.03,14.14,22.12,75.52,1.46,24.12,0.88,17.45,2300.0,0.14,17.56,3100.0,0.01,18.24,2800.0,0.02,16.67,3200.0,0.6528571428571429,4.57,2600.0,17.541428571428572,2.7333333333333334,82.0,2570.0,17.879666666666665,0,0,9,250,36,1
Himachal Pradesh,mandi,Mandi(Mandi),Potato,Potato,FAQ,1000.0,2800.0,2000.0,2023-10-27,17.06,0.0,13.65,22.25,61.2,1.35,18.69,0.0,17.06,1250.0,0.0,16.96,1500.0,0.0,16.84,2000.0,0.0,16.12,2000.0,0.0,0.0,2278.5714285714284,17.002857142857142,0.0279999999999999,0.8399999999999999,2365.0,16.766666666666666,1,0,10,300,43,0
Himachal Pradesh,hamirpur,Hamirpur(Nadaun),Onion,Other,FAQ,5300.0,5500.0,5400.0,2024-09-25,28.79,6.2,25.49,32.15,77.61,1.1,13.87,6.2,28.79,3250.0,1.53,29.16,3450.0,0.0,28.72,5350.0,0.0,27.16,4000.0,4.198571428571433,29.39000000000003,3865.0,28.94857142857143,1.2346666666666666,37.04,3483.1666666666665,28.53666666666667,0,0,9,269,39,1
Uttar Pradesh,hardoi,Madhoganj,Onion,Red,FAQ,2500.0,2600.0,2550.0,2025-02-25,19.88,0.0,11.47,28.02,37.57,1.42,19.11,0.0,19.88,2550.0,0.0,19.27,2500.0,0.0,19.27,940.0,0.0,19.6,2425.0,0.0,0.0,1852.857142857143,19.79285714285714,0.0,0.0,1769.3333333333333,19.476,1,0,2,56,9,0
Haryana,kaithal,Dhand,Tomato,Deshi,FAQ,1400.0,1500.0,1500.0,2023-09-30,25.29,0.0,19.19,33.47,59.51,2.05,20.91,0.0,25.61,2300.0,0.0,25.28,1100.0,0.0,25.9,2280.0,0.0,27.34,1180.0,0.0,0.0,1740.0,25.517142857142854,0.0,0.0,1752.8333333333333,26.080666666666666,1,0,9,273,39,1
Haryana,gurgaon,Gurgaon,Potato,Other,FAQ,1000.0,1200.0,1100.0,2025-04-24,33.4,0.0,22.64,42.88,6.86,1.7,27.83,0.0,33.4,900.0,0.0,33.4,1000.0,0.0,31.5,1500.0,0.0,32.93,900.0,0.0,0.0,1064.2857142857142,33.4,0.0,0.0,1093.3333333333333,32.23233333333334,1,0,4,114,17,2
Uttar Pradesh,ghaziabad,Hapur,Onion,Red,FAQ,2500.0,2600.0,2550.0,2025-02-26,20.43,0.21,14.99,28.32,41.0,0.98,17.16,0.21,20.43,950.0,0.0,20.09,2540.0,0.0,18.55,940.0,0.0,18.22,2000.0,0.1800000000000045,1.260000000000032,1491.428571428571,20.381428571428568,0.042,1.26,1505.8333333333333,19.197333333333333,1,0,2,57,9,0
Haryana,rohtak,Meham,Potato,Other,FAQ,500.0,800.0,600.0,2023-12-26,15.28,0.0,9.49,23.33,53.49,1.53,9.51,0.0,15.28,800.0,0.0,15.64,1000.0,0.0,12.96,800.0,0.0,14.89,1000.0,0.0,0.0,1228.571428571429,15.04857142857143,0.0,0.0,1341.6666666666667,14.104,1,0,12,360,52,0
Gujarat,kheda,Kapadvanj,Onion,Other,FAQ,600.0,1400.0,1000.0,2025-05-06,29.12,16.18,26.23,33.74,59.69,2.69,15.57,16.18,29.12,1150.0,5.81,33.63,1800.0,0.0,33.53,800.0,0.0,34.41,1800.0,13.21714285714286,92.52,1314.2857142857142,30.40857142857143,4.246,127.38,1193.3333333333333,33.027,0,0,5,126,19,2
Uttar Pradesh,saharanpur,Saharanpur,Potato,Desi,FAQ,1600.0,2000.0,1800.0,2024-05-20,37.84,0.68,30.87,45.62,18.68,2.49,25.29,0.68,37.84,1800.0,0.2,37.48,1650.0,0.0,36.84,1450.0,0.0,32.56,950.0,0.5714285714285714,4.0,1590.0,37.691428571428574,0.229,6.87,1569.8,36.177666666666674,1,0,5,141,21,2
Uttar Pradesh,bareilly,Anwala,Potato,Desi,FAQ,1000.0,1200.0,1100.0,2024-03-27,28.68,0.0,20.38,38.46,29.69,2.08,19.07,0.0,26.37,1660.0,0.0,24.62,1230.0,0.0,25.42,1600.0,0.0,23.5,1740.0,0.0,0.0,1440.0,26.678571428571427,0.0,0.0,1379.8333333333333,24.424333333333333,1,0,3,87,13,0
Himachal Pradesh,mandi,Dhanotu (Mandi),Potato,Other,FAQ,1500.0,1900.0,1700.0,2023-08-01,24.43,1.75,21.68,28.09,89.39,2.08,23.25,4.53,23.9,8000.0,3.47,23.77,1100.0,10.14,22.4,8000.0,6.57,23.47,1100.0,4.132857142857143,28.93,2692.8571428571427,23.97571428571428,7.241666666666666,217.25,3173.333333333333,23.233666666666668,0,0,8,213,31,1
Uttar Pradesh,lalitpur,Lalitpur,Potato,Local,FAQ,1800.0,1860.0,1820.0,2024-06-10,36.45,0.0,32.12,41.07,31.66,3.2,9.03,0.0,37.84,1860.0,0.2,38.67,1260.0,0.0,39.0,1810.0,0.0,36.3,1670.0,0.1957142857142852,1.3699999999999963,1769.2857142857142,37.84857142857143,0.0689999999999999,2.07,1595.5,37.89433333333333,1,0,6,162,24,1
West Bengal,murshidabad,Jangipur,Onion,Red,FAQ,2640.0,2720.0,2675.0,2025-02-19,24.02,0.04,17.92,31.02,50.47,0.87,14.81,0.04,24.02,950.0,0.0,23.83,950.0,0.0,21.81,2640.0,0.0,21.16,2450.0,0.0171428571428591,0.1200000000000142,1416.428571428571,23.91142857142857,0.004,0.12,1240.3333333333333,21.707666666666668,1,0,2,50,8,0
Punjab,jalandhar,Bilga,Potato,Other,FAQ,1300.0,1500.0,1400.0,2024-06-26,38.83,0.35,31.8,45.37,27.27,1.66,20.05,0.24,37.68,920.0,0.52,37.84,900.0,0.02,35.76,1400.0,5.37,37.08,1000.0,0.2557142857142857,1.79,1202.857142857143,37.84428571428572,1.3946666666666667,41.84,1211.0,36.78433333333333,0,0,6,178,26,1
Uttar Pradesh,etawah,Etawah,Onion,Red,FAQ,1400.0,1800.0,1600.0,2023-07-25,31.39,4.16,27.25,36.05,73.21,1.92,13.99,4.16,31.39,1000.0,0.31,29.6,1000.0,0.13,30.73,2300.0,3.21,29.71,1040.0,1.41,9.87,3190.0,30.11142857142857,0.3973333333333333,11.92,2963.5,30.59666666666667,0,0,7,206,30,1
West Bengal,alipurduar,Alipurduar,Potato,Jyoti,FAQ,1250.0,1350.0,1300.0,2024-03-25,22.4,11.58,18.08,27.22,71.19,1.12,13.95,11.82,21.48,1250.0,4.06,21.26,2500.0,9.12,20.87,2400.0,0.28,25.83,1550.0,11.785714285714286,82.5,1700.0,21.61142857142857,25.512666666666668,765.38,1738.3333333333333,21.785666666666668,0,0,3,85,13,0
Maharashtra,akola,Akola,Onion,Other,Local,500.0,1600.0,1200.0,2025-06-05,30.96,4.0,24.55,37.37,54.66,1.35,22.33,0.38,29.83,1200.0,0.36,30.0,1500.0,11.67,31.23,1500.0,1.86,32.6,1000.0,0.9542857142857148,6.680000000000003,1271.428571428571,30.051428571428573,5.62,168.6,1270.0,30.79233333333333,0,0,6,156,23,1
Maharashtra,ahmednagar,Ahmednagar,Onion,Other,FAQ,600.0,2900.0,2250.0,2024-08-05,25.54,1.32,22.14,30.79,80.4,4.99,12.83,1.32,25.54,1775.0,1.32,25.54,1950.0,4.36,24.85,2450.0,2.8,25.26,2600.0,1.32,9.24,2203.5714285714284,25.54,3.48,104.4,2269.0,24.994666666666667,0,0,8,218,32,1
West Bengal,bankura,Indus(Bankura Sadar),Potato,Jyoti,FAQ,2200.0,2260.0,2240.0,2024-12-20,17.71,0.09,11.37,23.64,77.85,1.17,11.99,0.09,17.71,2100.0,0.0,17.45,2400.0,0.0,16.21,2220.0,0.0,14.42,2480.0,0.0514285714285693,0.3599999999999858,2191.428571428572,17.59857142857143,0.012,0.36,2334.0,15.831666666666669,1,0,12,355,51,0
Kerala,thiruvananthapuram,Aralamoodu,Onion,Onion,FAQ,5000.0,5000.0,5000.0,2023-12-19,24.94,1.34,24.02,26.1,87.11,5.25,20.04,1.34,24.94,4000.0,130.12,26.09,5500.0,0.39,26.32,4000.0,1.81,27.19,4000.0,28.057142857142857,196.4,9511.42857142857,25.63,14.217333333333334,426.52,10830.0,26.058666666666667,0,1,12,353,51,0
Rajasthan,jhalawar,Iklera,Wheat,Other,FAQ,2040.0,2340.0,2190.0,2023-07-18,27.44,20.12,25.61,29.87,89.03,2.39,10.98,20.12,27.44,2207.0,16.38,27.29,2150.0,8.76,28.99,2185.0,2.23,28.39,2200.0,13.062857142857142,91.44,2161.714285714286,27.75714285714286,8.595,257.85,2177.366666666667,28.07933333333333,0,0,7,199,29,1
Haryana,sonipat,Ganaur,Onion,Onion,FAQ,2500.0,3000.0,2800.0,2024-03-04,13.99,0.41,5.49,24.12,34.77,1.96,21.36,0.41,13.99,1500.0,6.14,16.9,700.0,12.43,20.38,1500.0,0.0,17.59,800.0,2.0471428571428567,14.329999999999998,1757.142857142857,14.821428571428571,3.960333333333333,118.81,1506.0,18.388,0,0,3,64,10,0
Bihar,vaishali,"Jaitipir Mandi, Lalganj block",Potato,Jyoti,FAQ,1500.0,1700.0,1600.0,2023-10-10,27.57,0.23,23.51,32.32,85.19,1.88,17.0,0.14,27.08,1500.0,10.89,27.86,1500.0,0.65,27.4,1500.0,20.48,28.03,1600.0,7.338571428571427,51.36999999999999,1542.857142857143,27.35571428571429,8.014666666666667,240.44000000000003,1510.0,28.09,0,0,10,283,41,0
Haryana,sirsa,Sirsa,Potato,Other,FAQ,900.0,3000.0,1300.0,2024-11-13,23.32,0.0,17.67,31.13,41.83,1.34,7.52,0.0,23.32,1500.0,0.0,24.66,1700.0,0.0,25.62,1500.0,0.0,26.4,1500.0,0.0,0.0,2271.428571428572,23.89428571428571,0.0,0.0,2209.6666666666665,25.47833333333333,1,0,11,318,46,0
Gujarat,ahmedabad,Ahmedabad(Chimanbhai Patal Market Vasana),Onion,Nasik,FAQ,800.0,1500.0,1300.0,2025-05-26,34.42,3.91,28.5,40.25,51.72,2.24,23.92,0.03,35.81,1900.0,0.15,36.28,1250.0,0.2,35.8,1850.0,0.0,33.91,850.0,0.6014285714285714,4.21,1078.571428571429,35.67857142857143,0.206,6.18,1218.3333333333333,35.470666666666666,1,0,5,146,22,2
Tamilnadu,theni,Theni(Uzhavar Sandhai ),Potato,(Red Nanital),Local,5000.0,6000.0,6000.0,2024-08-23,24.24,0.02,18.85,30.57,78.27,1.22,22.15,0.09,23.16,5200.0,0.09,23.16,6000.0,0.09,23.16,4400.0,10.21,24.35,4800.0,0.0799999999999999,0.5599999999999999,5242.857142857143,23.314285714285717,3.2856666666666667,98.57,5080.0,23.063,0,0,8,236,34,1
Maharashtra,ahmednagar,Shevgaon,Onion,2nd Sort,FAQ,2000.0,2300.0,2100.0,2024-07-22,25.04,3.08,22.7,28.88,82.45,6.49,10.39,3.08,25.04,2500.0,3.36,25.57,2850.0,1.3,25.19,1800.0,0.38,26.0,3000.0,3.08,21.56,2414.285714285714,25.04,1.8746666666666665,56.24,2434.7,25.380333333333333,0,0,7,204,30,1
Haryana,sonipat,Sonepat,Onion,Other,FAQ,1150.0,1200.0,1150.0,2023-06-17,34.38,2.51,29.68,38.98,46.01,2.11,20.81,2.51,34.38,1000.0,2.51,34.38,1800.0,1.65,34.69,1400.0,0.12,34.66,1000.0,2.51,17.57,1221.428571428571,34.38,1.4489999999999996,43.46999999999999,1248.3333333333333,34.587999999999994,0,0,6,168,24,1
Tamilnadu,erode,Sampath Nagar(Uzhavar Sandhai ),Potato,(Red Nanital),Local,4800.0,5800.0,5800.0,2024-09-26,26.74,0.37,22.36,32.35,68.64,1.57,15.93,0.37,26.74,6200.0,0.37,26.74,4500.0,0.1,27.48,4800.0,0.47,27.38,5800.0,0.37,2.59,5857.142857142857,26.74,0.9066666666666666,27.2,5563.333333333333,26.912666666666667,0,0,9,270,39,1
Haryana,ambala,Barara,Potato,Other,FAQ,1500.0,2000.0,2000.0,2024-10-08,24.8,0.02,20.63,30.32,70.88,1.16,19.25,0.02,24.8,3000.0,0.0,25.57,1300.0,0.27,26.01,2000.0,0.0,26.32,3000.0,0.0085714285714285,0.06,2200.0,25.24,0.1806666666666666,5.42,2323.333333333333,25.828333333333333,1,0,10,282,41,0
Rajasthan,pratapgarh,Pratapgarh,Onion,Red,FAQ,2100.0,2300.0,2190.0,2023-08-29,28.17,1.37,24.83,32.3,83.47,2.49,19.76,1.37,28.17,2190.0,1.37,28.17,918.0,0.19,27.94,2310.0,0.73,27.99,1125.0,1.37,9.59,1777.7142857142858,28.17,0.6413333333333334,19.24,1878.2666666666669,28.09733333333333,0,0,8,241,35,1
Uttar Pradesh,ghaziabad,Noida,Onion,Red,FAQ,4250.0,4350.0,4300.0,2024-11-11,23.59,0.0,17.83,29.85,67.1,0.91,10.94,0.0,23.59,4300.0,0.0,22.97,4250.0,0.0,22.7,2200.0,0.0,22.57,4025.0,0.0,0.0,3105.714285714286,23.235714285714288,0.0,0.0,3179.6666666666665,22.794,1,0,11,316,46,0
Uttar Pradesh,badaun,Shahaswan,Wheat,Medium,FAQ,2200.0,2300.0,2250.0,2023-06-27,31.75,2.5,27.49,35.23,59.66,1.42,17.38,2.5,31.75,1825.0,2.5,31.75,2190.0,5.91,30.8,860.0,11.56,31.62,970.0,2.5,17.5,1530.0,31.75,5.942333333333334,178.27,1524.0,31.19,0,0,6,178,26,1
Madhya Pradesh,shajapur,Shajapur,Onion,Medium,FAQ,269.0,1415.0,728.0,2025-06-11,37.15,0.01,29.37,44.71,23.1,4.7,22.58,0.01,37.15,1125.0,0.0,36.31,400.0,0.0,35.56,100.0,0.0,31.97,150.0,0.0028571428571446,0.0200000000000124,773.5714285714286,36.55,1.6083333333333334,48.25,607.7333333333333,34.644666666666666,0,0,6,162,24,1
Madhya Pradesh,sagar,Sagar(F&V),Tomato,Deshi,FAQ,1200.0,1800.0,1500.0,2023-06-21,30.52,2.87,26.58,34.58,64.96,3.77,16.37,2.87,30.52,2200.0,2.87,30.52,2330.0,5.1,31.91,2075.0,5.1,31.91,650.0,2.87,20.09,1927.4285714285716,30.52,4.059333333333333,121.78,1932.1333333333332,31.26133333333333,0,0,6,172,25,1
Uttar Pradesh,unnao,Purwa,Potato,Desi,FAQ,1725.0,1820.0,1775.0,2024-06-01,39.56,0.0,31.31,46.6,12.31,1.54,23.13,0.0,39.56,1430.0,0.01,41.18,1425.0,0.0,40.44,1400.0,0.03,38.57,1545.0,0.0071428571428571,0.05,1623.571428571429,40.71714285714285,0.004,0.12,1607.6666666666667,40.572,1,0,6,153,22,1
West Bengal,jalpaiguri,Jalpaiguri Sadar,Onion,Other,FAQ,2200.0,2400.0,2300.0,2025-03-04,22.44,0.0,14.6,30.55,38.72,1.58,20.42,0.0,22.44,900.0,0.0,23.67,850.0,0.0,23.67,2300.0,0.17,24.09,850.0,0.0,0.0,1571.428571428571,22.967142857142857,0.0566666666666666,1.6999999999999993,2056.6666666666665,23.646,1,0,3,63,10,0
Uttar Pradesh,ballia,Vilthararoad,Onion,Other,FAQ,1300.0,1400.0,1350.0,2023-06-12,38.68,0.53,33.54,42.78,27.7,2.48,23.06,0.53,38.68,1040.0,0.0,37.93,1100.0,0.0,37.93,930.0,0.0,37.41,980.0,0.3785714285714286,2.6500000000000004,1413.428571428571,38.46571428571429,0.0883333333333333,2.6500000000000004,1216.2333333333331,37.867333333333335,1,0,6,163,24,1
Tamilnadu,vellore,Thirupathur,Onion,Bellary,Local,3400.0,3400.0,3400.0,2025-03-23,27.85,1.27,23.18,34.48,65.46,2.82,19.11,1.27,27.85,2400.0,1.27,27.85,3000.0,1.21,28.02,3400.0,0.01,27.98,2400.0,1.27,8.89,2942.8571428571427,27.85,0.7426666666666667,22.28,2966.6666666666665,28.032,0,0,3,82,12,0
Uttar Pradesh,sambhal,Sambhal,Onion,Red,FAQ,2800.0,3250.0,3000.0,2023-11-07,22.34,0.0,17.58,29.82,42.76,1.2,11.79,0.0,22.34,820.0,0.0,23.09,3940.0,0.0,21.68,810.0,0.0,23.39,940.0,0.0,0.0,1731.428571428571,22.554285714285715,0.0,0.0,1858.1666666666667,22.622,1,0,11,311,45,0
Haryana,jind,Jind,Potato,Other,FAQ,550.0,800.0,800.0,2023-12-11,15.22,0.0,9.85,23.3,37.67,0.88,12.08,0.0,15.22,3500.0,0.0,14.59,700.0,0.0,15.88,2500.0,0.0,16.5,3300.0,0.0,0.0,2064.285714285714,15.04,0.0,0.0,1966.6666666666667,15.85,1,0,12,345,50,0
Gujarat,navsari,Navsari,Potato,(Red Nanital),FAQ,1600.0,3100.0,2350.0,2024-07-28,26.96,5.84,25.78,28.38,92.05,4.29,8.48,5.84,26.96,2800.0,27.53,26.75,2900.0,48.25,27.12,2425.0,15.2,27.64,2900.0,3.612857142857143,25.29,2707.1428571428573,27.110000000000003,37.15633333333333,1114.6899999999998,2711.6666666666665,27.273333333333333,0,0,7,210,30,1
Uttar Pradesh,ballia,Ballia,Onion,Red,FAQ,1100.0,1210.0,1150.0,2023-06-14,40.91,0.0,33.89,46.91,22.99,5.45,23.43,0.0,40.91,1060.0,0.18,40.11,950.0,0.18,40.11,935.0,0.53,38.68,1100.0,0.0771428571428571,0.54,1401.428571428571,40.567142857142855,0.296,8.879999999999999,1341.5666666666666,39.644666666666666,1,0,6,165,24,1
Tamilnadu,namakkal,Mohanur(Uzhavar Sandhai ),Potato,(Red Nanital),Local,4400.0,4800.0,4800.0,2024-09-28,28.61,3.1,23.82,35.02,69.16,1.31,17.75,0.85,28.36,5000.0,0.85,28.36,6500.0,0.31,27.87,6000.0,0.11,28.65,7000.0,1.1714285714285713,8.2,5428.571428571428,28.395714285714284,0.5856666666666667,17.57,5573.333333333333,28.220666666666663,0,0,9,272,39,1
Madhya Pradesh,mandsaur,Mandsaur,Onion,Onion-Organic,Non-FAQ,410.0,521.0,521.0,2025-05-30,31.5,20.85,26.37,38.09,55.37,4.71,23.67,5.44,34.92,608.0,1.19,36.16,380.0,0.44,35.09,841.0,2.02,35.63,545.0,7.034285714285716,49.24000000000001,422.1428571428572,34.60857142857143,2.112,63.36,454.6,35.10966666666666,0,0,5,150,22,2
Madhya Pradesh,panna,Panna,Wheat,Other,FAQ,2250.0,2250.0,2250.0,2023-08-17,26.74,15.86,24.78,29.7,89.89,2.24,13.9,2.68,27.28,2021.0,0.11,26.94,2190.0,0.0,27.05,2200.0,0.0,26.46,2240.0,3.4585714285714286,24.21,2122.285714285714,27.032857142857143,0.8193333333333332,24.58,2162.133333333333,26.768666666666668,0,0,8,229,33,1
Uttar Pradesh,firozabad,Firozabad,Potato,Desi,FAQ,875.0,1110.0,1025.0,2023-08-16,29.54,0.12,25.38,34.51,78.07,2.02,18.82,0.12,29.54,1780.0,0.01,28.73,1540.0,0.0,28.33,1025.0,0.0,27.68,995.0,0.0728571428571428,0.51,1539.2857142857142,29.192857142857143,0.037,1.11,1569.3333333333333,28.64333333333333,1,0,8,228,33,1
Tamilnadu,namakkal,Rasipuram(Uzhavar Sandhai ),Potato,(Red Nanital),Local,4500.0,5000.0,5000.0,2024-07-30,26.9,0.51,23.88,30.93,75.21,2.82,19.03,0.51,26.9,4500.0,2.92,28.47,4500.0,2.92,28.47,4600.0,0.05,28.18,5000.0,1.8871428571428568,13.21,4785.714285714285,27.797142857142852,1.2319999999999998,36.96,4746.666666666667,28.144,0,0,7,212,31,1
Kerala,malappuram,Manjeri,Onion,Other,FAQ,2100.0,2200.0,2150.0,2024-01-31,25.35,0.0,20.51,32.05,72.72,1.05,21.8,0.0,25.35,3000.0,0.0,24.75,2150.0,0.0,24.96,2500.0,0.0,24.83,2500.0,0.0,0.0,2821.428571428572,25.092857142857145,0.0,0.0,2663.333333333333,24.836333333333336,1,0,1,31,5,0
Maharashtra,amarawati,Amrawati(Frui & Veg. Market),Onion,Local,FAQ,1000.0,4000.0,2500.0,2023-08-14,30.11,2.14,,,,,,2.14,30.11,5750.0,2.14,30.11,2000.0,2.14,30.11,2475.0,2.14,30.11,8500.0,2.14,14.98,3007.1428571428573,30.11,2.14,64.2,2782.5333333333333,30.11,0,0,8,226,33,1
West Bengal,paschim bardhaman,Durgapur,Potato,Other,FAQ,1360.0,1500.0,1480.0,2023-12-16,15.45,0.0,8.71,22.94,66.79,1.55,12.16,0.0,15.45,4450.0,0.0,15.45,4600.0,0.0,15.45,1400.0,0.0,16.51,1500.0,0.0,0.0,2568.5714285714284,15.45,0.0,0.0,2633.333333333333,15.793333333333331,1,0,12,350,50,0
Tamilnadu,madurai,Usilampatty,Onion,Bellary,Local,4500.0,4800.0,4800.0,2025-02-09,25.04,0.0,19.76,32.73,73.28,2.32,20.72,0.0,25.04,4800.0,0.0,24.4,4800.0,0.0,24.4,4800.0,0.0,24.46,5000.0,0.0,0.0,4671.428571428572,24.765714285714285,0.0,0.0,4733.333333333333,24.343,1,0,2,40,6,0
Maharashtra,nandurbar,Navapur,Tomato,Other,FAQ,3500.0,6000.0,4267.0,2023-06-25,28.79,7.4,24.92,34.08,64.97,4.52,15.12,3.53,29.77,400.0,3.06,30.78,3183.0,0.0,31.65,2617.0,2.55,31.08,2375.0,3.881428571428572,27.17,2413.428571428572,30.062857142857144,1.4313333333333336,42.940000000000005,2242.0333333333333,30.728666666666665,0,0,6,176,25,1
Haryana,fatehabad,Tohana(New Veg Market),Potato,Potato,FAQ,1800.0,2000.0,1800.0,2024-05-02,27.76,0.0,17.61,37.54,21.67,2.38,28.16,0.0,27.76,1350.0,0.0,25.67,1500.0,0.0,27.94,1450.0,0.68,33.04,1700.0,0.0,0.0,1557.142857142857,27.46142857142857,0.2893333333333338,8.680000000000014,1603.3333333333333,28.51366666666667,1,0,5,123,18,2
Orissa,bargarh,Bargarh(Barapalli),Potato,Other,FAQ,2800.0,3000.0,2900.0,2023-06-24,29.24,42.31,26.01,32.93,74.77,2.58,14.09,42.31,29.24,4100.0,14.42,28.73,2400.0,13.93,30.28,1900.0,0.71,34.8,1100.0,30.357142857142858,212.5,2957.1428571428573,29.02142857142857,13.044000000000002,391.3200000000001,2303.333333333333,31.229333333333333,0,1,6,175,25,1
Tamilnadu,coimbatore,Udumalpet,Potato,(Red Nanital),Local,6000.0,7000.0,7000.0,2024-10-13,24.22,28.96,21.91,27.37,89.16,0.64,10.53,28.96,24.22,4500.0,28.96,24.22,6200.0,11.81,23.58,6400.0,14.53,23.4,6500.0,28.96,202.72,5614.285714285715,24.22,17.317666666666664,519.53,5660.0,23.748,0,1,10,287,41,0
Haryana,ambala,Barara,Onion,Other,FAQ,3200.0,4200.0,4200.0,2024-12-04,17.01,0.0,11.3,25.12,47.8,2.9,14.48,0.0,18.26,1250.0,0.0,18.26,4000.0,0.0,17.74,1700.0,0.0,17.27,2450.0,0.0,0.0,2317.1428571428573,18.08142857142857,0.0,0.0,2900.6666666666665,17.755999999999997,1,0,12,339,49,0
Uttar Pradesh,shahjahanpur,Tilhar,Potato,Desi,FAQ,2090.0,2190.0,2140.0,2024-09-22,28.54,0.02,23.74,32.94,83.01,1.01,19.17,0.02,28.54,3700.0,0.0,27.81,3680.0,0.0,27.43,3510.0,2.33,26.66,2100.0,0.0085714285714265,0.0599999999999857,2796.428571428572,28.122857142857143,0.7436666666666666,22.31,2732.1666666666665,27.351,0,0,9,266,38,1
Maharashtra,amarawati,Amrawati(Frui & Veg. Market),Onion,Local,Local,400.0,1200.0,800.0,2025-05-28,30.11,2.14,,,,,,2.14,30.11,1400.0,2.14,30.11,1400.0,2.14,30.11,900.0,2.14,30.11,900.0,2.14,14.98,1085.7142857142858,30.11,2.14,64.2,1291.6666666666667,30.11,0,0,5,148,22,2
Delhi,delhi,Azadpur,Onion,Onion,FAQ,1000.0,3125.0,2250.0,2025-03-03,20.77,0.0,10.24,31.28,33.78,1.31,20.04,0.0,20.77,2650.0,6.18,19.3,2850.0,0.4,20.7,2800.0,0.0,17.79,904.0,2.6714285714285717,18.7,2129.1428571428573,20.474285714285717,1.517,45.51,1782.3666666666666,19.869,0,0,3,62,10,0
Punjab,faridkot,Jaitu,Onion,Nasik,FAQ,2500.0,2500.0,2500.0,2023-09-29,26.43,0.0,20.7,34.07,61.56,1.05,20.37,0.0,26.43,1000.0,25.95,28.77,1000.0,8.38,29.19,1800.0,4.91,30.86,2000.0,3.707142857142861,25.950000000000028,1742.857142857143,27.044285714285717,7.884666666666667,236.54,1553.3333333333333,28.770666666666667,0,0,9,272,39,1
Haryana,sirsa,Rania(Jiwan nagar),Potato,Other,FAQ,1800.0,2000.0,1900.0,2024-08-03,31.82,0.28,27.8,36.69,69.65,4.0,17.43,0.28,31.82,1500.0,10.39,30.9,1700.0,16.92,29.56,2100.0,2.36,35.14,2800.0,3.1685714285714286,22.18,1871.4285714285716,31.557142857142857,12.863333333333332,385.9,1852.0,31.957,0,0,8,216,31,1
Haryana,yamuna nagar,Sadhaura,Onion,Onion,FAQ,1500.0,1500.0,1500.0,2024-02-15,16.5,0.0,10.41,25.5,43.91,1.14,19.33,0.0,16.41,1600.0,0.0,17.97,1500.0,0.0,17.97,1800.0,0.0,14.71,420.0,0.0,0.0,1092.857142857143,16.422857142857143,0.0,0.0,1058.6666666666667,16.899333333333335,1,0,2,46,7,0
West Bengal,howrah,Ramkrishanpur(Howrah),Onion,Other,Non-FAQ,1500.0,2400.0,2000.0,2025-05-28,29.02,10.48,26.4,33.58,84.39,2.33,16.65,10.48,29.02,3800.0,11.28,28.72,1560.0,12.21,29.36,3500.0,6.96,29.81,2000.0,10.822857142857146,75.76000000000002,2582.8571428571427,28.89142857142857,12.938666666666666,388.16,2654.0,28.864666666666665,0,0,5,148,22,2
West Bengal,howrah,Uluberia,Potato,Jyoti,FAQ,2480.0,2520.0,2500.0,2024-06-06,30.79,2.67,27.91,34.92,81.5,1.91,18.98,2.67,31.12,2500.0,4.36,29.58,2380.0,0.8,30.35,2400.0,0.82,31.54,2500.0,4.252857142857144,29.770000000000003,2408.5714285714284,30.912857142857145,6.7156666666666665,201.47,2377.333333333333,30.561666666666667,0,0,6,158,23,1
Uttar Pradesh,saharanpur,Gangoh,Potato,Desi,FAQ,900.0,1100.0,1000.0,2023-10-25,22.25,0.0,17.93,28.4,64.33,0.95,17.26,0.0,22.25,2450.0,0.0,22.42,1100.0,0.0,22.42,2370.0,0.0,21.13,1175.0,0.0,0.0,1930.857142857143,22.25,0.0033333333333333,0.1,1804.8666666666663,21.838,1,0,10,298,43,0
Punjab,hoshiarpur,GarhShankar (Kotfatuhi),Potato,Other,FAQ,800.0,1300.0,1100.0,2024-06-19,39.82,2.14,32.82,46.1,24.26,2.3,21.44,2.14,39.82,1800.0,1.32,39.97,1900.0,0.67,40.29,1500.0,0.0,38.46,2400.0,2.022857142857148,14.160000000000032,1571.428571428571,39.84142857142857,0.8490000000000001,25.47,1546.6666666666667,39.623333333333335,0,0,6,171,25,1
Haryana,kaithal,Siwan,Onion,Other,FAQ,2200.0,2200.0,2200.0,2024-01-23,11.32,0.0,6.75,20.55,49.3,1.3,5.56,0.0,11.32,500.0,0.0,10.13,2200.0,0.0,11.61,525.0,0.0,11.63,2400.0,0.0,0.0,1375.7142857142858,10.57,0.0,0.0,1432.8333333333333,11.412,1,0,1,23,4,0
Andhra Pradesh,hyderabad,Bowenpally,Tomato,Deshi,FAQ,600.0,3200.0,2550.0,2023-06-10,30.87,1.21,26.0,37.0,55.84,5.28,24.51,7.35,33.47,2200.0,7.35,33.47,2500.0,1.08,33.13,2700.0,4.04,34.65,1500.0,6.472857142857143,45.31,1521.428571428571,33.098571428571425,4.085666666666667,122.57,1849.1666666666667,33.444,0,0,6,161,23,1
Rajasthan,ajmer,Ajmer(F&V),Onion,Other,FAQ,1300.0,2200.0,1900.0,2023-12-31,15.46,0.0,9.69,23.67,49.8,1.91,9.85,0.0,15.46,1000.0,0.0,16.7,2195.0,0.0,16.68,1900.0,0.0,17.72,1980.0,0.0,0.0,1485.7142857142858,15.991428571428573,0.0,0.0,1753.7666666666669,16.923,1,0,12,365,52,0
Rajasthan,pratapgarh,Pratapgarh,Rice,III,FAQ,3000.0,3250.0,3120.0,2025-04-14,28.08,5.41,20.69,35.27,44.67,1.26,23.48,5.41,28.08,1600.0,0.0,29.64,1080.0,8.04,28.93,1650.0,0.0,31.46,3130.0,3.0914285714285703,21.639999999999997,2402.8571428571427,28.748571428571427,2.329333333333333,69.88,1711.0,30.35533333333333,0,0,4,104,16,2
Gujarat,navsari,Navsari,Tomato,Other,FAQ,6000.0,12000.0,9000.0,2023-07-25,27.13,25.25,25.55,29.8,90.45,4.6,8.64,25.25,27.13,1200.0,16.87,27.23,1200.0,55.65,27.59,1800.0,26.93,27.29,250.0,22.85571428571429,159.99,4235.714285714285,27.15857142857143,34.775,1043.25,2931.6666666666665,27.28233333333333,0,1,7,206,30,1
Madhya Pradesh,guna,Maksudangarh,Wheat,Other,FAQ,3000.0,3000.0,3000.0,2023-11-15,18.3,0.0,12.05,27.03,59.46,1.45,15.49,0.0,21.91,3000.0,0.0,23.49,2590.0,0.0,22.85,2460.0,0.0,21.66,2485.0,0.0,0.0,2651.8571428571427,22.32857142857143,0.0,0.0,2480.4666666666667,22.54133333333333,1,0,11,319,46,0
Punjab,faridkot,Kotkapura,Tomato,Tomato,FAQ,1800.0,2200.0,2000.0,2023-06-15,31.83,28.7,27.07,36.67,59.04,2.63,19.75,0.92,34.67,600.0,0.92,34.67,900.0,0.15,35.9,1000.0,0.06,34.93,1000.0,4.888571428571429,34.22,1178.571428571429,34.26428571428571,1.825,54.75,965.0,34.974666666666664,0,0,6,166,24,1
Uttar Pradesh,auraiya,Dibiapur,Potato,Desi,FAQ,1200.0,1375.0,1300.0,2024-10-10,25.72,0.0,22.54,30.12,83.59,1.58,12.17,0.0,25.72,4250.0,0.0,26.1,1200.0,0.25,26.92,4300.0,0.0,27.6,4310.0,0.0,0.0,2470.0,25.828571428571426,0.1619999999999995,4.859999999999985,2665.833333333333,26.93133333333333,1,0,10,284,41,0
 Punjab,fazilka,Jalalabad,Onion,Other,FAQ,3200.0,3400.0,3300.0,2024-07-31,34.72,10.96,30.46,39.41,66.0,1.38,19.77,10.96,34.72,2050.0,4.81,34.5,3000.0,0.18,36.48,2000.0,2.85,36.22,1900.0,8.324285714285717,58.27000000000001,2528.5714285714284,34.62571428571429,7.624,228.72000000000003,2546.6666666666665,35.096,0,0,7,213,31,1
Madhya Pradesh,sagar,Sagar(F&V),Potato,Other,FAQ,800.0,1000.0,900.0,2025-04-20,32.79,0.0,24.31,41.47,14.63,3.54,27.58,0.0,32.79,700.0,0.0,33.9,700.0,0.0,34.5,725.0,0.0,30.82,710.0,0.0,0.0,971.4285714285714,33.582857142857144,0.0,0.0,914.5,33.58433333333333,1,0,4,110,16,2
Tamilnadu,sivaganga,Devakottai (Uzhavar Sandhai ),Onion,Bellary,Local,5000.0,6000.0,6000.0,2024-08-25,29.11,0.01,24.56,34.94,70.13,3.42,23.53,0.01,29.11,6000.0,0.01,29.39,6000.0,0.01,29.39,5800.0,0.01,28.5,6800.0,0.01,0.07,5800.0,29.19,0.0133333333333333,0.4,5990.0,29.148333333333333,1,0,8,238,34,1
Uttar Pradesh,etah,Aliganj,Wheat,Dara,FAQ,2320.0,2360.0,2325.0,2024-01-06,12.73,0.01,6.7,20.25,58.49,1.1,4.78,0.01,12.73,1900.0,0.01,13.05,2300.0,0.1,14.05,2305.0,0.0,14.77,1960.0,0.01,0.07,1652.142857142857,12.867142857142856,0.0213333333333333,0.64,1701.3333333333333,13.581,1,0,1,6,1,0
Rajasthan,alwar,Kherli,Wheat,Other,FAQ,2492.0,2560.0,2540.0,2023-12-14,17.05,0.0,9.08,26.4,36.75,1.02,12.14,0.0,17.05,2400.0,0.0,17.57,2528.0,0.0,16.99,1750.0,0.0,18.72,1600.0,0.0,0.0,2187.1428571428573,17.42142857142857,0.0,0.0,2171.9333333333334,17.579333333333334,1,0,12,348,50,0
Uttar Pradesh,agra,Fatehabad,Potato,Desi,FAQ,1600.0,2000.0,1850.0,2024-11-25,18.71,0.0,11.95,27.0,58.71,1.77,11.85,0.0,18.0,1960.0,0.0,17.15,1600.0,0.0,17.15,1750.0,0.0,17.7,3790.0,0.0,0.0,2481.428571428572,18.10142857142857,0.0,0.0,2399.5,17.56433333333333,1,0,11,330,48,0
Uttar Pradesh,unnao,Purwa,Onion,Red,FAQ,1525.0,1625.0,1575.0,2023-08-05,29.36,7.41,26.12,33.24,83.53,0.75,14.59,7.41,29.36,2295.0,12.19,29.41,1140.0,12.67,30.09,2285.0,19.89,29.25,1120.0,10.141428571428571,70.99,2782.8571428571427,29.388571428571428,14.134,424.02,2520.333333333333,29.515666666666668,0,0,8,217,31,1
Gujarat,bhavnagar,Mahuva(Station Road),Onion,White,FAQ,865.0,1710.0,1290.0,2024-06-03,36.39,0.04,29.9,43.38,39.27,4.07,22.76,0.04,36.39,2800.0,0.0,35.67,2900.0,0.0,36.51,2650.0,0.0,38.24,1180.0,0.0114285714285714,0.08,1801.428571428571,35.824285714285715,0.0026666666666666,0.08,1821.1666666666667,36.67633333333333,1,0,6,155,23,1
Tamilnadu,vellore,Thirupathur,Onion,Bellary,Local,2500.0,2500.0,2500.0,2025-05-17,28.15,13.35,23.13,34.48,68.66,2.06,11.87,13.35,28.15,3200.0,17.93,27.23,3400.0,6.92,29.17,2500.0,2.08,29.22,2200.0,15.312857142857142,107.19,2742.8571428571427,27.755714285714284,10.479333333333331,314.38,2820.0,28.397333333333336,0,1,5,137,20,2
Rajasthan,bundi,Bundi,Wheat,Other,FAQ,2120.0,2220.0,2170.0,2023-07-13,29.22,6.31,25.98,33.01,81.14,3.17,17.25,6.31,29.22,2179.0,21.59,28.54,2150.0,2.1,28.55,2151.0,2.73,28.9,2150.0,3.098571428571429,21.690000000000005,2152.0,29.03714285714286,6.267333333333334,188.02,2169.5333333333333,29.584,0,0,7,194,28,1
Punjab,kapurthala,Phagwara,Potato,Other,FAQ,874.0,1800.0,1641.0,2024-06-13,39.53,0.0,30.84,47.42,17.09,2.75,26.9,0.0,39.08,1200.0,0.0,35.69,1590.0,2.61,38.21,1500.0,0.0,38.83,1700.0,0.0,0.0,1385.428571428571,37.957142857142856,0.4893333333333333,14.68,1439.7,37.82966666666667,0,0,6,165,24,1
Punjab,hoshiarpur,Garh Shankar,Tomato,Local,FAQ,4000.0,8000.0,5000.0,2023-07-07,29.05,35.99,25.85,32.62,79.8,1.78,17.04,35.99,29.05,1800.0,8.41,30.27,600.0,8.41,30.27,1500.0,6.54,33.48,5500.0,32.050000000000004,224.35,2335.714285714286,29.224285714285717,34.95433333333334,1048.63,2460.0,30.026666666666664,0,1,7,188,27,1
Punjab,patiala,Nabha,Potato,Other,FAQ,600.0,1100.0,800.0,2023-07-12,29.71,5.45,26.47,33.17,80.83,1.03,21.55,5.45,29.71,2200.0,5.45,29.71,680.0,18.91,29.9,1200.0,52.54,28.95,2200.0,5.45,38.15,2090.0,29.71,34.023,1020.69,2292.0,29.17533333333333,0,0,7,193,28,1
Haryana,yamuna nagar,Sadhaura,Onion,Onion,FAQ,4000.0,4500.0,4200.0,2023-12-02,18.56,0.0,14.93,24.3,66.12,0.75,13.41,0.0,18.56,1400.0,0.34,18.67,4200.0,0.56,18.78,1050.0,0.01,18.79,850.0,0.1457142857142837,1.0199999999999858,2414.285714285714,18.607142857142858,0.1986666666666666,5.96,2467.5,19.011333333333333,1,0,12,336,48,0
Karnataka,belgaum,Belgaum,Onion,Pusa-Red,FAQ,500.0,4000.0,2800.0,2024-10-26,22.57,0.0,17.25,27.55,81.65,1.26,19.94,0.0,23.06,3000.0,8.37,24.03,3500.0,27.17,23.74,3200.0,0.59,24.05,3000.0,1.6014285714285712,11.21,3185.714285714286,23.557142857142857,16.331666666666667,489.95,3113.333333333333,23.58933333333333,0,0,10,300,43,0
Himachal Pradesh,kangra,Palampur,Potato,Other,FAQ,1500.0,3200.0,2350.0,2023-09-29,22.46,0.03,19.17,27.41,56.83,1.11,20.88,0.03,22.46,2800.0,0.03,22.46,2400.0,0.0,22.2,3050.0,0.0,22.31,2400.0,0.03,0.21,2592.8571428571427,22.46,0.009,0.27,2513.333333333333,22.311,1,0,9,272,39,1
Haryana,fatehabad,Tohana(New Veg Market),Onion,Onion,FAQ,650.0,800.0,750.0,2023-06-12,34.62,0.0,28.07,41.29,46.47,2.68,24.05,1.65,33.65,1100.0,1.65,33.65,900.0,5.21,34.86,700.0,0.0,32.64,950.0,1.414285714285714,9.9,835.7142857142857,33.78857142857142,1.9863333333333333,59.59,817.6666666666666,34.165,0,0,6,163,24,1
Haryana,kaithal,Pundri,Potato,Other,FAQ,1150.0,1200.0,1175.0,2023-08-08,29.63,0.97,26.12,33.69,81.77,2.19,19.72,0.97,29.63,1180.0,4.63,29.92,1765.0,69.58,30.29,1500.0,3.12,30.68,1100.0,3.391428571428571,23.74,2265.0,29.63142857142857,18.76133333333333,562.8399999999999,2385.0,30.374,0,0,8,220,32,1
Haryana,yamuna nagar,Chhachrauli,Potato,Potato,FAQ,1400.0,1850.0,1400.0,2024-12-23,12.09,1.08,8.89,16.2,66.7,1.51,0.93,0.0,15.57,1200.0,0.0,13.92,1450.0,0.0,13.77,1400.0,0.0,13.59,1800.0,0.1542857142857092,1.0799999999999643,1328.571428571429,14.13,0.036,1.08,1421.6666666666667,14.294666666666668,1,0,12,358,52,0
Uttar Pradesh,amroha,Dhanaura,Onion,Medium,FAQ,800.0,1000.0,900.0,2023-08-12,28.73,0.13,25.56,32.75,83.87,2.49,19.21,0.13,28.73,2330.0,1.9,28.66,900.0,5.36,28.87,1460.0,0.61,29.18,900.0,0.8885714285714286,6.22,2104.285714285714,28.7,2.4776666666666665,74.33,1834.3333333333333,28.95,0,0,8,224,32,1
Uttar Pradesh,lucknow,Lucknow,Potato,Desi,FAQ,775.0,875.0,825.0,2024-02-20,21.41,1.08,13.85,29.54,45.49,1.44,18.34,0.0,20.17,820.0,0.0,18.52,770.0,0.31,17.43,750.0,6.44,16.35,2793.0,0.1542857142857143,1.08,1133.571428571429,19.65857142857143,0.28,8.4,1250.1,17.19,1,0,2,51,8,0
Kerala,idukki,Thodupuzha,Onion,Big,FAQ,5400.0,5600.0,5600.0,2024-11-04,23.43,15.79,21.05,27.57,87.89,0.18,19.39,15.79,23.43,6500.0,23.53,22.73,4400.0,9.65,23.35,6500.0,0.67,22.87,4400.0,13.46714285714286,94.27,5100.0,23.14,10.331666666666669,309.95000000000005,5163.333333333333,23.146,0,0,11,309,45,0
Madhya Pradesh,dewas,Kannod,Wheat,Lok-1,FAQ,2316.0,2316.0,2316.0,2023-07-13,27.6,7.89,24.31,32.12,82.37,3.51,11.13,7.89,27.6,2350.0,9.8,27.31,2150.0,21.71,26.63,700.0,3.13,26.59,2230.0,8.981428571428571,62.870000000000005,2845.428571428572,27.434285714285718,12.419666666666668,372.59,2223.1,26.921666666666667,0,0,7,194,28,1
Uttar Pradesh,badaun,Badayoun,Wheat,Dara,FAQ,2500.0,2600.0,2520.0,2024-01-03,14.31,0.01,8.67,21.59,50.29,1.2,4.0,0.01,14.31,665.0,0.01,13.48,1950.0,0.01,13.48,2500.0,0.0,14.01,2530.0,0.01,0.07,1389.2857142857142,13.835714285714284,0.005,0.15,1483.8333333333333,13.236,1,0,1,3,1,0
Uttar Pradesh,ghaziabad,Hapur,Tomato,Deshi,FAQ,6150.0,6280.0,6200.0,2023-07-08,28.54,27.24,26.66,31.44,87.26,3.15,8.04,27.24,28.54,1180.0,27.24,28.54,1400.0,14.11,28.97,1200.0,21.03,28.68,6500.0,27.24,190.68,3484.285714285714,28.54,20.817,624.51,2945.0333333333333,28.725,0,1,7,189,27,1
Madhya Pradesh,dewas,Haatpipliya,Potato,Potato,FAQ,1000.0,1400.0,1200.0,2023-11-24,19.6,0.0,12.91,27.97,58.69,1.41,13.55,0.0,19.6,2590.0,0.0,19.74,600.0,0.0,20.86,2000.0,0.0,21.37,1100.0,0.0,0.0,1777.571428571429,19.64,0.0,0.0,2157.0333333333333,20.406,1,0,11,328,47,0
Maharashtra,pune,Pune(Manjri),Potato,Other,Local,1500.0,2500.0,2000.0,2025-02-28,25.68,0.0,16.89,35.19,38.3,1.56,20.65,0.0,25.68,1050.0,0.0,25.68,1500.0,0.0,25.67,2550.0,0.0,25.67,1450.0,0.0,0.0,1850.0,25.68,0.0,0.0,1703.3333333333333,25.674333333333333,1,0,2,59,9,0
West Bengal,bankura,Bankura Sadar,Potato,Jyoti,FAQ,1160.0,1190.0,1180.0,2025-04-15,28.92,2.73,23.71,34.07,63.31,0.81,18.64,2.73,28.92,3550.0,10.0,29.14,4650.0,10.0,29.14,1200.0,0.73,28.94,1150.0,5.8457142857142825,40.91999999999998,1987.142857142857,29.01428571428572,5.322666666666666,159.67999999999998,2340.6666666666665,29.030666666666665,0,0,4,105,16,2
Haryana,yamuna nagar,Mustafabad,Potato,Other,FAQ,1200.0,1400.0,1200.0,2023-07-15,28.61,0.78,25.08,32.22,85.68,1.41,16.79,0.78,28.61,1000.0,0.78,28.61,1100.0,7.62,27.93,900.0,66.87,29.36,1000.0,0.78,5.46,2614.285714285714,28.61,7.451,223.53,2853.333333333333,28.473666666666663,0,0,7,196,28,1
Orissa,bargarh,Bargarh,Onion,Other,FAQ,1600.0,1800.0,1700.0,2024-02-08,19.81,0.0,12.76,27.28,56.8,1.79,17.74,0.0,21.79,2200.0,0.0,22.94,1500.0,0.0,22.68,1500.0,0.0,21.01,2500.0,0.0,0.0,1900.0,21.835714285714285,0.0,0.0,1886.6666666666667,21.59733333333333,1,0,2,39,6,0
Madhya Pradesh,shajapur,Kalapipal,Onion,Other,FAQ,400.0,2201.0,1650.0,2023-10-09,24.23,0.0,18.15,31.44,77.78,2.16,21.01,0.0,24.23,2350.0,0.0,24.23,2350.0,0.0,24.31,2350.0,0.0,23.86,2400.0,0.0,0.0,2065.0,24.23,0.0,0.0,2124.633333333333,24.191666666666663,1,0,10,282,41,0
Uttar Pradesh,bijnor,Nagina,Potato,Desi,FAQ,800.0,1500.0,1000.0,2025-05-04,26.47,9.45,22.51,33.58,52.96,2.21,17.67,9.45,26.47,1230.0,0.18,29.13,1060.0,6.1,27.66,850.0,0.0,28.18,1080.0,6.801428571428572,47.61,1024.2857142857142,27.23,3.4643333333333333,103.93,1193.3333333333333,28.093333333333337,0,0,5,124,18,2
West Bengal,alipurduar,Falakata,Potato,Other,FAQ,900.0,1000.0,950.0,2025-03-01,21.58,2.66,15.91,29.32,59.12,1.21,13.2,2.66,21.58,950.0,0.0,19.78,1200.0,0.1,19.96,3200.0,4.25,18.88,950.0,0.8585714285714285,6.01,1935.7142857142856,21.184285714285718,1.0566666666666666,31.7,1876.6666666666667,19.945666666666668,0,0,3,60,9,0
Himachal Pradesh,hamirpur,Hamirpur,Potato,Desi,FAQ,1200.0,1800.0,1500.0,2024-02-28,15.32,0.0,10.0,23.25,49.35,2.03,20.64,0.0,15.32,1500.0,0.0,13.75,2650.0,0.0,13.75,1400.0,1.61,13.84,1400.0,0.0,0.0,1717.142857142857,15.32,0.0936666666666666,2.81,1544.3333333333333,13.973333333333333,1,0,2,59,9,0
Madhya Pradesh,dhar,Badnawar,Onion,Onion,FAQ,850.0,22000.0,2500.0,2024-10-25,23.2,0.0,17.12,30.0,72.76,1.43,18.53,0.0,23.2,2400.0,0.05,24.88,2205.0,0.99,24.51,3600.0,0.01,25.36,3500.0,0.0,0.0,2628.5714285714284,23.6,2.134,64.02,2783.8,24.513,0,0,10,299,43,0
Kerala,malappuram,Perinthalmanna,Potato,Potato,FAQ,2500.0,2800.0,2600.0,2023-11-30,24.7,0.97,21.38,28.69,84.11,1.17,13.92,0.97,24.7,3150.0,0.97,24.7,2550.0,1.44,24.61,3500.0,1.51,25.15,2400.0,0.97,6.79,3464.285714285714,24.7,1.2226666666666666,36.68,3749.3333333333335,24.831333333333337,0,0,11,334,48,0
Gujarat,rajkot,Rajkot,Wheat,Lokwan,FAQ,2300.0,2550.0,2460.0,2023-08-18,27.14,0.01,24.44,31.22,81.11,4.51,18.29,0.09,27.09,2300.0,0.09,27.09,2250.0,0.38,27.22,2275.0,0.15,27.19,1325.0,0.0785714285714285,0.5499999999999999,2067.1428571428573,27.09714285714286,0.1443333333333333,4.33,2121.333333333333,27.124,1,0,8,230,33,1
Tamilnadu,kancheepuram,Kancheepuram(Uzhavar Sandhai ),Onion,Bellary,Local,4000.0,5000.0,5000.0,2024-08-25,28.7,0.05,25.37,32.98,77.48,3.6,21.77,0.05,28.7,5000.0,0.06,28.62,5000.0,0.04,28.01,5000.0,1.12,28.62,4500.0,0.0571428571428571,0.4,4714.285714285715,28.642857142857142,0.2346666666666666,7.04,4766.666666666667,28.50933333333333,1,0,8,238,34,1
Uttar Pradesh,bareilly,Bareilly,Potato,Potato,FAQ,1475.0,1550.0,1520.0,2024-04-15,29.89,2.16,25.18,35.48,33.71,2.57,13.71,2.16,29.89,2710.0,0.1,31.99,1100.0,0.0,31.38,1100.0,0.0,31.21,1450.0,0.982857142857143,6.880000000000001,1620.7142857142858,31.09,0.248,7.44,1371.8333333333333,31.092,1,0,4,106,16,2
Haryana,mewat,Punhana,Potato,Other,FAQ,1500.0,1500.0,1500.0,2024-12-25,14.98,0.07,9.26,22.52,69.34,1.17,6.99,0.4,15.31,1800.0,0.0,14.19,1500.0,0.0,14.35,1500.0,0.0,12.36,1200.0,0.2614285714285694,1.8299999999999856,1614.2857142857142,14.588571428571427,0.061,1.83,1563.3333333333333,13.744333333333334,1,0,12,360,52,0
West Bengal,jalpaiguri,Dhupguri,Potato,Other,FAQ,1600.0,1650.0,1650.0,2024-04-13,28.47,0.12,21.23,35.34,41.56,1.37,19.97,0.12,28.47,1900.0,0.12,28.47,1900.0,2.0,27.68,1500.0,0.31,27.79,1900.0,0.12,0.84,1757.142857142857,28.47,0.8913333333333333,26.74,1703.3333333333333,27.83,0,0,4,104,15,2
Tamilnadu,kancheepuram,Kundrathur(Uzhavar Sandhai ),Potato,(Red Nanital),Local,3000.0,3500.0,3500.0,2025-05-18,30.09,8.05,27.23,34.28,72.24,2.15,17.63,8.05,30.09,4000.0,7.68,30.96,3500.0,1.55,30.27,2400.0,0.39,31.35,3000.0,7.944285714285717,55.610000000000014,3100.0,30.33857142857143,3.944,118.32,2983.333333333333,30.921333333333333,0,0,5,138,20,2
Himachal Pradesh,hamirpur,Muskara,Onion,Red,FAQ,1300.0,1400.0,1350.0,2023-08-02,28.89,10.91,25.85,32.63,83.67,1.69,20.05,10.91,28.89,1285.0,10.91,28.89,2270.0,10.91,28.89,8540.0,7.3,28.58,2450.0,10.91,76.37,2581.428571428572,28.89,9.345666666666666,280.37,2610.333333333333,28.755666666666663,0,0,8,214,31,1
Uttar Pradesh,mahoba,Charkhari,Wheat,147 Average,FAQ,2250.0,2300.0,2250.0,2023-06-29,29.42,45.15,27.1,32.52,79.57,1.92,6.91,11.99,31.72,4650.0,3.66,32.49,4120.0,7.71,32.63,3050.0,1.68,34.46,1060.0,14.347142857142858,100.43,1972.857142857143,31.611428571428576,9.527666666666669,285.83,1984.3333333333333,32.480000000000004,0,1,6,180,26,1
Uttar Pradesh,agra,Fatehabad,Onion,Red,FAQ,2400.0,2500.0,2450.0,2023-12-28,14.87,0.0,7.89,22.56,53.75,0.93,3.63,0.0,14.87,2520.0,0.0,17.15,2200.0,0.0,17.15,700.0,0.0,16.91,2590.0,0.0,0.0,1421.428571428571,14.87,0.0,0.0,1579.6666666666667,16.454,1,0,12,362,52,0
Kerala,kannur,Kannur,Onion,Other,FAQ,1600.0,2000.0,1800.0,2023-06-11,25.47,4.73,23.59,28.09,84.67,0.35,10.86,16.13,25.81,1800.0,4.52,26.93,1800.0,4.52,26.93,1800.0,4.52,26.93,1800.0,7.59,45.54,1800.0,26.35333333333333,7.59,45.54,1800.0,26.35333333333333,0,0,6,162,23,1
West Bengal,nadia,Karimpur,Potato,Jyoti,FAQ,1500.0,1600.0,1550.0,2023-09-17,30.04,1.14,26.25,33.5,80.88,0.97,19.36,1.0,28.89,2600.0,4.35,27.71,1480.0,4.35,27.71,2600.0,1.75,28.35,2900.0,1.02,7.14,2030.0,29.054285714285715,4.395666666666667,131.87,2124.1666666666665,28.31433333333333,0,0,9,260,37,1
Tamilnadu,virudhunagar,Rajapalayam(Uzhavar Sandhai ),Potato,(Red Nanital),Local,2700.0,3400.0,3400.0,2025-05-24,30.02,2.27,26.89,35.27,69.02,4.47,12.14,2.27,30.02,3000.0,2.27,30.02,4000.0,3.01,29.74,4000.0,0.1,30.5,3000.0,2.27,15.89,3542.8571428571427,30.02,2.303,69.09,3583.333333333333,29.950666666666667,0,0,5,144,21,2
West Bengal,bankura,Bankura Sadar,Rice,Common,FAQ,3500.0,3600.0,3550.0,2025-04-12,29.24,0.37,23.72,35.37,65.88,1.85,17.71,0.37,29.24,1400.0,0.37,29.24,1050.0,11.09,28.51,4600.0,0.0,28.71,1050.0,0.37,2.59,2864.285714285714,29.24,5.274,158.22,2548.333333333333,28.758,0,0,4,102,15,2
Maharashtra,pune,Pune(Manjri),Onion,Local,FAQ,1100.0,1300.0,1200.0,2024-03-03,22.41,0.0,16.16,29.41,68.96,3.5,22.09,0.04,25.18,1300.0,0.04,25.18,1000.0,0.49,27.89,1600.0,0.02,28.26,1500.0,0.0342857142857142,0.24,1342.857142857143,24.784285714285712,0.2616666666666666,7.85,1325.0,26.75066666666667,1,0,3,63,9,0
Rajasthan,pratapgarh,Pratapgarh,Onion,Red,FAQ,3400.0,3650.0,3500.0,2023-12-09,18.91,0.0,13.92,26.54,57.13,2.2,10.55,0.0,18.91,825.0,0.01,20.32,2337.0,0.01,20.32,820.0,0.44,20.92,2629.0,0.0028571428571428,0.02,2178.5714285714284,19.312857142857144,1.6700000000000002,50.1,2326.233333333333,20.331666666666667,0,0,12,343,49,0
Uttar Pradesh,agra,Fatehabad,Onion,Red,FAQ,1500.0,1550.0,1520.0,2023-08-20,30.66,0.36,26.76,35.11,76.96,2.11,20.96,0.36,30.66,1300.0,0.36,30.66,900.0,10.32,29.77,1300.0,2.0,30.52,2250.0,0.36,2.52,1484.2857142857142,30.66,3.8946666666666663,116.84,1970.6666666666667,30.34633333333333,0,0,8,232,33,1
Himachal Pradesh,solan,Solan,Potato,Other,FAQ,900.0,1000.0,900.0,2024-02-27,10.92,0.0,7.5,14.16,61.32,1.34,7.96,0.0,11.13,900.0,0.45,11.9,900.0,0.0,14.08,800.0,0.0,8.62,1800.0,0.0199999999999999,0.1399999999999999,1442.857142857143,10.991428571428573,0.7146666666666666,21.44,1298.3333333333333,12.505333333333336,0,0,2,58,9,0
Bihar,madhubani,Jainagar,Onion,Medium,FAQ,2300.0,2500.0,2400.0,2024-05-24,34.27,0.01,27.68,40.73,46.75,1.54,25.07,0.97,32.08,2500.0,2.39,31.08,2500.0,6.38,31.95,2400.0,0.01,33.3,2400.0,9.421428571428573,65.95,2400.0,31.52285714285714,3.957,118.71,2406.6666666666665,32.23533333333334,0,0,5,145,21,2
Gujarat,patan,Siddhpur,Wheat,Hybrid,FAQ,2385.0,2805.0,2595.0,2023-12-18,19.43,0.0,12.62,28.3,44.89,2.04,15.94,0.0,19.43,2605.0,0.0,20.68,2565.0,0.0,19.71,2625.0,0.0,19.63,2635.0,0.0,0.0,2606.0,20.108571428571427,0.0,0.0,2629.6666666666665,19.89933333333333,1,0,12,352,51,0
West Bengal,nadia,Kalyani,Potato,Jyoti,FAQ,1060.0,1100.0,1080.0,2025-03-02,26.71,0.0,19.19,36.19,59.79,2.0,18.29,0.0,26.71,840.0,0.0,25.91,2775.0,0.0,25.91,820.0,0.0,24.23,2500.0,0.0,0.0,1284.2857142857142,26.481428571428573,0.0,0.0,1791.1666666666667,25.639333333333337,1,0,3,61,9,0
Tamilnadu,salem,Attayampatti(Uzhavar Sandhai ),Onion,Bellary,Local,6000.0,6800.0,6800.0,2024-09-08,27.61,0.15,23.25,33.77,72.56,2.73,18.68,0.15,27.61,5000.0,0.15,27.61,5000.0,0.04,27.66,5000.0,0.06,27.59,6600.0,0.15,1.05,6257.142857142857,27.61,0.0693333333333333,2.08,6260.0,27.646666666666665,1,0,9,252,36,1
Karnataka,bangalore,Bangalore,Onion,Puna,FAQ,1000.0,1800.0,1400.0,2023-06-26,24.06,0.41,19.26,30.75,69.79,3.99,16.22,0.41,24.06,8500.0,0.41,24.06,6000.0,2.47,24.35,1400.0,10.89,25.19,2500.0,0.41,2.87,2785.714285714286,24.06,2.6793333333333336,80.38000000000001,2506.6666666666665,24.296333333333337,0,0,6,177,26,1
Maharashtra,ahmednagar,Rahuri(Vambori),Onion,Other,Local,100.0,1900.0,1100.0,2025-06-07,27.27,1.17,22.99,32.98,74.15,3.27,21.66,1.17,27.27,800.0,3.21,27.79,1300.0,3.21,27.79,1750.0,0.95,26.48,900.0,1.752857142857143,12.27,1057.142857142857,27.418571428571425,2.216666666666667,66.5,1119.1666666666667,27.07033333333333,0,0,6,158,23,1
Haryana,ambala,Ambala City(Subji Mandi),Onion,Other,FAQ,1400.0,1900.0,1650.0,2023-08-30,26.05,0.0,22.75,29.7,88.01,2.39,24.99,0.0,26.05,935.0,0.0,26.05,2500.0,10.91,25.97,800.0,7.79,27.07,700.0,0.0,0.0,1197.857142857143,26.05,4.184666666666667,125.54,1544.5,26.194666666666667,0,0,8,242,35,1
Uttar Pradesh,amroha,Amroha,Onion,Red,FAQ,1750.0,1900.0,1850.0,2024-03-20,24.77,0.0,15.68,34.63,26.3,1.06,21.16,0.0,24.77,900.0,0.0,23.7,900.0,0.0,22.45,1860.0,0.0,23.11,900.0,0.0,0.0,1182.857142857143,24.158571428571427,0.0,0.0,1133.6666666666667,22.997333333333334,1,0,3,80,12,0
Uttar Pradesh,amroha,Dhanaura,Potato,Desi,FAQ,1500.0,1800.0,1600.0,2024-09-16,26.79,0.01,22.54,31.23,84.7,1.85,17.69,0.01,26.79,3740.0,3.46,26.85,3750.0,26.52,26.0,1800.0,11.79,30.06,1850.0,1.4885714285714289,10.42,2076.0,26.81571428571428,18.788,563.64,2226.4,27.087666666666667,0,0,9,260,38,1
Uttar Pradesh,sambhal,Bhehjoi,Potato,Potato,FAQ,800.0,810.0,805.0,2023-11-11,21.05,0.24,16.39,27.85,62.17,1.7,11.83,3.82,22.62,925.0,3.82,22.62,3850.0,0.0,22.49,3900.0,0.0,22.34,900.0,3.3085714285714287,23.16,1579.2857142857142,22.395714285714288,0.8993333333333333,26.98,1916.0,22.319666666666663,0,0,11,315,45,0
Maharashtra,ahmednagar,Sangamner,Onion,Red,FAQ,200.0,2351.0,1275.0,2024-02-28,28.66,0.83,21.91,35.41,39.46,2.06,20.17,0.83,28.66,1200.0,0.3,28.34,1100.0,0.05,26.94,1000.0,0.0,22.46,1200.0,0.6028571428571439,4.220000000000007,1414.2857142857142,28.52285714285714,0.189,5.67,1383.6666666666667,26.086666666666662,1,0,2,59,9,0
Punjab,amritsar,Rayya,Onion,Red,FAQ,1500.0,1500.0,1500.0,2024-04-30,24.71,0.01,17.25,33.73,44.31,3.04,25.96,0.01,24.71,800.0,11.21,24.85,700.0,0.57,30.67,1000.0,0.43,27.71,2200.0,6.410000000000002,44.87000000000001,1464.2857142857142,24.790000000000003,2.7216666666666667,81.65,1303.3333333333333,27.764666666666663,0,0,4,121,18,2
West Bengal,bankura,Bishnupur(Bankura),Onion,Nasik,FAQ,2800.0,3000.0,2900.0,2023-09-20,27.69,18.34,25.69,30.69,90.89,2.49,10.16,18.34,27.69,1220.0,3.75,28.25,2800.0,3.04,28.71,2800.0,3.51,29.18,1280.0,14.171428571428573,99.2,2148.5714285714284,27.85,5.629666666666667,168.89,2134.6666666666665,28.543666666666663,0,0,9,263,38,1
Karnataka,bidar,Bidar,Wheat,Red,FAQ,2800.0,3400.0,3100.0,2024-01-17,24.13,0.0,17.12,32.15,52.62,2.13,15.28,0.0,23.88,3100.0,0.0,22.99,3200.0,0.0,21.4,3100.0,0.0,18.07,3300.0,0.0,0.0,3142.8571428571427,23.568571428571428,0.0,0.0,2912.733333333333,21.478666666666665,1,0,1,17,3,0
Rajasthan,hanumangarh,Hanumangarh,Wheat,Other,FAQ,2131.0,2160.0,2142.0,2023-06-27,31.95,0.15,27.21,36.91,60.31,2.27,20.97,0.15,31.95,2175.0,27.45,30.24,3300.0,27.45,30.24,1000.0,11.58,36.23,1000.0,11.85,82.95,1812.142857142857,31.217142857142857,22.223,666.6899999999999,1648.0666666666666,31.067,0,0,6,178,26,1
Kerala,kottayam,Ettumanoor,Onion,Onion,FAQ,5200.0,5600.0,5400.0,2024-04-09,29.74,2.04,23.92,37.77,63.87,0.43,24.55,2.04,29.74,4500.0,5.07,30.05,2400.0,5.07,30.05,4600.0,0.05,29.49,2600.0,3.771428571428572,26.4,4042.857142857143,29.91714285714286,2.5996666666666663,77.99,3896.6666666666665,29.86233333333333,0,0,4,100,15,2
Uttar Pradesh,jaunpur,Mugrabaadshahpur,Onion,Red,FAQ,2880.0,3080.0,2980.0,2024-08-16,29.89,1.42,26.91,33.06,82.7,0.64,19.17,3.53,29.56,2910.0,5.18,30.01,2920.0,2.53,29.83,2840.0,11.13,28.84,2310.0,3.7,25.9,2581.428571428572,29.735714285714284,6.459,193.77,2604.333333333333,29.483,0,0,8,229,33,1
Uttar Pradesh,bulandshahar,Khurja,Potato,Desi,FAQ,950.0,1050.0,1000.0,2023-11-21,18.79,0.0,12.79,26.9,58.46,2.32,10.37,0.0,18.79,1000.0,0.0,18.79,850.0,0.0,18.79,3000.0,0.0,19.73,3500.0,0.0,0.0,1615.7142857142858,18.79,0.0,0.0,2055.5333333333333,19.10333333333333,1,0,11,325,47,0
Maharashtra,dhule,Dhule,Onion,Red,Local,400.0,3000.0,2800.0,2025-02-18,26.04,0.0,18.05,35.67,32.84,2.3,20.76,0.0,25.52,2800.0,0.0,24.84,1380.0,0.0,20.71,4500.0,0.0,21.21,4170.0,0.0,0.0,2664.285714285714,25.10571428571429,0.0483333333333333,1.45,3185.5,21.901666666666664,1,0,2,49,8,0
Uttar Pradesh,sambhal,Sambhal,Potato,Desi,FAQ,1400.0,1650.0,1500.0,2025-01-04,15.34,0.0,8.12,24.82,61.51,1.09,4.39,0.0,15.34,1450.0,0.0,12.71,1480.0,0.0,11.94,1475.0,0.07,15.14,1800.0,0.0,0.0,1471.428571428571,14.241428571428573,0.894,26.82,1514.5,14.608333333333333,0,0,1,4,1,0
Andhra Pradesh,kurnool,Kurnool,Onion,Local,FAQ,517.0,1419.0,995.0,2025-03-12,29.55,0.0,19.89,39.34,40.39,1.95,24.52,0.0,28.45,860.0,0.0,30.56,1760.0,0.0,28.8,1560.0,0.0,27.12,3200.0,0.0,0.0,1296.857142857143,28.66,0.0,0.0,2125.2,28.084333333333333,1,0,3,71,11,0
Punjab,faridkot,Kotkapura,Onion,Nasik,FAQ,900.0,1100.0,1000.0,2023-07-06,30.02,15.17,26.33,34.39,73.91,2.43,13.78,15.17,30.02,1000.0,15.17,30.02,1000.0,5.99,35.0,4500.0,2.2,33.6,900.0,15.17,106.19,2371.428571428572,30.02,12.216,366.48,1993.3333333333333,32.86,0,1,7,187,27,1
Uttar Pradesh,prayagraj,Jasra,Potato,Desi,FAQ,1000.0,1175.0,1090.0,2023-08-26,28.04,0.17,24.16,32.46,82.7,3.17,20.81,0.17,28.04,2050.0,11.05,27.81,1950.0,12.99,28.12,3900.0,9.99,29.77,1100.0,3.278571428571429,22.950000000000003,1647.142857142857,27.974285714285717,8.359333333333334,250.78,2016.0,28.359666666666666,0,0,8,238,34,1
Kerala,kottayam,Ettumanoor,Onion,Big,FAQ,1800.0,2200.0,2000.0,2023-06-15,25.81,1.08,22.33,29.8,85.72,0.94,19.34,1.08,25.81,4000.0,1.08,25.81,3000.0,1.08,25.81,2100.0,2.61,25.27,2500.0,1.08,7.56,4400.0,25.81,1.6920000000000002,50.760000000000005,3793.3333333333335,25.594,0,0,6,166,24,1
Uttar Pradesh,badaun,Bilsi,Potato,Local,FAQ,1050.0,1100.0,1075.0,2025-03-25,27.7,0.0,17.84,38.32,16.73,1.66,22.18,0.0,27.7,2475.0,0.0,27.7,2350.0,0.0,27.21,1140.0,0.0,24.67,900.0,0.0,0.0,1476.428571428571,27.7,0.1329999999999999,3.99,1660.3666666666666,26.688333333333336,1,0,3,84,13,0
Orissa,bargarh,Bargarh(Barapalli),Onion,Other,FAQ,2200.0,2400.0,2300.0,2025-04-30,30.28,6.86,24.25,37.2,57.6,1.78,15.99,6.86,30.28,2200.0,1.19,33.67,1800.0,0.86,34.87,2500.0,0.03,35.98,2500.0,6.718571428571429,47.03,2214.285714285714,31.638571428571428,1.8826666666666665,56.48,2270.0,34.47266666666666,0,0,4,120,18,2
Punjab,muktsar,Giddarbaha,Potato,Potato,FAQ,700.0,800.0,800.0,2024-01-15,12.94,0.0,6.73,20.71,33.29,0.93,7.17,0.0,12.94,2800.0,0.0,14.63,1000.0,0.0,13.07,2500.0,0.0,11.15,2000.0,0.0,0.0,1971.4285714285716,13.905714285714286,0.0,0.0,1653.3333333333333,12.744,1,0,1,15,3,0
Uttar Pradesh,badaun,Bilsi,Onion,Red,FAQ,2450.0,2550.0,2500.0,2025-03-04,21.35,0.0,14.53,29.9,35.95,3.12,19.78,0.0,21.35,950.0,0.0,21.43,825.0,0.0,21.43,2500.0,3.51,20.94,2410.0,0.0,0.0,1372.857142857143,21.36142857142857,0.4679999999999999,14.04,1543.8333333333333,21.45133333333333,0,0,3,63,10,0
Madhya Pradesh,neemuch,Neemuch,Onion,Onion,FAQ,198.0,198.0,198.0,2025-05-30,31.15,11.72,25.18,38.49,54.95,4.75,23.67,9.77,34.34,100.0,0.03,35.29,800.0,3.9,34.22,470.0,4.95,25.43,901.0,4.694285714285714,32.86,562.5714285714286,34.43,2.010333333333333,60.31,520.4,33.00266666666667,0,0,5,150,22,2
Uttar Pradesh,baghpat,Baraut,Potato,Desi,FAQ,2200.0,2480.0,2330.0,2024-08-20,28.98,9.9,25.96,32.51,84.84,1.51,13.32,9.9,28.98,3300.0,3.08,29.2,1900.0,1.6,28.77,2320.0,2.92,28.19,2300.0,6.257142857142857,43.8,2631.428571428572,29.05142857142857,7.778666666666667,233.36,2536.5,28.660666666666664,0,0,8,233,34,1
Rajasthan,hanumangarh,Rawatsar,Potato,(Red Nanital),FAQ,1000.0,1000.0,1000.0,2025-03-10,24.42,0.0,16.81,35.26,28.66,1.86,16.23,0.0,24.42,2300.0,0.0,24.42,1300.0,0.0,22.83,2000.0,0.0,21.64,1700.0,0.0,0.0,1348.428571428571,24.42,0.0,0.0,1428.7,23.22,1,0,3,69,11,0
Punjab,sangrur,Dhuri,Potato,Potato,FAQ,800.0,900.0,850.0,2025-04-18,34.35,0.33,25.47,43.06,25.91,2.28,20.46,0.33,34.35,500.0,0.33,34.35,600.0,0.0,33.3,1000.0,0.0,31.91,1650.0,0.33,2.31,1007.1428571428572,34.35,0.14,4.2,991.6666666666666,33.38433333333333,1,0,4,108,16,2
West Bengal,jalpaiguri,Belacoba,Tomato,Hybrid,FAQ,1900.0,2100.0,2000.0,2023-10-18,24.86,0.03,22.24,28.64,81.66,0.96,15.9,0.03,24.86,3200.0,0.03,24.86,3100.0,0.3,25.18,1200.0,0.91,24.88,1200.0,0.03,0.21,2185.714285714286,24.86,0.1953333333333333,5.86,2216.6666666666665,24.816666666666663,1,0,10,291,42,0
Uttar Pradesh,agra,Agra,Potato,Desi,FAQ,750.0,980.0,900.0,2024-02-27,20.81,0.14,13.12,29.68,33.7,1.04,14.29,0.14,20.81,1440.0,0.0,19.56,850.0,0.0,19.26,1425.0,0.26,18.81,1500.0,0.08,0.56,1427.142857142857,20.274285714285718,0.0186666666666666,0.56,1102.5,19.091666666666665,1,0,2,58,9,0
Orissa,bargarh,Bargarh(Barapalli),Potato,Other,FAQ,4100.0,4300.0,4200.0,2024-10-06,27.47,0.04,23.08,31.02,77.33,0.91,18.66,0.0,27.8,4200.0,0.08,27.37,4000.0,0.56,27.65,5100.0,0.86,27.69,4100.0,0.0285714285714285,0.2,4242.857142857143,27.63,0.394,11.82,4110.0,27.632666666666665,0,0,10,280,40,0
Rajasthan,baran,Kawai Salpura (Atru),Wheat,Other,FAQ,2100.0,2310.0,2205.0,2023-06-16,34.73,0.0,28.05,41.44,40.57,5.44,22.97,0.0,34.73,2057.0,0.0,34.9,2250.0,0.0,35.4,2060.0,0.04,35.31,2250.0,0.0,0.0,2193.714285714286,34.778571428571425,0.0076666666666666,0.23,2197.9,35.61599999999999,1,0,6,167,24,1
West Bengal,birbhum,Sainthia,Onion,Other,FAQ,4300.0,4500.0,4400.0,2024-11-27,18.85,0.0,12.93,24.4,78.96,1.12,12.99,0.0,18.85,4400.0,0.0,19.4,2450.0,0.0,19.52,2400.0,0.0,19.66,2400.0,0.0,0.0,3585.714285714286,19.00714285714286,0.0,0.0,3433.333333333333,19.449,1,0,11,332,48,0
Haryana,bhiwani,Bhiwani,Potato,Potato,FAQ,650.0,1000.0,780.0,2024-01-15,11.22,0.0,3.54,21.06,40.27,1.47,10.95,0.0,11.22,2250.0,0.0,13.53,780.0,0.0,10.71,2050.0,0.0,11.57,850.0,0.0,0.0,1598.571428571429,11.915714285714284,0.0,0.0,1288.0,11.746333333333334,1,0,1,15,3,0
Jammu & Kashmir,jammu,Akhnoor,Onion,Other,FAQ,4200.0,4600.0,4400.0,2024-11-09,22.73,0.0,19.13,28.3,59.27,1.08,13.25,0.0,22.95,5750.0,0.0,22.48,4250.0,0.0,22.72,2300.0,0.0,23.32,4750.0,0.0,0.0,3800.0,22.91857142857143,0.0,0.0,3601.6666666666665,22.907666666666668,1,0,11,314,45,0
West Bengal,puruliya,Kasipur,Rice,Other,FAQ,3500.0,3600.0,3560.0,2025-05-03,28.5,5.54,21.88,34.91,58.94,1.77,20.81,5.54,28.5,1600.0,1.65,27.97,3580.0,0.27,28.18,1800.0,9.19,29.34,4200.0,2.761428571428572,19.33,2151.428571428572,28.12142857142857,2.512666666666667,75.38000000000001,2338.333333333333,27.894,0,0,5,123,18,2
West Bengal,murshidabad,Jangipur,Onion,Red,FAQ,1350.0,1425.0,1380.0,2025-05-22,30.75,8.29,26.48,35.17,68.59,1.7,20.12,8.29,30.75,860.0,16.21,31.57,1375.0,10.86,31.03,3760.0,10.75,30.7,1320.0,13.94714285714286,97.63,2284.285714285714,31.335714285714285,12.628333333333334,378.85,2644.833333333333,31.14333333333333,0,0,5,142,21,2
Rajasthan,hanumangarh,Goluwala,Onion,1st Sort,FAQ,2500.0,2500.0,2500.0,2023-09-16,30.75,9.33,27.4,35.08,68.59,2.65,15.75,9.33,30.75,800.0,9.33,30.75,2375.0,7.78,33.49,1164.0,7.78,33.49,2150.0,9.33,65.31,1667.142857142857,30.75,8.348333333333334,250.45,1710.4,32.48533333333334,0,0,9,259,37,1
Maharashtra,sangli,Sangli,Wheat,Other,FAQ,2700.0,3800.0,3250.0,2023-06-23,26.72,0.77,23.27,32.26,69.75,4.64,20.15,0.77,26.72,2540.0,0.41,27.42,750.0,0.0,28.07,1300.0,0.36,27.63,3200.0,0.77,5.390000000000001,2327.1428571428573,26.72,0.3003333333333334,9.010000000000002,2061.333333333333,27.61533333333333,1,0,6,174,25,1
Maharashtra,pune,Pune(Pimpri),Onion,Local,Local,1000.0,1500.0,1250.0,2025-04-16,29.18,0.0,20.33,40.51,48.13,2.97,26.13,0.0,29.42,1350.0,0.0,29.42,1000.0,0.0,29.6,1300.0,0.0,29.07,750.0,0.0,0.0,1328.571428571429,29.38571428571429,0.0,0.0,1236.6666666666667,29.419666666666668,1,0,4,106,16,2
Assam,lakhimpur,Golagokarnath,Onion,Red,FAQ,2010.0,2210.0,2110.0,2023-10-16,24.94,0.0,21.31,29.31,77.82,0.77,17.45,0.0,24.94,2300.0,0.0,24.94,1170.0,0.01,25.96,2310.0,0.92,25.73,2065.0,0.0,0.0,1901.4285714285716,24.94,0.2039999999999998,6.119999999999994,1756.3333333333333,25.590666666666667,1,0,10,289,42,0
Himachal Pradesh,kangra,Kangra(Nagrota Bagwan),Potato,Other,FAQ,2000.0,3000.0,2500.0,2024-10-07,21.97,0.0,18.83,26.6,68.17,1.28,20.63,0.0,21.97,5500.0,0.0,21.97,3200.0,3.54,22.74,5100.0,0.0,23.48,5700.0,0.0,0.0,4292.857142857143,21.97,1.18,35.4,4141.666666666667,22.670666666666666,0,0,10,281,41,0
Karnataka,shimoga,Shimoga,Onion,Onion,FAQ,2000.0,2500.0,2200.0,2025-06-06,25.31,0.65,22.25,29.77,84.18,1.44,24.1,0.65,25.31,5950.0,13.59,25.0,5850.0,16.86,25.69,2300.0,46.71,24.03,5950.0,1.7471428571428569,12.23,3546.428571428572,25.138571428571428,22.549666666666667,676.49,3420.833333333333,25.137666666666668,0,0,6,157,23,1
Uttar Pradesh,rampur,Milak,Onion,Red,FAQ,3055.0,3150.0,3110.0,2024-07-16,29.39,0.36,26.48,33.24,84.1,2.66,23.61,0.37,29.22,2350.0,0.51,29.85,3080.0,8.06,29.86,3075.0,104.37,26.56,2200.0,0.4085714285714285,2.86,2776.428571428572,29.424285714285716,11.207,336.21000000000004,2716.1666666666665,29.363666666666667,0,0,7,198,29,1
Maharashtra,pune,Khed(Chakan),Onion,Other,FAQ,1200.0,2400.0,1700.0,2023-09-27,24.22,20.12,22.16,27.31,91.38,1.96,8.8,20.12,24.22,4950.0,22.38,23.86,1400.0,22.38,23.86,1500.0,7.28,23.14,900.0,20.442857142857143,143.1,2150.0,24.16857142857143,17.398000000000003,521.94,1915.1666666666667,23.716,0,1,9,270,39,1
Haryana,panchkula,Barwala,Potato,Other,FAQ,1000.0,1000.0,1000.0,2023-07-25,28.74,11.95,25.7,32.21,82.46,0.92,17.43,11.95,28.74,1200.0,4.96,28.62,1200.0,3.48,29.46,1000.0,3.72,29.95,2500.0,7.955714285714285,55.69,1742.857142857143,28.67142857142857,9.669000000000002,290.07000000000005,2780.0,28.856,0,0,7,206,30,1
Kerala,kottayam,Kottayam,Onion,Big,FAQ,2200.0,2600.0,2400.0,2025-05-10,26.4,0.1,23.28,30.65,80.5,0.74,25.24,0.1,26.4,4900.0,0.1,26.4,2500.0,0.1,26.62,6500.0,0.1,26.62,6800.0,0.1,0.7000000000000001,3857.142857142857,26.4,0.1,3.0,3600.0,26.517333333333333,1,0,5,130,19,2
Punjab,muktsar,Malout,Tomato,Tomato,FAQ,6400.0,7000.0,6500.0,2023-07-05,31.87,38.66,28.18,35.48,68.72,2.9,13.32,2.38,35.78,1500.0,3.27,35.19,700.0,2.12,34.25,1500.0,1.54,33.56,4500.0,7.562857142857143,52.940000000000005,3614.285714285714,35.221428571428575,4.115666666666667,123.47,2613.333333333333,34.437,0,0,7,186,27,1
Uttar Pradesh,badaun,Bilsi,Onion,Red,FAQ,1450.0,1550.0,1500.0,2024-05-20,38.31,0.0,30.07,46.42,16.44,2.47,24.09,0.0,38.31,1650.0,0.0,38.91,1635.0,0.0,38.75,1645.0,0.0,38.59,1800.0,0.0,0.0,1507.857142857143,38.31,0.0,0.0,1525.0,38.647333333333336,1,0,5,141,21,2
Uttar Pradesh,hardoi,Madhoganj,Onion,Red,FAQ,1450.0,1550.0,1500.0,2024-02-19,20.43,0.0,12.3,29.74,35.04,2.92,16.17,0.0,20.43,1505.0,0.0,19.25,750.0,0.0,17.93,750.0,0.0,18.4,1500.0,0.0,0.0,1075.7142857142858,19.924285714285716,0.0,0.0,1156.6666666666667,18.79733333333333,1,0,2,50,8,0
Tamilnadu,namakkal,Paramathivelur(Uzhavar Sandhai ),Onion,Bellary,Local,5500.0,6500.0,6500.0,2024-11-16,24.46,7.27,21.01,28.55,90.15,1.71,9.17,7.27,24.46,7000.0,7.27,24.46,8000.0,8.59,24.37,5000.0,7.03,24.84,8000.0,7.27,50.89,6214.285714285715,24.46,7.726,231.78,5983.333333333333,24.538,0,0,11,321,46,0
Uttar Pradesh,jhansi,Gurusarai,Potato,Desi,FAQ,1630.0,1700.0,1660.0,2024-04-18,32.6,0.0,23.68,41.95,23.24,2.69,25.73,0.0,32.6,1680.0,0.0,32.09,1650.0,1.47,32.04,1690.0,0.17,31.12,1700.0,0.0,0.0,1690.0,32.308571428571426,1.125666666666667,33.77000000000001,1686.6666666666667,32.172,0,0,4,109,16,2
Uttar Pradesh,saharanpur,Rampurmaniharan,Onion,Red,FAQ,2400.0,2485.0,2450.0,2024-01-01,13.34,0.0,9.07,21.13,62.36,1.02,4.44,0.0,13.34,720.0,0.0,15.37,2500.0,0.0,14.99,900.0,0.0,15.18,2500.0,0.0,0.0,1635.7142857142858,13.882857142857144,0.0,0.0,1606.3,14.406,1,0,1,1,1,0
Gujarat,kheda,Kapadvanj,Onion,Other,FAQ,700.0,1300.0,1000.0,2024-02-02,23.68,0.0,15.22,31.24,37.96,1.1,17.57,0.0,23.68,950.0,0.0,23.45,1050.0,0.0,21.37,1500.0,0.0,21.49,3000.0,0.0,0.0,1178.571428571429,23.61428571428571,0.0,0.0,1384.1666666666667,22.104333333333333,1,0,2,33,5,0
Punjab,moga,Nihal Singh Wala,Onion,Other,FAQ,1000.0,1500.0,1200.0,2025-06-01,34.04,1.22,26.3,41.62,26.97,2.41,25.82,1.22,34.04,900.0,0.02,37.29,1300.0,7.81,32.28,1200.0,0.44,36.5,1200.0,0.4628571428571479,3.240000000000036,1242.857142857143,35.83428571428571,0.7059999999999998,21.18,1230.0,35.66966666666667,0,0,6,152,22,1
Orissa,nuapada,Khariar Road,Potato,Other,FAQ,3500.0,4000.0,4000.0,2023-09-24,25.77,5.27,23.13,29.01,86.84,1.5,11.18,5.27,25.77,3500.0,32.66,24.47,2200.0,0.25,25.82,2200.0,23.32,25.55,3000.0,10.28,71.96,3357.1428571428573,25.515714285714285,7.757999999999999,232.74,2673.333333333333,25.393666666666665,0,0,9,267,38,1
 Punjab,fazilka,Fazilka,Onion,Other,FAQ,1500.0,2000.0,1800.0,2024-03-07,17.0,0.45,9.38,26.05,39.11,1.06,20.17,0.45,17.0,800.0,0.0,15.25,550.0,0.0,11.96,450.0,0.0,16.77,1000.0,0.2571428571428572,1.8,1392.857142857143,16.25,0.9813333333333334,29.44,1278.3333333333333,16.106,0,0,3,67,10,0
Punjab,hoshiarpur,Garh Shankar(Mahalpur),Potato,Potato,FAQ,900.0,1000.0,1000.0,2024-03-27,25.76,4.09,20.69,32.75,45.02,1.86,13.36,4.09,25.76,1000.0,4.09,25.76,2100.0,0.0,25.71,850.0,0.0,23.75,1300.0,4.09,28.63,1164.2857142857142,25.76,1.636,49.08,1481.6666666666667,25.40333333333333,0,0,3,87,13,0
Rajasthan,sirohi,Abu Road,Onion,Other,FAQ,1475.0,1525.0,1500.0,2024-01-05,14.5,0.0,7.4,25.01,42.12,1.93,15.32,0.0,15.11,900.0,0.0,16.64,800.0,0.0,17.85,1800.0,0.0,21.83,3000.0,0.0,0.0,1228.571428571429,18.367142857142856,0.0316666666666666,0.95,1530.0,18.530666666666665,1,0,1,5,1,0
Uttar Pradesh,etawah,Etawah,Onion,Red,FAQ,3200.0,3600.0,3500.0,2024-11-28,18.43,0.0,11.69,25.29,53.78,0.91,13.39,0.0,18.43,3550.0,0.0,18.04,3600.0,0.0,17.96,1950.0,0.0,17.3,1940.0,0.0,0.0,2866.428571428572,18.15142857142857,0.0,0.0,2854.1666666666665,17.863333333333333,1,0,11,333,48,0
Uttar Pradesh,sitapur,Mehmoodabad,Potato,Desi,FAQ,1450.0,1500.0,1470.0,2025-01-08,12.32,0.0,5.52,21.87,49.67,2.34,6.02,0.0,12.32,1490.0,0.0,14.37,1560.0,0.0,15.78,1550.0,0.0,15.4,1590.0,0.0,0.0,1534.2857142857142,13.198571428571428,0.0,0.0,1561.0,13.836,1,0,1,8,2,0
Uttar Pradesh,prayagraj,Jasra,Onion,Red,FAQ,1700.0,1880.0,1800.0,2024-03-15,25.99,0.0,18.05,34.79,32.06,1.93,21.01,0.0,26.13,1710.0,0.0,25.61,1170.0,0.0,23.87,1100.0,0.0,20.25,1020.0,0.0,0.0,1451.428571428571,26.195714285714285,0.0,0.0,1399.1666666666667,23.375,1,0,3,75,11,0
Uttrakhand,champawat,Tanakpur,Rice,Other,FAQ,2900.0,2930.0,2920.0,2025-05-26,36.09,0.26,,,,,,0.26,36.09,2810.0,0.26,36.09,810.0,0.26,36.09,950.0,0.26,36.09,1220.0,0.26,1.82,2261.428571428572,36.09,0.26,7.800000000000001,1579.0,36.09,1,0,5,146,22,2
Kerala,thiruvananthapuram,Aralamoodu,Onion,Onion,FAQ,2500.0,2500.0,2500.0,2023-06-24,27.71,0.98,25.98,29.67,84.73,3.57,18.42,0.98,27.71,6000.0,0.41,27.68,5000.0,0.41,27.68,10440.0,1.97,27.65,3500.0,0.8985714285714285,6.289999999999999,5277.142857142857,27.70571428571429,0.551,16.53,6369.333333333333,27.743,0,0,6,175,25,1
Tamilnadu,namakkal,Mohanur(Uzhavar Sandhai ),Potato,(Red Nanital),Local,4000.0,4800.0,4800.0,2024-09-11,28.26,0.2,22.5,35.72,70.13,2.81,19.94,0.2,28.26,4800.0,0.2,28.26,6000.0,0.05,27.76,5800.0,0.05,26.93,5500.0,0.2,1.4,5342.857142857143,28.26,0.1,3.0,5386.666666666667,27.677666666666664,1,0,9,255,37,1
Bihar,buxar,Buxur,Potato,Jyoti,FAQ,2400.0,2600.0,2500.0,2024-12-24,19.47,0.0,12.43,27.3,56.24,1.15,9.1,0.0,18.73,2500.0,0.0,15.49,2550.0,0.0,19.91,2500.0,0.0,23.17,2500.0,0.0,0.0,2514.285714285714,17.697142857142858,0.0003333333333333,0.01,2558.333333333333,17.903666666666666,1,0,12,359,52,0
Gujarat,navsari,Navsari,Potato,(Red Nanital),FAQ,1600.0,2750.0,2150.0,2024-05-03,32.3,0.0,23.97,41.93,43.91,2.46,27.4,0.0,32.3,1300.0,0.0,32.47,2550.0,0.0,34.64,2700.0,0.0,31.96,2375.0,0.0,0.0,1817.857142857143,32.25,0.056,1.68,2016.6666666666667,33.02233333333333,1,0,5,124,18,2
Madhya Pradesh,alirajpur,Jobat,Wheat,Other,FAQ,2150.0,2150.0,2150.0,2023-07-07,27.73,10.6,23.97,32.17,83.14,2.59,14.83,10.6,27.73,2100.0,33.62,27.18,1800.0,3.84,28.02,1500.0,10.2,27.98,2200.0,16.62857142857143,116.4,2007.142857142857,27.63857142857143,13.494333333333335,404.83,1882.6666666666667,27.74,0,1,7,188,27,1
Gujarat,dahod,Dahod(Veg. Market),Potato,Potato,FAQ,1000.0,1400.0,1300.0,2024-02-12,21.9,0.0,13.49,32.32,23.3,2.44,15.74,0.0,21.76,1100.0,0.0,20.77,1200.0,0.0,22.78,1300.0,0.0,21.3,2900.0,0.0,0.0,1214.2857142857142,21.494285714285716,0.0,0.0,1631.6666666666667,22.412666666666667,1,0,2,43,7,0
Uttar Pradesh,ballia,Ballia,Potato,Potato,FAQ,900.0,930.0,915.0,2023-12-15,15.92,0.0,9.26,24.89,47.87,1.61,11.71,0.0,15.92,3700.0,0.0,16.03,920.0,0.0,16.2,2440.0,0.0,16.49,2440.0,0.0,0.0,2163.5714285714284,15.92,0.0,0.0,2256.833333333333,16.203666666666667,1,0,12,349,50,0
Assam,lakhimpur,Lakhimpur,Potato,Local,FAQ,1200.0,1310.0,1250.0,2025-04-25,27.34,6.33,23.25,31.9,72.95,1.96,12.42,6.33,27.34,900.0,8.24,27.65,950.0,68.77,27.23,900.0,0.75,26.36,1540.0,7.1485714285714295,50.040000000000006,1595.7142857142858,27.472857142857144,30.14966666666667,904.49,1724.0,27.026666666666664,0,0,4,115,17,2
 Punjab,fazilka,Fazilka,Onion,Other,FAQ,1800.0,2500.0,2000.0,2024-01-30,16.26,0.02,10.03,23.34,45.5,0.65,9.29,0.02,16.26,350.0,0.0,14.68,250.0,0.0,11.59,2100.0,0.0,13.86,1200.0,0.0057142857142857,0.04,1464.2857142857142,15.485714285714286,0.0013333333333333,0.04,1365.0,12.962666666666667,1,0,1,30,5,0
Maharashtra,nashik,Lasalgaon(Vinchur),Onion,Other,FAQ,2500.0,4900.0,4700.0,2024-09-16,22.53,1.11,19.45,26.81,89.62,2.06,20.03,5.6,23.14,4700.0,9.76,23.1,4450.0,2.01,23.08,2300.0,2.02,23.77,4100.0,7.93,55.51,4245.065714285714,23.024285714285718,4.941666666666666,148.25,4128.8296666666665,23.094,0,0,9,260,38,1
Rajasthan,rajsamand,Rajsamand,Potato,Potato,FAQ,1200.0,1400.0,1300.0,2023-10-25,25.37,0.0,18.7,33.09,45.08,1.43,17.25,0.0,24.95,1800.0,1.79,24.36,1300.0,0.0,26.2,1800.0,0.0,24.2,1400.0,0.0028571428571438,0.0200000000000071,1514.2857142857142,24.592857142857145,0.232,6.96,1576.6666666666667,24.735,1,0,10,298,43,0
Karnataka,dharwad,Hubli (Amaragol),Onion,Local,FAQ,1100.0,2450.0,1500.0,2025-02-14,25.1,0.0,15.46,35.89,22.85,2.29,22.44,0.0,25.1,1700.0,0.0,25.97,1800.0,0.0,25.22,2100.0,0.0,24.09,1400.0,0.0,0.0,1685.7142857142858,25.72714285714286,0.0,0.0,1755.0,25.34233333333333,1,0,2,45,7,0
Uttar Pradesh,azamgarh,Azamgarh,Potato,Desi,FAQ,1625.0,1775.0,1700.0,2024-05-04,32.85,0.0,24.43,40.83,11.29,2.25,20.34,0.0,32.85,1700.0,0.0,33.77,1735.0,0.0,35.13,1725.0,0.0,33.4,1630.0,0.0,0.0,1704.2857142857142,32.35285714285714,0.008,0.24,1688.5,34.15466666666667,1,0,5,125,18,2
Uttar Pradesh,muzaffarnagar,Muzzafarnagar,Onion,Red,FAQ,3800.0,3900.0,3850.0,2023-11-09,21.61,0.0,15.98,29.67,63.08,1.72,10.58,0.0,21.61,1150.0,0.0,21.09,2470.0,0.0,21.37,4150.0,0.0,22.0,2450.0,0.0,0.0,2712.8571428571427,21.42,0.0,0.0,2463.333333333333,21.776666666666664,1,0,11,313,45,0
West Bengal,hooghly,Champadanga,Onion,Nasik,FAQ,2250.0,2450.0,2350.0,2024-05-11,30.67,4.59,25.96,36.65,67.68,2.66,15.75,4.59,30.67,2260.0,13.18,29.4,2260.0,13.31,29.67,2350.0,11.54,31.43,2250.0,9.498571428571427,66.49,2298.5714285714284,29.944285714285712,12.066333333333334,361.99,2286.333333333333,29.84466666666667,0,0,5,132,19,2
Maharashtra,nashik,Lasalgaon,Onion,Other,Local,500.0,1571.0,1200.0,2025-04-24,30.79,0.0,21.94,40.5,34.65,2.53,24.83,0.0,30.79,1050.0,0.0,32.15,1060.0,0.0,32.15,1250.0,0.0,30.96,1250.0,0.0,0.0,1109.2285714285715,30.98428571428571,0.0,0.0,1139.8026666666667,31.64,1,0,4,114,17,2
Bihar,patna,Danapur,Onion,Medium,FAQ,2800.0,3200.0,3000.0,2025-02-08,17.85,0.0,8.8,28.54,27.92,1.93,17.2,0.0,18.15,3000.0,0.0,19.79,2000.0,0.0,19.57,2200.0,0.0,16.09,2400.0,0.0,0.0,2428.5714285714284,20.108571428571427,0.0076666666666666,0.23,2300.0,18.292,1,0,2,39,6,0
Punjab,amritsar,Rayya,Onion,Red,Non-FAQ,1800.0,1800.0,1800.0,2025-03-24,25.37,0.0,15.71,34.77,30.86,1.02,23.02,0.0,25.37,3200.0,0.0,23.07,3200.0,0.0,23.87,1900.0,0.83,23.27,3200.0,0.0,0.0,1871.4285714285716,24.59857142857143,0.311,9.330000000000002,1746.6666666666667,22.71733333333333,1,0,3,83,13,0
Uttar Pradesh,unnao,Unnao,Potato,Desi,FAQ,2075.0,2175.0,2125.0,2024-09-27,26.82,17.99,24.71,30.39,91.01,2.3,8.07,17.99,26.82,2110.0,6.76,26.93,2115.0,0.67,27.41,4050.0,0.0,29.09,3885.0,13.177142857142854,92.23999999999998,2939.285714285714,26.867142857142856,3.8846666666666665,116.54,3059.0,27.991333333333333,0,0,9,271,39,1
Uttar Pradesh,unnao,Purwa,Onion,Red,FAQ,1850.0,1950.0,1900.0,2023-09-19,29.01,7.3,24.5,32.7,78.52,0.62,16.89,7.3,29.01,1145.0,7.3,29.01,1850.0,4.73,27.79,1700.0,1.71,27.7,1150.0,7.3,51.1,1853.571428571429,29.01,5.270333333333332,158.11,1751.6666666666667,28.28633333333333,0,0,9,262,38,1
Tamilnadu,cuddalore,Cuddalore(Uzhavar Sandhai ),Onion,Bellary,Local,2500.0,3000.0,3000.0,2025-05-04,31.35,4.45,27.65,36.59,67.55,2.14,24.38,4.45,31.35,3000.0,0.81,31.8,3000.0,0.35,31.95,3500.0,0.18,31.91,3400.0,3.4100000000000006,23.870000000000005,3300.0,31.47857142857143,1.086333333333333,32.58999999999999,3186.6666666666665,31.702,0,0,5,124,18,2
Punjab,patiala,Dudhansadhan,Potato,Other,FAQ,1200.0,1500.0,1300.0,2023-07-06,29.34,8.46,26.51,32.81,77.42,2.98,15.02,8.46,29.34,4250.0,14.37,31.32,800.0,7.98,33.08,1110.0,0.54,34.46,1250.0,10.14857142857143,71.04,2438.5714285714284,29.90571428571429,8.737,262.11,2539.0,32.15866666666667,0,0,7,187,27,1
Rajasthan,pratapgarh,Pratapgarh,Potato,Desi,FAQ,1300.0,1600.0,1400.0,2024-04-04,32.57,0.0,24.42,40.31,16.5,1.97,18.68,0.0,30.76,1760.0,0.0,32.01,1360.0,0.0,31.36,1370.0,0.0,27.04,1850.0,0.0,0.0,1488.571428571429,31.018571428571427,0.0,0.0,1564.1333333333334,30.345,1,0,4,95,14,2
Haryana,panchkula,Raipur Rai,Potato,Other,FAQ,800.0,900.0,800.0,2025-03-26,27.3,0.0,20.3,36.45,30.98,1.52,19.98,0.0,27.3,1800.0,0.0,23.91,1800.0,0.0,23.23,1900.0,0.0,22.8,800.0,0.0,0.0,1435.7142857142858,26.014285714285712,0.0,0.0,1535.0,23.695,1,0,3,85,13,0
Maharashtra,satara,Satara,Onion,Other,FAQ,1000.0,5000.0,3000.0,2024-10-30,23.08,0.37,17.02,28.94,77.02,1.35,16.81,0.37,23.08,2500.0,0.0,22.59,5000.0,0.0,22.17,2500.0,3.99,23.74,2800.0,0.1699999999999999,1.19,3500.0,22.72,0.9503333333333334,28.51,3360.0,23.036,0,0,10,304,44,0
Uttar Pradesh,firozabad,Sirsaganj,Potato,Potato,FAQ,310.0,510.0,410.0,2024-01-21,12.69,0.0,4.57,21.41,47.88,1.65,6.02,0.0,12.69,1910.0,0.0,13.23,410.0,0.0,12.64,410.0,0.0,13.14,2545.0,0.0,0.0,1907.857142857143,12.921428571428573,0.0,0.0,1425.0,12.602666666666668,1,0,1,21,3,0
Maharashtra,beed,Beed,Wheat,Other,FAQ,2575.0,2640.0,2594.0,2024-02-02,22.31,0.0,14.07,31.35,38.72,1.58,20.21,0.0,22.31,2800.0,0.0,23.17,2451.0,0.0,19.64,2950.0,0.0,24.06,2822.0,0.0,0.0,2492.0,22.981428571428573,0.0,0.0,2619.366666666667,22.223666666666663,1,0,2,33,5,0
Punjab,muktsar,Malout,Potato,Potato,FAQ,400.0,800.0,500.0,2025-04-11,31.06,1.8,23.87,38.92,32.79,1.97,20.14,1.8,31.06,1600.0,0.57,32.94,1100.0,0.0,33.04,1200.0,0.0,27.47,2200.0,1.4485714285714286,10.14,1114.2857142857142,31.59714285714286,0.4140000000000002,12.420000000000009,1153.3333333333333,31.331,0,0,4,101,15,2
Madhya Pradesh,chhatarpur,Rajnagar,Wheat,Mill Quality,FAQ,2200.0,2310.0,2300.0,2023-10-17,24.3,1.64,20.09,29.12,76.27,1.11,16.05,1.64,24.3,2390.0,0.18,25.87,2300.0,0.0,26.18,2300.0,0.0,25.68,2280.0,0.8057142857142857,5.64,2338.428571428572,25.197142857142858,0.1939999999999999,5.819999999999999,2315.0666666666666,25.97233333333333,1,0,10,290,42,0
Madhya Pradesh,khargone,Khargone,Potato,(Red Nanital),FAQ,600.0,1600.0,800.0,2023-10-18,25.43,0.03,19.85,30.73,71.12,0.76,18.65,0.03,25.43,800.0,0.03,25.43,2659.0,0.21,25.25,1500.0,4.58,25.4,2000.0,0.03,0.21,1813.571428571429,25.43,1.1696666666666669,35.09,2036.2333333333331,25.345,0,0,10,291,42,0
Tamilnadu,erode,Sampath Nagar(Uzhavar Sandhai ),Potato,(Red Nanital),Local,3500.0,4800.0,4800.0,2025-05-27,27.81,1.49,24.02,32.39,73.72,2.88,14.01,1.49,27.81,4000.0,4.62,26.6,2500.0,8.68,26.35,4800.0,3.73,27.43,4800.0,3.7257142857142855,26.08,3871.428571428572,26.945714285714285,5.527333333333333,165.82,3463.333333333333,26.81866666666667,0,0,5,147,22,2
Uttar Pradesh,auraiya,Achalda,Wheat,Dara,FAQ,2300.0,2400.0,2350.0,2023-09-26,28.22,0.01,23.7,32.35,76.92,1.05,20.54,0.01,28.22,900.0,0.01,28.22,1300.0,1.15,28.29,2000.0,2.85,28.88,2350.0,0.01,0.07,1472.857142857143,28.22,0.4083333333333332,12.249999999999998,1615.3333333333333,28.357000000000003,0,0,9,269,39,1
Punjab,nawanshahr,Nawan Shahar(Subzi Mandi),Onion,Other,FAQ,3000.0,3500.0,3300.0,2024-08-02,31.64,2.46,27.37,36.21,70.54,1.61,17.62,2.46,31.64,1600.0,7.47,32.57,3200.0,2.67,32.45,2180.0,3.97,33.5,2967.0,19.027142857142856,133.19,2303.8571428571427,30.715714285714284,10.642666666666669,319.28000000000003,2472.8,31.972,0,1,8,215,31,1
Uttar Pradesh,jaunpur,Jaunpur,Potato,Badshah,FAQ,1570.0,1635.0,1615.0,2024-04-12,31.88,0.0,23.47,40.24,25.71,1.79,13.96,0.0,31.88,1620.0,0.0,31.87,1630.0,0.0,30.55,1600.0,0.0,31.14,1650.0,0.0,0.0,1617.142857142857,31.875714285714285,0.0,0.0,1605.6666666666667,31.14466666666667,1,0,4,103,15,2
Tamilnadu,dindigul,Vedasanthur(Uzhavar Sandhai ),Onion,Bellary,Local,5500.0,6600.0,6600.0,2024-09-18,29.04,0.0,23.77,36.16,60.53,3.5,25.24,0.0,29.04,6400.0,0.0,29.55,5500.0,0.0,29.35,6000.0,0.29,28.68,6000.0,0.0,0.0,6200.0,29.185714285714287,0.0576666666666666,1.73,6060.0,29.212,1,0,9,262,38,1
Uttar Pradesh,agra,Fatehabad,Potato,Desi,FAQ,900.0,1100.0,950.0,2025-01-25,15.09,0.0,6.99,25.4,37.4,1.89,14.13,0.0,15.09,1120.0,0.0,15.24,1350.0,0.0,17.31,1350.0,0.0,17.15,1260.0,0.0,0.0,1102.857142857143,15.132857142857144,0.0053333333333333,0.16,1241.3333333333333,16.575666666666667,1,0,1,25,4,0
Haryana,gurgaon,Gurgaon,Potato,Other,FAQ,1000.0,2000.0,1500.0,2024-08-23,27.97,0.57,26.13,29.87,85.45,0.7,11.03,0.57,27.97,2800.0,1.13,30.16,2800.0,1.16,29.71,2100.0,7.32,29.3,2000.0,0.6499999999999989,4.549999999999993,2214.285714285714,28.282857142857143,2.7026666666666666,81.08,2376.6666666666665,29.398666666666664,0,0,8,236,34,1
Punjab,patiala,Patran,Potato,Other,FAQ,800.0,2000.0,1610.0,2024-12-04,17.83,0.0,12.56,26.53,48.59,2.82,14.48,0.0,17.83,4500.0,0.0,19.37,2700.0,0.0,19.37,3550.0,0.0,18.35,2600.0,0.0,0.0,3158.5714285714284,18.05,0.0,0.0,3051.333333333333,18.344,1,0,12,339,49,0
Kerala,kottayam,Thalayolaparambu,Onion,Onion,FAQ,4800.0,5300.0,5000.0,2024-08-27,24.22,1.88,22.6,26.76,91.04,0.72,20.3,1.88,24.22,6000.0,1.88,24.22,5000.0,2.03,24.19,5800.0,2.86,24.19,4000.0,1.88,13.16,5014.285714285715,24.22,1.965,58.95,5150.0,24.199,0,0,8,240,35,1
Tamilnadu,salem,Thathakapatti(Uzhavar Sandhai ),Potato,(Red Nanital),Local,4500.0,6000.0,6000.0,2025-01-27,22.82,0.0,16.18,31.63,70.85,1.89,21.96,0.0,22.82,4500.0,0.0,22.82,4500.0,0.0,21.84,5000.0,0.0,22.88,6500.0,0.0,0.0,5500.0,22.82,0.0,0.0,5566.666666666667,22.476666666666667,1,0,1,27,5,0
Uttar Pradesh,bijnor,Najibabad,Potato,Desi,FAQ,800.0,1000.0,900.0,2025-05-26,29.93,4.64,25.17,35.09,51.92,1.32,25.73,4.64,29.93,1100.0,7.77,28.65,1100.0,8.1,30.02,850.0,13.67,28.8,1100.0,5.981428571428571,41.87,1055.7142857142858,29.381428571428568,5.058333333333334,151.75,1119.1666666666667,29.806666666666665,0,0,5,146,22,2
West Bengal,murshidabad,Jangipur,Onion,Red,FAQ,2725.0,2775.0,2740.0,2024-07-22,29.88,3.49,26.92,33.39,84.35,3.37,15.22,3.49,29.88,2500.0,5.95,30.06,2450.0,1.87,30.49,2900.0,2.62,29.79,2630.0,4.895714285714285,34.27,2620.0,29.982857142857146,2.777,83.31,2628.5,30.212333333333333,0,0,7,204,30,1
Uttar Pradesh,bulandshahar,Sikarpur,Potato,Potato,FAQ,1300.0,1600.0,1400.0,2024-05-23,36.76,0.0,30.51,43.06,29.06,3.59,24.15,0.0,36.76,1800.0,0.0,37.36,1800.0,0.0,37.36,1815.0,0.0,37.88,1100.0,0.0,0.0,1665.0,37.10285714285715,0.0,0.0,1534.1666666666667,37.52533333333334,1,0,5,144,21,2
Madhya Pradesh,neemuch,Neemuch,Onion,Onion-Organic,FAQ,301.0,2000.0,2000.0,2025-02-07,17.39,0.0,8.86,27.45,29.69,1.76,18.96,0.0,17.39,1100.0,0.0,19.04,3091.0,0.0,18.71,3000.0,0.0,19.67,2700.0,0.0,0.0,1562.0,17.077142857142857,0.0,0.0,2644.9666666666667,18.342666666666663,1,0,2,38,6,0
Maharashtra,nashik,Lasalgaon(Vinchur),Onion,Red,FAQ,2000.0,4900.0,4000.0,2024-11-18,19.4,0.0,13.94,26.76,70.3,2.29,17.89,0.0,19.4,5000.0,0.0,19.4,4300.0,0.0,19.4,2763.6,0.0,22.33,3900.0,0.0,0.0,4413.714285714285,19.4,0.0,0.0,4195.053333333333,20.76733333333333,1,0,11,323,47,0
Uttar Pradesh,sonbhadra,Robertsganj,Onion,Red,FAQ,1425.0,1600.0,1510.0,2025-04-17,31.88,0.0,24.88,39.38,32.64,1.08,20.94,0.0,31.88,3340.0,0.28,30.37,3335.0,1.16,29.77,3280.0,0.0,32.33,2400.0,0.0428571428571428,0.3,2065.714285714286,31.412857142857145,1.1980000000000002,35.940000000000005,2071.833333333333,30.924333333333333,0,0,4,107,16,2
Himachal Pradesh,kangra,Kangra(Jaisinghpur),Onion,1st Sort,FAQ,4200.0,4400.0,4300.0,2024-07-24,27.29,2.78,24.01,31.22,80.2,1.79,20.73,2.78,27.29,2600.0,15.09,27.26,4300.0,15.09,27.26,3050.0,15.72,28.23,4350.0,2.78,19.46,3328.5714285714284,27.29,22.479333333333333,674.38,3423.333333333333,27.76533333333333,0,0,7,206,30,1
Madhya Pradesh,sagar,Jaisinagar,Wheat,Mill Quality,FAQ,2130.0,2130.0,2130.0,2023-07-14,27.84,22.12,25.5,30.75,84.81,2.18,11.91,22.12,27.84,1100.0,9.72,28.5,2200.0,9.72,28.5,2200.0,3.49,27.15,1100.0,18.577142857142857,130.04,1906.4285714285716,28.028571428571432,9.502333333333333,285.07,2300.5666666666666,27.895,0,1,7,195,28,1
Tamilnadu,virudhunagar,Srivilliputhur(Uzhavar Sandhai ),Onion,Bellary,Local,3500.0,4000.0,4000.0,2025-03-20,29.3,0.51,25.11,35.26,66.7,2.23,25.13,0.51,29.3,3500.0,0.25,28.98,3400.0,0.25,28.98,4000.0,0.36,29.47,3500.0,0.3985714285714283,2.7899999999999983,4000.0,29.162857142857145,0.3213333333333333,9.64,3823.3333333333335,29.186,1,0,3,79,12,0
Madhya Pradesh,panna,Simariya,Wheat,147 Average,FAQ,2201.0,2215.0,2206.0,2023-12-08,19.31,0.05,14.74,25.08,76.42,1.02,12.68,0.05,19.31,2430.0,1.68,18.6,2350.0,0.01,21.19,2400.0,1.22,16.1,2170.0,1.601428571428572,11.210000000000004,2330.8571428571427,18.87285714285714,2.720666666666667,81.62,2356.866666666667,19.759,0,0,12,342,49,0
Uttar Pradesh,bulandshahar,Khurja,Potato,Desi,FAQ,630.0,730.0,680.0,2024-02-13,17.65,0.0,12.55,23.99,34.89,0.78,10.26,0.0,16.91,1410.0,0.0,16.91,1260.0,0.0,16.91,680.0,0.0,15.69,3100.0,0.0,0.0,771.4285714285714,17.015714285714285,0.0,0.0,1176.5,16.240666666666666,1,0,2,44,7,0
Chandigarh,chandigarh,Chandigarh(Grain/Fruit),Potato,Other,FAQ,800.0,3000.0,2000.0,2024-08-14,28.75,8.56,25.68,31.99,84.73,1.0,14.97,8.56,28.75,2500.0,12.99,27.8,2500.0,3.3,28.19,2500.0,11.13,29.78,2500.0,23.530000000000005,164.71000000000004,2385.714285714286,27.97714285714286,17.172,515.16,2446.6666666666665,28.656,0,1,8,227,33,1
Tamilnadu,kancheepuram,Kundrathur(Uzhavar Sandhai ),Potato,(Red Nanital),Local,3500.0,4000.0,4000.0,2024-11-14,27.15,19.89,25.6,29.17,86.77,2.59,12.34,19.89,27.15,6000.0,21.94,26.86,4000.0,32.81,26.0,6000.0,0.21,26.97,6000.0,20.18285714285714,141.28,5357.142857142857,27.108571428571427,17.308666666666667,519.26,5500.0,26.730666666666664,0,1,11,319,46,0
Uttar Pradesh,sambhal,Muradabad,Potato,Desi,FAQ,1150.0,1190.0,1170.0,2023-09-06,29.38,0.1,24.47,34.5,74.05,1.34,14.08,0.97,29.0,2300.0,0.97,29.0,800.0,0.0,28.58,1165.0,0.0,27.75,1220.0,0.8457142857142858,5.92,1507.142857142857,29.054285714285715,0.2619999999999999,7.859999999999999,1493.3333333333333,28.377666666666663,1,0,9,249,36,1
Kerala,malappuram,Kondotty,Potato,Other,FAQ,2600.0,2800.0,2700.0,2023-10-02,24.83,9.52,23.27,27.46,90.82,1.27,15.98,26.76,24.5,3250.0,26.76,24.5,2600.0,15.02,24.24,2500.0,2.91,24.83,2600.0,24.29714285714286,170.08,2792.8571428571427,24.547142857142852,12.899333333333336,386.98,2736.6666666666665,24.449,0,1,10,275,40,0
Uttar Pradesh,azamgarh,Azamgarh,Onion,Red,FAQ,4075.0,4225.0,4150.0,2023-11-02,25.78,0.0,20.01,32.69,59.27,0.97,15.41,0.0,25.78,1150.0,0.0,25.28,3800.0,0.0,24.57,1150.0,0.0,24.93,1020.0,0.0,0.0,2385.714285714286,26.062857142857144,0.0,0.0,2027.6666666666667,25.29733333333333,1,0,11,306,44,0
West Bengal,howrah,Uluberia,Onion,Other,FAQ,2300.0,2700.0,2500.0,2024-01-22,14.37,0.0,8.27,22.39,64.25,2.31,11.75,0.1,16.2,2500.0,0.01,16.68,2500.0,6.36,17.07,2500.0,0.0,13.87,1400.0,0.060000000000001,0.4200000000000071,2045.7142857142856,16.075714285714287,1.0306666666666666,30.92,1998.6666666666667,16.112000000000002,0,0,1,22,4,0
Maharashtra,sangli,"Sangli(Phale, Bhajipura Market)",Onion,Local,FAQ,2000.0,4000.0,3000.0,2024-10-03,24.7,4.06,22.36,28.18,88.78,1.95,18.87,2.26,25.75,2800.0,2.06,23.79,3000.0,35.11,22.6,3150.0,0.7,22.9,2750.0,5.822857142857143,40.76,2950.0,25.54285714285714,10.81,324.3,2951.6666666666665,23.979666666666667,0,0,10,277,40,0
West Bengal,north 24 parganas,Barasat,Potato,Other,FAQ,2420.0,2420.0,2420.0,2024-06-16,30.77,0.3,28.02,34.95,80.64,2.61,18.69,0.3,30.77,2400.0,1.85,30.26,2400.0,0.16,30.16,2400.0,6.74,29.33,2500.0,1.1357142857142857,7.95,2411.428571428572,30.505714285714287,2.055333333333333,61.66,2409.333333333333,30.255333333333333,0,0,6,168,24,1
Uttar Pradesh,bulandshahar,Anoop Shahar,Wheat,Dara,FAQ,2240.0,2260.0,2250.0,2023-06-17,35.92,0.88,31.28,41.0,38.57,2.46,20.81,0.88,35.92,800.0,0.9,35.69,1128.0,0.9,35.69,2170.0,0.02,35.85,790.0,0.8914285714285715,6.24,1086.428571428571,35.78857142857142,0.7513333333333333,22.54,1203.9666666666667,35.73966666666667,0,0,6,168,24,1
Tamilnadu,cuddalore,Viruthachalam(Uzhavar Sandhai ),Onion,Bellary,Local,5000.0,5000.0,5000.0,2024-11-23,25.52,1.16,22.2,30.08,86.56,3.15,13.15,1.16,25.52,6500.0,0.03,24.93,6000.0,3.62,25.24,6000.0,5.35,25.86,5500.0,0.6757142857142856,4.73,5500.0,25.267142857142854,3.21,96.3,5566.666666666667,25.276000000000003,0,0,11,328,47,0
Tamilnadu,thiruvarur,Muthupettai(Uzhavar Sandhai ),Potato,(Red Nanital),Local,4000.0,4000.0,4000.0,2024-12-31,25.65,2.15,24.12,28.32,88.97,4.7,14.37,10.82,25.61,4000.0,2.12,25.49,4000.0,1.49,25.89,4000.0,0.02,25.37,4000.0,7.095714285714285,49.67,4171.428571428572,25.58142857142857,2.195,65.85,4386.666666666667,25.678,0,0,12,366,1,0
Tamilnadu,krishnagiri,Denkanikottai(Uzhavar Sandhai ),Potato,(Red Nanital),Local,2500.0,3000.0,3000.0,2025-05-24,25.52,0.88,22.59,28.89,79.68,3.93,16.23,0.88,25.52,2500.0,0.95,26.1,2500.0,0.95,26.1,3000.0,0.98,25.11,3000.0,0.8899999999999999,6.23,3000.0,25.602857142857143,0.6233333333333333,18.7,2883.333333333333,25.562,0,0,5,144,21,2
Punjab,patiala,Dudhansadhan,Potato,Other,FAQ,2000.0,2200.0,2100.0,2024-06-23,37.28,0.03,30.88,42.87,30.73,0.86,23.54,0.03,37.28,1550.0,2.95,35.59,1250.0,0.0,41.1,1500.0,0.0,37.58,1470.0,0.8728571428571429,6.11,1621.428571428571,36.11571428571428,1.0963333333333334,32.89,1656.0,38.62133333333333,0,0,6,175,25,1
Bihar,jehanabad,Jehanabad,Potato,Jyoti,FAQ,1150.0,1200.0,1150.0,2024-01-23,13.98,0.0,6.01,23.3,45.52,1.72,4.76,0.0,13.3,1150.0,0.0,13.69,2800.0,0.0,13.76,2800.0,0.0,17.95,2500.0,0.0014285714285709,0.0099999999999964,1150.0,14.13142857142857,0.0923333333333333,2.77,1715.0,15.752333333333333,1,0,1,23,4,0
Uttar Pradesh,etah,Etah,Wheat,Dara,FAQ,2125.0,2650.0,2500.0,2023-11-09,24.46,0.0,18.09,31.57,47.39,1.23,11.17,0.0,24.46,850.0,0.0,23.59,2355.0,0.0,23.53,2365.0,0.0,24.37,1200.0,0.0,0.0,2202.1428571428573,24.21142857142857,0.0,0.0,2190.833333333333,23.948,1,0,11,313,45,0
Haryana,kurukshetra,Babain,Potato,Local,FAQ,180.0,500.0,320.0,2024-01-14,11.41,0.0,5.7,20.89,47.77,1.64,9.09,0.0,11.41,500.0,0.0,12.32,400.0,0.0,11.66,400.0,0.0,10.62,2700.0,0.0,0.0,859.4285714285714,11.67,0.0,0.0,966.2,11.551666666666668,1,0,1,14,2,0
Kerala,kottayam,Kuruppanthura,Potato,Potato,FAQ,3000.0,4000.0,3500.0,2024-04-25,29.03,0.21,24.62,35.41,65.25,0.44,24.25,0.21,29.03,2600.0,4.37,29.04,5300.0,4.37,29.04,5400.0,3.21,28.66,3500.0,2.5871428571428576,18.110000000000003,3657.142857142857,29.035714285714285,3.606,108.18,3800.0,28.925,0,0,4,116,17,2
West Bengal,puruliya,Balarampur,Potato,Other,FAQ,1020.0,1050.0,1040.0,2024-03-11,23.44,0.0,15.08,32.2,38.99,1.48,22.53,0.0,23.44,1320.0,0.0,20.79,1220.0,0.03,21.42,1900.0,0.0,21.55,2000.0,0.0,0.0,1631.428571428571,22.304285714285715,0.006,0.18,1536.3333333333333,21.409333333333333,1,0,3,71,11,0
Madhya Pradesh,shajapur,Shajapur,Onion,Onion,FAQ,1534.0,1534.0,1128.0,2024-02-27,23.35,6.91,15.54,32.16,50.75,2.0,12.82,6.91,23.35,500.0,0.16,20.83,232.0,0.0,20.82,300.0,0.0,23.5,400.0,4.017142857142857,28.12,575.4285714285714,22.270000000000003,0.964,28.92,626.2333333333333,21.746,0,0,2,58,9,0
Tamilnadu,virudhunagar,Thalavaipuram(Uzhavar Sandhai ),Onion,Bellary,Local,5500.0,6000.0,6000.0,2024-09-03,27.83,0.77,24.42,32.51,78.49,3.36,14.87,0.23,28.5,6000.0,0.23,28.5,5000.0,0.23,28.5,6000.0,1.33,27.8,4500.0,0.3071428571428572,2.1500000000000004,5857.142857142857,28.40428571428572,0.7613333333333333,22.84,5610.0,28.151000000000003,0,0,9,247,36,1
Uttar Pradesh,amroha,Dhanaura,Potato,Desi,FAQ,1800.0,2200.0,2000.0,2024-12-03,18.72,0.0,14.12,27.67,52.13,1.51,12.43,0.0,18.72,2180.0,0.0,18.2,3750.0,0.0,17.5,1450.0,0.0,16.78,1850.0,0.0,0.0,2028.571428571429,18.645714285714284,0.0,0.0,2252.333333333333,17.86133333333333,1,0,12,338,49,0
West Bengal,nadia,Bethuadahari,Potato,F.A.Q.,FAQ,2490.0,2550.0,2520.0,2024-09-15,26.7,79.91,25.96,27.99,94.89,6.53,3.35,79.91,26.7,5000.0,79.91,26.7,4100.0,73.19,27.29,2420.0,3.88,29.48,2460.0,79.91,559.37,3331.428571428572,26.7,54.861666666666665,1645.85,3355.0,27.732,0,1,9,259,37,1
Uttar Pradesh,hardoi,Sandila,Potato,Badshah,FAQ,2330.0,2410.0,2370.0,2024-09-04,29.2,2.65,26.42,32.93,83.01,1.01,13.19,2.65,29.2,3720.0,0.05,29.26,2370.0,1.05,27.88,2380.0,1.15,29.18,2375.0,1.1642857142857144,8.15,2899.285714285714,29.23428571428571,0.9,27.0,2998.0,28.77533333333333,0,0,9,248,36,1
Uttar Pradesh,azamgarh,Azamgarh,Wheat,Dara,FAQ,2385.0,2485.0,2435.0,2023-12-04,22.9,0.45,17.09,30.61,57.98,0.98,10.15,0.0,23.28,3730.0,0.2,22.56,985.0,0.0,21.55,2390.0,0.0,19.78,3880.0,0.0928571428571428,0.65,2376.428571428572,23.071428571428573,0.536,16.080000000000002,2356.333333333333,21.529,0,0,12,338,49,0
Maharashtra,pune,Pune(Khadiki),Potato,Local,FAQ,2200.0,2200.0,2200.0,2024-11-09,20.68,0.0,15.66,26.95,76.94,2.09,17.59,0.0,20.68,3000.0,0.0,20.94,2200.0,0.0,20.94,3100.0,0.0,21.04,3350.0,0.0,0.0,3764.285714285714,20.717142857142857,0.0,0.0,3927.8333333333335,20.924666666666667,1,0,11,314,45,0
Madhya Pradesh,rajgarh,Sarangpur,Onion,Local,FAQ,295.0,700.0,700.0,2024-06-05,36.65,0.43,31.4,42.34,28.82,2.96,22.58,0.43,36.65,1410.0,0.0,36.73,1170.0,0.0,37.26,1270.0,0.74,36.51,600.0,0.4414285714285714,3.09,985.0,37.00142857142857,0.1376666666666666,4.13,869.0,37.766666666666666,1,0,6,157,23,1
West Bengal,jalpaiguri,Dhupguri,Potato,Jyoti,FAQ,980.0,1010.0,1000.0,2025-03-21,24.01,0.14,17.72,31.2,44.19,1.72,10.27,0.14,24.01,2100.0,0.0,25.77,1230.0,0.0,25.77,1000.0,0.0,25.82,2900.0,0.0399999999999959,0.2799999999999716,1730.0,25.267142857142854,0.0093333333333333,0.28,1729.6666666666667,25.672666666666668,1,0,3,80,12,0
Jammu & Kashmir,kathua,Kathua,Onion,Other,FAQ,2300.0,2500.0,2400.0,2024-03-09,13.54,0.0,6.42,21.34,51.76,1.59,22.57,0.0,13.54,1300.0,0.0,9.95,1300.0,0.0,12.53,1450.0,29.27,10.67,2000.0,0.3742857142857163,2.6200000000000143,1900.0,11.395714285714286,7.232,216.96,1888.3333333333333,10.174,0,0,3,69,10,0
Gujarat,rajkot,Rajkot(Veg.Sub Yard),Potato,Desi,FAQ,700.0,2050.0,1375.0,2023-12-02,22.21,0.0,15.86,29.35,65.48,3.54,12.16,0.0,22.21,2550.0,0.0,21.18,2925.0,0.0,21.18,2750.0,0.0,19.96,3405.0,0.0,0.0,2485.714285714286,22.21,0.0,0.0,2625.833333333333,21.139000000000003,1,0,12,336,48,0
Uttar Pradesh,jhansi,Gurusarai,Onion,Red,FAQ,2960.0,3025.0,3000.0,2024-08-16,27.35,6.18,25.87,29.49,91.67,2.07,19.33,6.18,27.35,3140.0,6.18,27.35,3150.0,11.94,28.2,2980.0,14.0,28.06,2440.0,6.18,43.26,2775.0,27.35,11.275333333333332,338.26,2727.0,27.885,0,0,8,229,33,1
Uttar Pradesh,mirzapur,Mirzapur,Potato,Desi,FAQ,1200.0,1300.0,1250.0,2023-08-21,29.32,0.19,26.06,32.81,84.29,0.86,18.86,3.91,29.44,1210.0,16.02,28.92,1180.0,10.02,28.6,2310.0,3.67,28.79,1160.0,2.084285714285714,14.59,2170.714285714286,29.457142857142856,7.299333333333333,218.98,2250.1666666666665,28.89766666666667,0,0,8,233,34,1
Rajasthan,ganganagar,Sriganganagar (F&V),Onion,Other,FAQ,900.0,1300.0,1100.0,2025-05-29,35.1,14.53,30.76,40.16,45.45,1.46,18.44,14.53,35.1,700.0,0.83,36.42,700.0,0.34,36.61,1300.0,1.04,38.68,750.0,6.352857142857142,44.47,871.4285714285714,36.45428571428572,1.7743333333333335,53.23,905.0,37.324666666666666,0,0,5,149,22,2
Maharashtra,raigad,Karjat(Raigad),Wheat,Other,FAQ,2000.0,2500.0,2300.0,2023-09-12,26.42,2.45,24.25,29.15,88.59,2.42,19.82,2.45,26.42,1100.0,15.39,26.86,2600.0,0.71,26.1,2200.0,1.83,26.21,2500.0,4.40285714285714,30.81999999999998,1885.7142857142856,26.705714285714286,11.754,352.62,1995.0,26.3,0,0,9,255,37,1
West Bengal,birbhum,Bolpur,Potato,Jyoti,FAQ,720.0,800.0,750.0,2025-02-24,22.6,0.0,16.33,29.84,59.19,1.21,17.4,8.43,23.04,2800.0,8.43,23.04,3500.0,0.43,23.04,775.0,3.75,22.88,775.0,7.22571428571429,50.580000000000034,1313.571428571429,22.97714285714286,3.534333333333333,106.03,1832.6666666666667,23.00933333333333,0,0,2,55,9,0
Kerala,idukki,Kattappana,Potato,Other,FAQ,2200.0,2500.0,2400.0,2023-10-13,22.64,11.3,21.08,25.0,94.27,0.3,18.28,11.3,22.64,3200.0,7.26,22.46,3600.0,25.64,23.26,3200.0,2.1,23.63,4000.0,8.414285714285715,58.9,4500.0,22.51142857142857,11.936000000000002,358.08000000000004,4130.0,23.128666666666668,0,0,10,286,41,0
Punjab,kapurthala,Phagwara,Onion,Other,FAQ,1935.0,2539.0,2224.0,2024-01-02,10.82,0.0,4.0,18.49,61.5,1.07,3.61,0.0,11.38,2111.0,0.0,12.66,1544.0,0.0,12.8,600.0,0.0,12.38,467.0,0.0,0.0,1329.571428571429,11.948571428571428,0.0086666666666666,0.2599999999999999,1276.2666666666669,12.534666666666668,1,0,1,2,1,0
Rajasthan,ganganagar,Sadulshahar,Wheat,Other,FAQ,2168.0,2198.0,2170.0,2023-06-17,31.49,0.28,29.03,35.23,54.32,6.13,19.45,0.28,31.49,2100.0,0.1,35.05,2100.0,0.09,35.81,2075.0,0.0,36.32,900.0,0.2028571428571429,1.4200000000000004,1934.571428571429,33.01571428571428,0.0886666666666666,2.66,1811.3,35.150666666666666,1,0,6,168,24,1
Chattisgarh,rajnandgaon,Rajnandgaon,Onion,Onion,FAQ,1600.0,2000.0,1800.0,2023-08-10,26.11,0.08,22.37,29.71,86.83,1.92,19.78,0.08,26.11,2418.0,0.08,25.17,1800.0,27.42,24.84,1800.0,1.14,26.29,2237.0,0.0685714285714295,0.4800000000000071,1954.571428571429,25.755714285714287,11.582666666666666,347.48,2112.766666666667,25.593,0,0,8,222,32,1
Orissa,rayagada,Rayagada,Onion,Other,FAQ,3400.0,3500.0,3500.0,2025-02-19,25.44,0.01,17.64,34.47,57.8,1.01,17.72,0.01,25.44,2000.0,0.0,22.9,3000.0,0.0,23.96,3200.0,0.0,21.78,3000.0,0.0028571428571428,0.02,2871.428571428572,24.56857142857143,0.0006666666666666,0.02,3016.6666666666665,23.85233333333333,1,0,2,50,8,0
Kerala,malappuram,Kondotty,Onion,Other,FAQ,1800.0,2000.0,1900.0,2023-06-09,26.67,5.74,24.37,30.35,82.88,1.58,19.62,5.74,26.67,2400.0,5.74,26.67,1800.0,8.84,26.87,1500.0,9.78,26.83,2200.0,5.74,40.18,2278.5714285714284,26.67,7.725333333333334,231.76,2180.0,26.78466666666667,0,0,6,160,23,1
 Punjab,fazilka,Jalalabad,Potato,Other,FAQ,300.0,400.0,350.0,2024-02-10,15.25,0.0,7.21,24.97,36.76,1.1,17.8,0.0,15.25,1750.0,0.0,11.76,2000.0,0.01,12.93,350.0,3.74,11.89,2200.0,0.0,0.0,1364.2857142857142,14.54142857142857,0.5233333333333333,15.7,1343.3333333333333,13.039333333333332,0,0,2,41,6,0
Rajasthan,pratapgarh,Pratapgarh,Potato,Desi,FAQ,1600.0,1800.0,1670.0,2024-04-25,33.87,0.0,24.83,42.8,16.45,3.1,26.78,0.0,33.87,1700.0,0.01,33.45,1700.0,0.0,34.35,1050.0,0.0,34.62,1630.0,0.0057142857142857,0.04,1471.428571428571,33.63,0.002,0.06,1493.0,34.21566666666667,1,0,4,116,17,2
Rajasthan,hanumangarh,Sangriya,Onion,Onion,FAQ,3800.0,4500.0,4200.0,2024-08-05,33.04,0.43,28.45,38.53,61.98,3.53,20.63,0.43,33.04,1500.0,0.07,33.04,2200.0,0.26,31.93,3000.0,16.42,30.75,1500.0,0.3271428571428561,2.289999999999993,2491.8571428571427,33.04,5.0856666666666674,152.57000000000002,2570.866666666667,32.056999999999995,0,0,8,218,32,1
Madhya Pradesh,ujjain,Ujjain,Potato,Potato,Non-FAQ,793.0,1600.0,1350.0,2025-02-12,21.37,0.0,13.22,31.71,32.18,2.12,20.51,0.0,21.37,2627.0,0.0,23.26,2484.0,0.0,19.99,2237.0,0.0,19.34,1400.0,0.0,0.0,1540.2857142857142,21.960000000000004,0.0,0.0,1584.4,21.087,1,0,2,43,7,0
Madhya Pradesh,dhar,Kukshi,Tomato,Tomato,FAQ,1000.0,2000.0,1500.0,2023-06-13,33.64,0.0,27.12,41.2,43.94,5.12,26.91,0.0,33.64,2300.0,0.0,33.64,2000.0,0.0,33.64,1000.0,0.0,34.07,2550.0,0.0,0.0,1491.428571428571,33.64,0.0,0.0,1440.7333333333331,33.82633333333334,1,0,6,164,24,1
Uttar Pradesh,etah,Etah,Wheat,Dara,FAQ,2125.0,2650.0,2500.0,2023-11-26,19.17,0.0,14.71,25.43,49.57,1.06,11.09,0.0,19.17,3070.0,0.0,19.38,2800.0,0.0,19.7,2500.0,0.0,20.24,800.0,0.0,0.0,1919.2857142857144,19.29,0.0,0.0,2100.5,19.320666666666668,1,0,11,330,47,0
Uttar Pradesh,balrampur,Balrampur,Potato,Desi,FAQ,1175.0,1385.0,1280.0,2025-06-11,34.08,194.76,30.95,37.95,54.19,2.07,19.34,0.24,36.42,1270.0,0.0,36.16,1250.0,0.0,34.87,1200.0,0.01,31.78,1200.0,28.02857142857144,196.20000000000005,1430.7142857142858,36.08571428571429,6.6,198.0,1526.3333333333333,34.809666666666665,0,1,6,162,24,1
Tamilnadu,theni,Chinnamanur(Uzhavar Sandhai ),Onion,Bellary,Local,2400.0,2400.0,2400.0,2025-05-22,25.88,0.08,21.09,32.78,71.23,2.22,17.74,0.08,25.88,3000.0,0.43,24.79,2400.0,0.43,24.79,3000.0,1.69,24.76,2400.0,0.2299999999999999,1.61,2528.5714285714284,25.412857142857145,0.8873333333333332,26.62,2773.333333333333,24.923333333333336,0,0,5,142,21,2
Tamilnadu,virudhunagar,Sathur(Uzhavar Sandhai ),Onion,Bellary,Local,8000.0,8500.0,8500.0,2024-11-17,26.78,7.23,23.81,30.74,86.88,2.61,17.22,7.23,26.78,8500.0,7.2,26.24,6000.0,7.2,26.24,8500.0,11.09,25.9,6000.0,7.225714285714287,50.580000000000005,6757.142857142857,26.70285714285714,8.373000000000001,251.19000000000003,6386.666666666667,26.245999999999995,0,0,11,322,46,0
West Bengal,north 24 parganas,Habra,Potato,Other,FAQ,2880.0,2900.0,2900.0,2024-10-19,27.96,28.18,25.04,31.09,86.39,0.97,10.75,28.18,27.96,4800.0,10.0,28.07,2670.0,4.51,28.07,2670.0,0.2,28.35,4500.0,20.388571428571424,142.71999999999997,3941.428571428572,28.00714285714286,6.521333333333333,195.64,3787.6666666666665,28.028666666666663,0,1,10,293,42,0
Uttar Pradesh,rampur,Rampur,Wheat,Dara,FAQ,2330.0,2400.0,2360.0,2023-09-16,26.4,7.87,24.42,28.93,90.07,1.86,14.42,7.87,26.4,1835.0,0.8,28.31,2250.0,4.37,27.23,2360.0,6.06,26.88,2250.0,5.8500000000000005,40.95,1843.571428571429,26.94571428571428,2.7633333333333336,82.9,1779.3333333333333,27.639333333333337,0,0,9,259,37,1
Punjab,muktsar,Malout,Onion,Onion,FAQ,3200.0,3800.0,3500.0,2023-12-05,17.62,0.0,13.17,24.38,50.66,0.84,12.72,0.0,17.62,1000.0,0.0,17.69,4200.0,0.0,17.3,1200.0,0.13,19.28,3800.0,0.0,0.0,1914.2857142857144,17.650000000000002,0.37,11.1,2396.6666666666665,17.622,0,0,12,339,49,0
Maharashtra,pune,Pune(Moshi),Onion,Local,FAQ,1000.0,2000.0,1500.0,2023-08-26,23.85,13.71,21.88,27.1,90.42,3.84,13.39,14.53,23.97,1650.0,14.53,23.97,1600.0,14.53,23.97,1450.0,9.84,23.57,1700.0,14.41285714285714,100.89,1600.0,23.95285714285714,12.314,369.42,1823.3333333333333,23.779333333333334,0,1,8,238,34,1
Uttar Pradesh,shahjahanpur,Puwaha,Rice,III,FAQ,3250.0,3350.0,3320.0,2025-05-09,33.18,0.0,26.97,39.81,34.43,2.15,22.86,0.0,33.18,1170.0,0.0,33.18,1240.0,0.17,32.84,1075.0,0.0,32.06,1360.0,0.0,0.0,1740.0,33.18,0.0736666666666666,2.2100000000000004,1399.0,32.77133333333334,1,0,5,129,19,2
Punjab,patiala,Dudhansadhan,Tomato,Other,FAQ,4000.0,4500.0,4200.0,2023-07-01,31.74,5.97,26.08,36.85,62.15,1.32,24.62,5.97,31.74,1200.0,10.85,32.12,3800.0,10.85,32.12,650.0,8.96,31.92,1000.0,7.364285714285714,51.55,3111.428571428572,31.848571428571425,10.219666666666663,306.59,2064.6666666666665,31.936,0,0,7,182,26,1
Punjab,ludhiana,Jagraon,Tomato,Other,FAQ,1200.0,1700.0,1500.0,2023-10-03,24.24,0.0,19.64,30.64,56.19,1.37,20.53,0.0,24.24,2377.0,0.02,25.24,997.0,0.0,24.52,2000.0,0.0,25.2,1200.0,0.0,0.0,1482.428571428571,24.24,0.004,0.12,1513.3666666666666,24.712,1,0,10,276,40,0
 Punjab,fazilka,Abohar,Onion,Onion,FAQ,1540.0,2250.0,1870.0,2023-07-05,31.87,38.66,28.18,35.48,68.72,2.9,13.32,38.66,31.87,1800.0,2.38,35.78,1200.0,3.27,35.19,2250.0,0.94,34.19,850.0,12.745714285714286,89.22,1958.571428571429,34.66285714285714,5.611999999999999,168.36,1871.1666666666667,34.462,0,0,7,186,27,1
Uttar Pradesh,sonbhadra,Dudhi,Onion,Onion,FAQ,2800.0,3000.0,2900.0,2024-10-14,25.16,0.03,21.7,28.92,79.86,0.93,13.56,0.03,25.16,2170.0,0.0,24.0,2175.0,0.98,26.27,2600.0,0.67,26.94,2165.0,0.0385714285714285,0.27,2990.714285714286,24.618571428571425,0.2856666666666667,8.57,2834.333333333333,25.80366666666667,1,0,10,288,42,0
Tamilnadu,dharmapuri,AJattihalli(Uzhavar Sandhai ),Potato,(Red Nanital),Local,4200.0,4400.0,4400.0,2025-01-24,21.54,0.0,15.56,29.47,75.13,2.07,20.72,0.0,21.54,4400.0,0.0,22.53,4400.0,0.0,21.62,4400.0,1.22,22.13,4400.0,0.0,0.0,4514.285714285715,22.10571428571429,0.7996666666666666,23.99,4493.333333333333,22.276,0,0,1,24,4,0
Uttar Pradesh,mirzapur,Mirzapur,Onion,Red,FAQ,3785.0,3885.0,3845.0,2024-09-20,28.15,0.0,23.83,32.33,82.18,0.82,20.06,0.0,28.15,2235.0,7.16,27.51,3600.0,8.06,27.21,2235.0,1.72,28.91,1900.0,1.0271428571428571,7.19,2593.5714285714284,27.865714285714287,12.554,376.62,2616.0,27.65033333333333,0,0,9,264,38,1
Uttar Pradesh,gorakhpur,Sehjanwa,Potato,Potato,FAQ,1690.0,1705.0,1700.0,2025-04-22,33.46,0.0,25.67,42.94,27.13,2.63,22.72,0.0,33.63,1800.0,0.0,33.63,1850.0,4.93,30.28,3200.0,6.89,27.85,1275.0,0.0,0.0,2046.4285714285716,33.60571428571429,1.15,34.5,2099.333333333333,31.639333333333337,0,0,4,112,17,2
Madhya Pradesh,ratlam,Ratlam,Onion,Onion,FAQ,200.0,1861.0,440.0,2024-05-14,33.21,0.08,27.32,39.0,34.74,1.66,14.85,0.08,33.21,900.0,1.57,35.61,1261.0,0.0,34.91,1100.0,0.0,32.28,1700.0,0.9314285714285716,6.5200000000000005,857.1428571428571,34.58142857142857,0.3013333333333333,9.04,955.0333333333332,33.811,1,0,5,135,20,2
Haryana,kaithal,Cheeka,Potato,Other,Non-FAQ,700.0,700.0,700.0,2025-05-20,36.16,0.0,27.49,44.15,27.65,2.51,24.16,0.0,36.16,1300.0,0.01,35.33,800.0,0.0,35.3,1200.0,0.16,36.14,650.0,0.0028571428571428,0.0199999999999999,1089.2857142857142,35.92285714285714,0.0403333333333333,1.21,1121.1666666666667,35.64833333333333,1,0,5,140,21,2
Kerala,kottayam,Kanjirappally,Potato,Potato,FAQ,3500.0,4000.0,3800.0,2023-08-06,24.88,1.85,22.82,28.7,86.39,0.96,22.87,1.85,24.88,9000.0,1.85,24.88,3000.0,0.23,24.71,2800.0,1.71,24.97,9600.0,1.85,12.95,4800.0,24.88,0.918,27.54,4666.666666666667,24.792666666666666,0,0,8,218,31,1
Kerala,kannur,Taliparamba,Potato,Potato,FAQ,4100.0,4300.0,4200.0,2024-11-10,24.87,0.07,21.59,28.54,81.31,0.62,21.31,0.07,24.87,7000.0,0.14,24.83,7400.0,0.58,25.17,7200.0,11.69,24.83,3800.0,0.100000000000002,0.7000000000000143,5857.142857142857,24.852857142857143,2.019333333333333,60.58,5763.333333333333,24.895666666666667,0,0,11,315,45,0
Uttar Pradesh,sitapur,Hargaon (Laharpur),Potato,Local,FAQ,1150.0,1300.0,1250.0,2024-05-18,37.34,0.0,27.88,46.48,17.46,2.23,25.08,0.0,37.34,1775.0,0.0,36.24,1630.0,0.0,36.45,1400.0,0.28,35.38,1670.0,0.0,0.0,1543.571428571429,36.71142857142858,0.0466666666666666,1.4,1619.0,36.092000000000006,1,0,5,139,20,2
Uttar Pradesh,jaunpur,Jaunpur,Onion,Red,FAQ,2220.0,2275.0,2250.0,2023-09-11,28.63,26.12,26.57,31.21,89.55,1.48,16.39,26.12,28.63,2250.0,9.1,28.1,2300.0,14.52,27.52,2380.0,7.12,28.72,2330.0,18.825714285714287,131.78,2125.0,28.40285714285714,12.284666666666668,368.54,1928.6666666666667,28.188666666666663,0,1,9,254,37,1
Tamilnadu,krishnagiri,Avallapalli(Uzhavar Sandhai ),Potato,(Red Nanital),Local,3000.0,3500.0,3500.0,2025-02-11,23.1,0.0,16.42,33.36,59.78,1.95,24.23,0.0,23.1,4500.0,0.0,22.97,4000.0,0.0,22.97,3500.0,0.0,23.08,4000.0,0.0,0.0,4100.0,23.08142857142857,0.0,0.0,3876.6666666666665,22.974,1,0,2,42,7,0
West Bengal,puruliya,Balarampur,Onion,Other,FAQ,1600.0,2000.0,1800.0,2025-03-28,28.95,0.0,20.03,39.42,32.5,3.03,24.27,0.0,28.95,2500.0,0.0,28.21,950.0,0.0,26.38,1800.0,3.93,25.23,920.0,0.0,0.0,1904.2857142857144,28.63285714285714,0.309,9.27,1705.6666666666667,26.680666666666664,1,0,3,87,13,0
Uttar Pradesh,badaun,Shahaswan,Potato,Potato,FAQ,950.0,1100.0,1000.0,2024-03-05,16.06,0.0,7.59,25.14,30.1,2.67,20.71,0.0,16.06,940.0,0.07,17.96,970.0,0.07,17.96,980.0,5.47,20.74,1550.0,0.0,0.0,1160.0,16.06,3.6903333333333337,110.71,1215.1666666666667,17.718666666666667,0,0,3,65,10,0
Haryana,palwal,Hassanpur,Potato,Potato,Non-FAQ,800.0,1100.0,900.0,2025-03-23,25.36,0.43,16.03,35.76,20.12,1.04,23.86,0.0,25.1,1000.0,0.0,25.27,900.0,0.0,24.86,800.0,0.0,26.37,1000.0,0.0614285714285734,0.4300000000000142,1021.4285714285714,25.185714285714287,0.0183333333333333,0.55,1236.6666666666667,24.850666666666665,1,0,3,82,12,0
Maharashtra,thane,Kalyan,Potato,Other,FAQ,2300.0,2600.0,2450.0,2025-01-15,25.0,0.0,19.6,32.89,57.26,2.27,13.79,0.0,24.71,1750.0,0.01,21.96,2250.0,0.02,26.68,3800.0,0.0,21.12,3250.0,0.0042857142857113,0.0299999999999795,2107.1428571428573,23.812857142857144,0.588,17.64,3058.333333333333,24.092666666666663,0,0,1,15,3,0
Tamilnadu,vellore,Kahithapattarai(Uzhavar Sandhai ),Onion,Bellary,Local,2500.0,2500.0,2500.0,2025-04-14,28.37,1.92,22.08,36.43,61.41,1.83,22.31,1.92,28.37,3000.0,1.92,28.37,2500.0,2.64,29.08,2400.0,5.26,30.38,2400.0,1.92,13.44,2714.285714285714,28.37,4.328,129.84,2766.6666666666665,29.177000000000003,0,0,4,104,16,2
Himachal Pradesh,mandi,Mandi(Mandi),Potato,Potato,FAQ,2000.0,3300.0,2800.0,2024-08-31,23.9,0.42,20.99,27.37,80.46,1.31,23.74,6.58,23.23,4500.0,8.81,22.48,2800.0,19.06,23.4,3100.0,2.9,23.92,3150.0,6.337142857142857,44.36,3900.0,23.11142857142857,11.089333333333334,332.68,3541.6666666666665,23.342666666666663,0,0,8,244,35,1
Punjab,sangrur,Malerkotla,Onion,Other,FAQ,3500.0,4000.0,4000.0,2024-10-26,26.59,0.0,20.5,36.03,41.22,1.58,17.53,0.0,26.59,1000.0,0.0,26.5,4500.0,0.0,25.96,4200.0,0.0,25.99,1000.0,0.0,0.0,3014.285714285714,26.577142857142857,0.0,0.0,2760.0,26.426333333333336,1,0,10,300,43,0
Uttar Pradesh,agra,Achnera,Onion,Red,FAQ,3270.0,3330.0,3300.0,2024-01-04,12.62,0.0,7.55,19.64,58.26,1.18,3.17,0.0,12.62,2500.0,0.07,14.3,1950.0,0.0,13.69,2150.0,0.0,14.08,2800.0,0.02,0.14,1892.142857142857,13.099999999999998,0.021,0.6300000000000001,1677.0,13.785666666666666,1,0,1,4,1,0
Maharashtra,amarawati,Amarawati,Wheat,Other,FAQ,2450.0,2600.0,2525.0,2023-12-05,30.11,2.14,,,,,,2.14,30.11,2462.0,2.14,30.11,2550.0,2.14,30.11,2200.0,2.14,30.11,2437.0,2.14,14.98,2346.714285714286,30.11,2.14,64.2,2167.133333333333,30.11,0,0,12,339,49,0
Orissa,bhadrak,Chandabali,Onion,Other,FAQ,4500.0,5000.0,4670.0,2024-10-23,26.88,9.33,25.6,28.19,87.22,4.23,9.58,0.02,27.22,2800.0,42.92,28.01,2680.0,1.89,29.36,2800.0,0.41,28.7,2800.0,13.604285714285714,95.23,3834.285714285714,27.514285714285712,5.804333333333333,174.13,3515.0,28.796,0,0,10,297,43,0
Andhra Pradesh,hyderabad,Bowenpally,Onion,1st Sort,FAQ,1000.0,3000.0,2500.0,2025-02-07,27.46,0.0,19.37,36.52,45.23,1.96,19.71,0.0,27.46,1500.0,0.0,27.24,3000.0,0.0,27.3,1850.0,0.0,24.51,2000.0,0.0,0.0,1814.2857142857144,27.397142857142857,0.0,0.0,1888.3333333333333,26.740666666666662,1,0,2,38,6,0
Haryana,jind,Narwana,Potato,Other,FAQ,1000.0,1000.0,1000.0,2025-02-23,18.27,0.0,10.59,27.54,44.19,1.39,19.21,0.0,18.27,2500.0,0.0,17.77,750.0,2.77,19.41,1000.0,0.0,18.23,900.0,0.0,0.0,1914.2857142857144,18.055714285714284,0.939,28.17,1645.0,18.93733333333333,0,0,2,54,8,0
Tamilnadu,thanjavur,Kumbakonam (Uzhavar Sandhai ),Potato,(Red Nanital),Local,3600.0,4800.0,4800.0,2025-01-03,23.81,0.06,21.68,26.88,84.47,3.84,17.34,0.06,23.81,4800.0,0.1,24.35,4600.0,2.15,25.65,5000.0,1.49,25.89,4600.0,0.0771428571428571,0.54,4685.714285714285,24.041428571428572,2.195333333333333,65.86,4720.0,25.05933333333333,0,0,1,3,1,0
West Bengal,hooghly,Champadanga,Onion,Nasik,FAQ,4500.0,4700.0,4600.0,2023-11-27,19.99,0.0,15.7,25.02,84.4,1.17,12.52,0.0,19.99,1480.0,0.0,19.99,1440.0,0.0,20.48,1480.0,0.0,19.5,4400.0,0.0,0.0,3285.714285714286,19.99,0.0,0.0,2938.6666666666665,19.990666666666662,1,0,11,331,48,0
Uttar Pradesh,muzaffarnagar,Khatauli,Potato,Desi,FAQ,700.0,1200.0,900.0,2023-11-14,18.55,0.0,13.97,24.98,57.03,1.2,12.4,0.0,18.55,1700.0,0.0,18.87,1130.0,1.79,20.77,3800.0,0.0,21.6,1150.0,0.0,0.0,2135.0,18.524285714285718,0.181,5.43,2412.5,20.24866666666667,1,0,11,318,46,0
Uttar Pradesh,barabanki,Barabanki,Potato,Desi,FAQ,1130.0,1230.0,1180.0,2025-05-24,33.76,0.2,28.0,39.47,43.91,3.78,17.91,0.2,33.76,1150.0,1.11,32.93,1220.0,8.26,31.88,1150.0,0.44,33.75,1250.0,0.85,5.95,1477.142857142857,33.167142857142856,2.895,86.85,1482.1666666666667,33.739000000000004,0,0,5,144,21,2
West Bengal,howrah,Uluberia,Onion,Other,FAQ,4400.0,4800.0,4600.0,2023-12-15,15.81,0.0,9.73,23.12,73.04,1.76,12.99,0.0,15.81,1780.0,0.0,16.7,4500.0,0.0,16.6,4600.0,9.42,20.9,5000.0,0.0,0.0,2971.428571428572,16.19142857142857,0.64,19.2,3219.333333333333,17.566666666666666,0,0,12,349,50,0
Uttar Pradesh,bareilly,Bareilly,Potato,Desi,FAQ,1200.0,1300.0,1250.0,2023-07-05,30.77,14.76,27.8,34.84,73.36,3.79,13.38,2.72,32.87,2275.0,2.72,32.87,1245.0,1.63,32.11,2280.0,16.7,28.96,4600.0,4.44,31.08,1895.7142857142856,32.57,4.9143333333333326,147.42999999999998,1715.3333333333333,31.578333333333333,0,0,7,186,27,1
Kerala,idukki,Vandiperiyar,Potato,Other,FAQ,3600.0,3800.0,3600.0,2025-02-07,21.04,0.0,15.46,28.7,65.01,0.31,24.72,0.0,21.04,3500.0,0.0,21.32,4200.0,0.0,20.98,3400.0,0.15,22.51,3800.0,0.0,0.0,4328.571428571428,21.12,0.0316666666666666,0.95,3960.0,21.866333333333333,1,0,2,38,6,0
Uttar Pradesh,basti,Basti,Onion,Red,FAQ,3700.0,3900.0,3800.0,2024-09-07,29.58,3.15,25.32,33.87,80.16,0.62,19.07,3.15,29.58,2325.0,2.46,29.15,2390.0,3.98,29.32,3450.0,4.95,28.25,2360.0,4.2142857142857135,29.499999999999996,3152.8571428571427,29.078571428571426,4.227666666666667,126.83,3006.833333333333,28.50733333333333,0,0,9,251,36,1
Himachal Pradesh,mandi,Dhanotu (Mandi),Potato,Other,FAQ,1400.0,1600.0,1500.0,2024-12-27,8.72,9.88,5.8,16.87,66.85,1.99,3.33,0.0,11.04,1700.0,5.09,7.57,1850.0,0.0,10.65,2050.0,0.0,12.3,1900.0,2.138571428571429,14.97,1792.857142857143,9.71,0.9756666666666668,29.27,1966.6666666666667,10.595333333333333,0,0,12,362,52,0
Uttar Pradesh,agra,Agra,Potato,Desi,FAQ,1840.0,2100.0,1950.0,2024-11-01,24.18,0.0,17.85,31.43,61.96,1.34,14.1,0.0,24.18,1950.0,0.0,25.61,1940.0,0.0,25.53,1925.0,0.0,23.43,2250.0,0.0,0.0,2828.5714285714284,24.18,0.0,0.0,2497.333333333333,24.819333333333336,1,0,11,306,44,0
Chhattisgarh,bilaspur,Tiphra,Potato,Other,FAQ,1200.0,1400.0,1300.0,2023-06-06,35.77,0.41,29.82,42.3,29.21,1.12,24.28,0.41,35.77,2378.0,0.41,35.77,2700.0,0.41,35.77,2700.0,0.41,35.77,2700.0,0.41,2.46,1721.3333333333333,35.77,0.41,2.46,1721.3333333333333,35.77,1,0,6,157,23,1
Punjab,moga,Kot ise Khan,Potato,Other,FAQ,800.0,1000.0,900.0,2023-12-23,13.88,0.0,7.96,20.39,50.57,1.11,10.95,0.0,13.21,800.0,0.0,12.83,3500.0,0.0,11.16,1000.0,0.01,12.51,3000.0,0.0,0.0,1278.571428571429,13.361428571428572,0.002,0.06,1606.6666666666667,12.260666666666667,1,0,12,357,51,0
Uttar Pradesh,fatehpur,Bindki,Potato,Potato,FAQ,2070.0,2200.0,2160.0,2024-12-08,17.33,0.0,10.34,25.22,52.48,1.63,11.43,0.0,17.33,2175.0,0.0,17.71,2140.0,0.0,19.22,3800.0,0.0,17.01,3750.0,0.0,0.0,2383.5714285714284,17.532857142857143,0.0,0.0,2795.333333333333,18.172000000000004,1,0,12,343,49,0
Kerala,thiruvananthapuram,Pothencode,Potato,Other,FAQ,29900.0,29980.0,29940.0,2024-08-10,25.74,1.6,24.74,26.85,91.49,3.14,20.7,1.6,25.74,4000.0,0.2,25.7,3500.0,0.42,25.53,5000.0,0.75,25.71,3800.0,0.799999999999999,5.599999999999993,8491.42857142857,25.717142857142854,0.5046666666666657,15.139999999999972,9377.333333333334,25.64766666666667,0,0,8,223,32,1
Uttar Pradesh,gonda,Nawabganj,Onion,Red,FAQ,2070.0,2150.0,2110.0,2024-01-25,13.46,0.0,6.06,21.58,49.29,1.56,5.72,0.0,13.46,840.0,0.0,12.46,825.0,0.0,12.56,2615.0,0.0,13.82,2610.0,0.0,0.0,1873.571428571429,12.94285714285714,0.0,0.0,1672.3333333333333,12.683666666666666,1,0,1,25,4,0
Maharashtra,nashik,Yeola,Onion,Red,Local,700.0,3337.0,2750.0,2025-02-14,24.65,0.0,16.44,34.95,23.44,2.2,21.45,0.0,24.65,3000.0,0.0,24.21,2751.0,0.0,24.21,2850.0,0.0,23.43,2300.0,0.0,0.0,2657.1428571428573,24.335714285714285,0.0,0.0,2618.2,24.005333333333336,1,0,2,45,7,0
Punjab,ludhiana,Ludhiana,Onion,Other,FAQ,1000.0,2700.0,2000.0,2023-10-06,24.96,0.0,18.82,32.31,60.61,1.02,20.03,0.0,24.96,600.0,0.0,24.96,2500.0,0.0,24.46,600.0,0.0,24.24,1000.0,0.0,0.0,1713.428571428571,24.96,0.0,0.0,1604.8666666666666,24.514000000000003,1,0,10,279,40,0
Delhi,delhi,Keshopur,Potato,Potato,FAQ,1400.0,2850.0,2500.0,2024-08-23,28.56,1.61,26.07,30.68,83.46,0.71,11.03,1.4,29.87,3400.0,3.54,29.34,3000.0,5.4,28.75,3200.0,1.46,28.95,3300.0,1.4299999999999995,10.009999999999998,2761.8571428571427,29.68285714285714,3.3216666666666668,99.65,2651.6,29.235666666666663,0,0,8,236,34,1
Tamilnadu,virudhunagar,Thalavaipuram(Uzhavar Sandhai ),Onion,Bellary,Local,3200.0,4000.0,4000.0,2025-04-02,29.09,20.83,25.77,34.26,70.95,1.85,20.01,20.83,29.09,4000.0,20.83,29.09,3000.0,1.47,29.9,3000.0,0.06,30.13,3000.0,20.83,145.81,3571.428571428572,29.09,9.12,273.6,3480.0,29.59133333333333,0,1,4,92,14,2
Uttar Pradesh,kaushambi,Bharwari,Potato,Desi,FAQ,865.0,1020.0,950.0,2025-01-31,21.71,0.0,13.63,30.71,30.88,0.93,15.96,0.0,19.15,1000.0,0.0,15.47,1075.0,0.0,20.23,1200.0,0.01,14.99,1355.0,0.0,0.0,1001.4285714285714,18.398571428571437,0.0,0.0,1170.1666666666667,17.482000000000003,1,0,1,31,5,0
Tamilnadu,the nilgiris,Coonoor(Uzhavar Sandhai ),Onion,Bellary,Local,4000.0,5000.0,5000.0,2024-08-21,22.93,1.8,20.85,26.42,88.14,2.18,14.6,1.8,22.93,7000.0,6.07,23.89,5000.0,3.27,23.78,5000.0,5.03,24.7,4800.0,3.0200000000000005,21.140000000000004,6142.857142857143,23.204285714285717,2.8536666666666672,85.61000000000001,5746.666666666667,23.791,0,0,8,234,34,1
Uttar Pradesh,banda,Atarra,Onion,Red,FAQ,1500.0,1560.0,1520.0,2023-08-10,28.6,0.06,25.61,32.69,82.22,2.82,16.51,0.06,28.6,1280.0,0.04,27.57,1275.0,0.0,28.33,2200.0,15.61,28.87,1275.0,0.0571428571428571,0.3999999999999999,1649.2857142857142,28.452857142857145,3.907,117.21,1648.0,28.31,0,0,8,222,32,1
Kerala,thiruvananthapuram,Vamanapuram,Onion,Other,FAQ,3000.0,3200.0,3200.0,2024-01-24,26.2,0.0,22.46,30.09,79.37,2.46,21.18,0.0,26.31,3200.0,0.12,26.94,16040.0,0.12,26.94,3200.0,0.29,26.88,19540.0,0.0,0.0,3457.1428571428573,26.294285714285717,0.108999999999999,3.269999999999971,5288.666666666667,26.798333333333336,1,0,1,24,4,0
Tamilnadu,salem,Athur(Uzhavar Sandhai ),Onion,Bellary,Local,4500.0,5000.0,5000.0,2024-07-18,26.45,2.51,22.76,31.32,71.67,4.75,12.74,2.51,26.45,5000.0,2.51,26.45,4800.0,1.72,26.45,4800.0,1.72,26.45,5000.0,2.51,17.57,4971.428571428572,26.45,2.0886666666666667,62.66,5593.333333333333,26.45,0,0,7,200,29,1
Haryana,fatehabad,Jakhal,Potato,Other,FAQ,500.0,600.0,600.0,2024-03-09,17.89,0.0,8.84,27.85,45.08,1.97,21.79,0.0,17.07,1200.0,0.0,17.19,1400.0,0.0,14.7,1400.0,0.13,12.04,1500.0,0.0,0.0,1207.142857142857,17.187142857142856,0.0043333333333338,0.1300000000000142,1170.0,14.852666666666666,1,0,3,69,10,0
Andhra Pradesh,warangal,Warangal,Potato,Potato,FAQ,2600.0,3000.0,2800.0,2024-06-22,36.4,1.17,,,,,,1.17,36.4,3500.0,1.17,36.4,2800.0,1.17,36.4,3500.0,1.17,36.4,2200.0,1.17,8.19,3171.428571428572,36.4,1.17,35.099999999999994,3116.6666666666665,36.4,0,0,6,174,25,1
Andhra Pradesh,hyderabad,Mahboob Manison,Onion,1st Sort,Non-FAQ,400.0,2600.0,2000.0,2025-03-01,28.61,0.0,20.28,37.48,41.87,2.47,24.03,0.0,28.61,1800.0,0.0,28.61,1500.0,0.0,28.24,2100.0,0.0,27.55,1400.0,0.0,0.0,2128.5714285714284,28.61,0.0,0.0,2006.6666666666667,28.11,1,0,3,60,9,0
Uttar Pradesh,bulandshahar,Anoop Shahar,Onion,Red,FAQ,1600.0,2000.0,1800.0,2024-05-08,35.02,0.0,27.43,43.13,19.31,2.3,24.0,0.0,35.02,1655.0,0.0,35.02,2000.0,0.0,35.9,1300.0,0.0,34.93,2000.0,0.0,0.0,1500.857142857143,35.02,0.0,0.0,1508.7,35.542,1,0,5,129,19,2
Uttar Pradesh,badaun,Wazirganj,Tomato,Hybrid,FAQ,4890.0,4990.0,4940.0,2023-07-03,33.49,0.49,28.12,38.98,56.86,1.83,21.54,0.49,33.49,700.0,0.36,32.0,4810.0,0.36,32.0,1100.0,9.2,30.37,1100.0,0.3971428571428577,2.780000000000004,2277.1428571428573,32.425714285714285,3.836,115.08,2098.5,31.049333333333333,0,0,7,184,27,1
Uttar Pradesh,ghazipur,Gazipur,Potato,Desi,FAQ,1150.0,1200.0,1180.0,2025-05-27,33.83,0.44,28.15,39.3,53.68,2.88,21.12,0.44,33.83,3310.0,0.83,33.44,1230.0,6.01,35.72,3330.0,0.0,36.55,1180.0,0.7428571428571429,5.2,2882.8571428571427,32.635714285714286,0.928,27.84,2522.6666666666665,35.07033333333333,0,0,5,147,22,2
Uttar Pradesh,mathura,Mathura,Onion,Red,FAQ,1720.0,2140.0,1950.0,2024-01-23,13.83,0.0,5.59,22.87,38.11,1.11,9.58,0.0,13.83,2570.0,0.0,12.29,1920.0,0.0,12.49,650.0,0.0,12.26,2550.0,0.0,0.0,1560.0,12.95,0.0,0.0,1553.8333333333333,12.458,1,0,1,23,4,0
Uttar Pradesh,badaun,Shahaswan,Potato,Potato,Non-FAQ,980.0,1050.0,1000.0,2025-04-15,30.55,0.0,23.2,37.76,30.37,1.89,22.81,0.0,30.55,1150.0,0.0,29.73,1160.0,0.0,30.84,1620.0,0.8,29.66,1050.0,0.0,0.0,1231.428571428571,30.198571428571427,0.2133333333333333,6.4,1381.6666666666667,30.116666666666667,1,0,4,105,16,2
Gujarat,kheda,Nadiyad(Chaklasi),Potato,Potato,Non-FAQ,1000.0,1100.0,1050.0,2025-05-10,30.8,0.25,24.63,36.96,60.39,1.73,24.59,0.25,30.8,1400.0,7.65,29.46,1400.0,14.27,27.92,900.0,31.64,26.6,850.0,5.535714285714287,38.750000000000014,1153.571428571429,29.842857142857145,15.760666666666667,472.82,1267.5,28.273333333333333,0,0,5,130,19,2
Uttar Pradesh,barabanki,Safdarganj,Onion,Red,Non-FAQ,2100.0,2180.0,2150.0,2025-03-31,27.51,0.0,16.91,38.96,10.57,2.61,26.33,0.0,26.38,1190.0,0.0,27.21,2200.0,0.0,30.75,1180.0,0.04,27.26,1190.0,0.0,0.0,1624.2857142857142,27.01571428571429,0.0026666666666666,0.08,1751.0,29.002333333333336,1,0,3,90,14,0
Kerala,kottayam,Ettumanoor,Onion,Onion,FAQ,6400.0,6800.0,6600.0,2024-10-18,24.75,2.67,22.26,28.56,88.51,0.6,21.31,2.67,24.75,5600.0,2.67,24.75,6000.0,3.12,24.21,8000.0,3.12,24.21,4600.0,2.67,18.69,6228.571428571428,24.75,2.925,87.75,5926.666666666667,24.444000000000003,0,0,10,292,42,0
Uttar Pradesh,sambhal,Chandausi,Potato,Potato,FAQ,2150.0,2300.0,2220.0,2024-09-01,30.07,0.43,25.55,34.6,79.12,1.11,18.61,0.43,30.07,3400.0,0.01,28.84,3380.0,1.21,28.39,3380.0,8.56,28.13,3350.0,0.310000000000001,2.170000000000007,2506.428571428572,29.71857142857143,4.65,139.5,2434.0,28.752,0,0,9,245,35,1
Uttar Pradesh,gonda,Gonda,Onion,Red,FAQ,2700.0,3000.0,2800.0,2025-02-18,20.39,0.02,13.26,30.11,39.67,1.73,15.83,0.02,20.39,2600.0,0.0,21.04,2300.0,0.0,21.03,2150.0,0.0,17.97,1020.0,0.0114285714285714,0.08,1997.142857142857,20.66857142857143,0.0026666666666666,0.08,1774.8333333333333,19.28466666666667,1,0,2,49,8,0
Himachal Pradesh,hamirpur,Maudaha,Wheat,Dara,FAQ,2230.0,2320.0,2270.0,2023-08-29,26.6,1.24,24.06,29.86,81.24,1.34,25.28,1.24,26.6,2230.0,1.24,26.6,1230.0,10.29,26.82,1815.0,0.49,27.18,1200.0,1.24,8.68,2226.428571428572,26.6,6.3183333333333325,189.55,2053.333333333333,26.76333333333333,0,0,8,241,35,1
Uttar Pradesh,bulandshahar,Gulavati,Onion,Red,FAQ,1500.0,1700.0,1600.0,2025-05-19,35.48,0.0,26.97,43.36,23.43,2.3,23.46,0.0,35.48,3240.0,0.02,35.87,3235.0,0.11,35.78,1225.0,0.31,36.41,1140.0,0.0142857142857122,0.0999999999999858,1512.142857142857,35.75857142857142,0.092,2.76,1571.0,35.826,1,0,5,139,21,2
Rajasthan,tonk,Dooni,Wheat,147 Average,FAQ,2460.0,2720.0,2590.0,2023-12-07,18.04,0.0,11.15,25.36,60.67,1.13,12.59,0.0,16.73,2605.0,0.0,16.14,2570.0,0.06,18.77,2590.0,0.14,19.05,2510.0,0.0,0.0,2486.5714285714284,16.74857142857143,0.1753333333333333,5.26,2505.0333333333333,18.14633333333333,1,0,12,341,49,0
Haryana,sirsa,Rania,Potato,Other,FAQ,2000.0,2200.0,2100.0,2024-01-08,11.52,0.0,4.98,19.84,63.41,1.14,2.81,0.0,11.52,500.0,0.0,11.32,2000.0,0.0,11.52,2200.0,0.0,11.75,550.0,0.0,0.0,1227.142857142857,11.405714285714284,0.0,0.0,1324.0,11.326333333333334,1,0,1,8,2,0
Himachal Pradesh,mandi,Dhanotu (Mandi),Potato,Other,FAQ,2000.0,3400.0,2500.0,2024-11-14,15.98,0.0,12.8,21.81,52.9,1.14,13.15,0.0,15.98,2600.0,0.0,16.87,2750.0,0.0,18.0,5400.0,0.0,18.42,5000.0,0.0,0.0,3692.857142857143,16.345714285714287,0.0,0.0,4101.666666666667,17.69066666666667,1,0,11,319,46,0
Himachal Pradesh,hamirpur,Bharuasumerpur,Potato,Desi,FAQ,875.0,925.0,900.0,2023-12-06,16.9,0.0,12.57,24.82,55.54,1.14,13.57,0.0,16.9,2500.0,0.0,15.42,1600.0,0.0,15.42,2400.0,0.0,16.83,920.0,0.0,0.0,2997.1428571428573,16.054285714285715,0.2603333333333333,7.81,2429.333333333333,15.958333333333334,1,0,12,340,49,0
Jammu & Kashmir,udhampur,Udhampur,Potato,Other,FAQ,1500.0,1800.0,1650.0,2023-11-11,12.07,0.0,7.09,19.08,63.97,1.28,15.63,44.74,11.23,1350.0,0.0,16.26,1350.0,0.37,16.67,1650.0,0.0,16.07,1750.0,13.98,97.86,2314.285714285714,13.938571428571429,3.290666666666666,98.72,2825.0,16.094,0,0,11,315,45,0
Uttar Pradesh,shahjahanpur,Puwaha,Onion,Red,Non-FAQ,2100.0,2300.0,2200.0,2025-02-16,20.32,0.0,11.58,29.63,36.76,1.25,17.71,0.0,20.32,990.0,0.0,18.57,800.0,0.0,18.57,2130.0,0.0,17.46,815.0,0.0,0.0,1156.428571428571,20.07,0.0,0.0,1419.1666666666667,18.352666666666668,1,0,2,47,7,0
Madhya Pradesh,morena,Porsa,Potato,Potato,FAQ,1000.0,1000.0,1000.0,2024-09-07,27.84,2.23,25.14,30.85,87.66,1.79,14.0,2.23,27.84,1000.0,5.15,28.49,1000.0,0.49,28.84,800.0,6.11,29.04,1000.0,3.790000000000002,26.530000000000012,1264.2857142857142,27.922857142857143,6.698666666666667,200.96,1118.3333333333333,28.02266666666667,0,0,9,251,36,1
Kerala,kottayam,Thalayolaparambu,Potato,Other,FAQ,3300.0,3700.0,3500.0,2023-10-17,24.78,9.31,21.99,28.58,88.23,0.66,20.32,9.31,24.78,3300.0,3.67,24.28,3600.0,3.67,24.28,9800.0,29.45,24.47,3400.0,5.281428571428571,36.97,5985.714285714285,24.422857142857143,14.664666666666667,439.94,4906.666666666667,24.321,0,0,10,290,42,0
Nagaland,kohima,Kohima,Potato,Potato,FAQ,3000.0,3200.0,3100.0,2023-11-03,17.12,0.03,12.59,23.26,65.55,0.2,17.79,0.03,17.12,2500.0,0.0,17.96,3100.0,0.08,18.38,3100.0,0.0,18.81,2800.0,0.008571428571429,0.0600000000000035,2800.0,17.63142857142857,0.5543333333333332,16.629999999999995,3056.6666666666665,18.151666666666664,0,0,11,307,44,0
Uttar Pradesh,fatehpur,Fatehpur,Potato,Desi,FAQ,950.0,1140.0,1050.0,2025-03-23,26.87,0.01,18.67,35.71,24.88,1.33,23.44,0.01,26.87,1080.0,0.03,28.1,1080.0,0.0,28.18,1120.0,0.23,28.08,2285.0,0.0614285714285714,0.43,1470.0,27.16714285714286,0.0203333333333333,0.6100000000000001,1559.1666666666667,26.980333333333338,1,0,3,82,12,0
Madhya Pradesh,alirajpur,Alirajpur(F&V),Onion,Onion,FAQ,1000.0,1600.0,1400.0,2023-06-09,33.44,0.0,26.31,40.69,46.86,4.27,27.27,0.0,33.44,2100.0,0.14,31.89,2100.0,0.02,31.51,1500.0,0.02,31.51,1500.0,0.1014285714285714,0.71,1857.142857142857,33.0,0.0875,1.05,1919.1666666666667,32.4425,1,0,6,160,23,1
Haryana,mewat,Punhana,Onion,Other,FAQ,1200.0,1500.0,1300.0,2025-05-16,37.05,0.01,28.48,45.5,21.78,2.64,23.89,0.0,35.63,1400.0,0.09,34.79,1300.0,2.41,34.24,900.0,1.82,31.64,1300.0,0.0399999999999979,0.2799999999999858,1200.0,35.472857142857144,0.7036666666666668,21.110000000000003,1173.3333333333333,34.119,0,0,5,136,20,2
Uttar Pradesh,gonda,Gonda,Potato,Chandermukhi,FAQ,1870.0,1915.0,1885.0,2024-05-25,37.35,0.01,30.19,42.98,31.28,1.34,22.49,0.01,37.35,1650.0,0.0,35.27,1675.0,0.17,34.84,1700.0,0.01,36.07,1700.0,0.0057142857142846,0.0399999999999928,1768.571428571429,36.45857142857143,0.2699999999999999,8.1,1761.3333333333333,35.606,1,0,5,146,21,2
Maharashtra,pune,Pune,Potato,Local,FAQ,1200.0,2200.0,1700.0,2023-12-10,20.89,0.0,15.21,27.76,75.86,1.75,16.79,0.0,20.89,2500.0,0.0,20.99,3000.0,0.0,20.89,1400.0,0.0,20.99,1500.0,0.0,0.0,1942.857142857143,20.904285714285717,0.0,0.0,2131.833333333333,20.93333333333333,1,0,12,344,49,0
Uttar Pradesh,mirzapur,Ahirora,Potato,Badshah,FAQ,1800.0,2000.0,1900.0,2024-08-05,28.76,0.68,25.12,32.47,82.23,1.61,18.41,14.75,28.51,2775.0,61.69,27.88,1900.0,22.97,29.2,2325.0,7.11,30.83,1900.0,26.15142857142857,183.06,2280.0,28.365714285714287,16.523666666666667,495.71,2267.0,29.602666666666664,0,1,8,218,32,1
Uttar Pradesh,ghaziabad,Ghaziabad,Potato,Desi,FAQ,1250.0,1350.0,1300.0,2023-08-29,28.12,0.02,24.3,32.79,82.56,1.8,21.89,0.02,28.12,2400.0,0.13,28.48,2350.0,0.13,28.3,1200.0,0.67,28.67,1200.0,0.0828571428571438,0.5800000000000072,1740.0,28.325714285714287,0.245,7.35,1902.0,28.43433333333333,1,0,8,241,35,1
Uttar Pradesh,unnao,Bangarmau,Onion,Red,FAQ,1480.0,1580.0,1530.0,2024-02-15,18.82,0.0,11.88,26.55,38.43,1.07,13.76,0.38,19.21,1550.0,1.35,18.33,750.0,0.0,17.58,750.0,0.0,15.08,740.0,0.3257142857142857,2.28,1205.7142857142858,19.15428571428572,0.346,10.38,1184.0,17.642,0,0,2,46,7,0
Uttar Pradesh,barabanki,Safdarganj,Wheat,Dara,FAQ,2200.0,2300.0,2250.0,2023-10-07,25.52,0.03,18.67,31.3,66.73,1.05,19.3,0.03,25.52,2270.0,0.0,26.49,2120.0,1.42,27.05,2180.0,0.0,27.32,2360.0,0.0128571428571428,0.09,1928.571428571429,26.07428571428571,2.7696666666666663,83.08999999999999,1801.8333333333333,26.66766666666667,0,0,10,280,40,0
Uttar Pradesh,rampur,Rampur,Wheat,Dara,FAQ,2300.0,2400.0,2350.0,2023-08-21,25.95,5.68,24.03,27.72,91.55,2.28,11.74,5.68,25.95,1675.0,4.25,28.81,1275.0,1.63,28.12,2150.0,0.06,27.95,2150.0,4.658571428571428,32.61,1870.7142857142856,27.99285714285714,1.8046666666666664,54.14,1776.5,28.485666666666663,0,0,8,233,34,1
West Bengal,howrah,Ramkrishanpur(Howrah),Onion,Other,FAQ,4200.0,4800.0,4600.0,2024-08-08,28.2,8.28,26.16,30.89,88.98,3.04,11.35,8.28,28.2,2660.0,22.28,28.28,2700.0,2.37,28.73,4000.0,10.33,29.1,4200.0,8.788571428571428,61.52,3317.1428571428573,28.07428571428571,24.71633333333333,741.49,3350.6666666666665,28.388,0,0,8,221,32,1
Madhya Pradesh,shajapur,Shajapur,Potato,Potato,FAQ,325.0,1079.0,1079.0,2025-05-19,35.63,1.35,28.88,43.14,41.42,2.3,21.63,1.35,35.63,100.0,1.35,35.63,100.0,1.67,36.02,100.0,0.11,35.4,1180.0,1.35,9.45,474.2857142857143,35.63,1.0386666666666666,31.16,442.2,35.724666666666664,0,0,5,139,21,2
Tamilnadu,dharmapuri,Harur(Uzhavar Sandhai ),Potato,(Red Nanital),Local,3500.0,4000.0,4000.0,2025-03-10,26.03,0.0,17.11,36.16,55.32,2.72,25.56,0.0,26.03,3200.0,0.0,26.87,3200.0,0.0,26.87,4500.0,0.0,27.88,4000.0,0.0,0.0,3600.0,26.270000000000003,0.0,0.0,3816.6666666666665,27.125,1,0,3,69,11,0
Punjab,patiala,Patran,Onion,Other,FAQ,800.0,1500.0,1250.0,2024-02-01,13.36,10.09,8.98,19.75,80.71,3.44,2.45,10.09,13.36,400.0,1.18,15.03,500.0,0.0,14.49,1240.0,0.0,13.61,400.0,8.817142857142857,61.72,1007.1428571428572,13.598571428571429,2.293333333333333,68.8,1109.0,14.369,0,0,2,32,5,0
Uttar Pradesh,bijnor,Bijnaur,Onion,Red,FAQ,2700.0,2850.0,2770.0,2024-08-03,27.8,1.52,25.13,30.49,83.48,1.32,14.4,1.52,27.8,2270.0,1.09,27.75,1950.0,17.21,29.53,1800.0,1.6,30.59,2000.0,1.2128571428571429,8.49,2268.5714285714284,27.76428571428572,10.037333333333336,301.12000000000006,2217.333333333333,28.96933333333333,0,0,8,216,31,1
Rajasthan,ganganagar,Sadulshahar,Wheat,Other,FAQ,2476.0,2476.0,2476.0,2023-10-19,25.79,0.0,18.39,33.35,51.97,1.05,19.36,0.0,25.79,2300.0,0.02,26.26,700.0,0.96,26.41,2474.0,0.0,28.34,2358.0,0.0057142857142849,0.0399999999999946,1860.857142857143,25.924285714285716,0.3259999999999999,9.78,1889.4333333333332,26.811,1,0,10,292,42,0
Madhya Pradesh,ujjain,Badnagar,Onion,Onion,FAQ,1300.0,1310.0,1310.0,2024-08-04,25.17,15.25,23.65,27.61,91.95,3.24,3.63,9.63,25.27,1000.0,27.72,25.25,1400.0,1.29,26.69,2100.0,13.6,25.3,1500.0,15.601428571428572,109.21,1590.2857142857142,25.25,13.829333333333333,414.88,1690.6333333333334,25.781,0,1,8,217,31,1
Maharashtra,nashik,Satana,Wheat,Other,FAQ,2150.0,2940.0,2301.0,2023-06-20,28.08,0.01,23.9,34.28,71.24,4.73,18.52,0.01,28.08,750.0,0.01,28.08,751.0,0.01,28.08,1060.0,0.01,27.86,800.0,0.01,0.07,1282.428571428571,28.08,0.01,0.3,1184.0726666666667,27.984666666666666,1,0,6,171,25,1
Punjab,sangrur,Sangrur,Potato,Desi,FAQ,1000.0,1400.0,1300.0,2024-09-20,29.43,0.02,23.28,35.24,70.23,0.84,22.18,0.02,29.43,1600.0,0.52,28.04,3500.0,0.91,28.16,1300.0,0.0,28.69,1900.0,0.3057142857142857,2.14,1957.142857142857,28.635714285714283,0.3053333333333333,9.16,2366.6666666666665,28.60533333333333,1,0,9,264,38,1
West Bengal,alipurduar,Falakata,Potato,Red,FAQ,1300.0,1400.0,1350.0,2023-08-06,28.09,20.38,26.21,30.57,91.65,1.63,12.64,20.38,28.09,2400.0,4.3,28.19,1550.0,42.72,28.37,1350.0,10.39,29.58,7500.0,20.38,142.66,3007.1428571428573,28.09,20.57,617.1,3236.6666666666665,28.233,0,1,8,218,31,1
Kerala,kottayam,Pampady,Onion,Big,FAQ,7300.0,8300.0,8000.0,2024-11-26,22.87,5.64,21.01,25.52,89.91,0.49,8.57,5.64,22.87,7800.0,0.1,23.65,7800.0,0.1,23.65,6100.0,0.02,24.75,7800.0,4.057142857142858,28.4,6571.428571428572,23.092857142857135,1.018,30.54,6210.0,23.59333333333333,0,0,11,331,48,0
Uttar Pradesh,amethi,Sultanpur,Onion,Red,FAQ,1950.0,2200.0,2085.0,2023-09-25,27.42,2.61,24.57,30.99,83.26,1.13,16.82,2.61,27.42,2310.0,1.99,27.37,2100.0,2.41,26.64,2300.0,2.99,28.28,2100.0,2.521428571428572,17.65,1892.142857142857,27.412857142857145,2.170666666666667,65.12,1842.6666666666667,27.447333333333336,0,0,9,268,39,1
Karnataka,kolar,Chickkaballapura,Onion,Beelary-Red,FAQ,1800.0,2000.0,1900.0,2025-06-06,25.87,0.06,18.63,32.58,62.62,1.84,23.11,0.22,24.82,1850.0,0.18,24.86,1800.0,4.62,23.34,7325.0,0.59,24.25,1800.0,0.5714285714285714,4.0,1892.857142857143,25.035714285714285,1.553,46.59,2395.833333333333,24.46833333333333,0,0,6,157,23,1
Maharashtra,ahmednagar,Rahuri(Vambori),Onion,Other,FAQ,300.0,3100.0,2300.0,2024-07-18,26.07,0.28,23.12,30.51,79.57,6.23,13.04,0.28,26.07,2750.0,0.28,26.07,1350.0,4.53,24.26,2700.0,3.75,25.47,2150.0,0.28,1.96,2445.8571428571427,26.07,4.812333333333334,144.37000000000003,2298.6666666666665,25.39333333333333,0,0,7,200,29,1
Uttar Pradesh,amethi,Sultanpur,Onion,Red,FAQ,2000.0,2300.0,2100.0,2023-09-02,29.13,0.03,24.91,33.89,82.57,2.04,22.58,0.03,29.13,2900.0,0.56,28.79,1215.0,0.34,28.66,1210.0,1.1,27.7,1220.0,0.1814285714285714,1.2700000000000002,1837.857142857143,29.032857142857143,0.5856666666666667,17.57,1856.1666666666667,28.54833333333333,0,0,9,245,35,1
Madhya Pradesh,mandsaur,Sitmau,Onion,1st Sort,FAQ,510.0,1600.0,1055.0,2023-12-13,17.48,0.0,10.81,26.3,53.3,1.43,15.16,0.0,17.48,2551.0,0.0,17.73,1375.0,0.0,17.73,1150.0,0.0,19.59,1500.0,0.0,0.0,1835.142857142857,17.48,0.0,0.0,1943.5,17.948666666666668,1,0,12,347,50,0
Haryana,jind,Jind,Onion,Other,FAQ,2000.0,2800.0,2600.0,2023-10-18,21.72,0.12,16.15,29.27,69.76,2.12,18.62,0.12,21.72,1000.0,2.2,22.55,1000.0,1.08,26.34,1100.0,0.0,26.22,950.0,1.0114285714285711,7.08,1914.2857142857144,22.075714285714287,12.173333333333336,365.2000000000001,1641.6666666666667,24.696,0,0,10,291,42,0
Kerala,idukki,Kattappana,Onion,Small,FAQ,3000.0,3500.0,3400.0,2024-02-21,25.44,0.39,21.19,31.56,73.38,0.34,22.84,0.39,25.44,3500.0,0.16,24.79,3600.0,0.0,23.65,4000.0,0.0,23.04,2700.0,0.2585714285714285,1.81,3500.0,25.068571428571428,0.071,2.13,3136.6666666666665,24.280666666666665,1,0,2,52,8,0
Kerala,ernakulam,Perumbavoor,Onion,Onion,FAQ,2500.0,3500.0,3000.0,2025-03-15,30.13,0.24,26.94,34.9,67.95,1.88,26.01,0.24,30.13,2500.0,0.05,29.73,3200.0,0.05,29.73,4200.0,1.82,29.69,3000.0,0.2128571428571431,1.4900000000000018,2971.428571428572,30.072857142857146,0.678,20.34,3650.0,29.79666666666667,0,0,3,74,11,0
Uttar Pradesh,azamgarh,Azamgarh,Potato,Desi,FAQ,1325.0,1475.0,1400.0,2024-03-19,25.03,0.0,16.6,34.53,23.03,1.48,17.02,0.0,25.23,1975.0,0.0,25.53,1870.0,0.0,21.27,985.0,0.0,20.81,875.0,0.0,0.0,1635.7142857142858,24.69,0.2433333333333333,7.3,1484.0,22.923333333333336,1,0,3,79,12,0
Uttar Pradesh,sambhal,Sambhal,Onion,Red,FAQ,1400.0,1850.0,1800.0,2025-04-04,29.34,0.0,21.09,39.53,12.98,1.98,23.5,0.0,29.34,1095.0,0.0,28.95,1685.0,0.0,27.54,1700.0,0.0,25.13,1725.0,0.0,0.0,1320.7142857142858,29.172857142857143,0.0,0.0,1322.1666666666667,27.381,1,0,4,94,14,2
Himachal Pradesh,kangra,Kangra(Jaisinghpur),Potato,Potato,FAQ,2800.0,3800.0,3400.0,2024-08-28,24.32,6.63,22.31,26.3,79.94,0.97,15.27,6.63,24.32,2900.0,6.63,24.32,4950.0,13.59,24.61,3200.0,11.12,25.08,2600.0,6.63,46.41,3642.857142857143,24.32,10.446666666666664,313.4,3773.3333333333335,24.67,0,0,8,241,35,1
Madhya Pradesh,dewas,Bagli,Wheat,147 Average,FAQ,2003.0,2003.0,2003.0,2023-06-10,33.37,0.0,24.74,41.09,38.77,4.83,26.92,0.0,33.37,700.0,0.02,33.42,2250.0,0.87,33.06,1000.0,4.83,32.93,2100.0,0.0085714285714285,0.06,1400.428571428571,33.39142857142857,1.2626666666666668,37.88,1491.7,33.19533333333333,0,0,6,161,23,1
Tamilnadu,coimbatore,Udumalpet,Potato,(Red Nanital),Local,5000.0,5500.0,5500.0,2025-01-08,20.98,0.0,16.39,27.6,80.07,1.58,19.01,0.0,20.98,5000.0,0.0,20.35,4500.0,0.0,20.1,5800.0,0.0,19.81,4800.0,0.0,0.0,5014.285714285715,20.710000000000004,0.0,0.0,4996.666666666667,20.216666666666665,1,0,1,8,2,0
Orissa,bargarh,Bargarh(Barapalli),Potato,Other,FAQ,2100.0,2400.0,2200.0,2023-11-18,22.95,0.0,18.18,27.5,83.89,1.05,15.63,0.0,21.99,5200.0,0.0,20.15,5100.0,0.0,19.88,1700.0,0.0,21.37,4600.0,0.0,0.0,3114.285714285714,21.601428571428567,0.0,0.0,3386.6666666666665,21.05733333333333,1,0,11,322,46,0
Uttar Pradesh,sitapur,Viswan,Onion,Red,FAQ,2330.0,2390.0,2360.0,2025-03-26,29.09,0.0,18.98,40.23,19.54,2.33,23.52,0.0,29.09,1100.0,0.0,28.0,800.0,0.0,27.22,2240.0,0.0,25.45,1950.0,0.0,0.0,1740.7142857142858,28.622857142857143,0.032,0.96,1646.6666666666667,27.18933333333333,1,0,3,85,13,0
Uttar Pradesh,firozabad,Tundla,Potato,Local,FAQ,1675.0,1710.0,1700.0,2024-05-02,29.43,0.0,20.4,38.63,14.48,2.92,28.03,0.0,29.43,1200.0,0.0,30.15,1615.0,0.0,34.46,600.0,0.0,34.2,1200.0,0.0,0.0,1604.2857142857142,29.73857142857143,0.044,1.3200000000000018,1457.1666666666667,32.64033333333334,1,0,5,123,18,2
Uttar Pradesh,mirzapur,Ahirora,Potato,Badshah,FAQ,1600.0,1800.0,1700.0,2024-09-10,28.31,4.7,26.63,30.64,91.59,2.67,12.26,1.72,28.91,2300.0,0.2,28.91,2325.0,6.25,28.95,3400.0,0.62,28.92,1900.0,1.7114285714285715,11.98,2421.428571428572,28.824285714285715,2.416333333333333,72.49,2491.1666666666665,28.55633333333333,0,0,9,254,37,1
Madhya Pradesh,jhabua,Petlawad(F&V),Potato,Desi,FAQ,1500.0,1900.0,1533.0,2025-01-18,18.3,0.0,11.14,27.38,62.87,2.18,15.2,0.0,17.37,1532.0,0.0,17.54,1648.0,0.0,18.69,1641.0,0.0,17.1,1631.0,0.0014285714285714,0.01,1596.2857142857142,17.28571428571429,0.2736666666666657,8.209999999999972,1635.0333333333333,17.61933333333333,1,0,1,18,3,0
Tamilnadu,ramanathapuram,Paramakudi(Uzhavar Sandhai ),Potato,(Red Nanital),Local,5000.0,6000.0,6000.0,2024-11-12,27.11,0.3,24.63,30.1,81.33,3.26,18.9,0.3,27.11,8000.0,0.04,27.01,7000.0,9.37,27.36,6000.0,11.94,27.14,6000.0,0.1685714285714286,1.1800000000000002,7142.857142857143,27.16,2.927,87.81,6583.333333333333,27.316,0,0,11,317,46,0
Madhya Pradesh,rewa,Baikunthpur,Wheat,Dara Mill Quality,FAQ,2300.0,2380.0,2325.0,2023-12-15,16.76,0.0,8.99,24.74,45.05,1.14,15.98,0.0,16.99,2300.0,0.0,17.02,2438.0,0.0,18.85,2400.0,0.06,22.19,2441.0,0.0,0.0,2335.428571428572,16.954285714285714,1.395333333333333,41.86,2375.833333333333,18.716666666666665,0,0,12,349,50,0
Madhya Pradesh,sheopur,Sheopurkalan(F&V),Potato,Potato,FAQ,1600.0,1800.0,1700.0,2024-12-16,12.63,0.0,5.42,22.78,53.01,1.31,16.21,0.0,13.72,1600.0,0.0,17.81,1400.0,0.0,23.48,1300.0,0.0,16.76,2371.0,0.0,0.0,1742.857142857143,14.157142857142858,0.0416666666666666,1.25,1841.8,18.917,1,0,12,351,51,0
Himachal Pradesh,una,Santoshgarh,Onion,Onion,FAQ,1500.0,1900.0,1700.0,2024-05-15,31.99,0.0,23.1,40.33,28.06,2.04,27.04,0.0,31.99,2150.0,0.57,30.27,1850.0,0.0,32.24,2000.0,0.0,26.97,1600.0,0.0814285714285704,0.5699999999999928,1914.2857142857144,31.221428571428568,0.1213333333333333,3.64,1816.6666666666667,30.73466666666667,1,0,5,136,20,2
Uttar Pradesh,balrampur,Tulsipur,Wheat,Dara,FAQ,2380.0,2480.0,2440.0,2023-11-29,22.09,0.53,18.21,27.93,59.73,1.01,12.44,0.53,22.09,2525.0,0.0,21.26,1100.0,0.0,20.88,2520.0,0.0,22.63,1060.0,0.2271428571428586,1.5900000000000107,3525.0,21.615714285714287,0.053,1.59,2517.5,21.496666666666663,1,0,11,333,48,0
Bihar,samastipur,Tajpur,Onion,Medium,FAQ,2200.0,2400.0,2300.0,2024-01-23,13.7,0.0,7.18,22.71,49.66,1.76,4.76,0.0,13.3,2300.0,0.0,15.7,2300.0,0.0,14.08,2300.0,0.0,16.26,2500.0,0.0,0.0,2335.714285714286,13.632857142857144,0.004,0.12,2375.833333333333,15.530666666666663,1,0,1,23,4,0
Tamilnadu,thiruvarur,Mannargudi I(Uzhavar Sandhai ),Onion,Bellary,Local,2600.0,3400.0,3400.0,2025-05-19,29.34,16.04,26.17,33.05,77.02,2.79,16.02,28.16,28.18,3600.0,28.16,28.18,2400.0,22.82,29.15,3600.0,6.11,31.2,3800.0,26.428571428571427,185.0,3628.571428571429,28.345714285714287,16.953,508.59,3640.0,29.722,0,1,5,139,21,2
Uttar Pradesh,kaushambi,Manjhanpur,Potato,Desi,FAQ,2025.0,2160.0,2085.0,2024-09-30,27.63,0.81,24.94,31.32,86.9,2.05,16.43,9.63,27.51,2100.0,4.88,26.62,2110.0,2.91,27.21,4060.0,0.0,29.31,2140.0,6.3342857142857145,44.34,3005.714285714286,27.145714285714288,4.1706666666666665,125.12,3060.1666666666665,27.933,0,0,9,274,40,1
Rajasthan,hanumangarh,Hanumangarh,Potato,(Red Nanital),FAQ,1000.0,1000.0,1000.0,2023-11-04,23.12,0.0,17.8,30.47,63.01,1.49,9.01,0.0,23.42,2531.0,0.0,23.42,1000.0,0.0,23.42,1300.0,0.0,23.86,1270.0,0.0,0.0,2299.428571428572,23.37714285714286,0.0,0.0,2212.833333333333,23.479666666666667,1,0,11,308,44,0
Delhi,delhi,Azadpur,Potato,Potato,FAQ,300.0,2000.0,1373.0,2024-04-19,32.13,0.0,23.34,40.91,25.42,2.75,23.39,0.0,32.13,1500.0,0.0,31.08,1600.0,0.0,30.15,1418.0,0.0,31.84,1400.0,0.0,0.0,1614.0,31.68,0.4716666666666667,14.15,1557.2333333333331,30.667,0,0,4,110,16,2
Uttar Pradesh,ambedkarnagar,Akbarpur,Wheat,Dara,FAQ,2200.0,2340.0,2325.0,2023-06-26,35.84,0.03,,,,,,0.03,35.84,1100.0,0.03,35.84,1100.0,0.03,35.84,1000.0,0.03,35.84,2020.0,0.03,0.21,1718.571428571429,35.84,0.03,0.8999999999999999,1747.8333333333333,35.84,1,0,6,177,26,1
West Bengal,alipurduar,Alipurduar,Potato,Red,FAQ,1500.0,1600.0,1550.0,2023-08-24,27.33,30.8,25.76,30.11,91.73,1.54,9.49,30.8,27.33,3100.0,35.51,27.44,3100.0,26.83,28.0,1300.0,0.52,28.54,1150.0,34.16428571428572,239.15,2707.1428571428573,27.40857142857143,18.316666666666663,549.5,2770.0,27.788666666666664,0,1,8,236,34,1
Uttar Pradesh,ghazipur,Jangipura,Potato,Desi,FAQ,940.0,1000.0,970.0,2023-06-22,37.62,1.99,33.05,41.65,40.67,1.59,20.12,0.47,39.22,1170.0,0.47,39.22,950.0,0.35,40.23,1380.0,0.0,39.86,1330.0,0.687142857142857,4.81,1452.142857142857,38.99142857142857,0.7609999999999999,22.83,1446.5,39.693333333333335,0,0,6,173,25,1
Madhya Pradesh,sagar,Sagar(F&V),Tomato,Deshi,FAQ,1200.0,1600.0,1400.0,2023-06-22,28.33,7.97,25.77,32.73,74.93,3.38,9.74,2.87,30.52,1500.0,2.87,30.52,2125.0,2.87,30.52,2175.0,5.1,31.91,2250.0,3.5985714285714283,25.19,1823.857142857143,30.207142857142856,4.154999999999999,124.65,1903.8,31.142,0,0,6,173,25,1
Haryana,ambala,Ambala Cantt.,Potato,Other,FAQ,600.0,700.0,650.0,2025-03-04,18.09,1.58,12.19,25.17,53.21,2.26,20.31,1.58,18.09,300.0,1.29,19.06,500.0,1.29,19.06,3000.0,37.09,14.18,2000.0,1.58,11.06,1292.857142857143,18.09,12.035666666666666,361.07,1341.3333333333333,17.075666666666667,0,0,3,63,10,0
Uttar Pradesh,ambedkarnagar,Akbarpur,Wheat,Dara,FAQ,2400.0,2440.0,2415.0,2023-11-01,35.84,0.03,,,,,,0.03,35.84,3550.0,0.03,35.84,3040.0,0.03,35.84,2590.0,0.03,35.84,2120.0,0.03,0.21,2176.428571428572,35.84,0.03,0.8999999999999999,1943.0,35.84,1,0,11,305,44,0
Uttar Pradesh,jhansi,Gurusarai,Onion,Red,FAQ,3820.0,3900.0,3865.0,2024-09-18,25.38,41.49,23.52,28.88,92.12,3.8,4.85,41.49,25.38,2320.0,22.3,26.02,2250.0,22.3,26.02,3900.0,0.22,26.85,2250.0,36.00714285714286,252.05,2989.285714285714,25.562857142857144,14.489,434.67,3116.333333333333,25.993666666666662,0,1,9,262,38,1
Maharashtra,sangli,"Sangli(Phale, Bhajipura Market)",Potato,Local,FAQ,1600.0,3200.0,2400.0,2025-01-03,19.43,0.0,11.63,29.69,46.64,3.07,20.1,0.0,20.72,2750.0,0.01,23.97,2000.0,0.0,21.71,2750.0,0.16,24.18,2500.0,0.0014285714285714,0.01,2321.428571428572,21.117142857142856,0.126,3.7800000000000007,2540.0,21.330333333333336,1,0,1,3,1,0
Uttar Pradesh,mainpuri,Bewar,Potato,Local,FAQ,1220.0,1420.0,1320.0,2024-07-14,31.22,4.4,27.63,35.06,73.61,1.29,21.03,4.4,31.22,2990.0,2.28,30.87,2990.0,2.25,31.36,1310.0,47.05,28.97,1300.0,2.585714285714286,18.1,2085.714285714286,30.987142857142857,5.929666666666666,177.89,2309.0,30.744333333333334,0,0,7,196,28,1
Madhya Pradesh,dhar,Badnawar,Onion,Other,FAQ,800.0,1000.0,1000.0,2025-04-04,30.06,0.0,20.25,39.58,25.93,1.95,24.5,0.0,30.06,1130.0,0.0,30.06,800.0,0.0,30.6,900.0,0.0,29.71,1700.0,0.0,0.0,947.1428571428572,30.06,0.0,0.0,1065.3666666666666,30.535000000000004,1,0,4,94,14,2
Himachal Pradesh,kangra,Palampur,Potato,Other,FAQ,1400.0,1500.0,1450.0,2023-06-09,26.97,0.0,21.75,32.32,54.29,1.68,28.36,0.0,26.97,1500.0,0.0,26.97,1500.0,0.17,25.02,1450.0,0.7,22.55,1600.0,0.0,0.0,1585.7142857142858,26.97,0.1789999999999999,5.369999999999999,1533.3333333333333,25.51833333333333,1,0,6,160,23,1
Tamilnadu,dindigul,Palani(Uzhavar Sandhai ),Onion,Bellary,Local,5000.0,7000.0,7000.0,2024-11-21,24.06,2.18,20.07,29.07,85.06,1.86,9.22,2.18,24.06,6000.0,2.33,23.9,7000.0,2.55,24.64,6000.0,5.77,25.22,6000.0,2.2871428571428574,16.01,6257.142857142857,23.94571428571428,3.416,102.48,6410.0,24.505333333333336,0,0,11,326,47,0
Madhya Pradesh,sagar,Bina,Wheat,Sharbati,FAQ,2550.0,3253.0,2901.0,2023-08-24,25.49,0.09,23.18,29.01,85.2,3.59,10.59,0.09,25.49,1400.0,1.13,25.85,1400.0,1.13,25.85,2340.0,5.55,27.05,1400.0,0.8328571428571427,5.829999999999999,2144.428571428572,25.747142857142855,2.976,89.28,2166.9666666666667,26.346000000000004,0,0,8,236,34,1
Andhra Pradesh,hyderabad,Bowenpally,Onion,1st Sort,FAQ,600.0,1800.0,900.0,2023-07-15,29.4,7.84,24.22,36.22,61.59,4.27,17.77,7.84,29.4,1500.0,7.84,29.4,1500.0,1.4,29.22,9200.0,3.67,28.88,1525.0,7.84,54.88,2614.285714285714,29.4,4.974666666666666,149.23999999999998,2236.6666666666665,29.39533333333333,0,0,7,196,28,1
Uttar Pradesh,etawah,Jasvantnagar,Potato,Potato,FAQ,1200.0,1400.0,1300.0,2025-04-05,30.35,0.0,21.61,39.75,15.21,1.63,25.59,0.0,30.35,1280.0,1.18,31.45,2000.0,0.0,29.49,2025.0,0.0,26.92,2050.0,0.6742857142857144,4.720000000000001,1480.7142857142858,30.978571428571428,0.236,7.08,1624.6666666666667,29.173,1,0,4,95,14,2
Punjab,hoshiarpur,Mukerian,Potato,Potato,FAQ,1500.0,1900.0,1700.0,2023-07-19,28.11,17.78,26.76,29.56,90.12,2.41,12.76,17.78,28.11,1000.0,17.78,28.11,1700.0,17.78,28.11,7500.0,3.84,29.64,8500.0,17.78,124.46,3300.0,28.11,13.133333333333336,394.00000000000006,2895.833333333333,28.62,0,1,7,200,29,1
Kerala,ernakulam,Thrippunithura,Potato,Potato,FAQ,5500.0,6000.0,5700.0,2025-01-13,28.45,0.46,25.6,31.93,72.36,1.19,15.77,0.46,28.45,5500.0,0.18,28.2,4500.0,0.0,27.68,5500.0,0.0,27.29,3500.0,0.46,3.22,4642.857142857143,28.45,0.1156666666666666,3.47,4410.0,27.619666666666664,1,0,1,13,3,0
Himachal Pradesh,kullu,Kullu,Onion,Other,FAQ,2000.0,2200.0,2200.0,2023-06-17,18.15,0.11,13.03,23.29,71.95,1.38,26.28,0.11,18.15,2000.0,0.15,16.78,2000.0,4.05,15.6,1600.0,1.2,19.46,1800.0,0.1328571428571428,0.93,1985.7142857142856,17.36714285714286,2.119333333333333,63.58,1825.0,17.433666666666667,0,0,6,168,24,1
Maharashtra,nashik,Nandgaon,Onion,Other,Local,700.0,2311.0,1950.0,2025-03-04,25.56,0.0,18.82,35.03,26.8,2.82,22.89,0.0,25.56,2100.0,0.0,25.56,1450.0,0.0,25.56,2100.0,0.0,26.72,2250.0,0.0,0.0,2121.428571428572,25.56,0.0,0.0,2077.5333333333333,25.792,1,0,3,63,10,0
Punjab,muktsar,Bariwala,Onion,Nasik,FAQ,3000.0,3500.0,3500.0,2024-12-05,17.47,0.0,11.03,25.64,33.84,1.37,13.54,0.0,17.47,600.0,0.0,18.24,1400.0,0.0,18.58,400.0,0.0,21.38,1600.0,0.0,0.0,2000.0,17.8,0.0,0.0,1886.6666666666667,19.06233333333333,1,0,12,340,49,0
Tamilnadu,kancheepuram,Kancheepuram(Uzhavar Sandhai ),Potato,(Red Nanital),Local,4500.0,5000.0,5000.0,2024-08-07,27.62,9.33,25.62,30.04,83.01,1.95,14.68,9.33,27.62,4000.0,25.91,27.85,4500.0,15.59,28.59,4500.0,3.04,29.87,3500.0,16.435714285714287,115.05,4357.142857142857,27.718571428571437,13.626666666666669,408.8,4300.0,28.626,0,1,8,220,32,1
Madhya Pradesh,khargone,Khargone,Potato,(Red Nanital),FAQ,800.0,1500.0,1000.0,2023-11-03,23.66,0.0,17.39,30.46,58.23,1.18,16.94,0.0,23.66,1225.0,0.0,23.66,2765.0,0.0,22.94,1100.0,0.0,22.47,2775.0,0.0,0.0,2445.1428571428573,23.66,0.0,0.0,2537.6,22.991,1,0,11,307,44,0
Uttar Pradesh,unnao,Unnao,Onion,Red,FAQ,2075.0,2175.0,2125.0,2023-09-01,29.54,0.0,25.17,34.67,76.78,1.9,20.74,0.0,29.54,1160.0,0.0,29.2,1175.0,0.0,28.69,2125.0,0.58,27.41,2310.0,0.0,0.0,1906.4285714285716,29.54,0.15,4.5,1913.3333333333333,28.819666666666663,1,0,9,244,35,1
Punjab,sangrur,Sangrur,Potato,Desi,FAQ,1200.0,2000.0,1500.0,2024-12-12,12.62,0.0,7.21,21.22,26.08,1.8,12.38,0.0,12.62,1800.0,0.0,12.44,1500.0,0.22,13.87,1000.0,0.0,16.67,3300.0,0.0,0.0,1542.857142857143,12.517142857142856,0.0366666666666666,1.1,1946.6666666666667,14.742666666666668,1,0,12,347,50,0
West Bengal,jalpaiguri,Belacoba,Onion,Other,FAQ,1600.0,1800.0,1700.0,2025-05-11,29.93,5.07,24.66,36.04,55.76,1.33,19.55,5.07,29.93,1800.0,5.07,29.93,1100.0,5.07,29.93,1350.0,1.92,30.45,1325.0,5.07,35.49,1535.7142857142858,29.93,3.6,108.0,1543.6333333333334,30.172666666666668,0,0,5,131,19,2
Tamilnadu,salem,Athur(Uzhavar Sandhai ),Onion,Bellary,Local,4000.0,5000.0,5000.0,2025-03-02,28.65,0.13,22.53,36.53,62.08,2.45,21.96,0.13,28.65,5000.0,0.13,28.65,4000.0,1.01,27.87,4000.0,1.01,27.87,4000.0,0.13,0.91,4414.285714285715,28.65,0.5993333333333334,17.98,4526.666666666667,28.234,0,0,3,61,9,0
Haryana,sonipat,Gohana,Onion,Other,FAQ,1500.0,2000.0,1500.0,2023-08-14,27.69,0.49,25.6,30.29,82.18,2.07,15.36,0.49,27.69,1200.0,0.49,27.69,2000.0,0.11,29.72,1800.0,2.63,29.62,1000.0,0.49,3.43,1457.142857142857,27.69,0.8446666666666667,25.34,1540.0,29.144,0,0,8,226,33,1
Madhya Pradesh,chhindwara,Chhindwara,Wheat,Local,FAQ,2350.0,2776.0,2470.0,2023-08-17,25.05,22.76,21.99,28.56,86.65,2.91,14.1,22.76,25.05,1400.0,0.61,24.71,1400.0,1.05,24.53,2420.0,0.03,23.22,1400.0,10.102857142857143,70.72,1905.0,24.85571428571429,2.630333333333333,78.91,1794.6666666666667,24.438333333333333,0,0,8,229,33,1
Haryana,fatehabad,Jakhal,Onion,Other,FAQ,1500.0,1500.0,1500.0,2024-06-04,39.33,0.05,32.52,45.59,19.72,3.79,23.65,0.05,39.33,1800.0,0.07,39.03,1500.0,0.0,39.09,1550.0,0.0,40.22,1500.0,0.0642857142857143,0.45,1685.7142857142858,39.11571428571428,0.3613333333333338,10.840000000000014,1671.6666666666667,39.07266666666667,0,0,6,156,23,1
Uttar Pradesh,sambhal,Sambhal,Potato,Desi,FAQ,600.0,1000.0,850.0,2024-03-06,16.55,0.0,8.25,25.57,33.38,2.34,16.5,0.0,16.55,1020.0,0.0,16.01,990.0,10.89,17.72,1580.0,0.0,18.86,1500.0,0.0,0.0,1220.0,16.24142857142857,3.1996666666666664,95.99,1153.3333333333333,18.72433333333333,0,0,3,66,10,0
Uttar Pradesh,bahraich,Bahraich,Potato,Desi,FAQ,1800.0,1975.0,1890.0,2024-06-09,37.67,0.0,29.95,45.17,24.32,3.29,26.25,0.0,37.67,1900.0,0.13,35.21,1630.0,0.39,37.22,1600.0,0.4,40.45,1640.0,0.0757142857142857,0.53,1879.2857142857144,36.86142857142857,1.8086666666666669,54.260000000000005,1759.3333333333333,36.88,0,0,6,161,23,1
Tamilnadu,the nilgiris,Coonoor(Uzhavar Sandhai ),Onion,Bellary,Local,6000.0,7000.0,7000.0,2024-12-03,22.5,21.31,20.85,25.09,92.81,1.67,10.41,21.31,22.5,6500.0,23.54,22.28,6500.0,0.04,22.02,7500.0,0.0,20.71,7000.0,22.90285714285714,160.32,6785.714285714285,22.342857142857135,6.861999999999999,205.86,6420.0,21.610666666666663,0,1,12,338,49,0
Maharashtra,amarawati,Amarawati,Wheat,147 Average,FAQ,2350.0,2525.0,2437.0,2023-10-23,30.11,2.14,,,,,,2.14,30.11,2240.0,2.14,30.11,1300.0,2.14,30.11,3000.0,2.14,30.11,2700.0,2.14,14.98,2275.285714285714,30.11,2.14,64.2,2198.0333333333333,30.11,0,0,10,296,43,0
Uttar Pradesh,bahraich,Naanpara,Potato,Desi,FAQ,1750.0,1810.0,1780.0,2024-04-22,33.52,0.0,24.95,42.1,21.44,3.18,26.05,0.0,32.49,1775.0,0.0,33.95,1800.0,0.0,32.69,1800.0,0.0,32.5,1720.0,0.0,0.0,1779.2857142857142,33.05428571428572,0.0,0.0,1758.5,32.82866666666667,1,0,4,113,17,2
Gujarat,bhavnagar,Palitana,Potato,Potato,FAQ,1200.0,1500.0,1350.0,2023-09-21,28.11,6.83,24.46,32.83,83.94,2.39,18.36,6.83,28.11,2370.0,7.17,27.84,2425.0,40.31,26.42,2310.0,0.01,28.84,2375.0,7.024285714285715,49.17,1667.857142857143,27.955714285714286,13.260333333333334,397.81,1871.8333333333333,27.663,0,0,9,264,38,1
West Bengal,hooghly,Sheoraphuly,Potato,Other,FAQ,1060.0,1100.0,1080.0,2024-02-25,22.6,0.05,17.64,29.48,55.3,1.85,9.73,0.05,22.6,2200.0,0.13,22.59,1100.0,1.85,23.46,980.0,3.62,24.86,1000.0,0.0728571428571428,0.51,1751.428571428571,22.59714285714286,1.5376666666666667,46.13,1614.0,23.75733333333333,0,0,2,56,8,0
 Punjab,fazilka,Fazilka,Potato,Other,FAQ,800.0,1000.0,900.0,2024-12-27,13.31,7.22,10.28,18.66,67.13,1.25,2.54,0.0,14.61,1700.0,0.14,12.89,1800.0,0.0,11.67,900.0,0.0,12.89,2500.0,1.0514285714285705,7.359999999999992,1171.428571428571,13.904285714285717,0.4226666666666666,12.68,1510.0,13.264666666666669,0,0,12,362,52,0
West Bengal,birbhum,Sainthia,Onion,Onion,FAQ,1800.0,2000.0,1900.0,2025-05-16,32.53,14.14,26.25,39.97,61.52,2.66,18.6,14.14,32.53,1320.0,14.14,32.53,3450.0,1.79,34.48,1400.0,4.19,34.21,3450.0,14.14,98.98,1831.4285714285716,32.53,4.933333333333334,148.0,2164.6666666666665,33.927,0,0,5,136,20,2
Haryana,ambala,Naraingarh,Onion,Onion,FAQ,2200.0,2700.0,2650.0,2024-07-29,30.24,17.4,27.04,34.09,80.72,1.82,19.98,17.4,30.24,2000.0,11.13,29.78,1500.0,10.27,31.16,1600.0,6.44,29.01,1800.0,12.921428571428573,90.45,2128.5714285714284,29.911428571428576,10.878666666666668,326.36,2008.3333333333333,29.622666666666667,0,0,7,211,31,1
Uttar Pradesh,rampur,Rampur,Potato,Desi,FAQ,1000.0,1100.0,1050.0,2024-03-09,18.77,0.0,10.81,28.35,38.5,2.0,22.02,0.0,18.97,1040.0,0.0,17.01,1000.0,2.44,17.35,820.0,0.0,18.78,850.0,0.0,0.0,1319.2857142857142,18.86142857142857,3.7633333333333336,112.9,1210.6666666666667,18.727666666666668,0,0,3,69,10,0
Haryana,karnal,"New Grain Market(main), Karnal",Onion,Other,FAQ,2000.0,3200.0,2600.0,2024-07-23,32.19,13.74,28.23,36.48,73.99,1.51,17.39,13.74,32.19,3200.0,12.61,32.42,1900.0,1.28,32.53,2600.0,8.09,32.2,2000.0,13.417142857142856,93.92,2714.285714285714,32.255714285714284,8.326333333333332,249.79,2636.6666666666665,32.60033333333333,0,0,7,205,30,1
Uttar Pradesh,agra,Samsabad,Onion,Red,FAQ,1600.0,1800.0,1700.0,2023-09-18,27.26,0.6,24.19,31.48,82.05,3.2,21.45,0.6,27.26,1580.0,1.5,27.42,1650.0,13.59,26.88,2340.0,1.03,28.64,985.0,0.7285714285714285,5.1,1617.142857142857,27.282857142857143,7.318,219.54,1615.1666666666667,27.24,0,0,9,261,38,1
Haryana,fatehabad,Ratia,Potato,Other,FAQ,500.0,800.0,650.0,2023-12-05,16.61,0.0,11.35,24.5,52.99,1.23,11.64,0.0,16.61,1100.0,0.0,16.64,2000.0,0.0,17.25,1200.0,0.04,17.97,700.0,0.0,0.0,2135.714285714286,16.63142857142857,0.0040000000000004,0.1200000000000142,2313.333333333333,17.182666666666666,1,0,12,339,49,0
Uttar Pradesh,bijnor,Bijnaur,Onion,Red,FAQ,3090.0,4100.0,4050.0,2024-11-11,22.01,0.0,17.56,27.33,74.08,1.05,12.63,0.0,22.01,2500.0,0.0,21.85,2220.0,0.0,22.24,2020.0,0.0,22.2,2500.0,0.0,0.0,2734.285714285714,21.91,0.0,0.0,2585.333333333333,22.149,1,0,11,316,46,0
Maharashtra,sholapur,Solapur,Wheat,Sharbati,FAQ,2305.0,3785.0,2810.0,2023-10-25,24.25,0.0,17.36,33.07,60.12,2.07,19.9,0.0,24.25,3400.0,0.0,25.3,2300.0,0.0,25.47,1500.0,0.0,25.92,2250.0,0.0,0.0,2601.428571428572,24.70285714285714,0.0066666666666666,0.2,2233.1666666666665,25.55933333333333,1,0,10,298,43,0
Punjab,jalandhar,Noor Mehal,Potato,Other,FAQ,1800.0,1800.0,1800.0,2024-10-26,23.75,0.0,16.82,32.04,57.23,1.3,17.25,0.0,23.75,260.0,0.0,23.75,2150.0,0.0,24.23,2500.0,0.0,25.18,2500.0,0.0,0.0,2280.0,23.75,0.0,0.0,2162.0,24.166,1,0,10,300,43,0
Uttar Pradesh,fatehpur,Jahanabad,Potato,F.A.Q.,FAQ,1000.0,1050.0,1040.0,2025-04-11,30.75,0.0,22.7,39.12,38.9,2.14,20.74,0.0,30.75,1045.0,3.62,30.71,1520.0,0.0,32.29,3125.0,0.0,31.44,3110.0,2.585714285714286,18.1,1617.857142857143,30.72142857142857,0.8446666666666667,25.34,1780.5,31.53533333333333,0,0,4,101,15,2
Maharashtra,amarawati,Amrawati(Frui & Veg. Market),Potato,Local,FAQ,900.0,1500.0,1200.0,2023-09-08,30.11,2.14,,,,,,2.14,30.11,1100.0,2.14,30.11,2437.0,2.14,30.11,2150.0,2.14,30.11,2300.0,2.14,14.98,2079.8571428571427,30.11,2.14,64.2,2122.233333333333,30.11,0,0,9,251,36,1
Uttar Pradesh,meerut,Meerut,Potato,Desi,FAQ,1200.0,1300.0,1260.0,2024-03-26,26.72,0.0,17.27,36.28,29.89,2.45,18.1,0.0,26.72,1700.0,0.0,21.08,1280.0,0.0,20.39,1200.0,0.0,17.7,1100.0,0.0,0.0,1530.7142857142858,25.005714285714284,0.0006666666666666,0.02,1540.8333333333333,22.47533333333333,1,0,3,86,13,0
Punjab,gurdaspur,Gurdaspur,Onion,Other,FAQ,3200.0,3500.0,3300.0,2024-07-09,33.5,0.7,27.37,38.47,57.1,0.84,23.62,0.7,33.5,1700.0,6.92,33.34,3200.0,42.87,30.91,3500.0,6.19,36.83,1600.0,2.477142857142856,17.339999999999993,2757.1428571428573,33.45428571428572,17.568333333333335,527.0500000000001,2353.333333333333,32.455666666666666,0,0,7,191,28,1
Maharashtra,kolhapur,Kolhapur,Onion,Other,FAQ,700.0,2400.0,1500.0,2024-02-27,28.15,0.0,20.73,36.94,41.31,2.0,21.87,0.0,24.06,1500.0,0.0,26.43,1000.0,0.0,26.4,1000.0,0.0,25.27,1200.0,0.0,0.0,1542.857142857143,25.08428571428572,0.0,0.0,1193.3333333333333,25.52533333333333,1,0,2,58,9,0
Kerala,kollam,Anchal,Potato,Other,FAQ,4500.0,4700.0,4600.0,2023-06-06,27.34,6.38,25.19,30.31,83.72,2.05,20.94,6.38,27.34,2500.0,6.38,27.34,4000.0,6.38,27.34,4000.0,6.38,27.34,4000.0,6.38,44.66,4214.285714285715,27.34,6.38,51.04,4187.5,27.34,0,0,6,157,23,1
Gujarat,rajkot,Rajkot(Veg.Sub Yard),Onion,Onion,FAQ,950.0,2600.0,1800.0,2024-06-06,33.43,0.0,28.1,40.36,52.4,4.78,26.37,0.0,32.81,1105.0,0.0,32.98,780.0,0.02,33.92,1250.0,0.0,34.0,1355.0,0.0,0.0,1531.428571428571,32.89857142857143,0.002,0.06,1380.5,33.37,1,0,6,158,23,1
Uttar Pradesh,badaun,Badayoun,Potato,Desi,FAQ,1120.0,1230.0,1160.0,2025-04-16,31.44,0.0,23.94,38.93,30.37,1.65,21.48,0.0,31.44,1000.0,0.0,30.55,1600.0,0.0,29.73,950.0,0.0,30.84,1650.0,0.0,0.0,1362.142857142857,31.058571428571437,0.0,0.0,1451.0,30.453333333333333,1,0,4,106,16,2
Rajasthan,jhalawar,Khanpur,Wheat,Other,FAQ,2400.0,2724.0,2550.0,2023-12-06,19.68,0.0,15.06,26.41,73.63,2.14,10.97,0.0,19.68,2636.0,2.04,20.12,2500.0,3.73,20.15,2507.0,0.0,20.8,2520.0,0.0685714285714285,0.4799999999999995,2582.0,19.457142857142856,1.3473333333333335,40.42,2558.4,19.733666666666668,0,0,12,340,49,0
Maharashtra,sholapur,Pandharpur,Tomato,Other,FAQ,2000.0,9000.0,6000.0,2023-07-14,27.38,1.15,22.84,33.27,70.41,4.45,16.44,1.15,27.38,8800.0,0.7,26.51,400.0,0.7,26.51,1100.0,0.14,26.81,1000.0,0.8928571428571429,6.25,4356.428571428572,26.882857142857144,0.822,24.66,2843.6666666666665,26.738000000000003,0,0,7,195,28,1
Manipur,thoubal,Thoubal,Potato,Other,FAQ,2000.0,2500.0,2250.0,2025-03-25,20.88,0.03,13.53,29.83,53.94,0.3,23.18,0.03,20.88,3750.0,0.48,21.17,3750.0,0.0,19.06,2250.0,0.0,18.2,4750.0,1.3085714285714276,9.159999999999991,2892.8571428571427,20.44428571428572,0.8726666666666667,26.18,3216.6666666666665,19.346,0,0,3,84,13,0
Maharashtra,jalgaon,Bhusaval,Onion,Red,Local,2000.0,2500.0,2200.0,2025-03-01,29.03,0.0,21.91,37.8,26.36,1.74,19.54,0.0,29.03,1800.0,0.0,28.22,1820.0,0.0,26.92,1600.0,0.0,26.08,2200.0,0.0,0.0,1850.0,28.74285714285714,0.0,0.0,1758.8,27.377,1,0,3,60,9,0
Uttar Pradesh,mirzapur,Mirzapur,Potato,Desi,FAQ,1275.0,1375.0,1315.0,2024-03-15,26.3,0.0,19.34,34.91,30.9,1.47,23.44,0.0,26.3,1870.0,0.0,26.11,1860.0,0.0,25.57,1800.0,0.01,20.3,930.0,0.0,0.0,1522.142857142857,26.218571428571437,0.0,0.0,1463.5,24.148666666666664,1,0,3,75,11,0
Punjab,sangrur,Dhuri,Potato,Potato,FAQ,700.0,900.0,800.0,2025-04-06,31.13,0.0,22.26,41.16,17.65,1.27,24.41,0.0,28.39,1700.0,0.0,28.39,700.0,0.0,27.82,1500.0,0.0,27.79,2000.0,0.0,0.0,950.0,28.78142857142857,0.0,0.0,976.6666666666666,27.979333333333333,1,0,4,96,14,2
Rajasthan,kota,Kota (F&V),Potato,Other,FAQ,1500.0,2000.0,1750.0,2024-10-08,26.38,0.0,21.2,31.35,74.75,1.02,16.26,0.0,26.38,2950.0,1.82,27.33,2800.0,0.04,26.46,3000.0,16.37,27.37,2250.0,0.2599999999999995,1.8199999999999965,2264.285714285714,26.53,3.721333333333333,111.64,2403.333333333333,26.767333333333337,0,0,10,282,41,0
Punjab,muktsar,Bariwala,Onion,Nasik,FAQ,1800.0,2000.0,2000.0,2024-01-30,16.26,0.02,10.03,23.34,45.5,0.65,9.29,0.02,16.26,600.0,0.0,15.3,1600.0,0.0,12.58,800.0,0.0,11.59,2200.0,0.0085714285714285,0.06,1328.571428571429,15.711428571428572,0.002,0.0600000000000002,1350.0,13.464333333333334,1,0,1,30,5,0
Uttar Pradesh,jaunpur,Shahganj,Potato,Badshah,FAQ,2050.0,2150.0,2100.0,2024-12-04,19.18,0.0,12.07,29.1,55.24,2.66,14.45,0.0,19.18,3770.0,0.0,18.91,3785.0,0.0,18.57,3925.0,0.0,19.14,3960.0,0.0,0.0,2604.285714285714,19.025714285714287,0.0,0.0,2942.6666666666665,18.65333333333333,1,0,12,339,49,0
Uttar Pradesh,meerut,Meerut,Potato,Desi,FAQ,900.0,1090.0,985.0,2025-03-09,22.69,0.0,12.97,32.65,30.16,1.52,19.92,0.0,22.69,2650.0,0.0,17.38,2610.0,0.04,20.08,2100.0,0.0,20.09,2600.0,0.0,0.0,1700.7142857142858,20.33142857142857,1.4326666666666668,42.98,1582.5,19.585666666666665,0,0,3,68,10,0
Tamilnadu,ramanathapuram,Sivagangai,Potato,(Red Nanital),Local,5200.0,6200.0,6200.0,2024-07-09,29.11,0.02,25.58,33.55,69.38,4.29,19.75,0.3,28.68,4000.0,0.15,30.11,46.0,3.5,28.7,45.0,0.01,29.74,60.0,0.2385714285714285,1.67,4535.0,28.945714285714285,1.4523333333333333,43.57,1101.1,29.38533333333333,0,0,7,191,28,1
Uttar Pradesh,saharanpur,Rampurmaniharan,Potato,Desi,FAQ,1300.0,1370.0,1328.0,2023-11-29,19.67,0.03,14.38,25.91,56.19,1.15,10.62,0.03,19.67,2500.0,0.03,19.67,950.0,0.01,18.79,1342.0,0.0,18.28,1150.0,0.03,0.21,2068.8571428571427,19.67,0.0443333333333333,1.33,1993.7,18.571666666666665,1,0,11,333,48,0
Tamilnadu,theni,Kambam(Uzhavar Sandhai ),Potato,(Red Nanital),Local,3200.0,3200.0,3200.0,2025-01-12,21.61,0.09,17.39,26.65,84.48,1.31,13.24,0.09,21.61,3400.0,0.11,21.28,4800.0,0.01,21.21,3200.0,0.0,20.44,4600.0,0.1014285714285714,0.7100000000000001,3757.142857142857,21.42142857142857,0.037,1.11,4060.0,20.80666666666667,1,0,1,12,2,0
Uttar Pradesh,prayagraj,Ajuha,Onion,Red,FAQ,4130.0,4270.0,4200.0,2024-11-23,17.95,0.0,11.52,25.02,67.5,1.23,11.81,0.0,17.95,4385.0,0.0,17.43,4400.0,0.0,17.65,2260.0,0.0,21.46,4580.0,0.0,0.0,3042.1428571428573,17.65285714285714,0.0,0.0,3286.333333333333,18.644333333333336,1,0,11,328,47,0
Chattisgarh,durg,Durg,Potato,Local,Local,3000.0,3200.0,3200.0,2024-10-27,24.7,0.0,20.71,28.79,85.98,1.77,13.52,0.0,24.09,5000.0,0.05,22.41,5500.0,5.61,24.11,3800.0,0.74,26.88,2800.0,0.2514285714285736,1.760000000000015,3685.714285714286,24.274285714285718,0.5866666666666667,17.6,3780.0,24.95133333333333,0,0,10,301,43,0
Gujarat,anand,"Anand(Veg,Yard,Anand)",Onion,Onion,FAQ,1500.0,2000.0,1700.0,2024-05-04,34.27,0.0,25.43,42.71,32.36,2.92,27.08,0.0,32.75,2250.0,0.0,34.45,2300.0,0.0,34.65,1800.0,0.0,35.56,2100.0,0.0,0.0,1742.857142857143,33.23,0.0046666666666666,0.14,1971.6666666666667,33.91433333333333,1,0,5,125,18,2
Bihar,jehanabad,Jehanabad,Potato,Jyoti,FAQ,2550.0,2550.0,2550.0,2024-09-23,29.35,0.0,24.92,34.24,82.25,1.32,20.95,0.0,29.35,5000.0,0.0,28.4,4600.0,10.31,26.16,2600.0,3.35,30.17,2600.0,0.0,0.0,3232.285714285714,28.785714285714285,4.042,121.26,3522.5333333333333,28.296666666666667,0,0,9,267,39,1
West Bengal,paschim bardhaman,Durgapur,Wheat,Kalyan,FAQ,2700.0,2900.0,2800.0,2023-06-26,28.92,13.79,26.39,33.13,79.41,3.57,13.45,13.79,28.92,2650.0,5.38,31.03,2850.0,1.98,32.39,1400.0,0.9,31.11,2800.0,10.185714285714283,71.3,2577.1428571428573,29.824285714285715,4.472,134.16,2325.0,31.218000000000004,0,0,6,177,26,1
Haryana,jind,Narwana,Onion,Other,FAQ,2500.0,2500.0,2500.0,2024-07-12,35.63,1.47,31.6,40.85,52.97,2.92,12.99,0.21,35.66,2000.0,3.0,34.17,2000.0,0.6,33.54,2100.0,4.94,34.45,2000.0,0.7885714285714286,5.5200000000000005,2342.8571428571427,35.44285714285714,4.381333333333333,131.44,2265.0,33.51733333333333,0,0,7,194,28,1
Uttar Pradesh,amethi,Sultanpur,Tomato,Hybrid,FAQ,3960.0,4380.0,4080.0,2023-06-27,34.47,1.62,30.1,39.38,49.82,4.5,21.38,0.01,34.94,1115.0,0.01,34.94,3050.0,7.72,33.29,2320.0,1.97,35.18,1200.0,0.24,1.6800000000000002,1914.2857142857144,34.87285714285714,2.7743333333333333,83.23,1913.8333333333333,34.684333333333335,0,0,6,178,26,1
Rajasthan,dausa,Mandawari,Wheat,Other,FAQ,2302.0,2501.0,2430.0,2024-01-17,12.87,0.0,6.02,22.64,43.77,1.59,14.56,0.0,12.87,2382.0,0.0,14.43,2572.0,0.0,12.28,2510.0,0.0,10.95,2541.0,0.0,0.0,2502.285714285714,13.749999999999998,0.233,6.99,2510.0,12.87,1,0,1,17,3,0
Madhya Pradesh,dhar,Badnawar,Wheat,Lokwan,FAQ,2000.0,3535.0,2000.0,2024-01-31,20.96,0.0,15.16,28.88,35.42,1.49,13.83,0.0,21.43,2550.0,0.0,21.43,500.0,0.0,21.72,2500.0,0.0,17.41,2500.0,0.0,0.0,2588.5714285714284,21.36285714285714,0.0,0.0,2244.866666666667,20.055333333333333,1,0,1,31,5,0
Maharashtra,pune,Baramati,Onion,Red,FAQ,300.0,2000.0,1300.0,2024-05-25,28.28,0.02,23.81,35.57,65.41,4.2,20.63,0.02,28.28,2400.0,0.13,29.5,1510.0,0.13,29.5,750.0,2.46,31.02,1500.0,0.0671428571428571,0.47,1685.7142857142858,28.802857142857142,0.8919999999999999,26.76,1713.6666666666667,29.844,0,0,5,146,21,2
Rajasthan,bikaner,Bikaner (F&V),Onion,Other,FAQ,2700.0,2900.0,2800.0,2024-10-24,29.21,0.0,23.63,35.97,29.57,1.66,15.72,0.02,28.95,1500.0,0.0,31.3,2700.0,0.0,30.57,1500.0,0.0,34.26,1700.0,0.0257142857142857,0.18,2242.8571428571427,29.732857142857146,0.4446666666666667,13.340000000000002,2270.0,30.856333333333332,0,0,10,298,43,0
Himachal Pradesh,shimla,Shimla,Potato,Other,FAQ,2500.0,3600.0,2800.0,2024-09-18,24.39,2.2,21.46,27.32,83.31,1.3,7.83,2.2,24.39,5400.0,0.0,23.31,3000.0,27.88,23.15,6000.0,5.52,25.05,4500.0,3.268571428571429,22.880000000000003,4028.571428571429,24.41857142857143,7.487333333333333,224.62,4033.3333333333335,24.312666666666665,0,0,9,262,38,1
Karnataka,dharwad,Hubli (Amaragol),Onion,Other,FAQ,1500.0,1600.0,1550.0,2023-09-09,24.49,7.07,21.36,29.36,86.94,3.6,15.72,7.07,24.49,1300.0,0.13,23.86,1300.0,11.81,22.48,1280.0,5.22,24.54,1150.0,4.115714285714286,28.81,1272.857142857143,24.02142857142857,8.276,248.28,1382.5333333333333,24.061,0,0,9,252,36,1
Uttar Pradesh,badaun,Bilsi,Potato,Local,FAQ,1100.0,1150.0,1130.0,2025-04-06,30.82,0.0,20.8,40.38,15.13,1.63,25.06,0.0,30.82,1750.0,0.0,30.82,1000.0,0.0,28.58,1825.0,0.05,29.6,1120.0,0.0,0.0,1490.7142857142858,30.82,0.0166666666666666,0.5,1410.8333333333333,29.517333333333337,1,0,4,96,14,2
Punjab,barnala,Barnala,Potato,Other,FAQ,700.0,900.0,800.0,2023-06-29,33.01,7.55,28.65,37.27,58.65,1.59,22.63,7.55,33.01,1150.0,1.26,31.86,850.0,0.8,36.5,850.0,0.07,34.71,500.0,3.0357142857142856,21.25,1335.7142857142858,32.642857142857146,1.7963333333333331,53.89,965.8333333333334,34.652,0,0,6,180,26,1
Kerala,thiruvananthapuram,Vamanapuram,Potato,Other,Non-FAQ,3500.0,4000.0,3500.0,2025-02-19,27.88,0.0,22.62,33.87,64.42,1.96,24.06,0.0,27.66,5000.0,0.0,27.66,27040.0,0.0,27.77,52040.0,0.0,28.45,5000.0,0.0,0.0,4642.857142857143,27.69142857142857,0.0,0.0,9263.333333333334,27.838666666666665,1,0,2,50,8,0
Uttar Pradesh,muzaffarnagar,Muzzafarnagar,Potato,Desi,FAQ,1100.0,1220.0,1150.0,2023-10-26,21.74,0.0,15.88,29.98,66.8,1.63,17.99,0.0,21.74,2650.0,0.0,22.35,2380.0,0.0,21.42,1500.0,0.03,20.41,1600.0,0.0,0.0,1907.142857142857,21.925714285714285,0.0,0.0,1818.0,21.111,1,0,10,299,43,0
Gujarat,rajkot,Rajkot(Veg.Sub Yard),Tomato,Tomato,FAQ,7000.0,10000.0,9250.0,2023-07-07,28.89,19.49,27.04,31.55,85.18,3.03,12.77,19.49,28.89,2400.0,19.49,28.89,1230.0,11.25,29.54,2300.0,7.13,29.58,1300.0,19.49,136.42999999999998,3274.285714285714,28.89,12.623333333333331,378.7,2426.833333333333,29.355666666666668,0,1,7,188,27,1
Maharashtra,pune,Pune,Onion,Local,FAQ,500.0,1700.0,1100.0,2024-02-01,19.39,0.0,13.52,28.01,63.7,1.55,20.1,0.0,19.39,600.0,0.0,19.39,2450.0,0.0,19.39,1210.0,0.0,20.55,1800.0,0.0,0.0,1372.2857142857142,19.39,0.0,0.0,1328.8666666666666,20.03533333333333,1,0,2,32,5,0
Punjab,patiala,Dudhansadhan,Potato,Other,FAQ,1300.0,1500.0,1400.0,2023-11-02,22.56,0.0,18.44,29.36,61.37,1.01,16.46,0.0,22.56,530.0,0.0,22.66,1050.0,0.0,23.73,1200.0,0.0,22.11,1050.0,0.0,0.0,2020.0,22.625714285714285,0.0,0.0,2391.6666666666665,22.685,1,0,11,306,44,0
Tamilnadu,villupuram,Tindivanam,Potato,(Red Nanital),Local,3500.0,3500.0,3500.0,2025-05-11,30.13,1.16,28.52,32.07,77.84,2.82,23.99,1.16,30.13,2500.0,3.56,29.91,2500.0,3.38,30.43,2500.0,5.27,29.58,3000.0,2.531428571428571,17.72,3357.1428571428573,30.004285714285714,3.103,93.09,3216.6666666666665,30.015,0,0,5,131,19,2
Gujarat,surat,Surat,Potato,Other,FAQ,800.0,2000.0,1400.0,2025-05-16,31.04,0.14,26.53,36.64,67.97,2.66,24.65,0.79,31.28,1350.0,3.35,30.26,1450.0,22.31,27.48,1425.0,0.0,31.94,1250.0,2.957142857142858,20.700000000000006,1360.7142857142858,30.805714285714284,4.012666666666666,120.38,1269.1666666666667,31.038,0,0,5,136,20,2
Tamilnadu,virudhunagar,Srivilliputhur(Uzhavar Sandhai ),Potato,(Red Nanital),Local,5500.0,6000.0,6000.0,2024-12-09,26.23,0.03,22.03,31.33,82.5,1.87,17.86,0.03,26.23,5000.0,0.07,25.78,6000.0,0.05,26.33,6000.0,0.08,26.24,6000.0,0.03,0.21,5957.142857142857,26.23,0.059,1.77,5963.333333333333,26.151333333333334,1,0,12,344,50,0
Uttar Pradesh,saharanpur,Saharanpur,Wheat,Dara,FAQ,2450.0,2700.0,2580.0,2024-02-06,12.27,0.01,6.95,20.21,54.29,2.12,16.06,0.01,12.27,724.0,1.73,14.83,1950.0,1.73,14.83,800.0,0.03,13.03,1700.0,0.01,0.07,1319.7142857142858,12.27,2.386,71.58,1343.6333333333334,13.917,0,0,2,37,6,0
Rajasthan,jaipur,Jaipur (F&V),Potato,Other,FAQ,1600.0,2100.0,1850.0,2024-05-28,38.73,0.0,30.17,47.33,13.09,4.28,26.16,0.0,38.73,1500.0,0.0,37.65,1800.0,0.0,36.67,1500.0,0.0,30.95,1800.0,0.0,0.0,1628.571428571429,38.17285714285715,0.0473333333333331,1.419999999999993,1635.0,36.63333333333333,1,0,5,149,22,2
West Bengal,birbhum,Bolpur,Potato,Jyoti,FAQ,2200.0,2350.0,2300.0,2024-08-31,28.38,2.4,24.97,32.31,87.38,1.82,19.9,2.4,28.38,2300.0,6.53,28.56,2300.0,1.95,27.61,2300.0,11.45,27.24,3600.0,4.7600000000000025,33.320000000000014,2642.8571428571427,28.482857142857146,3.9716666666666662,119.15,2885.0,27.932666666666663,0,0,8,244,35,1
Madhya Pradesh,ujjain,Ujjain(F&V),Onion,Onion,FAQ,1022.0,2874.0,2094.0,2023-12-12,18.7,0.0,12.19,26.23,62.3,1.42,13.88,0.0,18.7,2475.0,0.0,18.53,929.0,0.0,19.06,660.0,0.0,18.71,2527.0,0.0,0.0,2503.0,18.65142857142857,0.0,0.0,2360.5,18.999666666666663,1,0,12,346,50,0
Kerala,ernakulam,Aluva,Onion,Big,FAQ,2000.0,2400.0,2100.0,2024-04-27,31.23,0.3,28.6,35.46,72.52,2.49,24.92,0.3,31.23,5800.0,0.3,31.23,4500.0,0.22,31.18,2000.0,0.6,31.21,5500.0,0.3,2.1,3471.428571428572,31.23,0.358,10.74,3496.6666666666665,31.204,0,0,4,118,17,2
Maharashtra,sholapur,Solapur,Potato,Local,Local,1400.0,2300.0,1800.0,2025-04-05,32.65,0.11,25.56,39.67,27.66,2.61,22.76,0.11,32.65,1200.0,0.0,31.79,1300.0,0.01,31.58,1400.0,0.0,32.1,1200.0,0.0785714285714265,0.5499999999999858,1450.0,32.40428571428571,0.063,1.89,1454.1666666666667,32.187666666666665,1,0,4,95,14,2
Haryana,sonipat,Sonepat(Kharkhoda),Potato,Other,FAQ,800.0,1100.0,900.0,2023-06-19,34.19,2.06,29.75,37.68,47.3,2.3,11.7,2.06,34.19,1100.0,2.06,34.19,1200.0,2.0,32.96,800.0,1.65,34.69,1200.0,2.06,14.42,1214.2857142857142,34.19,2.1573333333333333,64.72,1253.3333333333333,33.77166666666667,0,0,6,170,25,1
Haryana,palwal,Palwal,Potato,Potato,FAQ,1000.0,1000.0,1000.0,2025-02-28,20.46,5.58,16.73,27.02,59.63,2.29,9.9,0.08,21.09,900.0,0.0,21.82,900.0,0.0,19.54,2000.0,3.09,20.77,2000.0,0.842857142857145,5.900000000000015,1128.571428571429,21.208571428571428,0.4026666666666666,12.079999999999998,1220.0,20.070666666666668,0,0,2,59,9,0
Haryana,yamuna nagar,Radaur,Potato,Other,FAQ,700.0,900.0,800.0,2023-12-11,14.09,0.0,9.21,21.7,56.4,1.1,13.03,0.0,14.09,700.0,0.0,14.86,2800.0,0.0,14.86,3250.0,0.0,18.27,4200.0,0.0,0.0,1671.428571428571,14.098571428571429,0.0,0.0,1885.0,15.897333333333334,1,0,12,345,50,0
Maharashtra,pune,Pune,Wheat,Sharbati,FAQ,4000.0,4800.0,4400.0,2023-06-21,26.71,0.22,23.79,31.21,74.03,3.92,19.83,0.22,26.71,1000.0,0.22,26.71,1000.0,0.08,27.53,3000.0,0.08,27.14,1500.0,0.22,1.54,1950.0,26.71,0.1219999999999999,3.66,1963.5,27.232000000000003,1,0,6,172,25,1
Uttar Pradesh,aligarh,Aligarh,Wheat,Dara,FAQ,2380.0,2400.0,2390.0,2023-10-28,24.9,0.0,19.64,31.65,39.91,1.11,14.22,0.0,24.9,2380.0,0.0,24.4,2410.0,0.0,23.87,2370.0,0.0,24.26,2250.0,0.0,0.0,1542.857142857143,24.542857142857144,0.0,0.0,1727.3333333333333,24.25,1,0,10,301,43,0
Uttar Pradesh,bijnor,Najibabad,Potato,Desi,FAQ,1600.0,2000.0,1800.0,2024-12-31,13.55,0.0,8.35,22.1,47.35,1.21,7.55,0.0,13.55,1050.0,0.0,13.24,1500.0,13.33,14.53,1200.0,0.28,15.19,1550.0,0.0,0.0,1444.2857142857142,13.372857142857145,3.634,109.02,1487.0,15.166666666666666,0,0,12,366,1,0
Madhya Pradesh,ujjain,Ujjain,Potato,Potato,FAQ,1700.0,2500.0,2200.0,2024-07-04,27.98,1.74,24.37,33.27,76.78,3.77,12.96,5.4,27.62,2323.0,8.79,28.22,2400.0,12.83,30.62,2300.0,0.79,36.46,350.0,7.714285714285714,54.0,2282.0,27.115714285714283,6.867,206.01,2251.4333333333334,29.946,0,0,7,186,27,1
Madhya Pradesh,dewas,Khategaon,Wheat,Other,FAQ,1900.0,2471.0,2171.0,2023-06-16,32.31,0.0,25.99,39.54,48.31,5.93,26.57,0.0,32.31,800.0,0.0,32.71,2287.0,0.0,33.21,800.0,0.0,33.9,700.0,0.0,0.0,1931.571428571429,32.59571428571429,0.0,0.0,1683.5333333333333,33.10466666666667,1,0,6,167,24,1
West Bengal,jalpaiguri,Jalpaiguri Sadar,Tomato,Other,FAQ,10000.0,11000.0,10500.0,2023-07-14,28.36,62.93,26.07,31.11,90.57,2.31,3.65,62.93,28.36,2400.0,59.78,27.87,10000.0,59.78,27.87,1300.0,26.96,28.79,10000.0,62.48,437.36,5714.285714285715,28.29,53.03,1590.9,4960.0,27.876,0,1,7,195,28,1
Uttar Pradesh,basti,Basti,Onion,Red,FAQ,1500.0,1600.0,1550.0,2023-08-04,29.29,4.97,26.39,32.12,81.98,3.73,13.4,4.97,29.29,2265.0,10.87,30.16,1500.0,4.29,30.03,2250.0,13.51,30.82,1210.0,5.592857142857142,39.14999999999999,1755.7142857142858,30.005714285714287,6.007333333333333,180.22,2734.5,30.34633333333333,0,0,8,216,31,1
Uttar Pradesh,auraiya,Auraiya,Potato,Desi,FAQ,1900.0,2060.0,1985.0,2024-09-20,27.55,0.0,24.28,31.63,85.85,1.2,19.5,0.0,27.55,3800.0,3.06,27.49,3600.0,13.4,26.43,3610.0,4.68,27.81,1300.0,1.7485714285714289,12.240000000000002,2552.1428571428573,27.51571428571429,8.821333333333333,264.64,2702.1666666666665,27.040666666666667,0,0,9,264,38,1
West Bengal,bankura,Bankura Sadar,Onion,Nasik,FAQ,2700.0,2900.0,2800.0,2023-09-18,28.71,3.04,25.8,31.89,87.31,1.02,13.37,3.04,28.71,1200.0,1.33,29.07,2800.0,3.51,29.18,1220.0,10.13,28.01,1220.0,2.307142857142857,16.15,1694.2857142857142,28.86428571428571,5.406000000000001,162.18,2032.0,28.474,0,0,9,261,38,1
Chhattisgarh,bilaspur,Tiphra,Onion,Other,FAQ,1100.0,1300.0,1200.0,2023-06-14,38.55,0.23,32.44,44.62,28.35,3.96,20.33,0.23,38.55,1300.0,0.64,37.55,1400.0,0.88,39.1,2365.0,0.02,35.84,1200.0,0.4057142857142857,2.84,1342.857142857143,38.12142857142857,0.419,12.57,1533.0,37.84866666666666,0,0,6,165,24,1
Uttar Pradesh,amethi,Sultanpur,Potato,Desi,FAQ,2150.0,2255.0,2200.0,2024-09-28,26.17,39.97,24.49,28.63,93.71,1.46,6.38,71.49,26.15,2200.0,12.23,26.8,2210.0,0.0,29.24,3850.0,0.0,28.3,2220.0,50.05571428571428,350.39,2903.5714285714284,26.338571428571424,12.782333333333332,383.47,3015.6666666666665,27.84766666666667,0,1,9,272,39,1
Uttar Pradesh,mirzapur,Ahirora,Potato,Badshah,Non-FAQ,700.0,900.0,800.0,2025-02-25,20.48,0.0,12.41,29.84,32.47,1.5,20.62,0.0,20.48,985.0,0.0,20.85,900.0,0.0,20.79,2000.0,0.0,22.37,800.0,0.0,0.0,1627.857142857143,20.638571428571428,0.022,0.66,1536.0,21.68533333333333,1,0,2,56,9,0
Punjab,muktsar,Muktsar,Onion,Nasik,FAQ,4000.0,5000.0,4500.0,2024-10-26,27.63,0.0,20.94,37.28,37.05,1.52,17.2,0.0,27.63,4000.0,0.0,27.26,1600.0,0.0,27.05,1200.0,0.0,29.32,600.0,0.0,0.0,3585.714285714286,27.365714285714287,0.0,0.0,2633.333333333333,27.22533333333333,1,0,10,300,43,0
Punjab,kapurthala,Phagwara,Onion,Other,FAQ,1060.0,1344.0,1212.0,2023-06-29,32.71,3.68,27.92,36.52,63.86,1.2,23.23,3.68,32.71,1074.0,2.04,31.4,2251.0,11.92,36.71,900.0,0.08,36.88,900.0,2.279999999999998,15.959999999999988,1502.0,32.07714285714285,12.272,368.16,1339.7333333333331,34.447,0,0,6,180,26,1
Uttar Pradesh,chandauli,Chandoli,Potato,Desi,FAQ,1925.0,2025.0,1975.0,2024-06-22,36.21,2.12,31.47,40.81,40.56,1.41,18.85,0.26,35.66,1950.0,0.0,40.2,1825.0,0.2,36.98,1600.0,0.0,37.18,1730.0,0.7242857142857151,5.070000000000006,1892.857142857143,37.690000000000005,0.379,11.37,1741.0,38.60766666666667,0,0,6,174,25,1
Kerala,alappuzha,Alappuzha,Onion,Big,FAQ,2300.0,2700.0,2500.0,2024-02-03,29.43,0.32,27.59,31.68,70.5,1.61,23.31,0.32,29.43,2300.0,0.22,28.73,3600.0,0.22,28.73,3400.0,0.59,28.46,2500.0,0.2771428571428571,1.94,2557.1428571428573,29.13,0.2556666666666666,7.67,2853.333333333333,28.787333333333333,1,0,2,34,5,0
West Bengal,howrah,Ramkrishanpur(Howrah),Onion,Other,FAQ,1500.0,2400.0,2000.0,2025-05-28,29.02,10.48,26.4,33.58,84.39,2.33,16.65,10.48,29.02,2000.0,11.28,28.72,3800.0,12.21,29.36,3800.0,6.96,29.81,3500.0,10.708571428571432,74.96000000000002,2325.714285714286,28.934285714285718,13.056,391.68,2604.0,28.83833333333333,0,0,5,148,22,2
Maharashtra,sholapur,Mangal Wedha,Onion,Local,FAQ,300.0,1900.0,1400.0,2024-01-10,25.06,0.47,18.79,32.77,47.46,2.16,9.57,0.47,25.06,1800.0,0.03,24.96,2700.0,0.03,24.96,1200.0,0.0,25.09,1800.0,0.1771428571428566,1.2399999999999964,1816.4285714285716,24.58142857142857,0.0583333333333333,1.75,1860.1666666666667,24.82266666666667,1,0,1,10,2,0
Kerala,ernakulam,North Paravur,Onion,1st Sort,FAQ,6800.0,7500.0,7000.0,2025-02-24,30.58,0.0,25.15,36.33,48.56,1.66,24.56,0.0,30.83,4000.0,0.0,30.83,2700.0,0.0,30.19,4500.0,0.0,30.52,2500.0,0.0,0.0,4457.142857142857,30.794285714285717,0.0,0.0,4200.0,30.450666666666667,1,0,2,55,9,0
Uttar Pradesh,saharanpur,Saharanpur,Potato,Desi,FAQ,2050.0,2350.0,2200.0,2024-11-22,17.0,0.0,10.86,24.37,58.83,1.04,12.03,0.0,17.0,4350.0,0.0,17.6,2150.0,0.0,17.84,2150.0,0.0,19.54,2220.0,0.0,0.0,2842.8571428571427,17.342857142857145,0.0,0.0,2687.333333333333,18.27566666666667,1,0,11,327,47,0
Gujarat,ahmedabad,Ahmedabad(Chimanbhai Patal Market Vasana),Potato,Desi,FAQ,1750.0,2500.0,2250.0,2024-11-09,25.28,0.0,18.62,31.49,61.08,1.17,18.08,0.0,25.28,2450.0,0.0,25.59,2850.0,0.0,25.45,6000.0,0.0,25.72,3250.0,0.0,0.0,3307.1428571428573,25.368571428571425,0.0,0.0,3300.0,25.53833333333333,1,0,11,314,45,0
Rajasthan,ganganagar,Sriganganagar (F&V),Onion,Other,FAQ,4300.0,4700.0,4500.0,2024-11-23,16.55,0.0,9.51,25.28,69.77,1.29,13.59,0.0,16.53,2300.0,0.0,17.25,2100.0,0.0,19.01,2100.0,0.0,20.66,5500.0,0.0,0.0,3814.285714285714,16.73857142857143,0.0,0.0,3313.333333333333,18.88833333333333,1,0,11,328,47,0
Punjab,hoshiarpur,GarhShankar (Kotfatuhi),Potato,Other,FAQ,900.0,1200.0,1000.0,2023-11-20,17.51,0.0,13.78,23.89,66.73,1.43,9.9,0.0,17.51,3000.0,0.0,18.47,1000.0,0.0,18.77,4400.0,0.0,18.2,1350.0,0.0,0.0,2592.8571428571427,17.51,0.0,0.0,2405.0,18.407,1,0,11,324,47,0
Uttar Pradesh,bulandshahar,Siyana,Potato,Desi,FAQ,1700.0,1800.0,1750.0,2024-07-31,31.78,27.93,28.67,35.72,78.87,2.0,14.62,27.93,31.78,3050.0,27.93,31.78,2400.0,1.93,32.47,3400.0,0.03,31.85,3030.0,27.93,195.51,2625.0,31.78,10.28,308.40000000000003,2362.5,32.13666666666667,0,1,7,213,31,1
West Bengal,bankura,Bankura Sadar,Potato,Jyoti,FAQ,2320.0,2350.0,2340.0,2024-08-17,28.54,3.78,25.52,32.01,86.45,1.74,22.2,3.78,28.54,4200.0,5.34,28.81,2250.0,6.26,29.06,2250.0,17.37,28.83,2300.0,4.894285714285714,34.26,3177.1428571428573,28.732857142857146,5.934,178.02,2996.333333333333,29.037666666666667,0,0,8,230,33,1
Punjab,hoshiarpur,GarhShankar (Kotfatuhi),Onion,Other,FAQ,1100.0,1500.0,1300.0,2024-02-22,14.39,0.1,9.17,22.03,50.59,1.63,18.73,0.1,14.39,2000.0,0.1,14.39,800.0,0.4,15.08,700.0,2.44,15.94,700.0,0.1,0.7000000000000001,1300.0,14.39,0.7080000000000001,21.24,1277.5,15.022,0,0,2,53,8,0
West Bengal,nadia,Bethuadahari,Onion,Dry F.A.Q.,FAQ,2900.0,3100.0,3000.0,2024-07-15,29.37,1.07,26.16,32.66,85.92,2.97,17.76,1.07,29.37,3900.0,1.07,29.37,3900.0,2.34,29.79,2910.0,18.44,29.47,4000.0,1.07,7.49,3287.1428571428573,29.37,3.79,113.7,3312.5,29.435333333333336,0,0,7,197,29,1
Madhya Pradesh,ratlam,Sailana,Onion,Medium,FAQ,200.0,1250.0,200.0,2024-01-20,16.66,0.0,9.46,26.33,37.38,2.12,15.18,0.0,16.66,215.0,0.0,16.95,700.0,0.0,18.29,890.0,0.22,18.29,2600.0,0.0,0.0,1724.571428571429,16.865714285714287,0.0073333333333333,0.22,1437.9,17.867,1,0,1,20,3,0
Haryana,palwal,Palwal,Onion,Onion,FAQ,1400.0,1800.0,1600.0,2024-05-25,38.28,0.0,30.21,46.1,23.35,2.25,24.07,0.0,38.28,1650.0,0.0,36.95,1500.0,0.0,38.28,1600.0,0.0,35.74,1800.0,0.0,0.0,1550.0,37.21428571428572,0.0,0.0,1550.0,38.156,1,0,5,146,21,2
Kerala,kottayam,Ettumanoor,Potato,Potato,FAQ,3200.0,3400.0,3300.0,2024-02-20,26.8,0.08,20.84,33.89,65.06,0.51,24.74,0.08,26.8,2300.0,0.08,26.8,3800.0,0.08,26.8,3500.0,0.0,26.45,3000.0,0.08,0.56,2928.5714285714284,26.8,0.056,1.68,3380.0,26.695,1,0,2,51,8,0
Punjab,nawanshahr,Nawan Shahar(Subzi Mandi),Potato,Other,FAQ,1600.0,2000.0,1800.0,2024-09-10,28.41,6.76,26.13,31.43,83.55,0.86,16.2,5.75,28.71,1700.0,3.03,27.64,1700.0,3.51,28.56,1700.0,2.37,29.73,4021.0,8.24857142857143,57.740000000000016,2671.428571428572,28.527142857142856,12.833666666666668,385.0100000000001,2707.333333333333,28.36466666666667,0,0,9,254,37,1
Orissa,rayagada,Rayagada,Potato,Other,FAQ,2000.0,2100.0,2100.0,2025-06-09,29.85,3.93,25.93,33.89,63.81,0.9,19.03,3.93,29.85,2200.0,1.8,29.77,2100.0,10.07,28.04,2200.0,1.59,31.22,2200.0,2.84,19.88,2157.1428571428573,29.83,4.735333333333333,142.06,2150.0,28.94666666666667,0,0,6,160,24,1
Maharashtra,chandrapur,Chandrapur(Ganjwad),Onion,Other,FAQ,2500.0,4500.0,3200.0,2023-09-19,26.95,0.0,23.58,30.7,84.96,1.68,21.71,2.54,25.43,1500.0,3.39,27.45,3000.0,0.15,28.56,1200.0,45.55,25.46,3000.0,2.134285714285714,14.939999999999998,2500.0,25.74571428571429,7.55,226.5,2308.333333333333,26.732000000000003,0,0,9,262,38,1
Uttar Pradesh,saharanpur,Gangoh,Potato,Desi,FAQ,1000.0,1200.0,1100.0,2024-03-31,27.55,0.13,21.32,35.25,31.55,2.26,22.9,3.0,28.33,1290.0,3.37,29.46,1240.0,3.37,29.46,1800.0,0.0,26.89,1700.0,2.5900000000000003,18.130000000000003,1273.7142857142858,28.218571428571423,1.727666666666667,51.83,1348.8333333333333,28.419666666666668,0,0,3,91,13,0
Uttar Pradesh,kaushambi,Bharwari,Potato,Desi,FAQ,940.0,1080.0,1010.0,2023-09-21,28.61,2.09,24.88,32.58,84.0,1.44,18.57,2.09,28.61,1990.0,0.22,28.83,2200.0,3.35,28.47,2310.0,7.88,27.67,2515.0,1.5714285714285714,11.0,1550.7142857142858,28.76142857142857,6.711333333333333,201.34,1700.5,28.29433333333333,0,0,9,264,38,1
Tamilnadu,thirunelveli,Palayamkottai(Uzhavar Sandhai ),Onion,Bellary,Local,5000.0,5800.0,5800.0,2024-10-15,28.43,8.16,,,,,,8.16,28.43,5500.0,8.16,28.43,5800.0,8.16,28.43,5500.0,8.16,28.43,4800.0,8.16,57.120000000000005,5542.857142857143,28.43,8.16,244.8,5386.666666666667,28.43,0,0,10,289,42,0
Punjab,ludhiana,Machhiwara,Onion,Other,FAQ,1800.0,2200.0,2000.0,2023-07-14,29.7,4.95,26.31,32.58,81.22,1.53,15.92,4.95,29.7,9000.0,3.03,30.1,800.0,0.25,30.38,1400.0,0.95,29.59,1800.0,3.5785714285714283,25.05,4678.571428571428,29.985714285714288,1.676,50.28,3391.6666666666665,30.12666666666667,0,0,7,195,28,1
Madhya Pradesh,indore,Indore,Onion,Onion,FAQ,468.0,2610.0,2610.0,2025-02-27,26.78,0.0,17.2,36.77,25.59,2.22,18.63,0.0,26.78,1484.0,0.0,25.28,600.0,0.0,24.42,1400.0,0.0,24.22,1999.0,0.0,0.0,2017.2857142857144,26.56571428571429,0.0,0.0,1758.9333333333334,25.023666666666667,1,0,2,58,9,0
Punjab,nawanshahr,Nawan Shahar(Subzi Mandi),Potato,Other,FAQ,1200.0,1300.0,1250.0,2025-01-11,10.52,2.52,6.13,17.96,54.78,1.7,6.72,0.0,14.03,1240.0,0.0,12.14,1600.0,0.0,13.79,1500.0,0.0,17.25,1900.0,0.4271428571428592,2.9900000000000144,1498.571428571429,13.661428571428573,1.3006666666666669,39.02,1783.0,13.655,0,0,1,11,2,0
Tamilnadu,salem,Thathakapatti(Uzhavar Sandhai ),Potato,(Red Nanital),Local,4800.0,10000.0,10000.0,2024-07-27,28.18,0.05,23.94,34.25,62.84,4.92,18.21,0.05,28.18,4800.0,0.05,28.18,7000.0,0.54,27.69,6500.0,0.54,27.69,5000.0,0.05,0.35,5628.571428571428,28.18,0.3276666666666667,9.830000000000002,5416.666666666667,27.90233333333333,1,0,7,209,30,1
Gujarat,jamnagar,Jamnagar,Onion,Other,FAQ,500.0,1050.0,825.0,2024-04-16,31.07,0.0,25.35,36.91,47.23,3.42,24.73,0.03,30.52,850.0,0.0,28.25,875.0,0.0,26.05,910.0,0.0,23.71,1225.0,0.3585714285714295,2.510000000000007,885.0,29.82714285714286,0.0886666666666666,2.66,1063.7666666666669,26.20433333333333,1,0,4,107,16,2
Himachal Pradesh,solan,Solan,Potato,Other,FAQ,800.0,1100.0,1000.0,2025-03-19,18.79,0.07,12.93,25.79,43.92,1.87,21.49,0.07,18.79,1000.0,0.08,16.18,1000.0,12.45,17.09,1000.0,0.05,19.06,900.0,0.03,0.21,1600.0,18.212857142857143,1.2553333333333332,37.66,1683.3333333333333,18.481,0,0,3,78,12,0
Tamilnadu,vellore,Kahithapattarai(Uzhavar Sandhai ),Onion,Bellary,Local,4200.0,4200.0,4200.0,2024-07-31,26.99,5.82,22.89,32.58,72.76,3.87,19.98,5.82,26.99,4400.0,1.06,26.45,4400.0,1.06,26.45,4200.0,0.0,27.19,4500.0,4.46,31.22,4257.142857142857,26.835714285714285,1.4966666666666668,44.900000000000006,4326.666666666667,26.96333333333333,0,0,7,213,31,1
Tamilnadu,coimbatore,Singanallur(Uzhavar Sandhai ),Onion,Bellary,Local,4000.0,4200.0,4200.0,2024-07-20,24.12,2.63,22.22,27.09,87.66,4.08,13.49,2.63,24.12,8000.0,6.97,23.86,4500.0,6.97,23.86,9800.0,6.99,23.44,4200.0,2.63,18.41,6757.142857142857,24.12,5.961333333333333,178.84,6366.666666666667,23.836666666666662,0,0,7,202,29,1
Uttar Pradesh,agra,Fatehabad,Potato,Desi,FAQ,1000.0,1200.0,1150.0,2024-03-22,26.41,0.0,16.38,36.65,28.92,2.01,21.18,0.0,26.41,1900.0,0.0,26.41,1315.0,0.0,22.29,1320.0,0.0,24.05,1950.0,0.0,0.0,1361.428571428571,26.41,0.0,0.0,1403.6666666666667,24.59133333333333,1,0,3,82,12,0
Himachal Pradesh,shimla,Shimla,Potato,Other,FAQ,900.0,1200.0,1000.0,2025-01-29,13.15,0.0,7.57,21.84,37.3,2.01,9.25,0.0,13.74,1000.0,0.0,12.22,1000.0,0.0,10.93,1500.0,0.96,11.64,1600.0,0.0,0.0,1428.571428571429,12.89,0.1786666666666666,5.36,1633.3333333333333,12.091666666666669,1,0,1,29,5,0
West Bengal,alipurduar,Falakata,Onion,Other,FAQ,2500.0,2600.0,2550.0,2024-06-06,28.29,15.17,25.42,31.87,85.52,1.25,19.43,15.17,28.29,2550.0,21.43,28.44,2500.0,39.77,28.2,2100.0,30.13,28.76,2050.0,17.852857142857143,124.97,2350.0,28.354285714285712,28.98733333333333,869.62,2336.6666666666665,28.587333333333333,0,1,6,158,23,1
Haryana,rewari,Rewari,Onion,Other,FAQ,550.0,2000.0,1300.0,2023-07-07,30.94,4.48,26.88,35.45,69.71,1.75,16.52,4.48,30.94,6000.0,3.76,30.36,5000.0,6.69,33.06,4500.0,0.43,32.78,4650.0,4.0685714285714285,28.48,3414.285714285714,30.60857142857143,3.14,94.2,2745.0,32.89066666666666,0,0,7,188,27,1
Rajasthan,dungarpur,Dungarpur,Onion,1st Sort,FAQ,2000.0,3000.0,2500.0,2024-08-12,26.74,3.93,23.95,30.78,87.85,2.82,10.59,3.83,26.24,1500.0,11.84,26.94,2100.0,11.84,26.94,2100.0,11.84,26.94,2100.0,7.054,35.27,2090.0,26.62,7.054,35.27,2090.0,26.62,0,0,8,225,33,1
Rajasthan,pratapgarh,Pratapgarh,Onion,Red,FAQ,3900.0,4100.0,3950.0,2023-11-17,22.61,0.0,16.03,29.93,58.76,0.93,12.0,0.0,22.61,860.0,0.0,22.28,2450.0,0.0,22.04,870.0,0.0,24.07,2460.0,0.0,0.0,2198.5714285714284,22.42142857142857,0.0,0.0,2273.333333333333,22.822,1,0,11,321,46,0
Madhya Pradesh,ujjain,Badnagar,Onion,Other,FAQ,300.0,400.0,400.0,2024-10-21,23.83,0.2,19.15,28.94,82.62,1.15,17.32,3.47,24.15,2800.0,0.58,23.9,22.0,0.0,23.76,2100.0,0.2,24.49,5000.0,2.177142857142857,15.240000000000002,2664.285714285714,24.032857142857143,1.6329999999999998,48.99,2446.0666666666666,24.296333333333333,0,0,10,295,43,0
Bihar,vaishali,"Jaitipir Mandi, Lalganj block",Potato,Jyoti,FAQ,1400.0,1600.0,1500.0,2024-03-15,25.84,0.0,16.96,35.84,32.62,1.96,22.16,0.0,26.02,1400.0,0.0,21.52,1500.0,0.1,21.78,1300.0,0.56,18.63,1300.0,0.0,0.0,1414.2857142857142,24.341428571428573,0.4226666666666666,12.68,1350.0,21.543666666666663,0,0,3,75,11,0
Uttar Pradesh,sitapur,Viswan,Potato,Desi,FAQ,2110.0,2150.0,2130.0,2024-07-04,29.27,21.07,26.79,32.31,83.82,3.12,14.71,43.21,28.77,2020.0,20.53,31.93,2030.0,1.0,31.18,2000.0,0.37,38.41,1930.0,39.01857142857144,273.13000000000005,2103.5714285714284,29.527142857142856,18.437,553.11,1875.6666666666667,32.63666666666667,0,1,7,186,27,1
Kerala,alappuzha,Kayamkulam,Potato,Other,FAQ,3700.0,3900.0,3800.0,2024-06-26,27.21,35.56,26.41,28.02,85.21,5.0,8.25,9.72,27.83,4200.0,30.92,27.83,4100.0,11.91,28.34,4000.0,4.84,28.48,4000.0,19.468571428571437,136.28000000000003,3985.714285714286,27.74142857142857,14.865333333333334,445.96,4003.3333333333335,28.084333333333333,0,1,6,178,26,1
Nagaland,mokokchung,Mokokchung Town,Onion,Other,FAQ,5500.0,6500.0,6000.0,2024-03-21,21.79,2.06,15.15,29.97,64.62,0.57,6.82,2.06,21.79,6000.0,2.08,20.77,3000.0,0.0,22.61,5000.0,0.01,20.01,6000.0,2.068571428571429,14.480000000000004,4714.285714285715,21.352857142857143,0.8526666666666667,25.58,4333.333333333333,21.58733333333333,0,0,3,81,12,0
Rajasthan,bikaner,Bikaner (F&V),Onion,Other,FAQ,1000.0,1200.0,1100.0,2023-10-09,30.51,0.0,24.12,37.6,47.79,4.12,19.89,0.0,30.17,2450.0,0.0,30.22,1000.0,0.0,30.71,1400.0,0.03,33.05,1100.0,0.0,0.0,1859.7142857142856,30.354285714285712,0.0666666666666666,2.0,1650.8,31.185,1,0,10,282,41,0
Uttar Pradesh,ghaziabad,Ghaziabad,Onion,Red,FAQ,2300.0,2380.0,2340.0,2023-12-21,12.66,0.0,5.74,23.16,46.48,1.81,12.24,0.0,12.66,2250.0,0.0,12.28,2550.0,0.0,12.28,2340.0,0.0,13.63,2520.0,0.0,0.0,1688.571428571429,12.66,0.0,0.0,1648.3333333333333,12.806666666666668,1,0,12,355,51,0
Maharashtra,pune,Pune,Onion,Local,FAQ,600.0,1900.0,1250.0,2024-05-03,28.81,0.0,18.75,39.98,43.51,2.64,28.48,0.0,28.81,2200.0,0.0,29.46,1200.0,0.0,29.46,1250.0,0.0,32.59,1500.0,0.0,0.0,1721.428571428571,28.90285714285714,0.0,0.0,1596.6666666666667,30.036,1,0,5,124,18,2
Rajasthan,tonk,Deoli,Wheat,Other,FAQ,2450.0,2550.0,2500.0,2024-01-17,14.34,0.0,6.29,24.62,47.76,1.43,14.54,0.0,15.32,2475.0,0.0,17.14,2500.0,0.0,13.58,2510.0,0.04,15.61,2390.0,0.0,0.0,2457.0,15.397142857142857,0.7813333333333333,23.44,2450.633333333333,14.801333333333334,0,0,1,17,3,0
Tamilnadu,thanjavur,Pattukottai(Uzhavar Sandhai ),Onion,Bellary,Local,4000.0,4600.0,4600.0,2024-08-04,29.76,5.92,26.32,33.05,68.62,2.45,18.63,5.92,29.76,5000.0,1.94,30.44,4400.0,1.94,30.44,5000.0,0.32,30.84,5000.0,5.92,41.44,4800.0,29.76,2.037333333333333,61.12,4800.0,30.532,0,0,8,217,31,1
Madhya Pradesh,dhar,Dhamnod,Wheat,Lok-1,FAQ,2665.0,2975.0,2870.0,2023-12-02,22.65,0.81,18.57,28.55,78.04,2.45,10.23,0.81,22.65,2895.0,0.9,22.73,2895.0,0.9,22.63,2825.0,0.03,21.19,2900.0,0.8485714285714326,5.940000000000029,2732.0,22.684285714285718,0.801,24.03,2437.833333333333,22.51533333333333,0,0,12,336,48,0
Tamilnadu,villupuram,Gingee(Uzhavar Sandhai ),Onion,Bellary,Local,4000.0,4000.0,4000.0,2025-03-13,28.04,0.08,26.03,30.91,78.89,1.79,25.54,0.08,28.04,4000.0,6.65,27.86,4000.0,13.64,27.74,4000.0,0.01,26.86,4000.0,3.834285714285715,26.840000000000003,4085.714285714286,27.937142857142856,4.113,123.39,4046.6666666666665,27.584,0,0,3,72,11,0
Tamilnadu,erode,Perundurai,Potato,(Red Nanital),Local,4000.0,4400.0,4400.0,2024-07-11,27.37,0.01,22.36,34.14,66.24,2.11,17.64,0.01,27.37,4500.0,1.23,26.37,4600.0,1.23,26.37,4000.0,0.64,25.92,8000.0,0.5328571428571428,3.73,4571.428571428572,26.94142857142857,0.6586666666666666,19.76,4726.666666666667,26.27833333333333,0,0,7,193,28,1
Uttar Pradesh,bahraich,Naanpara,Potato,Potato,FAQ,1800.0,2000.0,1900.0,2025-04-08,31.07,0.0,23.49,38.39,28.15,2.32,19.56,0.0,31.07,1500.0,0.0,31.12,1900.0,0.0,29.31,1800.0,0.0,26.36,1100.0,0.0,0.0,1790.7142857142858,31.09142857142857,0.0,0.0,1545.3333333333333,29.301666666666662,1,0,4,98,15,2
Rajasthan,hanumangarh,Rawatsar,Onion,1st Sort,FAQ,800.0,800.0,800.0,2025-04-25,34.61,0.0,24.37,43.7,8.97,1.67,25.63,0.0,34.61,1100.0,0.0,33.32,800.0,0.0,33.32,900.0,0.0,31.16,1300.0,0.0,0.0,929.8571428571428,34.425714285714285,0.0,0.0,1083.2666666666669,33.078,1,0,4,115,17,2
Uttar Pradesh,barabanki,Barabanki,Potato,Desi,FAQ,2300.0,2400.0,2350.0,2024-08-13,28.17,2.34,25.66,31.59,86.81,2.0,17.97,2.34,28.17,2350.0,18.51,29.15,2330.0,18.16,29.01,2320.0,2.87,29.58,2330.0,7.908571428571428,55.36,2572.8571428571427,28.312857142857144,9.533666666666669,286.01,2531.0,28.77566666666667,0,0,8,226,33,1
Tamilnadu,namakkal,Namakkal(Uzhavar Sandhai ),Onion,Bellary,Local,2000.0,2400.0,2400.0,2025-05-20,27.14,19.55,23.81,30.76,80.16,2.26,16.62,19.55,27.14,4000.0,19.55,27.14,3500.0,4.69,28.23,3500.0,44.31,25.61,3500.0,19.55,136.85,3100.0,27.14,20.20866666666667,606.2600000000001,3230.0,27.168000000000003,0,1,5,140,21,2
Himachal Pradesh,una,Una,Onion,Onion,Non-FAQ,1200.0,2000.0,1600.0,2025-06-03,29.31,11.96,23.26,34.93,44.97,1.97,25.09,11.96,29.31,1000.0,0.29,32.47,1150.0,0.45,33.18,950.0,1.07,32.26,1500.0,4.361428571428571,30.53,1328.571428571429,30.738571428571426,1.9616666666666664,58.85,1276.6666666666667,32.37466666666667,0,0,6,154,23,1
Haryana,mewat,FerozpurZirkha(Nagina),Onion,Other,FAQ,1400.0,1800.0,1600.0,2023-07-05,33.06,6.69,28.72,38.09,60.08,2.54,17.99,2.86,34.98,7000.0,2.86,34.98,800.0,0.34,34.56,1500.0,0.43,32.78,800.0,3.407142857142857,23.85,2971.428571428572,34.70571428571428,1.4966666666666666,44.9,3050.0,34.248666666666665,0,0,7,186,27,1
Bihar,madhubani,Jahajharpur,Potato,Jyoti,FAQ,1300.0,1500.0,1400.0,2023-09-25,26.75,0.71,24.21,30.21,89.7,2.04,14.13,10.07,26.02,2800.0,34.21,25.27,2700.0,6.39,27.47,3150.0,0.0,28.19,3300.0,41.19285714285714,288.35,2257.1428571428573,25.837142857142855,16.02166666666667,480.65,2346.6666666666665,27.295,0,1,9,268,39,1
Tamilnadu,madurai,Usilampatty,Onion,Bellary,Local,2500.0,3000.0,3000.0,2025-04-08,28.41,0.1,23.97,34.32,71.33,1.28,24.79,0.1,28.41,4000.0,15.35,27.34,3600.0,15.35,27.34,3000.0,4.49,28.78,3000.0,6.635714285714284,46.44999999999999,3485.714285714286,27.95142857142857,12.323333333333332,369.7,3393.333333333333,28.004666666666665,0,0,4,98,15,2
Maharashtra,pune,Pune(Khadiki),Onion,Local,FAQ,1200.0,2000.0,1600.0,2023-10-11,23.65,0.0,19.32,29.13,84.11,1.32,18.68,0.0,23.65,1300.0,0.0,23.65,1500.0,0.0,23.44,1550.0,0.0,23.87,1600.0,0.0,0.0,2107.1428571428573,23.65,0.0,0.0,1874.4333333333332,23.588666666666665,1,0,10,284,41,0
West Bengal,bankura,Bankura Sadar,Onion,Other,FAQ,1300.0,1500.0,1400.0,2025-04-15,28.92,2.73,23.71,34.07,63.31,0.81,18.64,2.73,28.92,2000.0,2.73,28.92,3550.0,10.0,29.14,2000.0,0.73,28.94,3550.0,2.73,19.11,2464.285714285714,28.92,5.722666666666667,171.68,2406.0,29.026666666666664,0,0,4,105,16,2
Uttar Pradesh,bijnor,Nagina,Onion,Red,FAQ,800.0,1400.0,900.0,2025-06-03,29.67,1.41,23.19,36.52,36.37,1.72,20.48,1.41,29.67,1200.0,0.3,30.64,1200.0,0.06,31.11,1100.0,1.3,31.75,850.0,1.0928571428571427,7.649999999999999,1145.0,29.94714285714286,0.5256666666666666,15.77,1085.8333333333333,31.045666666666666,0,0,6,154,23,1
Maharashtra,akola,Akola,Potato,Other,FAQ,2000.0,2600.0,2400.0,2024-12-16,16.32,0.0,7.28,27.58,51.56,1.71,18.04,0.0,16.16,2400.0,0.0,23.74,2400.0,0.02,22.53,2400.0,0.0,19.45,2500.0,0.0,0.0,2400.0,16.805714285714284,0.006,0.18,2716.6666666666665,19.52133333333333,1,0,12,351,51,0
Tamilnadu,the nilgiris,Udhagamandalam(Uzhavar Sandhai ),Potato,(Red Nanital),Local,4500.0,5000.0,5000.0,2025-02-18,22.91,0.0,16.45,32.1,58.3,1.54,24.17,0.0,22.91,5800.0,0.0,22.88,5800.0,0.0,23.34,4400.0,0.0,22.84,5500.0,0.0,0.0,5100.0,22.888571428571428,0.0,0.0,5083.333333333333,22.954666666666665,1,0,2,49,8,0
Madhya Pradesh,shajapur,Akodiya,Onion,Small,FAQ,800.0,2800.0,1600.0,2024-07-10,29.0,4.56,25.37,33.18,79.3,2.07,19.36,4.56,29.0,2300.0,4.2,29.46,2800.0,4.2,29.46,2461.0,8.48,26.63,2800.0,4.56,31.92,2256.5714285714284,29.0,5.024666666666667,150.74,2425.633333333333,28.76266666666667,0,0,7,192,28,1
Uttar Pradesh,bijnor,Chaandpur,Onion,Red,FAQ,2200.0,2400.0,2300.0,2024-09-30,25.7,0.0,22.54,29.49,86.6,1.39,19.89,0.0,25.7,2200.0,0.02,25.84,1900.0,0.25,25.28,3500.0,34.33,26.29,2140.0,0.0142857142857142,0.1,2511.428571428572,25.8,9.365999999999998,280.98,2517.333333333333,25.766,0,0,9,274,40,1
Madhya Pradesh,jabalpur,Sihora,Wheat,Mill Quality,FAQ,2300.0,2387.0,2367.0,2023-08-07,25.18,2.97,23.06,28.47,89.24,3.6,11.83,2.97,25.18,1400.0,5.59,24.56,2396.0,99.85,24.57,1300.0,6.4,26.14,2299.0,5.047142857142857,35.33,1783.857142857143,24.854285714285712,37.984,1139.52,1907.3666666666663,25.255,0,0,8,219,32,1
Madhya Pradesh,jhabua,Thandla,Onion,Other,FAQ,900.0,1100.0,1000.0,2023-07-05,26.77,20.47,25.38,28.45,92.32,3.27,14.79,20.47,26.77,976.0,5.91,28.81,1400.0,0.93,28.63,1362.0,4.96,26.16,2125.0,12.150000000000002,85.05000000000001,1817.7142857142856,27.935714285714283,5.716333333333334,171.49,2007.2333333333331,27.738,0,0,7,186,27,1
Rajasthan,hanumangarh,Pilibanga,Wheat,1482,FAQ,2446.0,2446.0,2446.0,2023-12-11,16.66,0.0,9.89,24.69,31.54,1.26,12.33,0.0,16.66,2400.0,0.0,17.26,800.0,0.0,18.49,1300.0,0.0,18.29,2400.0,0.0,0.0,2642.0,16.66,0.0,0.0,2477.5333333333333,17.79033333333333,1,0,12,345,50,0
Uttar Pradesh,saharanpur,Gangoh,Potato,Desi,FAQ,700.0,900.0,800.0,2024-02-28,17.17,0.0,9.64,26.74,49.49,2.78,20.13,0.0,17.17,1020.0,0.06,14.96,1850.0,0.0,15.86,842.0,0.0,14.97,1800.0,0.0342857142857142,0.24,1341.428571428571,15.907142857142857,0.01,0.3,1341.9,15.514,1,0,2,59,9,0
West Bengal,hooghly,Pandua,Potato,Jyoti,FAQ,1040.0,1140.0,1080.0,2025-03-12,26.85,0.0,18.95,35.72,59.14,2.06,21.5,0.0,26.85,1120.0,0.0,25.74,980.0,0.0,25.74,2800.0,0.0,25.45,1100.0,0.0,0.0,1662.857142857143,26.374285714285715,0.0,0.0,1762.0,26.124666666666663,1,0,3,71,11,0
Kerala,kottayam,Kanjirappally,Onion,Big,FAQ,7000.0,7600.0,7400.0,2024-11-07,24.96,3.06,21.51,29.11,87.32,0.47,17.95,3.06,24.96,4600.0,0.32,24.21,4900.0,0.32,24.21,5200.0,11.33,24.6,5600.0,1.4942857142857149,10.460000000000004,5900.0,24.53142857142857,2.062,61.86,6023.333333333333,24.337,0,0,11,312,45,0
Uttar Pradesh,jaunpur,Mugrabaadshahpur,Wheat,Dara,FAQ,2180.0,2380.0,2280.0,2023-06-20,38.28,0.86,32.42,43.49,36.07,2.52,22.85,0.86,38.28,1175.0,0.01,39.17,980.0,0.01,39.17,1370.0,0.0,38.64,970.0,0.7385714285714285,5.17,1526.428571428571,38.40714285714286,0.1756666666666666,5.27,1435.6666666666667,39.07033333333334,1,0,6,171,25,1
Uttar Pradesh,sambhal,Muradabad,Potato,Desi,FAQ,2250.0,2350.0,2300.0,2024-07-10,31.91,2.0,27.94,36.46,73.79,1.83,9.91,2.0,31.91,2305.0,2.82,31.11,2260.0,19.6,28.75,1510.0,10.9,29.55,1205.0,2.5857142857142863,18.100000000000005,2416.428571428572,31.33857142857143,17.60533333333333,528.16,2230.333333333333,29.26633333333333,0,0,7,192,28,1
Rajasthan,jodhpur,Jodhpur (F&V),Onion,Other,FAQ,1000.0,3500.0,2250.0,2024-11-30,19.64,0.0,13.04,29.02,38.56,1.73,14.45,0.0,19.87,1700.0,0.0,21.97,1600.0,0.0,21.31,3000.0,0.0,25.77,3500.0,0.0,0.0,1914.2857142857144,20.882857142857144,0.0,0.0,2263.333333333333,22.043000000000003,1,0,11,335,48,0
Uttar Pradesh,mathura,Kosikalan,Onion,Red,FAQ,1200.0,1280.0,1240.0,2023-07-22,31.33,0.94,27.16,35.54,72.51,3.56,20.05,0.94,31.57,1060.0,0.94,31.57,7200.0,15.48,30.63,7200.0,5.4,31.71,1250.0,0.94,6.58,1520.7142857142858,31.535714285714285,11.402,342.06,2804.5,31.394,0,0,7,203,29,1
Uttar Pradesh,auraiya,Achalda,Potato,Badshah,FAQ,1000.0,1100.0,1030.0,2023-08-03,29.97,28.04,26.82,33.48,83.03,1.32,12.85,28.04,29.97,1660.0,8.08,28.82,1650.0,4.19,30.35,1050.0,8.21,29.17,1610.0,28.04,196.28,1565.7142857142858,29.97,10.833666666666666,325.01,2238.6666666666665,29.746666666666663,0,1,8,215,31,1
Uttar Pradesh,rampur,Rampur,Onion,Red,FAQ,1900.0,1990.0,1940.0,2024-04-19,32.23,0.01,24.05,40.74,22.29,2.9,25.0,0.01,32.23,1580.0,0.0,29.97,1570.0,0.0,29.52,1560.0,0.03,30.06,1525.0,0.0057142857142857,0.04,1700.7142857142858,31.26142857142857,0.3179999999999999,9.54,1607.5,30.20533333333333,1,0,4,110,16,2
Uttar Pradesh,fatehpur,Khaga,Potato,Desi,FAQ,2360.0,2450.0,2400.0,2024-07-12,30.8,7.93,27.69,34.85,75.77,3.31,15.55,7.93,30.8,2900.0,3.81,33.59,2380.0,0.08,33.75,2880.0,17.62,30.07,2660.0,5.588571428571428,39.12,2565.714285714286,32.01714285714286,5.332666666666667,159.98000000000002,2529.833333333333,32.336333333333336,0,0,7,194,28,1
Kerala,malappuram,Manjeri,Potato,Other,FAQ,3500.0,3600.0,3550.0,2024-12-27,25.07,4.24,21.8,29.23,83.27,1.17,15.21,2.67,24.92,2300.0,0.02,23.92,3800.0,0.05,25.44,3500.0,0.02,23.51,3400.0,2.134285714285713,14.939999999999994,3278.5714285714284,24.747142857142855,0.5103333333333333,15.31,3300.0,24.54733333333333,0,0,12,362,52,0
Andhra Pradesh,hyderabad,Bowenpally,Tomato,Deshi,FAQ,400.0,1000.0,800.0,2023-10-10,29.02,0.0,22.51,36.69,62.12,1.93,18.77,0.0,29.02,1600.0,0.0,28.64,2400.0,0.0,28.64,2500.0,0.0,27.6,2500.0,0.0,0.0,1657.142857142857,28.965714285714284,0.0,0.0,1716.6666666666667,28.47533333333333,1,0,10,283,41,0
Maharashtra,ahmednagar,Shrirampur,Wheat,Other,FAQ,2000.0,2800.0,2600.0,2024-02-05,25.94,0.0,17.88,34.81,32.32,1.35,18.85,0.0,25.94,1100.0,0.0,25.63,900.0,0.0,23.21,900.0,0.0,21.89,2550.0,0.0,0.0,1296.428571428571,25.71857142857143,0.0,0.0,1753.7333333333331,23.648666666666667,1,0,2,36,6,0
West Bengal,bankura,Khatra,Potato,Jyoti,FAQ,2400.0,2500.0,2450.0,2024-07-25,29.85,9.62,26.81,32.99,84.46,2.1,17.6,9.62,29.85,3700.0,11.48,29.99,3200.0,12.0,29.63,3500.0,5.87,30.11,2460.0,10.151428571428571,71.06,2827.1428571428573,29.89,11.593,347.79,2923.6666666666665,29.752666666666663,0,0,7,207,30,1
Uttar Pradesh,gorakhpur,Chorichora,Onion,Red,FAQ,1100.0,1200.0,1140.0,2023-06-10,37.87,0.0,30.59,44.34,22.45,1.38,24.56,0.0,37.87,2250.0,0.0,37.44,1140.0,0.0,36.5,1125.0,0.0,36.51,2250.0,0.0,0.0,1418.571428571429,37.56285714285714,0.0,0.0,1283.0,36.938,1,0,6,161,23,1
Karnataka,chikmagalur,Bagepalli,Onion,Onion,FAQ,2000.0,3000.0,2200.0,2024-08-21,22.95,39.4,20.54,26.87,90.88,1.04,17.98,140.39,24.35,3226.0,14.43,24.51,3252.0,8.97,24.35,2907.0,9.17,21.18,3031.0,46.538571428571416,325.7699999999999,3166.5714285714284,24.345714285714283,20.84933333333333,625.4799999999999,2955.9,23.496,0,1,8,234,34,1
Madhya Pradesh,indore,Indore,Onion,Other,FAQ,514.0,3382.0,3382.0,2024-08-29,26.0,3.11,22.97,29.57,88.54,2.27,20.19,3.11,26.0,3376.0,3.54,25.52,1100.0,19.69,24.99,1000.0,17.4,27.71,1725.0,3.355714285714285,23.49,3033.428571428572,25.72571428571428,28.718666666666664,861.56,2676.9,25.881666666666668,0,0,8,242,35,1
Maharashtra,nashik,Dindori(Vani),Onion,Red,FAQ,901.0,1730.0,1251.0,2024-02-07,24.31,0.0,15.83,34.2,37.78,1.97,19.39,0.0,24.31,1000.0,0.0,24.2,2831.0,0.0,24.2,1005.0,0.0,24.69,1180.0,0.0,0.0,1354.7142857142858,24.27857142857143,0.0,0.0,1382.3666666666666,24.31633333333333,1,0,2,38,6,0
Kerala,malappuram,Perinthalmanna,Onion,Onion,FAQ,1500.0,2000.0,1800.0,2025-05-14,27.1,5.48,25.26,30.33,82.33,1.63,17.81,5.48,27.1,2100.0,4.34,27.22,2700.0,4.34,27.22,1900.0,0.03,27.99,5100.0,5.317142857142857,37.22,2142.8571428571427,27.117142857142856,4.280666666666667,128.42000000000002,2573.333333333333,27.403,0,0,5,134,20,2
Madhya Pradesh,rajgarh,Biaora,Wheat,Other,FAQ,2360.0,2595.0,2478.0,2023-11-07,24.22,0.0,17.76,31.96,51.51,0.81,15.45,0.0,24.22,1000.0,0.0,24.22,2550.0,0.0,23.55,900.0,0.0,23.02,2600.0,0.0,0.0,2025.4285714285716,24.22,0.0,0.0,2021.6,23.64966666666667,1,0,11,311,45,0
West Bengal,bankura,Bankura Sadar,Onion,Nasik,FAQ,2300.0,2500.0,2400.0,2023-07-06,29.81,5.64,27.1,34.1,78.96,4.08,15.37,5.64,29.81,2800.0,5.64,29.81,2800.0,6.2,29.95,2800.0,16.37,29.08,2000.0,5.64,39.48,3540.0,29.81,6.398666666666667,191.96,3056.0,29.760666666666665,0,0,7,187,27,1
Tamilnadu,dharmapuri,Harur(Uzhavar Sandhai ),Onion,Bellary,Local,5300.0,5500.0,5500.0,2024-11-06,24.0,0.03,18.76,29.73,81.25,1.57,18.61,0.03,24.0,6000.0,1.61,23.54,4600.0,1.61,23.54,6400.0,2.69,24.15,4800.0,0.4814285714285704,3.369999999999993,5357.142857142857,23.868571428571432,2.0966666666666667,62.9,5163.333333333333,23.935,0,0,11,311,45,0
Uttar Pradesh,amethi,Jafarganj,Wheat,Dara,FAQ,2500.0,2600.0,2550.0,2024-01-12,12.65,0.0,5.75,22.02,48.16,1.72,8.46,0.0,12.65,700.0,0.0,13.21,2550.0,0.0,15.14,2545.0,0.0,15.72,2070.0,0.0,0.0,1810.0,12.73,0.0,0.0,1771.7666666666669,14.678,1,0,1,12,2,0
Uttar Pradesh,baghpat,Baraut,Potato,Desi,Non-FAQ,800.0,1000.0,900.0,2025-05-23,32.15,0.0,24.96,39.46,40.4,3.07,25.56,0.0,32.15,3245.0,23.41,30.41,1220.0,0.01,36.26,1090.0,0.01,35.12,1080.0,10.03285714285714,70.22999999999999,1392.857142857143,31.40428571428572,5.477333333333334,164.32000000000002,1430.6666666666667,33.938,0,0,5,143,21,2
Tamilnadu,erode,Thalavadi(Uzhavar Sandhai ),Onion,Bellary,Local,2800.0,3200.0,3200.0,2025-04-24,31.09,0.12,24.24,38.55,57.22,1.16,25.84,0.12,31.09,3000.0,0.58,30.05,3000.0,0.23,30.4,3000.0,0.08,28.99,3000.0,0.4485714285714295,3.140000000000007,3257.1428571428573,30.34714285714286,0.2993333333333333,8.98,3123.333333333333,29.953333333333333,1,0,4,114,17,2
Uttar Pradesh,auraiya,Auraiya,Onion,Red,FAQ,1850.0,2100.0,2000.0,2023-09-29,28.12,0.0,23.31,32.72,61.62,0.86,20.44,0.0,28.12,1600.0,0.0,28.43,1000.0,0.0,28.6,1000.0,0.01,28.22,1300.0,0.0,0.0,1932.857142857143,28.208571428571425,0.003,0.09,1657.1666666666667,28.360666666666667,1,0,9,272,39,1
Punjab,muktsar,Malout,Onion,Onion,FAQ,800.0,1200.0,1000.0,2023-06-06,32.96,3.93,26.4,38.72,45.99,1.24,21.58,3.93,32.96,1000.0,3.93,32.96,1000.0,3.93,32.96,1000.0,3.93,32.96,1000.0,3.93,3.93,1000.0,32.96,3.93,3.93,1000.0,32.96,1,0,6,157,23,1
Uttar Pradesh,ghazipur,Gazipur,Onion,Red,FAQ,1805.0,1845.0,1825.0,2024-03-05,20.58,0.0,12.47,30.5,36.76,3.16,22.64,0.96,23.44,1750.0,0.0,21.22,880.0,0.0,19.86,840.0,0.0,18.9,660.0,0.2742857142857143,1.9200000000000004,1386.428571428571,23.102857142857143,0.4213333333333333,12.64,1222.1666666666667,21.664,0,0,3,65,10,0
Madhya Pradesh,mandsaur,Mandsaur,Wheat,Mill Quality,FAQ,2400.0,2981.0,2720.0,2024-01-19,15.12,0.0,7.77,24.52,43.66,1.99,16.87,0.0,15.31,2691.0,0.0,17.56,2790.0,0.0,18.16,2600.0,5.56,17.29,2801.0,0.0,0.0,2122.0,16.315714285714286,0.5676666666666667,17.03,2005.2,17.076666666666664,0,0,1,19,3,0
Uttar Pradesh,mainpuri,Ghiraur,Wheat,Dara,FAQ,2045.0,2245.0,2145.0,2023-07-07,30.07,7.67,26.71,33.56,77.74,2.57,10.12,7.67,30.07,2210.0,21.48,30.3,5900.0,7.24,31.34,2210.0,0.96,33.25,2150.0,11.615714285714288,81.31,2370.8571428571427,30.135714285714283,8.959666666666667,268.79,2468.4,31.395,0,0,7,188,27,1
Nagaland,kiphire,Kipheri,Tomato,Local,FAQ,2100.0,2300.0,2200.0,2023-06-19,21.72,8.4,17.73,27.57,82.66,0.18,6.02,17.56,22.1,2100.0,12.24,21.9,3200.0,2.45,23.79,3200.0,2.45,23.79,3200.0,15.871428571428572,111.1,2432.8571428571427,22.14,12.646666666666668,151.76,2701.6666666666665,22.546666666666667,0,1,6,170,25,1
Gujarat,surat,Surat,Potato,Other,FAQ,850.0,1950.0,1400.0,2025-05-06,29.99,10.03,26.07,35.58,61.78,3.98,9.03,0.09,31.94,1150.0,0.0,32.63,1150.0,0.0,31.94,1250.0,0.0,32.84,1100.0,1.4642857142857142,10.25,1182.142857142857,32.71,0.3416666666666667,10.25,1120.8333333333333,32.531,0,0,5,126,19,2
Gujarat,rajkot,Gondal,Onion,White,FAQ,1005.0,1230.0,1155.0,2024-02-02,23.85,0.0,16.78,32.02,57.06,1.33,17.5,0.0,23.85,2605.0,0.0,23.85,1155.0,0.01,23.38,2500.0,0.0,22.9,2825.0,0.0,0.0,1909.2857142857144,23.85,0.004,0.12,2028.1666666666667,23.472,1,0,2,33,5,0
Tamilnadu,vellore,Katpadi (Uzhavar Sandhai ),Potato,(Red Nanital),Local,2600.0,2600.0,2600.0,2025-02-25,24.36,0.0,17.53,32.93,65.68,2.68,22.63,0.0,24.36,4000.0,0.0,24.22,3600.0,0.0,24.22,3800.0,0.0,24.97,2400.0,0.0,0.0,3485.714285714286,24.32,0.0,0.0,3550.0,24.631666666666668,1,0,2,56,9,0
Punjab,muktsar,Malout,Onion,Onion,FAQ,1100.0,2000.0,1500.0,2025-03-27,26.91,0.0,19.04,36.44,21.43,2.72,22.85,0.0,26.91,400.0,0.0,28.27,2000.0,0.0,26.69,1600.0,0.0,26.61,1300.0,0.0,0.0,1228.571428571429,27.49285714285714,0.0,0.0,1310.0,26.39933333333333,1,0,3,86,13,0
Tamilnadu,the nilgiris,Coonoor(Uzhavar Sandhai ),Potato,(Red Nanital),Local,4000.0,5800.0,5800.0,2025-05-20,23.91,15.09,21.58,28.16,84.24,2.76,13.13,15.09,23.91,4800.0,6.8,23.69,2800.0,32.78,22.82,5000.0,6.97,25.09,5000.0,12.721428571428572,89.05,4214.285714285715,23.84714285714286,13.347333333333331,400.42,4066.6666666666665,24.465333333333334,0,0,5,140,21,2
Himachal Pradesh,hamirpur,Maudaha,Wheat,Dara,FAQ,2200.0,2300.0,2260.0,2023-08-04,28.9,8.78,26.04,32.03,83.83,1.39,17.62,14.24,28.52,1555.0,14.24,28.52,1270.0,14.24,28.52,8480.0,10.91,28.89,2225.0,13.46,94.22,1907.142857142857,28.57428571428571,12.393,371.79,2425.0,28.717666666666663,0,0,8,216,31,1
Madhya Pradesh,ratlam,Ratlam,Wheat,Lok-1,FAQ,2350.0,2750.0,2550.0,2023-09-03,25.47,0.0,20.64,30.62,82.31,2.01,22.82,0.0,25.45,2005.0,0.0,26.02,1072.0,0.0,25.52,2200.0,0.0,25.74,2500.0,0.0,0.0,2178.714285714286,25.697142857142858,0.0,0.0,2055.0666666666666,25.402666666666665,1,0,9,246,35,1
Uttar Pradesh,meerut,Meerut,Potato,Desi,FAQ,1250.0,1435.0,1375.0,2023-07-24,29.82,0.36,25.78,33.92,81.23,2.09,22.24,0.36,29.82,1250.0,4.34,29.51,5970.0,2.76,31.04,2280.0,21.57,29.47,6800.0,1.0142857142857142,7.1,1908.571428571429,29.575714285714287,2.0323333333333333,60.97,2852.0,30.060333333333336,0,0,7,205,30,1
Uttar Pradesh,jaunpur,Mugrabaadshahpur,Tomato,Deshi,FAQ,7140.0,7340.0,7240.0,2023-07-17,29.32,1.62,27.19,32.79,83.56,2.81,14.61,1.62,29.32,2320.0,34.33,30.61,7200.0,34.33,30.61,1200.0,4.17,31.14,1140.0,1.62,11.34,3180.0,29.32,14.317333333333332,429.52,2904.1666666666665,30.546,0,0,7,198,29,1
West Bengal,nadia,Nadia,Onion,Other,FAQ,2950.0,3060.0,3000.0,2023-10-04,27.34,30.97,25.62,29.7,94.21,3.45,6.25,17.7,27.46,3000.0,17.7,27.46,2350.0,6.77,27.67,3100.0,14.36,27.87,1540.0,19.595714285714283,137.17,2317.8571428571427,27.442857142857143,13.102333333333332,393.07,2311.6666666666665,27.622,0,1,10,277,40,0
Tamilnadu,salem,Athur(Uzhavar Sandhai ),Potato,(Red Nanital),Local,3500.0,4500.0,4500.0,2025-03-02,28.65,0.13,22.53,36.53,62.08,2.45,21.96,0.13,28.65,5000.0,0.13,28.65,4800.0,0.13,28.65,4000.0,1.01,27.87,4000.0,0.13,0.91,4785.714285714285,28.65,0.482,14.46,4560.0,28.338,0,0,3,61,9,0
Tamilnadu,thanjavur,Pattukottai(Uzhavar Sandhai ),Potato,(Red Nanital),Local,4600.0,4600.0,4600.0,2024-12-17,23.28,4.08,21.49,25.6,90.12,3.83,9.7,4.08,23.28,5000.0,0.59,24.45,5000.0,37.2,25.97,5000.0,0.2,26.06,5000.0,2.4214285714285717,16.95,4914.285714285715,23.795714285714286,20.278666666666663,608.36,4966.666666666667,25.154666666666667,0,0,12,352,51,0
Uttar Pradesh,amethi,Sultanpur,Potato,Chandermukhi,FAQ,1490.0,1615.0,1530.0,2024-04-03,30.53,0.0,21.71,40.14,15.58,2.56,21.57,0.0,29.86,1525.0,0.0,30.34,1520.0,0.0,31.58,1510.0,0.0,26.98,1500.0,0.0,0.0,1720.7142857142858,30.092857142857135,0.0,0.0,1687.5,30.43566666666667,1,0,4,94,14,2
Rajasthan,kota,Kota (F&V),Potato,Other,FAQ,1500.0,2500.0,2000.0,2024-12-05,19.23,0.0,13.24,26.87,49.22,0.94,14.12,0.0,19.23,2000.0,0.0,16.28,2750.0,0.0,19.3,1750.0,0.0,22.17,2000.0,0.0,0.0,2646.428571428572,18.165714285714287,0.0,0.0,2194.1666666666665,18.110666666666667,1,0,12,340,49,0
Uttar Pradesh,jhansi,Chirgaon,Wheat,Dara,FAQ,2170.0,2300.0,2260.0,2023-07-29,28.23,11.79,25.94,31.0,87.49,2.39,18.55,11.79,28.23,2280.0,11.79,28.23,1250.0,11.79,28.23,1300.0,5.69,30.18,1240.0,11.79,82.53,3742.857142857143,28.23,9.553333333333336,286.6,3411.333333333333,28.945,0,0,7,210,30,1
Uttar Pradesh,chandauli,Chandoli,Onion,Red,FAQ,3900.0,4000.0,3950.0,2024-09-20,27.8,0.0,24.0,32.11,83.69,0.85,21.02,0.0,27.6,3825.0,11.13,25.7,3750.0,5.78,27.24,2210.0,13.5,28.73,2340.0,17.331428571428575,121.32000000000002,3120.0,26.93428571428572,8.181999999999999,245.46,3022.833333333333,27.711,0,1,9,264,38,1
Kerala,alappuzha,Mannar,Onion,Big,FAQ,2500.0,3000.0,2600.0,2023-07-08,27.21,9.47,26.23,28.34,83.54,3.76,12.8,20.9,27.06,2100.0,20.9,27.06,1700.0,18.67,27.35,2400.0,50.34,27.27,2300.0,19.26714285714285,134.86999999999998,4900.0,27.08142857142857,29.589,887.67,4776.666666666667,27.23166666666667,0,1,7,189,27,1
Gujarat,sabarkantha,Himatnagar,Wheat,Sonalika,FAQ,2200.0,2370.0,2285.0,2023-06-16,28.68,17.92,26.15,32.9,73.34,7.25,13.17,17.92,28.68,2178.0,0.04,31.81,2440.0,0.0,32.2,2425.0,0.18,31.53,2413.0,6.448571428571428,45.14,2234.1428571428573,30.67571428571429,1.592666666666667,47.78,2317.0,32.01,0,0,6,167,24,1
Kerala,ernakulam,Aluva,Potato,Potato,FAQ,3000.0,4000.0,3500.0,2025-02-16,29.61,0.0,25.72,34.66,62.53,1.54,23.63,0.0,29.61,4500.0,0.0,29.61,4500.0,0.0,29.61,4400.0,0.0,29.08,3700.0,0.0,0.0,3771.428571428572,29.61,0.0,0.0,4113.333333333333,29.398000000000003,1,0,2,47,7,0
Madhya Pradesh,shajapur,Akodiya,Onion,1st Sort,FAQ,300.0,2451.0,1750.0,2023-10-03,24.91,0.0,18.64,31.86,68.91,1.69,21.11,0.0,24.91,2355.0,0.0,25.4,2030.0,0.0,25.6,1450.0,0.0,26.46,1505.0,0.0,0.0,1807.857142857143,25.03,0.0,0.0,2096.7,25.691666666666663,1,0,10,276,40,0
Orissa,bhadrak,Chandabali,Potato,Other,FAQ,1320.0,1750.0,1500.0,2025-04-21,29.8,10.71,27.48,33.43,83.93,4.03,22.0,21.77,29.76,1500.0,16.49,29.16,1540.0,4.83,28.95,1480.0,0.13,30.6,1480.0,16.195714285714285,113.37,1918.571428571429,29.505714285714287,7.912000000000001,237.36,2121.0,29.17933333333333,0,1,4,111,17,2
Punjab,ludhiana,Ludhiana,Onion,Other,FAQ,1000.0,2400.0,1750.0,2023-09-09,28.27,1.12,23.53,33.02,77.62,1.23,20.41,1.12,28.27,2415.0,0.21,28.27,2000.0,0.21,28.27,1000.0,0.16,28.14,1000.0,0.4699999999999918,3.289999999999943,2175.8571428571427,28.27,0.1976666666666666,5.93,1541.4666666666667,28.41533333333333,1,0,9,252,36,1
Uttar Pradesh,gonda,Gonda,Potato,Chandermukhi,FAQ,2450.0,2520.0,2475.0,2024-08-22,28.1,3.25,25.36,32.06,87.83,1.3,13.76,3.25,28.1,3400.0,13.52,28.0,2450.0,48.95,29.3,3550.0,3.38,29.35,3300.0,3.427142857142857,23.99,3079.285714285714,27.9,10.766333333333334,322.99,2909.833333333333,28.97133333333333,0,0,8,235,34,1
Uttar Pradesh,bulandshahar,Siyana,Potato,Desi,FAQ,600.0,700.0,650.0,2024-02-26,18.28,0.0,9.89,27.76,33.2,2.09,12.56,0.0,17.31,650.0,0.0,17.31,3000.0,0.0,17.01,1450.0,0.0,15.79,650.0,0.0,0.0,1072.857142857143,17.448571428571427,0.0,0.0,1242.0,17.131666666666668,1,0,2,57,9,0
Nagaland,kiphire,Kipheri,Tomato,Local,FAQ,2430.0,2610.0,2520.0,2023-06-15,21.63,20.0,17.72,26.94,83.48,0.22,7.45,16.89,22.86,2640.0,24.39,24.03,3340.0,2.45,23.79,3200.0,2.45,23.79,3200.0,11.61285714285714,81.28999999999999,2751.428571428572,22.345714285714287,12.014444444444443,108.13,2866.6666666666665,22.69333333333333,0,0,6,166,24,1
Uttar Pradesh,saharanpur,Deoband,Onion,Red,FAQ,2000.0,3000.0,2500.0,2023-12-05,17.87,0.19,13.82,24.87,60.06,1.44,12.9,0.19,17.87,1900.0,0.53,17.79,1231.0,0.01,17.88,900.0,0.34,18.67,3229.0,0.4328571428571428,3.03,2227.714285714286,17.812857142857144,0.2206666666666666,6.62,2038.2666666666669,18.076666666666668,1,0,12,339,49,0
Rajasthan,udaipur,Udaipur (F&V),Onion,Other,FAQ,1500.0,3200.0,2350.0,2024-07-19,29.52,0.47,25.18,35.26,73.0,2.38,17.83,3.32,29.81,2350.0,8.74,29.79,2400.0,2.24,28.33,2050.0,4.11,28.73,2000.0,5.935714285714285,41.55,2207.1428571428573,29.92571428571429,4.630333333333334,138.91,2126.6666666666665,29.14633333333333,0,0,7,201,29,1
Himachal Pradesh,mandi,Dhanotu (Mandi),Onion,Other,FAQ,1800.0,2400.0,2100.0,2023-08-01,24.43,1.75,21.68,28.09,89.39,2.08,23.25,1.75,24.43,1700.0,4.53,23.9,1750.0,10.14,22.4,1800.0,6.57,23.47,1800.0,3.735714285714285,26.15,2742.8571428571427,24.05142857142857,7.081,212.43,3183.333333333333,23.265666666666664,0,0,8,213,31,1
Uttar Pradesh,banda,Baberu,Tomato,Hybrid,FAQ,1080.0,1225.0,1150.0,2023-06-11,38.17,0.02,30.9,44.77,27.45,4.02,26.12,0.02,38.17,960.0,0.02,38.17,950.0,0.23,36.73,1050.0,0.0,37.58,2200.0,0.02,0.14,1054.2857142857142,38.17,0.0903333333333333,2.71,1195.5,37.44533333333333,1,0,6,162,23,1
Haryana,rohtak,Rohtak,Potato,Other,FAQ,500.0,1000.0,700.0,2025-03-18,22.67,0.0,14.4,32.53,34.73,1.8,23.54,0.0,22.55,700.0,0.09,23.4,1200.0,0.07,26.6,700.0,0.0,23.11,1000.0,0.0128571428571418,0.0899999999999928,1514.2857142857142,22.68857142857143,0.048,1.44,1393.3333333333333,24.180333333333333,1,0,3,77,12,0
Rajasthan,hanumangarh,Hanumangarh,Onion,1st Sort,FAQ,1900.0,1900.0,1900.0,2023-07-06,30.87,9.99,27.6,34.38,72.91,2.18,13.21,9.99,30.87,2154.0,9.99,30.87,2137.0,9.99,30.87,1000.0,9.91,32.84,1900.0,9.99,69.93,1604.857142857143,30.87,9.958,298.74,1960.7,31.658000000000005,0,0,7,187,27,1
Haryana,kaithal,Pundri,Potato,Other,FAQ,500.0,600.0,550.0,2023-12-24,14.52,0.0,9.82,23.3,55.74,1.19,11.93,0.0,14.71,680.0,0.0,14.71,2950.0,0.0,13.71,2150.0,0.0,12.44,2400.0,0.0,0.0,1272.857142857143,14.682857142857143,0.0,0.0,1349.1666666666667,13.187333333333337,1,0,12,358,51,0
Uttar Pradesh,gonda,Gonda,Potato,Chandermukhi,FAQ,1050.0,1100.0,1070.0,2023-06-23,35.53,1.16,30.84,40.53,50.06,1.75,17.28,1.18,34.45,2350.0,1.18,34.45,1070.0,7.57,33.84,1260.0,0.95,38.49,1750.0,1.1771428571428573,8.24,1677.142857142857,34.60428571428572,3.525666666666667,105.77,1591.6666666666667,35.584,0,0,6,174,25,1
Madhya Pradesh,hoshangabad,Banapura,Wheat,Mill Quality,FAQ,2020.0,2245.0,2199.0,2023-06-30,25.86,8.55,22.83,29.64,85.61,4.86,13.27,8.55,25.86,1000.0,8.55,25.86,1060.0,17.53,26.66,1000.0,34.56,25.9,2110.0,8.55,59.85000000000001,1823.142857142857,25.86,13.591,407.73,1684.4666666666667,26.376,0,0,6,181,26,1
Punjab,patiala,Rajpura,Potato,Other,FAQ,400.0,600.0,450.0,2024-01-14,10.1,0.0,4.09,19.38,51.7,1.97,9.45,0.0,10.1,2000.0,0.0,10.67,2700.0,0.0,9.75,2000.0,0.0,11.41,1600.0,0.0,0.0,1254.2857142857142,11.23857142857143,0.0,0.0,1331.0,11.052666666666664,1,0,1,14,2,0
Uttar Pradesh,shahjahanpur,Tilhar,Onion,Red,FAQ,3770.0,3870.0,3820.0,2024-10-29,24.98,0.0,20.63,30.47,80.73,1.22,15.78,0.0,24.98,1985.0,0.0,24.9,3880.0,0.0,24.68,3840.0,0.0,25.66,3850.0,0.0,0.0,2712.8571428571427,24.945714285714285,0.0,0.0,2883.6666666666665,24.842666666666663,1,0,10,303,44,0
Andhra Pradesh,hyderabad,Gudimalkapur,Onion,1st Sort,FAQ,800.0,4000.0,2200.0,2023-10-24,26.58,0.0,18.96,35.74,48.6,2.49,22.2,0.0,26.58,1400.0,0.0,28.88,1750.0,0.05,28.8,3800.0,0.0,28.89,1600.0,0.0,0.0,1728.571428571429,27.16857142857143,0.014,0.42,2115.0,28.448666666666664,1,0,10,297,43,0
Punjab,patiala,Rajpura,Potato,Other,FAQ,400.0,850.0,600.0,2023-12-17,13.58,0.0,9.32,21.42,55.05,1.78,13.04,0.0,13.98,2000.0,0.0,13.98,900.0,0.0,13.96,600.0,0.0,13.94,480.0,0.0,0.0,1625.7142857142858,13.922857142857142,0.0,0.0,1722.3333333333333,13.700666666666669,1,0,12,351,50,0
Kerala,kollam,Chathanoor,Potato,Other,FAQ,4800.0,5200.0,5000.0,2024-07-18,25.07,5.35,23.73,26.98,91.84,2.57,12.43,5.35,25.07,4000.0,16.55,25.09,4500.0,24.98,25.21,3500.0,11.33,25.8,4400.0,13.350000000000003,93.45000000000002,4671.428571428572,25.08428571428572,17.752,532.56,4616.666666666667,25.261333333333333,0,0,7,200,29,1
Uttar Pradesh,rampur,Tanda(Rampur),Tomato,Deshi,FAQ,1000.0,1100.0,1050.0,2023-06-26,29.74,7.83,26.46,33.01,71.42,1.64,18.31,27.04,29.08,1160.0,14.88,30.43,1240.0,0.93,33.65,1175.0,2.5,32.49,950.0,19.08428571428572,133.59,1286.428571428571,29.752857142857145,7.274333333333333,218.23,1322.3333333333333,32.33866666666667,0,1,6,177,26,1
Tamilnadu,sivaganga,Karaikudi(Uzhavar Sandhai ),Onion,Bellary,Local,5500.0,6500.0,6500.0,2024-09-16,31.57,0.0,25.53,38.55,55.09,2.84,24.04,0.0,31.57,6400.0,0.22,31.17,6600.0,0.22,31.17,6000.0,1.36,30.77,6000.0,0.0314285714285719,0.2200000000000037,6414.285714285715,31.512857142857143,0.6713333333333333,20.14,6220.0,30.946666666666665,0,0,9,260,38,1
Tamilnadu,vellore,Katpadi (Uzhavar Sandhai ),Onion,Bellary,Local,6000.0,6500.0,6500.0,2024-11-02,24.18,2.86,21.02,28.77,86.49,1.73,16.0,2.86,24.18,4400.0,0.89,24.45,4500.0,0.89,24.45,6000.0,2.04,25.05,5800.0,2.2971428571428567,16.08,5471.428571428572,24.25714285714286,2.1866666666666665,65.6,5263.333333333333,24.688333333333333,0,0,11,307,44,0
Uttar Pradesh,maharajganj,Partaval,Onion,Red,FAQ,2100.0,2250.0,2170.0,2025-02-12,20.77,0.0,13.06,30.5,33.52,2.3,18.01,0.0,20.77,1360.0,0.0,20.49,1500.0,0.0,19.35,1600.0,0.0,16.2,1125.0,0.0,0.0,1872.857142857143,20.69,0.0,0.0,1757.3333333333333,18.97433333333333,1,0,2,43,7,0
Bihar,sheohar,Sheohar,Potato,Jyoti,FAQ,1800.0,2100.0,2000.0,2023-08-23,28.87,12.19,26.45,31.24,88.1,1.17,7.84,19.71,29.15,3100.0,1.73,29.59,2900.0,26.25,29.4,2800.0,33.05,29.23,1900.0,10.747142857142858,75.23,2400.0,28.79,17.632,528.96,2336.6666666666665,29.010666666666665,0,0,8,235,34,1
Kerala,alappuzha,Kayamkulam,Onion,Big,FAQ,3700.0,3900.0,3800.0,2024-07-14,27.66,20.56,26.39,28.88,84.68,5.59,12.12,20.56,27.66,3600.0,23.25,27.24,5500.0,16.25,27.52,4100.0,14.99,27.01,4000.0,22.481428571428573,157.37,4442.857142857143,27.36,14.249666666666666,427.49,4490.0,27.374,0,1,7,196,28,1
Maharashtra,ahmednagar,Shevgaon,Onion,Other,FAQ,500.0,1800.0,1550.0,2024-07-20,25.19,1.3,23.37,28.34,84.17,5.87,11.4,1.3,25.19,2150.0,1.3,25.19,2850.0,0.38,26.0,2350.0,4.53,24.26,2700.0,1.3,9.1,2235.714285714286,25.19,0.8039999999999999,24.12,2411.5333333333333,25.643000000000004,0,0,7,202,29,1
Uttar Pradesh,jaunpur,Jaunpur,Onion,Red,FAQ,1550.0,1650.0,1600.0,2025-04-15,30.58,0.05,23.59,37.78,43.77,2.35,22.57,0.05,30.58,1240.0,4.07,28.79,1625.0,0.2,31.01,1620.0,0.01,30.05,3300.0,1.772857142857143,12.41,1750.0,29.812857142857144,1.290333333333333,38.71,2000.3333333333333,30.030666666666665,0,0,4,105,16,2
Maharashtra,jalgaon,Bhusaval,Onion,Other,FAQ,1400.0,1800.0,1600.0,2023-08-29,26.91,0.0,22.02,32.64,76.59,2.46,21.31,0.0,26.91,2505.0,0.0,26.66,1100.0,6.46,27.03,2300.0,1.61,26.77,1500.0,0.0,0.0,2306.285714285714,26.767142857142854,2.2056666666666667,66.17,2012.8666666666663,26.819000000000003,0,0,8,241,35,1
Tamilnadu,krishnagiri,Denkanikottai(Uzhavar Sandhai ),Potato,(Red Nanital),Local,4000.0,4500.0,4500.0,2024-09-15,26.02,0.0,20.97,33.37,69.47,3.63,22.2,0.0,26.02,4000.0,0.0,26.05,4500.0,0.0,25.98,5000.0,0.01,24.89,5500.0,0.0,0.0,5000.0,26.032857142857143,0.002,0.0600000000000001,5216.666666666667,25.790666666666667,1,0,9,259,37,1
Tamilnadu,cuddalore,Cuddalore(Uzhavar Sandhai ),Onion,Bellary,Local,3000.0,4500.0,4500.0,2025-03-26,29.0,0.1,23.38,36.38,64.93,1.84,25.08,0.14,28.64,3500.0,0.14,28.64,3000.0,0.23,29.11,4000.0,0.08,29.3,4000.0,0.1342857142857142,0.94,3942.857142857143,28.69142857142857,0.4589999999999996,13.769999999999987,3730.0,28.991333333333333,0,0,3,85,13,0
Kerala,alappuzha,Aroor,Onion,Big,FAQ,4500.0,4700.0,4600.0,2023-12-04,28.49,1.23,27.74,29.24,83.82,3.39,16.6,1.23,28.49,5800.0,11.87,28.33,4000.0,15.85,27.57,4000.0,12.87,28.47,7000.0,2.75,19.25,5214.285714285715,28.467142857142854,11.832666666666665,354.98,4640.0,28.040000000000003,0,0,12,338,49,0
Uttar Pradesh,bareilly,Bareilly,Potato,Potato,Non-FAQ,975.0,1025.0,1000.0,2025-06-02,32.42,1.5,27.71,38.71,40.23,2.02,22.57,1.5,32.42,1240.0,0.05,33.73,1000.0,0.01,33.58,900.0,0.31,34.62,2865.0,0.6714285714285715,4.7,1404.2857142857142,33.16857142857143,0.2423333333333333,7.27,1478.8333333333333,33.75666666666667,1,0,6,153,23,1
Madhya Pradesh,jhabua,Petlawad,Potato,Potato,FAQ,1300.0,1500.0,1414.0,2023-09-01,25.93,0.0,21.69,30.89,81.7,1.66,23.05,0.0,25.93,2256.0,0.0,25.34,1200.0,0.0,25.0,1300.0,0.01,25.84,2100.0,0.0,0.0,1925.571428571429,25.50857142857143,0.0003333333333333,0.01,1724.4666666666667,25.237,1,0,9,244,35,1
Tamilnadu,dharmapuri,AJattihalli(Uzhavar Sandhai ),Onion,Bellary,Local,5600.0,5800.0,5800.0,2024-09-08,26.1,0.22,21.94,31.8,77.2,2.6,18.2,0.03,25.69,6000.0,0.03,25.69,6000.0,0.06,26.12,5000.0,0.18,26.11,4600.0,0.0571428571428571,0.4,5371.428571428572,25.74857142857143,0.0913333333333333,2.74,5400.0,25.973,1,0,9,252,36,1
Gujarat,surendranagar,Chotila,Wheat,Local,FAQ,2000.0,2800.0,2400.0,2023-11-04,28.14,0.0,22.22,35.08,43.22,1.21,16.83,0.0,28.4,2342.0,0.0,26.81,2400.0,0.0,28.11,2400.0,0.0,27.52,1750.0,0.0,0.0,2113.1428571428573,27.87,0.0,0.0,2213.0666666666666,27.619666666666664,1,0,11,308,44,0
Haryana,yamuna nagar,Jagadhri,Onion,Other,FAQ,1600.0,1800.0,1700.0,2024-04-17,27.58,0.0,19.5,35.78,32.12,3.86,27.02,0.0,27.58,1000.0,0.0,27.58,2000.0,0.0,28.7,1900.0,0.23,27.02,1200.0,0.0,0.0,1385.7142857142858,27.58,0.08,2.4,1630.0,28.290333333333333,1,0,4,108,16,2
Tamilnadu,vellore,Gudiyatham(Uzhavar Sandhai ),Onion,Bellary,Local,5000.0,5000.0,5000.0,2024-11-20,21.8,0.0,18.37,27.15,85.54,2.14,13.38,0.0,21.8,6000.0,0.0,21.8,7000.0,0.0,22.74,5500.0,0.71,23.45,6600.0,0.0,0.0,5657.142857142857,21.8,0.0066666666666666,0.2,5556.666666666667,22.58333333333333,1,0,11,325,47,0
Punjab,muktsar,Malout,Potato,Potato,FAQ,700.0,900.0,800.0,2023-08-26,31.27,3.27,25.99,36.46,63.49,0.84,20.88,4.51,31.58,800.0,4.51,31.58,800.0,0.0,33.62,700.0,0.2,30.95,1300.0,4.332857142857143,30.33,1257.142857142857,31.53571428571428,1.4696666666666665,44.09,1503.3333333333333,32.594,0,0,8,238,34,1
Tamilnadu,coimbatore,Sundarapuram(Uzhavar Sandhai ),Onion,Bellary,Local,5200.0,5600.0,5600.0,2024-09-18,24.43,0.0,20.11,30.17,80.47,2.27,24.06,0.0,24.43,5600.0,0.0,24.43,6000.0,0.01,24.92,5500.0,0.01,24.8,6200.0,0.0,0.0,6000.0,24.43,0.0066666666666666,0.2,5960.0,24.744666666666667,1,0,9,262,38,1
Delhi,delhi,Keshopur,Potato,Potato,FAQ,1400.0,2600.0,1950.0,2024-11-19,18.59,0.0,12.33,26.37,48.16,1.65,9.48,0.0,18.59,3469.0,0.0,19.08,3594.0,0.0,21.13,2200.0,0.0,23.76,2100.0,0.0,0.0,2693.5714285714284,18.66,0.0,0.0,2828.9,20.772,1,0,11,324,47,0
Uttar Pradesh,banda,Banda,Tomato,Hybrid,FAQ,5950.0,6030.0,6000.0,2023-07-02,30.48,2.0,26.76,34.94,74.77,3.33,18.25,2.0,30.48,1230.0,2.0,30.48,2160.0,8.46,29.47,1225.0,52.78,29.18,5010.0,2.0,14.0,2650.714285714286,30.48,13.542666666666666,406.28,2397.0,29.6,0,0,7,183,26,1
Uttar Pradesh,agra,Fatehabad,Onion,Red,FAQ,2000.0,2200.0,2100.0,2024-10-12,25.8,0.0,21.72,30.71,77.33,1.52,17.96,0.0,25.8,1650.0,0.0,25.96,2700.0,0.0,26.25,4000.0,0.0,26.87,1750.0,0.0,0.0,2027.142857142857,25.868571428571425,0.0,0.0,2443.1666666666665,26.030666666666665,1,0,10,286,41,0
Chhattisgarh,bilaspur,Tiphra,Potato,Other,FAQ,4000.0,4500.0,4300.0,2024-09-18,26.04,0.12,22.96,29.81,88.78,1.91,14.98,3.73,25.71,4400.0,5.1,25.47,2300.0,1.54,26.69,4500.0,23.38,27.52,4100.0,5.097142857142857,35.68,3842.857142857143,25.685714285714287,10.219,306.57,3536.6666666666665,26.375333333333334,0,0,9,262,38,1
Uttar Pradesh,prayagraj,Jasra,Potato,Desi,FAQ,950.0,1110.0,1025.0,2023-09-14,28.6,2.56,26.03,31.19,87.56,1.17,18.39,3.55,27.65,2200.0,2.44,29.14,1040.0,12.35,28.02,1080.0,7.38,28.29,2250.0,3.091428571428571,21.64,1831.4285714285716,28.21142857142857,7.552,226.56,1800.1666666666667,28.354666666666667,0,0,9,257,37,1
Madhya Pradesh,khandwa,Khandwa,Wheat,Lok-1,FAQ,2360.0,2827.0,2500.0,2023-08-07,25.91,0.37,22.62,30.58,83.95,4.2,10.73,2.42,25.36,2300.0,3.34,25.79,700.0,19.74,24.36,2460.0,3.04,26.63,2387.0,2.39,16.729999999999997,1524.571428571429,25.56142857142857,7.215666666666666,216.47,1780.9,25.785,0,0,8,219,32,1
Uttar Pradesh,barabanki,Safdarganj,Wheat,Dara,FAQ,2200.0,2300.0,2250.0,2023-09-28,27.91,0.0,24.01,32.09,80.24,1.18,17.35,0.02,28.18,1150.0,0.66,27.78,2050.0,1.62,27.67,1150.0,4.14,28.67,2020.0,0.0171428571428571,0.12,1760.0,28.141428571428573,1.015,30.45,1805.8333333333333,27.805,0,0,9,271,39,1
Madhya Pradesh,shajapur,Kalapipal,Onion,Onion,FAQ,2000.0,2000.0,2000.0,2024-10-28,22.33,0.0,16.52,29.17,80.9,1.42,19.3,0.0,22.65,1100.0,0.0,22.6,5100.0,0.0,22.76,3500.0,0.55,24.2,3921.0,0.0,0.0,2815.428571428572,22.947142857142858,0.0366666666666667,1.100000000000001,3224.733333333333,23.122000000000003,1,0,10,302,44,0
Rajasthan,alwar,Alwar (F&V),Onion,Other,FAQ,4000.0,4800.0,4400.0,2024-09-21,28.13,0.0,24.49,31.73,82.56,0.97,19.54,0.01,27.8,2200.0,0.0,26.38,4200.0,14.04,27.35,2000.0,11.83,28.3,2400.0,2.768571428571428,19.38,3514.285714285714,27.055714285714288,8.885666666666667,266.57,3310.0,27.435,0,0,9,265,38,1
Rajasthan,hanumangarh,Rawatsar,Onion,1st Sort,FAQ,2500.0,2500.0,2500.0,2024-07-10,35.67,0.09,29.87,41.46,51.43,1.74,23.46,0.09,35.67,3100.0,0.0,34.63,3000.0,0.0,34.63,1800.0,56.06,32.35,3500.0,0.09,0.63,2300.0,35.67,5.657,169.71,2375.9666666666667,34.251333333333335,0,0,7,192,28,1
Madhya Pradesh,morena,Sabalgarh(F&V),Potato,Desi,Non-FAQ,500.0,600.0,550.0,2025-04-16,31.97,0.0,24.44,39.46,28.2,1.98,23.22,0.0,30.98,950.0,0.95,31.13,1000.0,0.01,33.43,950.0,0.0,31.92,1100.0,0.0028571428571448,0.0200000000000142,714.2857142857143,31.138571428571428,0.0693333333333333,2.08,883.6666666666666,32.12133333333333,1,0,4,106,16,2
Chhattisgarh,bilaspur,Bilaspur,Potato,Other,FAQ,1300.0,3200.0,2000.0,2023-10-14,25.77,0.0,21.88,30.62,68.12,0.55,20.04,0.0,25.77,2500.0,0.15,26.28,1700.0,0.0,26.21,1800.0,0.0,24.22,2700.0,0.0642857142857142,0.4499999999999999,2221.428571428572,25.98857142857143,0.056,1.68,1994.0666666666664,26.125,1,0,10,287,41,0
Uttar Pradesh,maharajganj,Gadaura,Potato,Red,FAQ,1100.0,1300.0,1200.0,2025-05-08,33.92,2.5,28.42,40.06,37.35,1.84,20.84,2.5,33.92,1400.0,2.5,33.92,2950.0,1.98,34.09,1400.0,0.7,33.04,1600.0,2.5,17.5,1812.142857142857,33.92,1.9346666666666663,58.04,1781.8333333333333,33.585,0,0,5,128,19,2
Tamilnadu,cuddalore,Viruthachalam(Uzhavar Sandhai ),Onion,Bellary,Local,2500.0,2500.0,2500.0,2025-05-06,30.74,0.88,26.61,36.39,69.61,1.71,22.96,10.1,29.58,3000.0,10.1,29.58,3000.0,4.45,31.35,3000.0,0.35,31.95,3500.0,8.782857142857143,61.48,3142.8571428571427,29.74571428571428,3.858666666666666,115.76,3156.6666666666665,31.156666666666663,0,0,5,126,19,2
Haryana,kaithal,Dhand,Onion,Other,FAQ,2000.0,2200.0,2150.0,2025-03-26,28.63,0.0,19.93,38.68,27.48,1.29,21.78,0.0,28.63,2500.0,0.0,28.63,1900.0,0.0,26.14,1900.0,0.0,24.33,460.0,0.0,0.0,1175.0,28.63,0.0,0.0,1300.3333333333333,26.260666666666665,1,0,3,85,13,0
Tamilnadu,dharmapuri,AJattihalli(Uzhavar Sandhai ),Onion,Bellary,Local,6000.0,6800.0,6800.0,2024-11-26,22.12,3.64,19.57,25.83,88.77,2.06,6.99,3.64,22.12,5000.0,3.64,22.12,6000.0,0.0,22.29,6000.0,0.01,22.91,5000.0,3.64,25.48,5600.0,22.12,1.0956666666666668,32.870000000000005,5580.0,22.609666666666666,0,0,11,331,48,0
Uttar Pradesh,etawah,Jasvantnagar,Potato,Potato,FAQ,1000.0,1200.0,1100.0,2025-03-04,22.56,0.0,15.88,31.6,31.76,3.29,21.26,0.0,22.56,2750.0,0.0,23.06,2650.0,0.31,23.59,1050.0,0.0,23.4,2540.0,0.0,0.0,1827.857142857143,22.845714285714283,0.0633333333333333,1.9,1867.5,23.290666666666663,1,0,3,63,10,0
Rajasthan,ganganagar,Sriganganagar (F&V),Onion,Other,FAQ,4700.0,5100.0,4900.0,2024-10-07,27.13,0.0,23.39,32.58,73.52,0.79,20.02,0.39,26.74,2000.0,0.0,27.06,4100.0,0.0,27.22,1800.0,0.17,27.47,4800.0,0.2714285714285717,1.900000000000002,3457.1428571428573,26.79,0.5183333333333333,15.55,3080.0,27.27133333333333,0,0,10,281,41,0
Punjab,amritsar,Amritsar(Amritsar Mewa Mandi),Onion,Onion,FAQ,500.0,1200.0,700.0,2023-06-27,31.4,2.04,27.01,35.35,66.86,0.92,23.71,2.04,31.4,800.0,82.31,29.35,600.0,0.12,37.52,800.0,0.91,37.31,600.0,13.507142857142858,94.55,1157.142857142857,31.107142857142858,17.078333333333333,512.35,950.0,34.657333333333334,0,0,6,178,26,1
Kerala,kottayam,Ettumanoor,Onion,Big,FAQ,2400.0,2600.0,2500.0,2024-05-06,28.97,0.18,25.37,34.31,68.98,0.83,22.62,0.18,28.97,2900.0,0.72,28.86,6800.0,0.0,29.46,2700.0,0.0,29.76,6800.0,0.3342857142857145,2.3400000000000016,3714.285714285714,28.93857142857143,0.105,3.15,4120.0,29.37833333333333,1,0,5,127,19,2
West Bengal,hooghly,Kalipur,Onion,Nasik,FAQ,4300.0,4500.0,4400.0,2024-09-05,28.35,2.33,25.43,31.45,88.49,1.3,20.67,2.33,28.35,4400.0,1.69,28.18,2400.0,6.62,28.74,2380.0,1.8,28.14,2400.0,1.9642857142857144,13.75,3551.428571428572,28.252857142857145,3.0503333333333336,91.51,3386.6666666666665,28.401,0,0,9,249,36,1
Uttar Pradesh,gonda,Nawabganj,Onion,Red,Non-FAQ,2700.0,2740.0,2720.0,2025-02-23,19.78,0.01,12.39,28.33,44.63,1.71,18.5,0.01,19.78,2800.0,0.0,20.55,2800.0,0.0,22.35,1050.0,0.02,20.39,2500.0,0.0042857142857142,0.03,2284.285714285714,20.22,0.0136666666666666,0.41,1969.3333333333333,20.891666666666666,1,0,2,54,8,0
Uttar Pradesh,jhansi,Chirgaon,Potato,Desi,FAQ,920.0,970.0,940.0,2024-02-24,20.05,0.0,11.34,28.75,30.78,2.09,17.48,0.0,20.05,1350.0,0.0,19.19,920.0,0.29,21.27,940.0,1.13,22.85,910.0,0.0,0.0,1108.571428571429,19.435714285714287,0.3980000000000002,11.940000000000005,1123.8333333333333,20.91666666666667,0,0,2,55,8,0
Haryana,panipat,Samalkha,Potato,Desi,FAQ,1500.0,1500.0,1500.0,2023-07-25,29.73,17.07,26.98,32.05,85.12,1.11,14.0,17.07,29.73,1300.0,1.27,29.89,1200.0,1.94,29.79,1200.0,3.23,30.99,1200.0,12.555714285714288,87.89000000000001,3271.428571428572,29.775714285714287,4.644,139.32,2190.0,29.858666666666668,0,0,7,206,30,1
Haryana,ambala,Ambala Cantt.,Potato,Other,FAQ,400.0,500.0,450.0,2024-02-04,13.79,14.31,8.86,18.75,72.41,1.29,2.32,14.31,13.79,1500.0,0.76,13.92,1100.0,0.12,12.09,450.0,19.8,12.23,1300.0,4.631428571428572,32.42,857.1428571428571,13.882857142857144,7.183333333333334,215.5,870.0,12.855333333333332,0,0,2,35,5,0
Haryana,yamuna nagar,Mustafabad,Onion,Other,FAQ,4000.0,4500.0,4200.0,2024-11-02,21.93,0.0,15.27,28.94,62.15,0.99,16.96,0.0,21.93,2200.0,0.0,22.44,2100.0,0.0,24.6,2000.0,0.0,24.65,4000.0,0.0,0.0,3085.714285714286,22.22142857142857,0.0,0.0,2795.0,23.704,1,0,11,307,44,0
Haryana,sonipat,Ganaur,Potato,Potato,FAQ,1500.0,2000.0,1800.0,2023-11-19,20.24,0.0,15.27,25.84,46.81,1.04,10.63,0.0,20.24,4500.0,0.0,20.13,4500.0,0.0,21.05,5600.0,0.0,18.89,4800.0,0.0,0.0,2528.5714285714284,20.224285714285717,0.0,0.0,2696.6666666666665,20.052,1,0,11,323,46,0
Haryana,panchkula,Barwala,Onion,Onion,FAQ,2500.0,2500.0,2500.0,2024-07-11,32.8,5.22,28.01,38.16,60.47,1.78,23.61,5.22,32.8,3000.0,5.05,32.16,1100.0,13.15,30.37,1500.0,26.74,30.39,1000.0,5.122857142857143,35.86,2142.8571428571427,32.434285714285714,7.334333333333333,220.03,1995.0,30.747666666666667,0,0,7,193,28,1
Karnataka,chikmagalur,Bagepalli,Onion,Onion,FAQ,2500.0,3000.0,2700.0,2023-08-18,22.28,7.43,19.87,26.02,86.71,1.37,15.55,1.4,22.88,1852.0,0.06,22.09,4876.0,0.59,23.42,1665.0,3.99,22.47,2000.0,1.44,10.08,1898.857142857143,22.365714285714283,1.465666666666667,43.97,2486.233333333333,22.80366666666667,0,0,8,230,33,1
Punjab,ludhiana,Sahnewal,Potato,Potato,FAQ,1200.0,1200.0,1200.0,2023-10-06,24.96,0.0,18.82,32.31,60.61,1.02,20.03,0.0,24.96,1500.0,0.0,24.96,1150.0,0.0,24.46,2300.0,0.0,24.24,2377.0,0.0,0.0,1563.428571428571,24.96,0.0,0.0,1502.3,24.586,1,0,10,279,40,0
Madhya Pradesh,ujjain,Ujjain,Potato,Potato,Non-FAQ,697.0,1152.0,700.0,2025-04-08,32.99,0.0,23.79,42.92,12.96,2.8,26.28,0.0,32.99,700.0,0.0,29.06,600.0,0.02,29.66,700.0,0.0,29.49,1400.0,0.0,0.0,964.2857142857144,32.45285714285715,0.0033333333333333,0.1,990.1666666666666,30.250333333333334,1,0,4,98,15,2
Uttar Pradesh,chandauli,Chandoli,Onion,Red,FAQ,2200.0,2260.0,2230.0,2023-09-17,28.54,0.82,24.45,32.43,79.11,1.17,15.13,0.82,28.54,2350.0,2.59,27.53,1550.0,4.35,28.83,2260.0,7.03,28.11,2270.0,1.510000000000001,10.570000000000006,1767.142857142857,28.23714285714286,4.376,131.28,1894.3333333333333,28.490666666666662,0,0,9,260,37,1
Kerala,kollam,Chathanoor,Potato,Other,FAQ,3800.0,4200.0,4000.0,2025-05-07,26.28,11.92,24.27,28.88,88.59,1.69,16.71,11.92,26.28,2900.0,2.99,27.02,2200.0,6.23,27.39,2500.0,21.34,27.18,4500.0,5.541428571428571,38.79,3328.5714285714284,26.80857142857143,11.211333333333332,336.34,3613.3333333333335,27.193666666666665,0,0,5,127,19,2
Kerala,ernakulam,Thrippunithura,Onion,Big,FAQ,3000.0,3200.0,3000.0,2024-03-19,31.16,0.03,27.89,36.22,60.15,2.12,25.46,0.03,31.16,3500.0,0.03,31.16,2500.0,0.04,30.32,2000.0,0.05,30.7,3500.0,0.03,0.21,3257.1428571428573,31.16,0.034,1.02,3176.6666666666665,30.709333333333333,1,0,3,79,12,0
 Punjab,fazilka,Abohar,Onion,Onion,FAQ,3500.0,4400.0,4000.0,2024-08-30,29.36,8.16,25.75,33.33,79.52,1.67,17.44,8.16,29.36,1800.0,5.89,28.98,3800.0,14.36,29.46,2000.0,1.6,32.72,1950.0,6.538571428571428,45.77,2771.428571428572,29.08857142857143,7.459333333333332,223.78,2893.333333333333,30.36733333333333,0,0,8,243,35,1
Uttar Pradesh,firozabad,Firozabad,Potato,Potato,FAQ,830.0,1130.0,950.0,2025-02-22,18.82,0.0,11.38,27.74,47.01,2.17,17.95,0.0,18.82,850.0,0.01,20.58,920.0,3.25,20.3,2290.0,0.0,20.22,960.0,0.0028571428571428,0.0199999999999999,1544.2857142857142,19.322857142857146,0.5433333333333338,16.300000000000015,1416.3333333333333,21.061333333333334,0,0,2,53,8,0
Tamilnadu,coimbatore,Vadavalli(Uzhavar Sandhai ),Potato,(Red Nanital),Local,3600.0,5000.0,5000.0,2025-01-24,22.06,0.0,16.85,28.94,72.53,2.24,22.52,0.0,22.06,5500.0,0.0,22.52,5900.0,0.0,22.23,5600.0,0.52,23.01,6000.0,0.0,0.0,5671.428571428572,22.322857142857146,0.0546666666666667,1.6400000000000037,5613.333333333333,22.23233333333333,1,0,1,24,4,0
Kerala,malappuram,Kondotty,Potato,Other,FAQ,2700.0,2900.0,2800.0,2024-01-03,23.96,4.67,20.56,27.69,81.98,1.0,8.58,4.67,23.96,3000.0,2.57,24.08,3350.0,2.57,24.08,2400.0,0.57,23.69,2250.0,4.37,30.59,2964.285714285714,23.97714285714286,1.897,56.91,2828.6666666666665,23.938666666666663,0,0,1,3,1,0
Uttar Pradesh,lalitpur,Lalitpur,Potato,Local,FAQ,2100.0,2200.0,2180.0,2024-11-28,16.72,0.0,12.16,23.16,64.68,1.37,15.11,0.0,16.72,3500.0,0.0,18.11,2120.0,0.0,16.7,3800.0,0.0,21.08,2250.0,0.0,0.0,2921.428571428572,17.384285714285713,0.0,0.0,3004.6666666666665,18.479666666666667,1,0,11,333,48,0
Uttar Pradesh,lalitpur,Lalitpur,Onion,Red,FAQ,3300.0,3500.0,3450.0,2024-11-25,18.11,0.0,12.01,24.99,62.79,1.1,15.08,0.0,18.11,2120.0,0.0,16.7,2200.0,0.0,20.01,3900.0,0.0,20.92,3860.0,0.0,0.0,2932.8571428571427,16.367142857142856,0.0,0.0,2997.6666666666665,19.265,1,0,11,330,48,0
Manipur,thoubal,Thoubal,Potato,Other,FAQ,2500.0,3000.0,2750.0,2023-12-15,13.95,0.0,7.96,23.01,66.65,0.24,15.3,0.01,13.47,2750.0,0.0,19.07,6750.0,0.0,19.67,2750.0,0.0,19.73,2750.0,2.117142857142856,14.819999999999991,4464.285714285715,15.918571428571427,0.494,14.82,5033.333333333333,18.258,0,0,12,349,50,0
Maharashtra,mumbai,Vashi New Mumbai,Potato,Other,FAQ,2000.0,3200.0,2600.0,2024-11-13,23.67,0.0,17.96,30.73,74.31,2.7,17.7,0.0,23.67,4450.0,0.0,24.93,2700.0,0.0,25.66,3700.0,1.97,27.64,2700.0,0.0,0.0,3707.142857142857,23.91857142857143,0.1226666666666666,3.68,3278.333333333333,25.44,1,0,11,318,46,0
Uttar Pradesh,sonbhadra,Dudhi,Potato,Other,FAQ,900.0,0.0,1000.0,2024-01-25,13.68,0.0,6.61,21.97,36.77,1.27,15.39,0.0,13.68,2500.0,0.0,14.07,1000.0,0.0,14.01,1100.0,0.1,14.53,1000.0,0.0,0.0,1745.0,13.674285714285714,0.0486666666666666,1.46,1703.1666666666667,14.012666666666666,1,0,1,25,4,0
Andhra Pradesh,hyderabad,Bowenpally,Potato,(Red Nanital),FAQ,1500.0,3100.0,2800.0,2024-08-14,29.23,0.3,24.97,33.79,73.97,0.95,21.11,0.3,29.23,3600.0,0.57,27.94,2200.0,0.57,27.94,3000.0,1.79,27.44,2800.0,0.3385714285714286,2.37,2671.428571428572,29.045714285714286,0.6240000000000001,18.72,2786.6666666666665,27.97,0,0,8,227,33,1
Gujarat,gandhinagar,Mansa,Wheat,Medium,FAQ,2365.0,2490.0,2400.0,2023-08-31,28.27,0.0,24.46,33.02,78.06,1.68,20.57,0.0,28.27,2450.0,0.0,27.61,2410.0,0.07,28.04,2462.0,1.22,27.02,2237.0,0.0,0.0,2395.714285714286,27.987142857142857,0.1663333333333333,4.99,2423.9333333333334,27.668333333333333,1,0,8,243,35,1
Tamilnadu,coimbatore,Singanallur(Uzhavar Sandhai ),Potato,(Red Nanital),Local,7800.0,8400.0,8400.0,2024-08-07,23.47,5.42,21.47,26.84,90.0,2.06,16.57,5.42,23.47,3700.0,5.42,23.47,6000.0,6.34,23.73,7500.0,2.68,23.66,5000.0,5.42,37.94,6542.857142857143,23.47,5.789333333333333,173.68,5546.666666666667,23.638666666666666,0,0,8,220,32,1
Rajasthan,tonk,Deoli,Wheat,Other,FAQ,2510.0,2560.0,2535.0,2023-10-31,25.7,0.0,19.89,33.77,45.21,1.36,15.31,0.0,25.7,2460.0,0.0,26.41,2475.0,0.0,26.03,2515.0,0.0,25.32,2385.0,0.0,0.0,2484.5714285714284,26.004285714285714,0.0,0.0,2488.9333333333334,25.657333333333334,1,0,10,304,44,0
Uttar Pradesh,bulandshahar,Jahangirabad,Potato,Desi,FAQ,1725.0,1915.0,1820.0,2024-06-01,38.63,0.01,30.83,45.9,15.77,2.59,19.92,0.01,38.63,2000.0,0.0,39.45,1250.0,0.0,39.45,1590.0,0.0,39.49,1700.0,0.0071428571428566,0.0499999999999964,1725.857142857143,38.864285714285714,0.0016666666666666,0.05,1572.3666666666666,39.32533333333334,1,0,6,153,22,1
Tamilnadu,theni,Kambam(Uzhavar Sandhai ),Onion,Bellary,Local,4400.0,4400.0,4400.0,2024-07-20,23.81,0.72,20.94,28.1,76.35,3.76,15.67,0.72,23.81,4200.0,0.72,23.81,4200.0,0.68,23.88,4500.0,2.01,23.09,4400.0,0.72,5.04,4428.571428571428,23.81,0.9163333333333334,27.49,4410.0,23.722666666666665,0,0,7,202,29,1
Uttar Pradesh,varanasi,Varanasi,Wheat,Dara,FAQ,2265.0,2340.0,2300.0,2023-07-15,31.4,39.32,27.8,34.94,75.51,1.42,16.9,12.89,31.66,1175.0,1.36,32.06,1165.0,10.76,31.91,2315.0,0.57,33.37,6500.0,13.371428571428572,93.6,3248.5714285714284,31.737142857142857,7.984,239.52,2876.0,32.04766666666667,0,0,7,196,28,1
Uttar Pradesh,mainpuri,Bewar,Potato,Local,FAQ,1300.0,1500.0,1400.0,2024-08-02,29.79,0.9,27.23,32.93,81.19,1.92,18.96,0.9,29.79,2870.0,12.7,30.77,2860.0,2.3,31.35,1400.0,1.02,29.59,2180.0,10.454285714285716,73.18,2451.428571428572,29.824285714285715,5.770333333333334,173.11,2327.6666666666665,30.405000000000005,0,0,8,215,31,1
Tamilnadu,ramanathapuram,Sivagangai,Potato,(Red Nanital),Local,50.0,60.0,60.0,2024-07-03,29.53,0.17,25.87,34.12,69.89,2.7,21.16,0.17,29.53,60.0,2.69,29.36,50.0,0.89,28.73,70.0,4.33,29.37,62.0,0.5157142857142857,3.61,59.57142857142857,29.33142857142857,1.2226666666666666,36.68,61.766666666666666,29.254666666666665,0,0,7,185,27,1
Punjab,gurdaspur,Dinanagar,Onion,Other,FAQ,1600.0,1800.0,1800.0,2024-03-08,16.32,0.01,10.11,23.72,50.67,1.28,20.69,0.48,14.9,700.0,0.01,13.74,1700.0,0.0,13.27,1200.0,6.22,15.94,1700.0,0.4128571428571418,2.889999999999993,1328.571428571429,15.102857142857143,5.328333333333334,159.85000000000002,1250.0,14.082666666666665,0,0,3,68,10,0
Maharashtra,dhule,Sakri,Onion,Red,FAQ,1800.0,2750.0,2500.0,2024-07-11,26.71,3.93,23.15,31.11,81.64,4.41,15.72,3.93,26.71,2500.0,9.25,27.59,2300.0,2.53,32.9,1810.0,0.0,34.3,1300.0,3.9171428571428577,27.420000000000005,2610.714285714286,27.044285714285717,1.8193333333333332,54.580000000000005,1989.0,30.988666666666667,0,0,7,193,28,1
Punjab,jalandhar,Noor Mehal,Potato,Other,FAQ,900.0,1000.0,950.0,2023-12-16,12.46,0.05,9.13,19.49,64.17,1.09,10.71,0.05,12.46,2900.0,0.0,13.0,3400.0,0.0,12.28,850.0,0.0,12.72,3400.0,0.0214285714285719,0.1500000000000035,1898.571428571429,12.76857142857143,0.005,0.15,1690.6666666666667,12.789,1,0,12,350,50,0
Kerala,kottayam,Thalayolaparambu,Potato,Other,FAQ,2900.0,3200.0,3000.0,2025-03-17,25.69,14.55,23.3,30.38,84.21,0.54,17.73,14.55,25.69,3200.0,14.55,25.69,2400.0,14.55,25.69,3400.0,0.03,27.72,7500.0,14.55,101.85,4385.714285714285,25.69,8.770999999999999,263.13,3860.0,26.467666666666663,0,1,3,76,12,0
Rajasthan,udaipur,Udaipur (F&V),Potato,Other,FAQ,800.0,1200.0,1000.0,2023-07-22,28.08,23.42,25.39,31.49,86.09,2.37,16.53,23.42,28.08,1100.0,7.04,27.97,2050.0,9.72,26.64,2050.0,1.11,26.71,2450.0,18.17,127.19,2900.0,28.107142857142858,8.923333333333334,267.7,2301.6666666666665,26.894333333333336,0,1,7,203,29,1
Uttar Pradesh,kaushambi,Bharwari,Potato,Desi,FAQ,1250.0,1390.0,1330.0,2025-01-12,15.45,0.71,10.96,20.77,74.0,1.53,4.37,0.71,15.45,1340.0,0.0,14.88,1385.0,0.0,15.71,1390.0,7.71,17.43,1585.0,0.2028571428571428,1.42,1360.0,15.605714285714283,0.0486666666666666,1.46,1436.5,15.029333333333334,1,0,1,12,2,0
Maharashtra,pune,Manchar,Potato,Local,FAQ,1000.0,1500.0,1250.0,2023-12-05,21.68,0.01,17.4,27.91,75.98,2.37,14.57,0.01,21.68,1450.0,0.01,21.68,900.0,0.0,22.78,950.0,1.38,21.59,1500.0,0.01,0.07,2257.1428571428573,21.68,0.1796666666666666,5.39,2158.5,22.237666666666662,1,0,12,339,49,0
Punjab,amritsar,Rayya,Potato,Other,FAQ,700.0,700.0,700.0,2024-05-28,39.14,0.0,29.7,47.72,11.71,1.69,30.04,0.0,38.11,800.0,0.0,37.63,2450.0,0.12,37.22,500.0,0.0,36.8,1000.0,0.0,0.0,1150.0,38.25714285714286,0.2946666666666667,8.84,1358.3333333333333,37.49933333333333,1,0,5,149,22,2
Madhya Pradesh,rajgarh,Khujner,Wheat,147 Average,FAQ,2250.0,2370.0,2320.0,2023-07-29,26.63,3.84,24.53,30.77,84.44,3.67,14.96,3.84,26.63,2320.0,10.52,28.3,2100.0,1.86,28.85,2250.0,9.71,27.16,2250.0,8.611428571428572,60.28,1871.4285714285716,27.822857142857146,6.999,209.97,1810.7,28.106,0,0,7,210,30,1
Uttar Pradesh,sitapur,Mehmoodabad,Onion,Red,FAQ,3430.0,3470.0,3450.0,2024-09-01,28.87,1.21,26.67,32.01,86.85,1.7,10.22,1.21,28.87,2370.0,0.91,29.41,1900.0,2.57,29.22,3300.0,11.31,27.87,2340.0,1.038571428571432,7.270000000000024,3105.714285714286,29.178571428571427,4.33,129.9,2759.833333333333,28.741333333333333,0,0,9,245,35,1
Tamilnadu,salem,Hasthampatti(Uzhavar Sandhai ),Potato,(Red Nanital),Local,3800.0,7000.0,7000.0,2025-06-04,28.98,0.95,22.8,36.39,62.32,2.48,24.02,0.54,28.88,3400.0,0.54,28.88,3400.0,0.54,28.88,3800.0,0.19,28.95,3800.0,0.598571428571427,4.189999999999989,5000.0,28.89428571428571,0.4720000000000001,14.160000000000002,4126.666666666667,28.89966666666667,0,0,6,155,23,1
West Bengal,murshidabad,Beldanga,Potato,Jyoti,FAQ,1250.0,1300.0,1270.0,2024-03-22,24.3,0.01,17.28,30.89,50.71,1.11,19.62,0.01,24.3,1370.0,19.09,22.54,1200.0,0.74,27.63,1575.0,0.01,28.68,800.0,3.8957142857142855,27.27,1326.428571428571,23.288571428571423,4.418666666666667,132.56,1343.0,26.111,0,0,3,82,12,0
Rajasthan,sikar,Sikar,Onion,Onion,FAQ,400.0,800.0,600.0,2025-05-17,36.0,0.0,28.56,43.27,29.32,5.31,26.0,0.0,35.5,1000.0,9.95,32.11,1000.0,2.09,29.7,1050.0,0.0,33.31,600.0,0.008571428571429,0.0600000000000035,821.4285714285714,35.028571428571425,2.087333333333333,62.62,818.3333333333334,32.284333333333336,0,0,5,137,20,2
Uttar Pradesh,hardoi,Sandila,Onion,Red,FAQ,2520.0,2600.0,2560.0,2025-03-15,28.84,0.01,20.57,37.27,25.35,1.29,20.06,0.01,28.84,1100.0,0.01,28.84,1080.0,0.0,28.55,1050.0,0.0,26.33,2600.0,0.01,0.07,1718.571428571429,28.84,0.0196666666666666,0.5899999999999997,1877.1666666666667,27.96033333333333,1,0,3,74,11,0
Madhya Pradesh,dhar,Gandhwani,Wheat,Mill Quality,FAQ,2685.0,2700.0,2685.0,2024-02-05,23.93,0.0,17.25,32.75,43.49,2.21,18.55,0.0,23.93,2400.0,0.0,23.37,2500.0,0.0,22.14,2400.0,0.0,20.96,2000.0,0.0,0.0,1942.857142857143,24.37,0.0,0.0,2138.7,22.517,1,0,2,36,6,0
Uttar Pradesh,ghaziabad,Noida,Potato,Desi,FAQ,2260.0,2380.0,2310.0,2024-09-02,27.19,2.46,25.8,29.33,89.07,2.03,15.87,0.01,28.57,3600.0,3.03,27.84,2300.0,20.02,27.66,2325.0,4.81,28.26,2330.0,1.2228571428571458,8.56000000000002,2842.8571428571427,28.164285714285715,5.832999999999999,174.98999999999998,2864.1666666666665,27.980333333333338,0,0,9,246,36,1
Uttar Pradesh,bijnor,Nagina,Potato,Desi,FAQ,800.0,1200.0,1000.0,2023-11-29,19.06,0.0,14.72,25.28,51.81,1.43,11.67,0.0,19.06,2100.0,0.03,18.63,2100.0,0.24,17.77,2300.0,0.0,18.78,900.0,0.0171428571428571,0.12,2357.1428571428573,18.814285714285717,0.055,1.65,2130.0,18.618,1,0,11,333,48,0
Haryana,sonipat,Sonepat,Potato,Other,FAQ,1800.0,2300.0,1800.0,2023-09-29,27.06,0.0,20.61,35.51,57.04,1.41,20.64,0.0,27.06,2000.0,0.0,26.84,800.0,0.0,27.94,1800.0,0.02,29.2,2000.0,0.0,0.0,2057.1428571428573,26.934285714285718,0.004,0.12,1883.3333333333333,28.078666666666667,1,0,9,272,39,1
Orissa,kalahandi,Kesinga,Potato,Other,FAQ,2000.0,2000.0,2000.0,2025-05-06,30.98,0.37,24.67,37.63,49.2,1.5,22.81,1.04,30.6,1900.0,3.21,32.66,2000.0,0.1,35.55,2200.0,0.0,31.26,2000.0,4.1914285714285695,29.339999999999986,2185.714285714286,30.052857142857142,1.5573333333333337,46.72000000000001,2641.6666666666665,32.022333333333336,0,0,5,126,19,2
Karnataka,chikmagalur,Chikkamagalore,Potato,Other,FAQ,1751.0,1951.0,1851.0,2023-09-19,22.95,1.51,20.03,27.65,86.53,1.24,15.04,11.29,22.29,1698.0,2.81,22.95,1786.0,2.86,22.42,2631.0,0.11,23.6,2941.0,5.39,37.73,1966.142857142857,22.69,6.394333333333333,191.83,1754.8,22.404666666666667,0,0,9,262,38,1
Uttar Pradesh,bulandshahar,Buland Shahr,Potato,F.A.Q.,FAQ,1000.0,1200.0,1100.0,2024-03-11,22.55,0.0,14.01,31.95,31.04,1.17,20.99,0.0,22.55,800.0,0.0,22.55,1150.0,0.0,19.97,1000.0,0.0,18.67,1300.0,0.0,0.0,1333.571428571429,22.55,0.0,0.0,1345.5,20.180666666666664,1,0,3,71,11,0
Madhya Pradesh,ujjain,Khachrod,Wheat,Lokwan,FAQ,2150.0,2551.0,2450.0,2023-09-01,25.93,0.0,21.64,30.91,80.97,1.72,22.75,0.0,25.93,1931.0,0.0,25.93,1990.0,0.0,25.45,1719.0,0.02,24.73,2600.0,0.0,0.0,2251.1428571428573,25.93,0.0026666666666666,0.08,2164.866666666667,25.352666666666668,1,0,9,244,35,1
Tamilnadu,ramanathapuram,Paramakudi(Uzhavar Sandhai ),Onion,Bellary,Local,6000.0,7000.0,7000.0,2024-09-30,29.7,3.5,27.63,32.76,70.69,2.4,16.76,3.5,29.7,7000.0,4.23,30.52,7000.0,0.06,31.53,7000.0,0.1,30.85,6000.0,3.111428571428572,21.78,6428.571428571428,29.84714285714286,1.07,32.1,6583.333333333333,30.944000000000003,0,0,9,274,40,1
Haryana,gurgaon,Sohna,Potato,Potato,FAQ,1000.0,1200.0,1200.0,2025-05-30,33.97,0.21,26.96,40.13,45.36,1.89,14.13,0.21,33.97,1200.0,0.0,34.76,1100.0,0.0,32.6,900.0,43.63,30.58,1300.0,0.179999999999999,1.259999999999993,1157.142857142857,34.082857142857144,0.0459999999999997,1.3799999999999928,1125.0,33.169333333333334,1,0,5,150,22,2
Tamilnadu,thirunelveli,Palayamkottai(Uzhavar Sandhai ),Onion,Bellary,Local,2800.0,3400.0,3400.0,2025-03-11,28.43,8.16,,,,,,8.16,28.43,3400.0,8.16,28.43,2800.0,8.16,28.43,3000.0,8.16,28.43,3800.0,8.16,57.120000000000005,3200.0,28.43,8.16,244.8,3313.333333333333,28.43,0,0,3,70,11,0
Kerala,kottayam,Kanjirappally,Potato,Potato,FAQ,3500.0,4000.0,3800.0,2023-08-10,24.79,3.01,22.42,28.33,88.38,0.67,17.81,3.01,24.79,7000.0,3.01,24.79,3100.0,4.92,24.28,3300.0,4.92,24.28,14500.0,3.01,21.07,4114.285714285715,24.79,4.410666666666667,132.32,4416.666666666667,24.416,0,0,8,222,32,1
Karnataka,bangalore,Bangalore,Onion,Local,FAQ,1200.0,1400.0,1200.0,2023-08-04,25.23,0.05,19.44,32.31,70.8,4.49,18.34,0.05,25.23,1000.0,0.0,25.23,1700.0,0.0,25.23,3750.0,0.0,24.98,3750.0,0.0357142857142857,0.25,4121.428571428572,25.23,0.0083333333333333,0.25,4141.666666666667,25.078333333333333,1,0,8,216,31,1
Madhya Pradesh,rajgarh,Sarangpur,Wheat,Other,FAQ,2381.0,2430.0,2400.0,2023-09-24,27.29,1.65,23.97,30.71,82.69,1.33,16.19,1.65,27.29,2400.0,1.02,26.96,2425.0,9.43,27.13,2450.0,16.93,26.44,1350.0,1.2899999999999998,9.03,2105.714285714286,27.10142857142857,5.788333333333333,173.65,1624.9333333333334,26.720666666666663,0,0,9,267,38,1
Delhi,delhi,Keshopur,Onion,Onion,FAQ,3600.0,4600.0,3950.0,2024-10-26,24.5,0.0,18.61,32.23,61.69,1.66,17.02,0.0,24.5,3800.0,0.0,24.85,4300.0,0.0,24.33,2006.0,0.05,24.92,3469.0,0.0,0.0,2965.1428571428573,24.6,0.0083333333333333,0.25,2890.766666666667,24.676666666666662,1,0,10,300,43,0
West Bengal,jalpaiguri,Jalpaiguri Sadar,Onion,Other,FAQ,2100.0,2300.0,2200.0,2025-03-18,26.21,0.0,19.42,34.79,30.14,2.55,23.75,0.0,26.21,3500.0,0.0,26.21,990.0,0.1,28.76,2300.0,1.26,27.3,1000.0,0.0,0.0,2118.5714285714284,26.21,0.1793333333333333,5.380000000000001,1831.0,27.67900000000001,1,0,3,77,12,0
Maharashtra,pune,Pune(Khadiki),Potato,Local,Local,700.0,1300.0,1000.0,2025-02-15,23.66,0.0,15.41,34.1,35.12,2.14,22.61,0.0,23.66,2800.0,0.0,23.66,2700.0,0.0,23.42,1550.0,0.0,23.48,1100.0,0.0,0.0,1900.0,23.66,0.0,0.0,1868.5,23.526,1,0,2,46,7,0
Uttar Pradesh,kushinagar,Tamkuhi road,Onion,Red,FAQ,1620.0,1680.0,1650.0,2024-05-14,34.53,0.0,26.53,41.23,30.23,1.41,21.11,0.66,33.54,1680.0,0.0,33.5,1665.0,0.0,33.79,1680.0,0.0,30.35,1530.0,1.2657142857142856,8.86,1642.142857142857,31.575714285714287,0.2993333333333333,8.98,1632.0,32.748000000000005,1,0,5,135,20,2
Uttar Pradesh,bulandshahar,Jahangirabad,Potato,Desi,FAQ,2235.0,2445.0,2340.0,2024-08-26,28.34,4.69,25.26,31.99,84.37,3.09,16.68,4.69,28.34,1600.0,4.69,28.34,3350.0,0.38,28.75,2000.0,1.61,28.56,1600.0,4.69,32.830000000000005,2590.0,28.34,1.8503333333333336,55.510000000000005,2443.0,28.88833333333333,0,0,8,239,35,1
Bihar,bhojpur,Piro,Onion,Medium,FAQ,2400.0,2440.0,2420.0,2025-03-07,22.24,0.0,12.69,31.88,18.54,1.87,20.36,0.0,22.24,900.0,0.0,25.28,900.0,0.0,25.51,1620.0,0.0,22.98,1610.0,0.0,0.0,1440.0,22.858571428571427,0.0613333333333333,1.84,1594.5,23.805666666666664,1,0,3,66,10,0
Tamilnadu,virudhunagar,Sathur(Uzhavar Sandhai ),Onion,Bellary,Local,2500.0,3000.0,3000.0,2025-06-09,29.13,0.46,26.07,33.03,73.65,2.65,20.36,0.46,29.13,3000.0,0.46,29.13,3600.0,0.46,31.23,3000.0,0.6,30.96,3000.0,0.46,3.22,3600.0,29.13,0.4786666666666666,14.36,3740.0,30.494000000000003,0,0,6,160,24,1
Orissa,dhenkanal,Kamakhyanagar,Potato,Potato,FAQ,1900.0,2200.0,2000.0,2024-03-21,23.39,0.0,14.73,32.26,48.42,1.51,23.0,21.51,21.23,2400.0,11.31,27.19,3000.0,2.69,27.6,2400.0,0.74,29.09,2000.0,15.522857142857148,108.66000000000004,2314.285714285714,23.24142857142857,6.188666666666666,185.66,2303.333333333333,27.004,0,1,3,81,12,0
Punjab,sangrur,Lehra Gaga,Onion,Other,FAQ,4500.0,4500.0,4500.0,2024-10-08,27.75,0.0,21.88,35.72,57.14,1.2,18.73,0.0,27.75,4000.0,0.0,27.89,1300.0,1.43,28.52,1100.0,0.0,29.98,3750.0,0.0,0.0,2600.0,27.85,0.4599999999999999,13.8,2746.6666666666665,28.787666666666667,0,0,10,282,41,0
Orissa,dhenkanal,Kamakhyanagar,Onion,Onion,Non-FAQ,1900.0,2100.0,2000.0,2025-05-18,31.55,0.11,25.4,38.62,62.33,2.4,20.77,0.11,31.55,1800.0,0.66,31.55,3000.0,4.25,32.58,1800.0,0.0,32.93,2000.0,0.8228571428571446,5.760000000000012,2042.857142857143,31.53857142857143,3.034,91.02,2020.0,32.30333333333333,0,0,5,138,20,2
Tamilnadu,thirunelveli,NGO Colony(Uzhavar Sandhai ),Onion,Bellary,Local,3800.0,4200.0,4200.0,2025-02-23,28.43,8.16,,,,,,8.16,28.43,2500.0,8.16,28.43,2500.0,8.16,28.43,4200.0,8.16,28.43,3000.0,8.16,57.120000000000005,3471.428571428572,28.43,8.16,244.8,3380.0,28.43,0,0,2,54,8,0
Orissa,sambalpur,Kuchinda,Onion,Other,FAQ,2000.0,2400.0,2200.0,2024-03-23,27.0,0.0,18.37,35.43,38.33,1.26,24.82,0.0,27.0,1300.0,1.77,25.17,1300.0,0.29,28.11,1400.0,0.46,25.03,2900.0,6.232857142857143,43.63,1800.0,24.384285714285717,2.31,69.3,1861.6666666666667,25.758,0,0,3,83,12,0
Karnataka,bijapur,Bijapur,Onion,Onion,FAQ,200.0,1700.0,1200.0,2023-08-07,26.54,0.09,22.0,33.26,72.68,5.47,13.85,0.65,26.46,2000.0,1.67,26.27,1100.0,1.79,25.95,1300.0,0.73,27.45,2950.0,0.7328571428571429,5.13,2278.5714285714284,26.18857142857143,3.8216666666666663,114.65,2253.333333333333,26.101666666666667,0,0,8,219,32,1
Uttar Pradesh,shahjahanpur,Puwaha,Potato,Desi,FAQ,2300.0,2500.0,2400.0,2024-07-21,30.16,1.04,27.12,33.95,84.26,2.22,23.6,1.04,30.16,3005.0,1.74,30.62,3010.0,2.97,30.35,2400.0,6.88,29.82,3000.0,1.539999999999998,10.779999999999989,2663.5714285714284,30.48857142857143,3.026,90.78,2706.333333333333,29.966666666666672,0,0,7,203,29,1
Tamilnadu,thanjavur,Papanasam(Uzhavar Sandhai ),Potato,(Red Nanital),Local,5000.0,6000.0,6000.0,2024-12-06,26.02,0.18,23.67,29.28,89.89,2.21,18.51,2.25,26.45,4600.0,2.25,26.45,8000.0,1.76,26.45,6000.0,9.82,26.75,7000.0,1.9542857142857144,13.68,6342.857142857143,26.388571428571428,3.128,93.84,6313.333333333333,26.58966666666667,0,0,12,341,49,0
Nagaland,mokokchung,Mangkolemba,Potato,Other,FAQ,3500.0,4500.0,4000.0,2024-06-23,27.59,2.89,24.87,31.22,84.82,0.55,20.56,0.44,28.98,4000.0,24.77,27.7,4000.0,0.06,28.59,4000.0,33.86,27.21,3000.0,1.4614285714285724,10.230000000000008,4000.0,28.004285714285714,7.076,212.28,3700.0,27.825666666666667,0,0,6,175,25,1
Tamilnadu,nagapattinam,Sirkali(Uzhavar Sandhai ),Onion,Bellary,Local,4500.0,5000.0,5000.0,2024-07-28,30.68,0.05,28.28,33.39,65.66,6.55,19.25,0.1,30.69,4000.0,0.12,30.36,4000.0,0.23,30.68,4800.0,0.33,30.25,5000.0,0.0928571428571428,0.65,4928.571428571428,30.688571428571432,0.2266666666666666,6.8,4933.333333333333,30.53033333333333,1,0,7,210,30,1
Tamilnadu,thiruvarur,Needamangalam(Uzhavar Sandhai ),Onion,Bellary,Local,2600.0,2600.0,2600.0,2025-05-29,30.77,1.11,27.79,35.35,65.72,5.87,16.87,1.11,30.77,3600.0,1.11,30.77,3400.0,0.04,31.22,3800.0,1.26,30.54,3800.0,1.11,7.77,3771.428571428572,30.77,0.7550000000000002,22.65000000000001,3733.3333333333335,30.697333333333333,0,0,5,149,22,2
Maharashtra,ahmednagar,Shevgaon,Onion,Other,FAQ,700.0,2200.0,1250.0,2024-10-17,25.28,1.23,21.82,29.97,83.21,2.76,12.38,1.23,25.28,2650.0,3.98,25.5,2650.0,3.98,25.5,4000.0,4.52,25.81,1500.0,2.4085714285714284,16.86,3040.0,25.374285714285715,3.8653333333333326,115.95999999999998,3072.833333333333,25.615333333333336,0,0,10,291,42,0
Tamilnadu,nagapattinam,Sirkali(Uzhavar Sandhai ),Potato,(Red Nanital),Local,5000.0,5000.0,5000.0,2024-12-11,26.8,19.58,26.1,27.46,88.07,6.04,3.52,19.58,26.8,6000.0,0.61,27.24,6000.0,0.3,27.57,5000.0,1.36,27.2,7000.0,8.92,62.44,5142.857142857143,27.162857142857145,2.693,80.78999999999999,5166.666666666667,27.135,0,0,12,346,50,0
West Bengal,hooghly,Sheoraphuly,Potato,Jyoti,FAQ,2440.0,2480.0,2460.0,2024-08-26,27.55,36.25,25.48,30.44,90.66,2.29,9.42,36.25,27.55,2420.0,18.99,27.45,2480.0,14.81,27.13,2480.0,13.64,28.54,4000.0,31.31857142857143,219.23,3222.8571428571427,27.52142857142857,22.635,679.05,3334.0,27.74833333333333,0,1,8,239,35,1
Madhya Pradesh,ujjain,Khachrod,Wheat,Lokwan,FAQ,2261.0,2926.0,2550.0,2023-10-18,23.86,0.03,18.27,29.8,71.5,0.85,18.04,0.03,23.86,2630.0,0.03,23.52,2530.0,0.83,23.6,2714.0,0.0,24.05,2400.0,0.03,0.21,2165.1428571428573,23.86,0.2886666666666667,8.66,2273.8,23.73933333333333,1,0,10,291,42,0
West Bengal,puruliya,Kasipur,Potato,Jyoti,FAQ,1250.0,1280.0,1260.0,2023-06-13,35.95,2.1,28.51,42.41,43.88,2.39,20.16,2.1,35.95,1130.0,1.73,36.43,1800.0,1.73,36.43,1900.0,0.0,35.64,2800.0,2.1,14.7,1504.2857142857142,35.95,0.98,29.4,1644.6666666666667,35.874,0,0,6,164,24,1
West Bengal,hooghly,Pandua,Potato,Jyoti,FAQ,2600.0,2640.0,2640.0,2024-11-28,19.85,0.0,15.2,25.56,86.65,1.65,14.32,0.0,19.85,4200.0,0.0,19.35,4200.0,0.0,19.5,4200.0,0.0,20.39,4200.0,0.0,0.0,3697.142857142857,19.70714285714286,0.0,0.0,3492.6666666666665,19.763333333333332,1,0,11,333,48,0
Madhya Pradesh,ratlam,Jaora,Onion,Onion,FAQ,1300.0,4601.0,4100.0,2024-09-20,25.32,0.44,22.25,29.3,88.21,2.67,18.13,0.44,25.32,3150.0,0.2,24.98,4180.0,0.05,24.36,3650.0,11.13,25.7,3400.0,0.1942857142857142,1.36,3633.285714285714,25.165714285714284,3.3363333333333336,100.09,3256.8,24.93433333333333,0,0,9,264,38,1
Tamilnadu,erode,Sampath Nagar(Uzhavar Sandhai ),Onion,Bellary,Local,2100.0,2500.0,2500.0,2025-04-27,29.05,0.36,24.63,33.78,63.79,1.14,22.35,0.36,29.05,3000.0,0.04,29.69,2500.0,0.04,29.69,3500.0,0.12,31.09,2600.0,0.3142857142857153,2.200000000000007,3028.5714285714284,29.141428571428573,0.1746666666666666,5.239999999999999,3033.333333333333,30.042,1,0,4,117,17,2
Tamilnadu,theni,Kambam(Uzhavar Sandhai ),Onion,Bellary,Local,2700.0,2800.0,2800.0,2025-03-22,25.83,3.08,21.39,32.37,74.44,1.18,15.58,3.08,25.83,2800.0,3.08,25.83,2800.0,1.36,25.57,2800.0,0.66,25.55,2800.0,3.08,21.56,2828.5714285714284,25.83,1.9546666666666668,58.64,2856.6666666666665,25.671333333333333,0,0,3,81,12,0
Tamilnadu,salem,Mettur(Uzhavar Sandhai ),Potato,(Red Nanital),Local,3000.0,4000.0,4000.0,2025-03-13,28.21,2.28,22.33,36.76,66.91,1.53,25.41,2.28,28.21,4000.0,8.23,26.68,4000.0,8.23,26.68,5000.0,14.51,26.75,4000.0,4.83,33.81,4500.0,27.55428571428572,8.274,248.22,4510.0,26.89333333333333,0,0,3,72,11,0
Haryana,fatehabad,Tohana(New Veg Market),Potato,Potato,FAQ,1600.0,1650.0,1600.0,2024-12-10,13.09,0.0,6.4,22.6,30.83,2.04,12.71,0.0,13.09,2000.0,1.18,14.87,1400.0,0.0,18.11,4200.0,0.0,20.05,3200.0,0.3928571428571433,2.750000000000004,1785.7142857142858,14.031428571428572,0.1310000000000002,3.930000000000007,2640.0,17.151999999999997,1,0,12,345,50,0
Maharashtra,jalgaon,Bhusaval,Potato,Other,FAQ,1800.0,2200.0,2000.0,2024-05-08,35.3,0.02,26.57,42.99,28.18,1.66,26.06,0.02,35.3,940.0,0.0,35.5,2000.0,0.0,33.04,2000.0,0.03,35.13,1430.0,0.0085714285714285,0.06,1448.857142857143,35.41428571428571,0.0273333333333333,0.8200000000000001,1490.9666666666667,34.19566666666666,1,0,5,129,19,2
Kerala,thiruvananthapuram,Attingal,Tomato,Other,FAQ,9500.0,11000.0,10000.0,2023-07-29,26.42,0.13,24.25,29.0,87.63,4.34,24.05,0.13,26.42,10000.0,0.27,26.55,3000.0,2.17,26.31,12000.0,6.17,26.35,3500.0,0.1671428571428571,1.17,7642.857142857143,26.375714285714285,2.1926666666666668,65.78,7130.0,26.390666666666668,0,0,7,210,30,1
Uttar Pradesh,bahraich,Bahraich,Wheat,Dara,FAQ,2300.0,2400.0,2350.0,2023-08-28,28.08,3.63,24.53,32.41,86.06,3.11,19.8,3.63,28.08,1230.0,0.89,28.37,1230.0,17.36,28.09,2350.0,30.65,27.51,1240.0,3.238571428571428,22.669999999999995,2052.1428571428573,28.12142857142857,14.719666666666669,441.59,2115.6666666666665,27.984,0,0,8,240,35,1
Tamilnadu,coimbatore,Sulur(Uzhavar Sandhai ),Onion,Bellary,Local,3800.0,4000.0,4000.0,2025-02-09,23.39,0.0,17.43,31.58,66.48,2.09,21.44,0.0,22.54,5500.0,0.0,22.54,5400.0,0.0,22.54,3600.0,0.0,22.49,5400.0,0.0,0.0,4614.285714285715,22.66142857142857,0.0,0.0,4493.333333333333,22.54833333333333,1,0,2,40,6,0
Haryana,gurgaon,Pataudi,Potato,Other,FAQ,900.0,1100.0,1000.0,2024-03-02,20.28,8.05,15.41,26.76,59.76,3.32,13.75,8.05,20.28,2000.0,1.35,22.14,900.0,0.0,18.89,1000.0,0.01,17.85,1000.0,7.092857142857143,49.650000000000006,1185.7142857142858,20.54571428571429,1.8436666666666668,55.31,1341.6666666666667,19.09433333333333,0,0,3,62,9,0
Bihar,sheohar,Sheohar,Onion,Medium,FAQ,3200.0,3400.0,3300.0,2025-02-13,19.64,0.0,12.33,29.23,35.2,2.78,19.36,0.0,19.64,1900.0,0.0,19.47,1900.0,0.0,19.4,1900.0,0.0,17.91,2400.0,0.0,0.0,2700.0,19.81,0.0,0.0,2320.0,18.676,1,0,2,44,7,0
Uttar Pradesh,saharanpur,Saharanpur,Potato,Desi,FAQ,1000.0,1350.0,1200.0,2025-01-13,13.0,0.0,7.42,22.27,63.41,2.13,12.74,0.0,13.0,1550.0,2.85,11.32,1000.0,0.0,11.24,1400.0,0.0,13.52,1350.0,1.6857142857142848,11.799999999999994,1271.428571428571,12.268571428571429,0.6006666666666667,18.02,1308.3333333333333,13.175333333333333,0,0,1,13,3,0
Tamilnadu,vellore,Thirupathur,Onion,Bellary,Local,6500.0,6500.0,6500.0,2024-12-02,24.07,42.89,22.76,26.11,93.63,5.29,6.32,42.89,24.07,5000.0,2.04,23.49,4000.0,0.52,22.15,4800.0,5.91,21.71,4400.0,25.382857142857144,177.68,5757.142857142857,23.821428571428573,6.403333333333333,192.1,5353.333333333333,22.634,0,1,12,337,49,0
West Bengal,paschim bardhaman,Durgapur,Potato,Jyoti,FAQ,2480.0,2620.0,2560.0,2024-12-19,17.58,0.0,10.58,23.65,74.81,1.23,13.32,0.0,16.66,2400.0,0.0,15.73,2600.0,0.0,13.64,2460.0,1.73,17.14,2640.0,0.0,0.0,2504.285714285714,16.577142857142857,0.1353333333333333,4.06,2548.333333333333,15.633666666666668,1,0,12,354,51,0
West Bengal,paschim bardhaman,Durgapur,Onion,Other,FAQ,2200.0,2500.0,2350.0,2024-03-06,21.71,0.0,12.71,30.42,44.46,1.97,22.47,0.0,21.71,1300.0,11.05,23.79,2500.0,4.09,24.69,1200.0,0.0,22.16,2300.0,0.4428571428571418,3.099999999999993,1682.857142857143,22.018571428571427,2.626666666666667,78.80000000000001,1668.0,23.07033333333333,0,0,3,66,10,0
Himachal Pradesh,hamirpur,Hamirpur(Nadaun),Onion,Other,FAQ,4000.0,4200.0,4100.0,2024-07-09,31.06,0.08,26.09,35.58,65.02,1.18,24.1,0.08,31.06,2700.0,3.84,31.06,2340.0,1.86,30.02,2250.0,25.94,28.97,2700.0,2.2285714285714304,15.600000000000014,2950.0,31.06,11.974666666666668,359.24,2829.1666666666665,30.30966666666667,0,0,7,191,28,1
Gujarat,gandhinagar,Dehgam(Rekhiyal),Wheat,Other,FAQ,2250.0,2400.0,2325.0,2023-10-17,26.28,0.0,21.05,32.15,70.84,1.12,19.31,0.0,27.11,2610.0,0.1,28.18,2325.0,0.0,26.72,2500.0,0.0,25.92,2550.0,0.0285714285714285,0.2,2483.5714285714284,27.29714285714286,0.0133333333333333,0.4,2474.866666666667,26.815999999999995,1,0,10,290,42,0
Maharashtra,sholapur,Solapur,Onion,Red,Local,100.0,1310.0,700.0,2025-04-28,33.89,0.8,26.02,41.42,26.96,1.62,25.69,0.8,33.89,1700.0,0.95,34.72,900.0,0.72,35.15,1000.0,0.5,35.9,850.0,0.8642857142857123,6.0499999999999865,1100.0,34.04,0.9493333333333334,28.48,1402.5,34.836666666666666,0,0,4,118,18,2
Uttar Pradesh,sambhal,Bhehjoi,Potato,Potato,FAQ,800.0,810.0,805.0,2023-12-03,20.06,0.44,14.94,27.59,54.35,1.5,10.76,0.44,20.06,2455.0,0.0,19.44,2500.0,0.0,19.9,3385.0,0.05,18.61,2430.0,0.1885714285714285,1.32,1337.857142857143,19.705714285714286,0.054,1.62,1775.6666666666667,19.587,1,0,12,337,48,0
Uttar Pradesh,etah,Etah,Onion,Red,FAQ,3200.0,3800.0,3650.0,2024-09-22,29.34,0.0,25.32,33.08,78.18,1.09,19.86,0.0,29.34,2900.0,2.65,27.26,2070.0,4.7,26.66,1900.0,87.73,27.11,1915.0,0.0,0.0,2866.428571428572,28.465714285714284,17.886000000000003,536.58,2645.6666666666665,27.278,0,0,9,266,38,1
Haryana,gurgaon,Pataudi,Potato,Other,FAQ,1000.0,1200.0,1100.0,2025-01-19,16.0,0.0,9.59,26.11,48.81,1.1,11.79,0.0,12.87,800.0,0.01,11.86,1100.0,0.0,12.99,900.0,0.0,11.89,1500.0,0.0042857142857132,0.0299999999999928,1164.2857142857142,12.884285714285712,0.6503333333333333,19.51,1211.6666666666667,12.720666666666666,0,0,1,19,3,0
Tamilnadu,erode,Sampath Nagar(Uzhavar Sandhai ),Onion,Bellary,Local,2400.0,2800.0,2800.0,2025-06-06,29.15,0.07,22.58,36.25,61.09,1.48,22.19,0.07,29.15,2500.0,0.08,28.67,3800.0,0.08,28.67,2600.0,0.73,27.99,4000.0,0.07,0.49,3314.285714285714,29.15,0.4326666666666666,12.98,3366.6666666666665,28.41733333333333,0,0,6,157,23,1
West Bengal,paschim bardhaman,Durgapur,Potato,Jyoti,FAQ,1200.0,1360.0,1260.0,2024-03-08,22.59,0.0,14.73,31.15,45.44,2.0,22.15,0.0,22.59,2400.0,0.0,22.33,1100.0,1.55,22.79,2300.0,0.0,23.51,2400.0,0.0,0.0,1692.857142857143,22.478571428571428,2.626666666666667,78.80000000000001,1664.3333333333333,23.086,0,0,3,68,10,0
Haryana,karnal,Gharaunda,Onion,Other,FAQ,4000.0,4000.0,4000.0,2023-11-27,16.66,0.54,12.38,20.77,60.72,1.58,3.45,0.54,16.66,1100.0,0.0,17.42,3000.0,0.0,18.55,800.0,0.0,19.13,2900.0,0.3085714285714281,2.1599999999999966,1857.142857142857,16.985714285714288,0.072,2.16,2223.333333333333,17.704,1,0,11,331,48,0
Tamilnadu,madurai,Palanganatham(Uzhavar Sandhai ),Potato,(Red Nanital),Local,2500.0,3600.0,3600.0,2025-04-07,27.34,15.35,24.83,31.08,81.02,1.01,23.71,15.35,27.34,3800.0,15.35,27.34,3000.0,16.59,28.24,3000.0,4.2,28.35,4000.0,15.35,107.45,3342.8571428571427,27.34,11.822666666666668,354.68,3320.0,28.198,0,1,4,97,15,2
Kerala,ernakulam,Ernakulam,Onion,Big,FAQ,3300.0,3800.0,3600.0,2024-07-09,25.94,6.58,24.99,27.1,89.06,2.06,14.02,6.58,25.94,4500.0,15.24,26.39,3700.0,15.24,26.39,5000.0,13.63,26.42,4700.0,9.054285714285712,63.38,4685.714285714285,26.06857142857143,13.313666666666668,399.41,4336.666666666667,26.324,0,0,7,191,28,1
Uttar Pradesh,muzaffarnagar,Muzzafarnagar,Onion,Red,Non-FAQ,1700.0,2100.0,2000.0,2025-03-17,22.1,0.0,15.41,30.41,42.06,2.09,22.08,0.0,22.1,1600.0,2.68,24.32,2400.0,0.33,25.55,1600.0,0.0,24.42,1600.0,0.3771428571428581,2.6400000000000072,1600.0,22.428571428571427,0.7276666666666667,21.83,1542.1666666666667,24.156333333333336,0,0,3,76,12,0
West Bengal,north 24 parganas,Habra,Potato,Other,FAQ,2680.0,2720.0,2720.0,2024-08-19,27.72,24.04,26.66,29.38,94.46,2.29,7.7,34.27,28.04,3800.0,7.08,28.04,3800.0,6.0,29.13,2620.0,14.74,28.59,2630.0,25.040000000000003,175.28000000000003,2974.285714285714,27.99428571428572,14.536666666666669,436.1,3134.6666666666665,28.561,0,1,8,232,34,1
Orissa,nuapada,Khariar,Potato,Local,Non-FAQ,2000.0,2100.0,2000.0,2025-03-03,26.97,0.0,20.08,34.87,33.36,1.69,19.24,0.0,26.97,3000.0,0.0,27.25,2000.0,0.0,25.66,2000.0,0.0,23.13,2000.0,0.0,0.0,2571.428571428572,27.09,0.0,0.0,2683.333333333333,25.135,1,0,3,62,10,0
Madhya Pradesh,anupur,Anuppur,Wheat,Deshi,FAQ,2200.0,2200.0,2200.0,2023-08-28,30.98,9.25,,,,,,9.25,30.98,2250.0,9.25,30.98,2210.0,9.25,30.98,2100.0,9.25,30.98,2200.0,9.25,64.75,2200.0,30.98,9.25,277.5,2147.833333333333,30.98,0,0,8,240,35,1
Uttar Pradesh,ballia,Ballia,Potato,Potato,FAQ,2160.0,2210.0,2190.0,2024-10-21,25.9,0.0,20.25,32.05,73.06,1.01,14.68,0.0,25.9,4190.0,0.0,25.73,4180.0,0.0,24.89,2850.0,0.0,24.71,2170.0,0.0,0.0,3032.8571428571427,25.77857142857143,0.0,0.0,3201.1666666666665,25.388,1,0,10,295,43,0
Gujarat,dahod,Dahod(Veg. Market),Onion,Onion,FAQ,1000.0,2000.0,1600.0,2025-03-29,28.96,0.0,20.68,39.22,7.04,2.46,24.36,0.0,28.96,1100.0,0.0,30.18,1000.0,0.0,29.1,1300.0,0.0,28.66,1200.0,0.0,0.0,1242.857142857143,29.04285714285714,0.0,0.0,1333.3333333333333,28.90533333333333,1,0,3,88,13,0
Gujarat,porbandar,Porbandar,Potato,(Red Nanital),FAQ,1500.0,2000.0,1750.0,2023-12-05,22.91,0.0,16.77,30.38,49.87,4.73,16.65,0.0,22.91,2750.0,0.0,23.72,2815.0,0.0,22.36,3500.0,0.12,26.95,1750.0,0.0,0.0,2163.5714285714284,23.888571428571428,0.06,1.8,2441.1666666666665,22.92866666666667,1,0,12,339,49,0
Haryana,yamuna nagar,Jagadhri,Onion,Other,FAQ,1500.0,1800.0,1650.0,2024-04-18,28.8,0.02,20.72,36.73,28.84,3.09,24.53,0.02,28.8,1800.0,0.0,27.58,2200.0,0.0,28.7,1400.0,0.23,27.02,3000.0,0.0085714285714265,0.0599999999999857,1307.142857142857,28.102857142857143,0.059,1.77,1555.0,28.46833333333333,1,0,4,109,16,2
Orissa,jharsuguda,Jharsuguda,Potato,Other,FAQ,1600.0,2000.0,2000.0,2024-01-16,15.35,0.0,8.33,22.49,66.23,1.66,14.56,0.0,15.35,3000.0,0.0,17.22,3000.0,0.0,18.59,2000.0,0.0,16.69,2000.0,0.0,0.0,2571.428571428572,15.667142857142856,0.004,0.12,2400.0,17.286,1,0,1,16,3,0
Rajasthan,bharatpur,Bayana,Potato,Other,FAQ,1500.0,1500.0,1500.0,2025-01-12,13.72,0.73,8.6,21.14,69.21,1.26,5.78,0.0,14.52,1300.0,0.0,19.14,1800.0,0.24,24.42,3400.0,0.0,39.85,1250.0,0.1042857142857132,0.7299999999999929,1928.571428571429,14.607142857142858,0.0436666666666666,1.31,2175.0,23.023666666666664,1,0,1,12,2,0
Uttar Pradesh,rampur,Rampur,Tomato,Deshi,FAQ,850.0,950.0,900.0,2023-06-18,35.78,0.38,30.82,41.61,39.08,1.97,24.88,0.38,35.78,1110.0,0.12,36.29,2240.0,0.0,35.14,860.0,0.97,36.84,2225.0,0.3428571428571428,2.4,967.8571428571428,35.85285714285714,0.107,3.21,1160.3333333333333,35.61133333333333,1,0,6,169,24,1
Uttar Pradesh,hardoi,Madhoganj,Potato,Badshah,FAQ,1120.0,1200.0,1165.0,2023-08-26,28.44,0.17,24.55,32.83,83.08,3.08,20.94,0.17,28.44,1180.0,0.17,28.44,2300.0,0.76,28.14,1170.0,17.34,27.57,2140.0,0.17,1.1900000000000002,1579.2857142857142,28.44,5.576666666666666,167.29999999999998,1764.0,28.049,0,0,8,238,34,1
Madhya Pradesh,harda,Timarni,Onion,Onion,FAQ,3000.0,3000.0,3000.0,2023-11-24,21.23,0.0,15.63,29.25,64.19,1.37,13.54,0.0,21.03,1000.0,0.0,21.03,3800.0,0.0,21.09,1060.0,0.0,22.4,3250.0,0.0,0.0,2193.714285714286,21.05857142857143,0.0,0.0,2420.5333333333333,21.622333333333337,1,0,11,328,47,0
Himachal Pradesh,kangra,Kangra(Baijnath),Tomato,Tomato,FAQ,14000.0,15000.0,15000.0,2023-08-04,25.67,8.49,22.64,29.22,87.09,1.81,15.87,8.49,25.67,2000.0,8.49,25.67,12500.0,9.95,25.07,2100.0,9.72,25.85,1700.0,8.49,59.43,3771.428571428572,25.67,9.335333333333333,280.06,3113.333333333333,25.414,0,0,8,216,31,1
Uttar Pradesh,ballia,Rasda,Potato,Desi,FAQ,1100.0,1250.0,1170.0,2023-07-21,32.72,0.24,28.57,37.65,66.57,4.26,22.43,0.24,32.72,7650.0,0.0,33.1,1170.0,0.16,32.11,1170.0,0.45,30.32,6490.0,0.1028571428571428,0.72,3227.8571428571427,32.93714285714286,0.1576666666666666,4.73,2871.6666666666665,32.23566666666667,1,0,7,202,29,1
Punjab,patiala,Rajpura,Onion,Local,FAQ,1000.0,1450.0,1200.0,2023-06-29,31.75,13.97,27.78,35.89,65.94,1.68,20.29,13.97,31.75,700.0,8.96,31.92,2600.0,8.71,30.66,1040.0,10.03,29.81,980.0,11.107142857142858,77.75,1537.142857142857,31.84714285714286,9.539333333333332,286.18,1578.3333333333333,31.04733333333333,0,0,6,180,26,1
Rajasthan,hanumangarh,Rawatsar,Onion,1st Sort,FAQ,1500.0,1500.0,1500.0,2023-09-28,29.17,0.0,22.51,37.4,50.06,1.14,20.16,0.0,29.17,2500.0,0.0,29.17,2331.0,0.0,29.11,2400.0,0.0,29.46,800.0,0.0,0.0,2275.5714285714284,29.17,0.0,0.0,1786.3,29.188333333333333,1,0,9,271,39,1
Karnataka,belgaum,Belgaum,Potato,Local,FAQ,2500.0,3200.0,3000.0,2024-07-23,23.41,55.36,22.39,25.18,94.95,6.01,7.14,55.36,23.41,2900.0,57.75,23.17,3100.0,30.66,23.69,3100.0,5.11,23.09,3000.0,43.39571428571429,303.77,2957.1428571428573,23.25857142857143,28.67,860.1,3043.333333333333,23.665666666666667,0,1,7,205,30,1
Rajasthan,udaipur,Fatehnagar,Wheat,Local,FAQ,2350.0,2463.0,2410.0,2023-08-10,25.01,0.11,21.83,29.4,85.91,3.59,15.72,0.11,25.01,2450.0,0.0,25.07,2411.0,0.09,25.55,900.0,2.22,26.39,1100.0,0.0428571428571428,0.3,1657.142857142857,25.15571428571429,0.6293333333333334,18.880000000000003,1677.7666666666669,25.351,0,0,8,222,32,1
Gujarat,porbandar,Porbandar,Onion,Other,FAQ,1000.0,2000.0,1500.0,2023-08-10,27.35,0.32,25.87,29.72,84.78,4.98,18.46,0.25,27.22,1500.0,0.29,27.11,2080.0,0.32,27.06,1750.0,1.89,27.09,1750.0,0.2714285714285714,1.9,1722.142857142857,27.207142857142856,0.471,14.13,1874.0,27.110666666666663,0,0,8,222,32,1
Haryana,kaithal,Dhand,Onion,Other,FAQ,3500.0,4000.0,3800.0,2023-12-02,17.46,0.0,12.73,24.82,67.55,1.34,11.55,0.0,17.46,1150.0,0.47,18.08,3950.0,7.49,18.55,1090.0,0.33,16.34,1400.0,0.2014285714285714,1.41,2242.8571428571427,17.725714285714286,1.4560000000000004,43.680000000000014,2553.333333333333,17.854666666666667,0,0,12,336,48,0
Himachal Pradesh,hamirpur,Hamirpur,Potato,Other,FAQ,1200.0,1500.0,1350.0,2024-03-26,24.91,0.0,17.68,32.91,40.61,1.9,14.79,0.0,24.91,1325.0,0.0,22.8,1750.0,0.0,23.45,2600.0,0.67,22.57,1755.0,0.0,0.0,1826.4285714285716,24.91,0.7956666666666667,23.87,1723.0,23.243333333333336,0,0,3,86,13,0
Assam,lakhimpur,Golagokarnath,Onion,Red,FAQ,3550.0,3700.0,3650.0,2024-09-10,30.32,4.78,27.38,33.65,77.1,0.56,19.1,4.78,30.32,2350.0,4.45,29.32,2350.0,0.99,30.82,2350.0,21.56,28.61,3785.0,4.5442857142857145,31.81,3104.285714285714,29.60571428571429,14.166666666666668,425.00000000000006,3024.0,29.441333333333333,0,0,9,254,37,1
Orissa,kendrapara,Pattamundai,Potato,Potato,FAQ,1600.0,1800.0,1700.0,2024-05-04,33.44,0.71,27.72,40.45,60.41,3.53,24.38,0.66,34.57,1800.0,2.35,35.06,1700.0,0.31,35.97,1700.0,0.49,34.94,1800.0,0.9085714285714286,6.36,1771.428571428571,34.47857142857143,0.8386666666666667,25.16,1733.3333333333333,35.288,0,0,5,125,18,2
Tamilnadu,salem,Athur(Uzhavar Sandhai ),Onion,Bellary,Local,5000.0,9000.0,9000.0,2024-11-22,23.79,0.0,19.53,29.3,83.07,1.77,18.81,0.13,23.54,5000.0,0.13,23.54,7400.0,0.13,23.54,8000.0,0.18,23.31,6000.0,0.1114285714285714,0.78,6571.428571428572,23.575714285714287,0.1373333333333333,4.12,7243.333333333333,23.494666666666664,1,0,11,327,47,0
Kerala,kottayam,Athirampuzha,Potato,Potato,FAQ,3000.0,3200.0,3100.0,2023-09-29,23.61,30.67,22.16,25.84,91.41,0.85,7.13,30.67,23.61,3200.0,30.67,23.61,7200.0,30.67,23.61,3400.0,21.35,24.04,7800.0,30.67,214.69,3942.857142857143,23.61,26.942,808.26,4463.333333333333,23.782,0,1,9,272,39,1
Kerala,kottayam,Kottayam,Onion,Onion,FAQ,3400.0,3800.0,3600.0,2025-05-07,25.11,9.72,23.16,28.07,91.06,0.74,20.24,9.72,25.11,2100.0,1.64,25.7,3609.0,1.64,25.7,2500.0,4.99,25.97,3500.0,6.257142857142859,43.80000000000001,3971.428571428572,25.36285714285714,3.2756666666666665,98.27,3466.9666666666667,25.66633333333333,0,0,5,127,19,2
