date,STATE,district,Market Name,Commodity,Variety,Grade,Min_Price,Max_Price,Modal_Price,temp_mean,rainfall_mm,temp_min,temp_max,humidity,wind_speed,solar_radiation,rainfall_mm_lag_1d,temp_mean_lag_1d,price_lag_1d,rainfall_mm_lag_7d,temp_mean_lag_7d,price_lag_7d,rainfall_mm_lag_14d,temp_mean_lag_14d,price_lag_14d,rainfall_mm_lag_30d,temp_mean_lag_30d,price_lag_30d,rainfall_mm_7d_avg,rainfall_mm_7d_sum,price_7d_avg,temp_mean_7d_avg,rainfall_mm_30d_avg,rainfall_mm_30d_sum,price_30d_avg,temp_mean_30d_avg,drought_indicator,flood_indicator,month,day_of_year,week,season,volatility_7d,price_change_1d
2023-06-06,Rajasthan,pratapgarh,Pratapgarh,Onion,Other,FAQ,476.0,1043.0,617.0,36.22,0.08,29.38,42.58,28.95,2.23,25.71,0.08,36.22,617.0,0.08,36.22,617.0,0.08,36.22,617.0,0.08,36.22,617.0,0.08,0.08,617.0,36.22,0.08,0.08,617.0,36.22,1.0,0.0,6,157,23.0,1.0,,
2023-06-07,Rajasthan,pratapgarh,Pratapgarh,Onion,Red,FAQ,1100.0,1350.0,1200.0,36.77,0.0,29.25,43.88,23.0,2.29,26.5,0.0,36.77,1200.0,0.08,36.22,1070.0,0.08,36.22,2300.0,0.08,36.22,617.0,0.0114285714285714,0.08,1636.571428571429,36.691428571428574,0.0533333333333333,0.96,1593.3333333333333,36.403333333333336,1.0,0.0,6,158,23.0,1.0,,0.9448946515397083
2023-06-08,Rajasthan,pratapgarh,Pratapgarh,Onion,Other,FAQ,451.0,1160.0,628.0,36.85,0.03,29.24,43.77,20.75,2.75,27.05,0.03,36.85,628.0,0.0,36.77,1075.0,0.0,36.77,1700.0,0.08,36.22,617.0,0.0171428571428571,0.12,805.0,36.81571428571429,0.0385714285714285,1.08,1428.2142857142858,36.54571428571428,1.0,0.0,6,159,23.0,1.0,,-0.4766666666666667
2023-06-09,Rajasthan,pratapgarh,Pratapgarh,Onion,Red,FAQ,1100.0,1300.0,1200.0,37.52,0.0,29.47,44.67,23.1,2.78,23.69,0.0,37.52,1650.0,0.03,36.85,1200.0,0.03,36.85,1070.0,0.08,36.22,2290.0,0.0171428571428571,0.12,1802.857142857143,37.13714285714286,0.02,0.6000000000000001,1520.6,36.822,1.0,0.0,6,160,23.0,1.0,,0.910828025477707
2023-06-10,Rajasthan,pratapgarh,Pratapgarh,Onion,Red,FAQ,1150.0,1350.0,1200.0,38.27,0.0,32.06,44.79,24.16,2.72,25.53,0.0,38.27,1200.0,0.0,37.52,676.0,0.0,37.52,1650.0,0.0,36.77,1075.0,0.0,0.0,1233.7142857142858,38.16285714285714,0.012,0.36,1380.1333333333334,37.352,1.0,0.0,6,161,23.0,1.0,,0.0
2023-06-11,Rajasthan,pratapgarh,Pratapgarh,Onion,Red,FAQ,1150.0,1350.0,1200.0,38.77,0.0,32.18,45.3,25.92,3.44,26.61,0.0,38.27,2360.0,0.0,38.27,1080.0,0.0,37.52,2350.0,0.03,36.85,1070.0,0.0,0.0,1674.2857142857142,38.34142857142858,0.011,0.3299999999999999,1503.0,37.516,1.0,0.0,6,162,23.0,1.0,,0.0
2023-06-12,Rajasthan,pratapgarh,Pratapgarh,Onion,Red,FAQ,1100.0,1250.0,1185.0,38.63,0.0,32.82,43.8,30.45,3.61,23.71,0.0,38.63,1185.0,0.0,38.77,1075.0,0.0,38.27,1700.0,0.03,36.85,1720.0,0.0,0.0,1661.428571428571,38.73,0.002,0.06,1541.0666666666666,38.08266666666667,1.0,0.0,6,163,24.0,1.0,280.398780650837,-0.012499999999999956
2023-06-13,Rajasthan,pratapgarh,Pratapgarh,Onion,Other,FAQ,500.0,1280.0,695.0,40.18,0.2,34.23,46.5,26.37,4.54,24.25,0.2,40.18,695.0,0.0,38.63,2244.0,0.0,38.63,1185.0,0.0,38.27,1080.0,0.1142857142857143,0.8,1447.142857142857,39.51571428571429,0.0266666666666666,0.8,1578.4666666666667,38.802,1.0,0.0,6,164,24.0,1.0,262.0693292495963,-0.4135021097046413
2023-06-14,Rajasthan,pratapgarh,Pratapgarh,Onion,Red,FAQ,1100.0,1300.0,1190.0,40.0,0.0,34.0,45.82,24.24,6.03,24.92,0.0,40.0,1190.0,0.2,40.18,1080.0,0.0,38.63,1075.0,0.0,38.77,1690.0,0.1428571428571428,1.0,1328.571428571429,40.12857142857143,0.08,2.4000000000000004,1561.8,39.36,1.0,0.0,6,165,24.0,1.0,261.1026982771703,0.7122302158273381
2023-06-15,Rajasthan,pratapgarh,Pratapgarh,Onion,Other,FAQ,510.0,1152.0,670.0,39.05,0.0,33.65,44.51,27.11,6.23,23.01,0.0,40.0,1800.0,0.0,40.0,1085.0,0.2,40.18,1170.0,0.0,38.63,695.0,0.0,0.0,1894.2857142857144,39.86428571428571,0.08,2.4000000000000004,1493.9666666666667,39.812,1.0,0.0,6,166,24.0,1.0,250.24511792963924,-0.4369747899159664
2023-06-16,Rajasthan,pratapgarh,Pratapgarh,Onion,Other,FAQ,551.0,1188.0,869.0,38.34,0.0,32.54,43.87,28.21,4.9,25.16,0.0,38.34,869.0,0.0,39.05,1185.0,0.0,39.05,2360.0,0.2,40.18,1170.0,0.0,0.0,1733.571428571429,38.441428571428574,0.0,0.0,1606.3333333333333,39.288,1.0,0.0,6,167,24.0,1.0,248.12612000466908,0.29701492537313423
2023-06-17,Rajasthan,pratapgarh,Pratapgarh,Onion,Red,FAQ,1100.0,1300.0,1180.0,39.05,0.0,32.32,45.15,28.92,3.14,24.58,0.0,39.05,2360.0,0.0,38.34,1085.0,0.0,38.34,869.0,0.0,39.05,670.0,0.0,0.0,1779.142857142857,39.05,0.0,0.0,1663.4666666666667,38.766,1.0,0.0,6,168,24.0,1.0,245.55845002962613,0.35788262370540846
2023-06-18,Rajasthan,pratapgarh,Pratapgarh,Onion,Red,FAQ,1100.0,1350.0,1200.0,38.51,0.0,32.67,43.87,28.85,3.37,25.55,0.0,38.51,1200.0,0.0,39.05,1180.0,0.0,38.34,1085.0,0.0,39.05,1850.0,0.0,0.0,1241.428571428571,38.89571428571429,0.0,0.0,1577.4666666666667,38.73,1.0,0.0,6,169,24.0,1.0,245.55845002962613,0.016949152542372836
2023-06-19,Rajasthan,pratapgarh,Pratapgarh,Onion,Red,FAQ,1100.0,1300.0,1190.0,38.65,0.0,33.38,43.45,32.77,3.36,23.64,0.0,38.65,1190.0,0.0,38.51,1920.0,0.0,39.05,1180.0,0.0,38.34,2256.0,0.0,0.0,1597.142857142857,38.55,0.0,0.0,1477.0666666666666,38.68999999999999,1.0,0.0,6,170,25.0,1.0,246.19804262113095,-0.008333333333333304
2023-06-20,Rajasthan,pratapgarh,Pratapgarh,Onion,Other,FAQ,461.0,1090.0,618.0,37.21,0.65,32.4,42.4,40.16,3.22,19.47,0.65,37.21,618.0,0.0,38.65,1900.0,0.0,38.65,1190.0,0.0,39.05,2360.0,0.3714285714285714,2.6,930.5714285714286,37.82714285714286,0.0866666666666666,2.6,1426.6,38.50066666666667,1.0,0.0,6,171,25.0,1.0,263.185883975204,-0.480672268907563
2023-06-21,Rajasthan,pratapgarh,Pratapgarh,Onion,Red,FAQ,1100.0,1300.0,1185.0,34.56,6.59,31.54,38.19,49.03,2.55,16.72,6.59,34.56,2238.0,6.59,34.56,2050.0,0.65,37.21,2365.0,0.0,38.65,1190.0,6.59,46.13,1583.7142857142858,34.56,2.017333333333333,60.52,1615.7333333333331,36.98333333333333,0.0,0.0,6,172,25.0,1.0,262.55276113755195,0.9174757281553398
2023-06-22,Rajasthan,pratapgarh,Pratapgarh,Onion,Red,FAQ,1100.0,1300.0,1170.0,34.86,4.91,30.73,39.54,52.47,2.04,19.84,4.91,34.86,1170.0,6.59,34.56,2370.0,6.59,34.56,1095.0,0.0,38.65,599.0,5.15,36.05,1651.428571428571,34.81714285714286,3.878,116.34,1576.8,35.68,0.0,0.0,6,173,25.0,1.0,227.47192396090597,-0.012658227848101222
2023-06-23,Rajasthan,pratapgarh,Pratapgarh,Onion,Red,FAQ,1100.0,1250.0,1175.0,34.74,2.45,30.34,39.07,54.59,1.29,16.19,2.45,34.74,1175.0,2.45,34.74,2400.0,4.91,34.86,1170.0,6.59,34.56,2050.0,2.45,17.150000000000002,1864.571428571429,34.74,4.813999999999999,144.42,1660.9333333333334,34.727999999999994,0.0,0.0,6,174,25.0,1.0,213.90329368109096,0.004273504273504258
2023-06-24,Rajasthan,pratapgarh,Pratapgarh,Onion,Red,FAQ,1100.0,1250.0,1180.0,35.77,0.81,31.21,39.88,49.25,1.35,17.25,0.81,35.77,2550.0,2.45,34.74,2345.0,4.91,34.86,2189.0,6.59,34.56,1185.0,1.747142857142857,12.23,1748.857142857143,35.181428571428576,4.236,127.08,1757.7666666666669,34.849000000000004,0.0,0.0,6,175,25.0,1.0,213.90329368109096,0.004255319148936065
2023-06-25,,,,,,,,,1185.0,,,,,,,,,,,,,,,,,,,,,,,,,,,,,,6,176,,,212.8370716008352,0.004237288135593209
2023-06-26,Rajasthan,pratapgarh,Pratapgarh,Onion,Red,FAQ,1100.0,1200.0,1190.0,34.0,0.09,30.12,38.19,51.23,3.15,18.96,0.09,34.0,1190.0,0.09,34.0,1100.0,0.81,35.77,2550.0,4.91,34.86,1170.0,0.09,0.63,1818.571428571429,34.0,1.8753333333333333,56.26,1791.9333333333334,34.84133333333333,0.0,0.0,6,177,26.0,1.0,212.8370716008352,0.00421940928270037
2023-06-27,Rajasthan,pratapgarh,Pratapgarh,Onion,Other,FAQ,710.0,1401.0,882.0,33.51,5.81,30.01,38.0,54.68,4.13,18.27,5.81,33.51,1125.0,5.81,33.51,4600.0,0.09,34.0,1190.0,2.45,34.74,1175.0,5.81,40.67,1768.857142857143,33.51,2.0766666666666667,62.3,2006.3,34.349666666666664,0.0,0.0,6,178,26.0,1.0,113.14802777987857,-0.2588235294117647
2023-06-28,Rajasthan,pratapgarh,Pratapgarh,Onion,Red,FAQ,1100.0,1300.0,1200.0,31.73,9.16,28.62,35.66,62.49,4.35,12.35,9.16,31.73,2350.0,5.81,33.51,1200.0,5.81,33.51,2370.0,0.09,34.0,1100.0,9.16,64.12,2807.8571428571427,31.73,4.4943333333333335,134.83,2215.7,33.27433333333333,0.0,0.0,6,179,26.0,1.0,114.31931053809215,0.3605442176870748
2023-06-29,Rajasthan,pratapgarh,Pratapgarh,Onion,Red,FAQ,1150.0,1300.0,1200.0,30.92,7.64,27.34,34.57,68.71,2.63,6.76,7.64,30.92,1200.0,9.16,31.73,1100.0,9.16,31.73,5150.0,0.09,34.0,3900.0,8.291428571428572,58.040000000000006,1278.428571428571,31.267142857142854,7.012666666666666,210.38,2009.3,32.48533333333334,0.0,0.0,6,180,26.0,1.0,116.16634214616138,0.0
2023-06-30,Rajasthan,pratapgarh,Pratapgarh,Onion,Other,FAQ,510.0,1513.0,760.0,28.73,34.48,26.8,30.43,82.27,3.58,10.57,34.48,28.73,760.0,7.64,30.92,5100.0,9.16,31.73,2255.0,5.81,33.51,1125.0,30.645714285714284,214.52,3194.5714285714284,29.04285714285714,13.371999999999998,401.16,2238.333333333333,31.151333333333334,0.0,1.0,6,181,26.0,1.0,184.08939339870926,-0.3666666666666667
2023-07-01,Rajasthan,pratapgarh,Pratapgarh,Onion,Other,FAQ,515.0,1400.0,736.0,29.77,21.78,26.72,33.18,78.76,3.2,15.92,21.78,29.77,2273.0,34.48,28.73,1220.0,34.48,28.73,2271.0,9.16,31.73,1200.0,25.408571428571427,177.86,1740.2857142857142,29.472857142857144,20.986,629.5799999999999,2089.766666666667,29.98733333333333,0.0,1.0,7,182,26.0,1.0,219.16540828898198,-0.03157894736842104
2023-07-02,Rajasthan,pratapgarh,Pratapgarh,Onion,Red,FAQ,1200.0,1300.0,1250.0,30.65,10.07,26.97,34.81,74.24,2.29,13.85,10.07,30.65,1250.0,10.07,30.65,1150.0,21.78,29.77,736.0,34.48,28.73,5600.0,10.07,70.49000000000001,2912.8571428571427,30.65,22.890666666666668,686.72,2139.6666666666665,29.658,0.0,0.0,7,183,26.0,1.0,228.41149166320312,0.6983695652173914
2023-07-03,Rajasthan,pratapgarh,Pratapgarh,Onion,Other,FAQ,650.0,1515.0,866.0,31.7,3.13,27.01,36.47,69.14,2.06,15.22,3.13,31.7,866.0,10.07,30.65,2370.0,21.78,29.77,1125.0,34.48,28.73,760.0,6.104285714285715,42.73,2643.1428571428573,31.25,18.71066666666667,561.32,2392.0,30.054,0.0,0.0,7,184,27.0,1.0,223.63320308891858,-0.30720000000000003
2023-07-04,Rajasthan,pratapgarh,Pratapgarh,Onion,Other,FAQ,700.0,1637.0,934.0,31.72,11.26,28.13,35.91,70.77,1.59,13.72,11.26,31.72,2330.0,3.13,31.7,1300.0,3.13,31.7,5950.0,21.78,29.77,736.0,6.614285714285715,46.3,2128.285714285714,31.708571428571425,10.145333333333332,304.36,2408.5333333333333,30.971666666666668,0.0,0.0,7,185,27.0,1.0,220.4886348436991,0.07852193995381063
2023-07-05,Rajasthan,pratapgarh,Pratapgarh,Onion,Other,FAQ,655.0,1591.0,889.0,30.62,5.55,27.25,34.0,75.17,2.82,17.02,11.26,31.72,6300.0,11.26,31.72,2262.0,3.13,31.7,2312.0,10.07,30.65,6000.0,10.444285714285714,73.11,2665.5714285714284,31.562857142857144,7.619333333333333,228.58,2361.5666666666666,31.497,0.0,0.0,7,186,27.0,1.0,202.23618912172014,-0.04817987152034264
2023-07-06,Rajasthan,pratapgarh,Pratapgarh,Onion,Red,FAQ,1400.0,1600.0,1500.0,32.47,1.41,27.19,38.11,64.69,3.16,15.15,1.41,32.47,1185.0,5.55,30.62,1180.0,5.55,30.62,889.0,3.13,31.7,2340.0,3.184285714285714,22.29,3052.1428571428573,31.677142857142854,7.120666666666666,213.62,2329.1,31.378666666666664,0.0,0.0,7,187,27.0,1.0,281.01762357885093,0.6872890888638921
2023-07-07,Rajasthan,pratapgarh,Pratapgarh,Onion,Other,FAQ,445.0,1601.0,734.0,30.99,7.44,28.27,34.65,72.84,3.2,12.52,7.44,30.99,734.0,1.41,32.47,2294.0,5.55,30.62,6450.0,11.26,31.72,1400.0,3.132857142857143,21.93,2651.428571428572,32.04714285714285,4.781333333333333,143.44,2497.866666666667,31.531333333333333,0.0,0.0,7,188,27.0,1.0,284.72267208636544,-0.5106666666666666
2023-07-08,Rajasthan,pratapgarh,Pratapgarh,Onion,Red,FAQ,1450.0,1650.0,1510.0,31.54,4.92,27.48,36.53,71.53,3.39,15.87,4.92,31.54,1180.0,7.44,30.99,2297.0,7.44,30.99,6550.0,5.55,30.62,6450.0,5.640000000000001,39.48,1555.7142857142858,31.382857142857144,4.545,136.35,2448.6,31.66133333333333,0.0,0.0,7,189,27.0,1.0,319.20414426239165,1.0572207084468666
2023-07-09,Rajasthan,pratapgarh,Pratapgarh,Onion,Red,FAQ,1450.0,1650.0,1500.0,31.77,12.06,27.29,35.55,71.57,1.63,18.98,12.06,31.77,2300.0,4.92,31.54,1180.0,7.44,30.99,2297.0,1.41,32.47,1500.0,7.979999999999999,55.86,3245.714285714286,31.638571428571424,5.823,174.69,2647.766666666667,31.56,0.0,0.0,7,190,27.0,1.0,351.45730621974286,-0.0066225165562914245
2023-07-10,Rajasthan,pratapgarh,Pratapgarh,Onion,Other,FAQ,410.0,1500.0,682.0,31.55,11.41,27.52,35.35,73.94,1.48,17.3,11.41,31.55,2263.0,12.06,31.77,1190.0,4.92,31.54,1510.0,7.44,30.99,734.0,11.781428571428572,82.47,3085.428571428572,31.675714285714285,8.397,251.91,2697.2,31.400666666666663,0.0,0.0,7,191,28.0,1.0,380.4633140439868,-0.5453333333333333
2023-07-11,Rajasthan,pratapgarh,Pratapgarh,Onion,Other,FAQ,310.0,1211.0,535.0,31.45,10.19,28.41,34.89,74.6,1.1,17.31,10.19,31.45,1525.0,10.19,31.45,2300.0,11.41,31.55,2290.0,4.92,31.54,6800.0,10.19,71.33,1615.7142857142858,31.45,11.176666666666668,335.3,2699.0,31.575333333333333,0.0,0.0,7,192,28.0,1.0,436.4680209744276,-0.21554252199413493
2023-07-12,Rajasthan,pratapgarh,Pratapgarh,Onion,Other,FAQ,300.0,1395.0,573.0,31.05,3.95,27.4,35.5,74.7,1.46,19.54,3.95,31.05,573.0,10.19,31.45,1525.0,10.19,31.45,7000.0,12.06,31.77,6850.0,6.6242857142857146,46.370000000000005,871.5714285714286,31.22142857142857,9.970666666666666,299.12,2373.5333333333333,31.458,0.0,0.0,7,193,28.0,1.0,470.8801788747779,0.07102803738317753
2023-07-13,Rajasthan,pratapgarh,Pratapgarh,Onion,Other,FAQ,410.0,1450.0,670.0,31.36,5.47,27.26,35.33,74.23,1.83,21.01,5.47,31.36,7100.0,3.95,31.05,2300.0,3.95,31.05,1180.0,11.41,31.55,1520.0,4.601428571428571,32.21,4736.285714285715,31.18285714285715,7.343999999999999,220.32,2976.333333333333,31.291,0.0,0.0,7,194,28.0,1.0,427.96367224555956,0.16928446771378702
2023-07-14,Rajasthan,pratapgarh,Pratapgarh,Onion,Red,FAQ,1500.0,1650.0,1550.0,31.31,15.09,27.73,34.93,75.09,1.26,14.69,15.09,31.31,2290.0,5.47,31.36,2175.0,5.47,31.36,670.0,10.19,31.45,535.0,12.34142857142857,86.39,3378.5714285714284,31.32428571428571,6.6226666666666665,198.68,2715.1666666666665,31.230666666666664,0.0,0.0,7,195,28.0,1.0,486.6759457693345,1.3134328358208953
2023-07-15,Rajasthan,pratapgarh,Pratapgarh,Onion,Red,FAQ,1500.0,1750.0,1560.0,30.65,36.99,27.69,33.78,80.43,1.24,14.56,36.99,30.65,1560.0,15.09,31.31,572.0,15.09,31.31,1550.0,5.47,31.36,7100.0,36.99,258.93,1769.2857142857142,30.65,16.672666666666668,500.18,2182.366666666667,31.17433333333333,0.0,1.0,7,196,28.0,1.0,495.6440254860337,0.006451612903225712
2023-07-16,Rajasthan,pratapgarh,Pratapgarh,Onion,Red,FAQ,1500.0,1650.0,1580.0,30.06,6.08,27.47,33.09,81.7,0.93,17.09,6.08,30.06,2295.0,36.99,30.65,7200.0,36.99,30.65,2265.0,15.09,31.31,7200.0,6.08,42.56,3287.1428571428573,30.06,21.747666666666664,652.43,2539.5333333333333,30.75433333333333,0.0,0.0,7,197,28.0,1.0,509.5526983354641,0.012820512820512775
2023-07-17,Rajasthan,pratapgarh,Pratapgarh,Onion,Red,FAQ,1500.0,1750.0,1600.0,29.41,1.34,26.91,33.06,83.35,2.67,16.02,1.34,29.41,1200.0,6.08,30.06,1200.0,36.99,30.65,555.0,15.09,31.31,1550.0,4.048571428571429,28.34,1678.571428571429,29.78142857142857,20.072333333333336,602.1700000000001,2281.2,30.522666666666662,0.0,0.0,7,198,29.0,1.0,525.5168430992031,0.012658227848101333
2023-07-18,Rajasthan,pratapgarh,Pratapgarh,Onion,Red,FAQ,1500.0,1650.0,1580.0,28.92,0.14,26.27,31.86,84.32,3.3,17.31,1.34,29.41,7240.0,1.34,29.41,1200.0,6.08,30.06,1200.0,15.09,31.31,572.0,1.1685714285714288,8.180000000000001,3408.5714285714284,29.34,17.282333333333334,518.47,2719.4,30.12633333333333,0.0,0.0,7,199,29.0,1.0,465.88712101088345,-0.012499999999999956
2023-07-19,Rajasthan,pratapgarh,Pratapgarh,Onion,Red,FAQ,1500.0,1750.0,1600.0,29.97,0.01,25.53,34.58,78.45,3.13,21.93,0.01,29.97,1600.0,0.14,28.92,2310.0,0.14,28.92,1580.0,6.08,30.06,7220.0,0.0842857142857143,0.5900000000000001,3772.857142857143,29.37,1.833,54.99,2771.8,29.421666666666667,0.0,0.0,7,200,29.0,1.0,343.8230441873926,0.012658227848101333
2023-07-20,Rajasthan,pratapgarh,Pratapgarh,Onion,Red,FAQ,1500.0,1650.0,1590.0,31.39,0.0,26.78,35.2,77.05,2.29,22.93,0.0,31.39,1590.0,0.01,29.97,2265.0,0.14,28.92,675.0,1.34,29.41,1600.0,0.0071428571428571,0.05,1332.142857142857,30.375714285714285,0.2386666666666666,7.16,2789.133333333333,29.57,1.0,0.0,7,201,29.0,1.0,19.1485421551259,-0.006249999999999978
2023-07-21,Rajasthan,pratapgarh,Pratapgarh,Onion,Red,FAQ,1500.0,1750.0,1600.0,31.45,0.0,27.54,36.53,73.56,3.34,21.65,0.0,31.45,1600.0,0.0,31.39,1210.0,0.01,29.97,2265.0,0.14,28.92,1210.0,0.0,0.0,3452.8571428571427,31.40714285714285,0.0413333333333333,1.2400000000000002,2813.133333333333,30.16733333333333,1.0,0.0,7,202,29.0,1.0,14.960264830860693,0.0062893081761006275
2023-07-22,Rajasthan,pratapgarh,Pratapgarh,Onion,Red,FAQ,1550.0,1750.0,1610.0,30.32,12.32,27.22,34.28,76.99,4.37,18.33,12.32,30.32,7600.0,0.0,31.45,7600.0,0.0,31.45,1200.0,0.01,29.97,2265.0,8.8,61.6,2880.0,30.642857142857142,2.055,61.650000000000006,2723.7,30.999,0.0,0.0,7,203,29.0,1.0,11.338934190275046,0.006250000000000089
2023-07-23,Rajasthan,pratapgarh,Pratapgarh,Onion,Red,FAQ,1550.0,1750.0,1600.0,30.39,3.06,26.75,34.67,76.3,3.6,20.66,3.06,30.39,1210.0,12.32,30.32,1610.0,0.0,31.45,460.0,0.0,31.39,1210.0,5.7057142857142855,39.94,1887.142857142857,30.37,3.7953333333333337,113.86,2866.5333333333333,30.962,0.0,0.0,7,204,29.0,1.0,9.511897312111232,-0.006211180124223614
2023-07-24,Rajasthan,pratapgarh,Pratapgarh,Onion,Other,FAQ,402.0,1440.0,661.0,30.68,0.4,27.19,34.82,77.33,2.38,20.83,0.4,30.68,661.0,3.06,30.39,7620.0,12.32,30.32,2295.0,0.0,31.45,1200.0,0.78,5.46,1698.857142857143,30.63857142857143,4.181333333333334,125.44,2885.266666666667,30.712,0.0,0.0,7,205,30.0,1.0,353.7744102296453,-0.586875
2023-07-25,Rajasthan,pratapgarh,Pratapgarh,Onion,Other,FAQ,370.0,1340.0,612.0,31.69,1.44,26.87,35.88,71.82,0.9,17.31,1.44,31.69,612.0,0.4,30.68,1215.0,3.06,30.39,1600.0,0.0,31.45,460.0,0.6971428571428572,4.88,2988.428571428572,30.96857142857143,4.357333333333333,130.72,2777.5333333333333,30.574,0.0,0.0,7,206,30.0,1.0,470.3880363719988,-0.07413010590015123
2023-07-26,Rajasthan,pratapgarh,Pratapgarh,Onion,Red,FAQ,1500.0,1700.0,1590.0,31.5,0.19,27.32,36.01,70.97,2.34,21.92,0.19,31.5,2372.0,1.44,31.69,1600.0,1.44,31.69,612.0,3.06,30.39,1600.0,0.9042857142857142,6.33,2219.1428571428573,31.608571428571427,1.0610000000000002,31.83,2859.333333333333,31.137,0.0,0.0,7,207,30.0,1.0,469.42685418345155,1.5980392156862746
2023-07-27,Rajasthan,pratapgarh,Pratapgarh,Onion,Red,FAQ,1500.0,1750.0,1600.0,30.9,0.17,26.92,35.58,74.41,2.7,19.92,0.17,30.9,1600.0,0.19,31.5,7800.0,0.19,31.5,2372.0,0.4,30.68,7650.0,0.1785714285714285,1.25,4155.714285714285,31.15714285714285,0.7013333333333333,21.04,2841.333333333333,31.441333333333333,0.0,0.0,7,208,30.0,1.0,470.3880363719988,0.0062893081761006275
2023-07-28,Rajasthan,pratapgarh,Pratapgarh,Onion,Other,FAQ,401.0,1340.0,635.0,32.24,2.64,27.63,36.88,70.6,1.62,20.38,2.64,32.24,2380.0,0.17,30.9,2375.0,0.17,30.9,7825.0,1.44,31.69,2300.0,1.2285714285714289,8.600000000000001,1596.142857142857,31.474285714285717,0.552,16.560000000000002,2530.633333333333,31.353,0.0,0.0,7,209,30.0,1.0,515.5063622534738,-0.603125
2023-07-29,Rajasthan,pratapgarh,Pratapgarh,Onion,Red,FAQ,1500.0,1650.0,1585.0,30.7,21.3,27.22,35.38,79.15,2.0,13.2,21.3,30.7,1585.0,2.64,32.24,2300.0,2.64,32.24,7830.0,0.17,30.9,7825.0,21.3,149.1,3368.5714285714284,30.7,6.088333333333334,182.65,2650.4333333333334,31.389333333333337,0.0,1.0,7,210,30.0,1.0,512.1619907430704,1.4960629921259843
2023-07-30,Rajasthan,pratapgarh,Pratapgarh,Onion,Red,FAQ,1500.0,1650.0,1590.0,30.38,1.33,26.38,34.81,76.58,2.3,19.01,1.33,30.38,2300.0,21.3,30.7,2290.0,21.3,30.7,1220.0,0.17,30.9,589.0,1.33,9.31,3477.1428571428573,30.38,7.0633333333333335,211.9,2911.3,31.261333333333333,0.0,0.0,7,211,30.0,1.0,510.8181113245135,0.003154574132492094
2023-07-31,Rajasthan,pratapgarh,Pratapgarh,Onion,Red,FAQ,1550.0,1750.0,1600.0,30.42,0.85,26.67,34.04,78.69,2.72,18.86,0.85,30.42,1600.0,1.33,30.38,1225.0,21.3,30.7,7840.0,0.17,30.9,589.0,1.1928571428571428,8.35,1743.571428571429,30.391428571428573,7.147333333333333,214.42,2898.0,31.212,0.0,0.0,7,212,31.0,1.0,473.14585489043446,0.0062893081761006275
2023-08-01,Rajasthan,pratapgarh,Pratapgarh,Onion,Other,FAQ,420.0,1441.0,675.0,30.49,6.59,27.65,34.14,81.22,2.38,13.99,6.59,30.49,675.0,0.85,30.42,7840.0,0.85,30.42,671.0,21.3,30.7,7840.0,5.7700000000000005,40.39,2358.285714285714,30.48,4.852666666666666,145.57999999999998,2478.5333333333333,30.46066666666667,0.0,0.0,8,213,31.0,1.0,457.8755289377235,-0.578125
2023-08-02,Rajasthan,pratapgarh,Pratapgarh,Onion,Red,FAQ,1500.0,1700.0,1590.0,29.17,15.51,27.13,33.05,84.51,2.55,9.66,15.51,29.17,7900.0,6.59,30.49,1600.0,6.59,30.49,2439.0,1.33,30.38,2300.0,10.412857142857144,72.89,5390.0,29.92428571428572,4.66,139.8,2902.866666666667,30.319,0.0,0.0,8,214,31.0,1.0,457.8755289377235,1.3555555555555556
2023-08-03,Rajasthan,pratapgarh,Pratapgarh,Onion,Red,FAQ,1550.0,1700.0,1600.0,30.04,3.99,26.54,34.54,79.51,3.87,15.97,3.99,30.04,8350.0,15.51,29.17,822.0,15.51,29.17,7900.0,0.85,30.42,2393.0,10.572857142857142,74.00999999999999,3439.1428571428573,29.542857142857144,9.324,279.72,3375.3,29.91,0.0,0.0,8,215,31.0,1.0,457.8755289377235,0.0062893081761006275
2023-08-04,Rajasthan,pratapgarh,Pratapgarh,Onion,Other,FAQ,581.0,1511.0,813.0,29.42,8.04,26.94,33.7,82.82,3.34,9.65,8.04,29.42,813.0,3.99,30.04,1220.0,15.51,29.17,1225.0,6.59,30.49,1600.0,5.147142857142858,36.03,1328.571428571429,29.86285714285714,9.214666666666666,276.44,2934.6,29.71066666666667,0.0,0.0,8,216,31.0,1.0,416.2166331542815,-0.49187499999999995
2023-08-05,Rajasthan,pratapgarh,Pratapgarh,Onion,Other,FAQ,440.0,1501.0,705.0,29.64,5.91,26.26,33.94,79.6,1.39,8.91,5.91,29.64,705.0,8.04,29.42,1590.0,8.04,29.42,813.0,15.51,29.17,2502.0,6.822857142857143,47.76,1740.0,29.545714285714286,6.634,199.02,2499.866666666667,29.680666666666664,0.0,0.0,8,217,31.0,1.0,463.74264209282956,-0.1328413284132841
2023-08-06,Rajasthan,pratapgarh,Pratapgarh,Onion,Red,FAQ,1500.0,1750.0,1600.0,29.4,39.8,25.99,33.58,81.31,1.72,9.14,39.8,29.4,1600.0,39.8,29.4,1220.0,5.91,29.64,2432.0,8.04,29.42,813.0,39.8,278.6,3548.5714285714284,29.4,15.657333333333332,469.72,3001.6666666666665,29.502666666666663,0.0,1.0,8,218,31.0,1.0,465.0689656998658,1.269503546099291
2023-08-07,Rajasthan,pratapgarh,Pratapgarh,Onion,Red,FAQ,1550.0,1750.0,1600.0,28.08,3.7,26.13,30.75,86.59,3.63,13.5,3.7,28.08,1600.0,39.8,29.4,2310.0,5.91,29.64,1585.0,8.04,29.42,1225.0,29.485714285714288,206.4,3501.428571428572,29.02285714285714,15.368,461.04,3026.6666666666665,29.41333333333333,0.0,1.0,8,219,32.0,1.0,465.0689656998658,0.0
2023-08-08,Rajasthan,pratapgarh,Pratapgarh,Onion,Red,FAQ,1500.0,1700.0,1590.0,27.97,3.61,25.21,31.52,87.14,3.18,13.69,3.7,28.08,2300.0,3.7,28.08,841.0,39.8,29.4,7900.0,5.91,29.64,2300.0,3.687142857142857,25.81,1951.4285714285716,28.064285714285717,14.134,424.02,2492.5333333333333,29.000333333333334,0.0,0.0,8,220,32.0,1.0,409.62683366344896,-0.006249999999999978
2023-08-09,Rajasthan,pratapgarh,Pratapgarh,Onion,Red,FAQ,1550.0,1750.0,1600.0,27.2,21.48,25.67,29.14,90.0,3.46,11.72,21.48,27.2,1600.0,3.61,27.97,1225.0,3.7,28.08,2300.0,39.8,29.4,1220.0,13.821428571428571,96.75,1213.0,27.53,13.260666666666667,397.82,2101.5333333333333,28.19,0.0,0.0,8,221,32.0,1.0,410.591733268671,0.0062893081761006275
2023-08-10,Rajasthan,pratapgarh,Pratapgarh,Onion,Other,FAQ,691.0,2051.0,1031.0,28.2,13.75,25.53,31.46,86.75,2.38,15.29,13.75,28.2,2469.0,21.48,27.2,1600.0,3.61,27.97,2489.0,39.8,29.4,1600.0,17.062857142857144,119.44,1885.7142857142856,27.77142857142857,8.566,256.98,1700.8666666666666,27.88333333333333,0.0,1.0,8,222,32.0,1.0,411.08636562162957,-0.35562499999999997
2023-08-11,Rajasthan,pratapgarh,Pratapgarh,Onion,Other,FAQ,600.0,2380.0,1045.0,28.47,6.41,25.62,32.15,85.29,2.52,17.15,6.41,28.47,1045.0,13.75,28.2,1210.0,13.75,28.2,2469.0,3.61,27.97,1590.0,7.458571428571427,52.21,1471.428571428571,28.43142857142857,11.124,333.72,1674.1333333333334,27.992666666666665,0.0,0.0,8,223,32.0,1.0,375.23123029736774,0.013579049466537318
2023-08-12,Rajasthan,pratapgarh,Pratapgarh,Onion,Red,FAQ,1500.0,1750.0,1600.0,28.9,0.48,25.45,33.21,82.42,3.43,18.32,0.48,28.9,1600.0,6.41,28.47,1580.0,13.75,28.2,1210.0,3.61,27.97,813.0,3.021428571428572,21.15,1733.142857142857,28.715714285714284,11.080000000000002,332.40000000000003,1676.0666666666666,28.18333333333333,0.0,0.0,8,224,32.0,1.0,273.30629947612505,0.5311004784688995
2023-08-13,Rajasthan,pratapgarh,Pratapgarh,Onion,Red,FAQ,1500.0,1650.0,1590.0,28.41,2.06,25.52,31.18,83.5,2.4,15.03,2.06,28.41,1200.0,0.48,28.9,1600.0,6.41,28.47,1580.0,13.75,28.2,1031.0,1.6085714285714283,11.26,1887.142857142857,28.55,6.701,201.03,1740.7,28.465,0.0,0.0,8,225,32.0,1.0,272.3428336630488,-0.006249999999999978
2023-08-14,Rajasthan,pratapgarh,Pratapgarh,Onion,Red,FAQ,1500.0,1650.0,1585.0,28.75,8.07,25.73,32.2,81.95,1.31,17.68,8.07,28.75,2470.0,2.06,28.41,1590.0,0.48,28.9,2310.0,13.75,28.2,1210.0,8.07,56.49,1935.0,28.75,4.986,149.57999999999998,1745.2333333333331,28.60033333333333,0.0,0.0,8,226,33.0,1.0,270.89780185084385,-0.0031446540880503138
2023-08-15,,,,,,,,,1292.5,,,,,,,,,,,,,,,,,,,,,,,,,,,,,,8,227,,,265.7101222152048,-0.1845425867507886
2023-08-16,Rajasthan,pratapgarh,Pratapgarh,Onion,Other,FAQ,500.0,2501.0,1000.0,28.92,0.53,25.59,32.91,82.85,2.04,20.86,0.53,28.92,2310.0,8.07,28.75,2470.0,2.06,28.41,1590.0,6.41,28.47,1045.0,4.838571428571429,33.870000000000005,1310.0,28.822857142857146,4.319333333333334,129.58,1689.5666666666666,28.68233333333333,0.0,0.0,8,228,33.0,1.0,283.57742287055373,-0.22630560928433274
2023-08-17,Rajasthan,pratapgarh,Pratapgarh,Onion,Red,FAQ,1500.0,1650.0,1580.0,29.31,9.77,26.09,32.95,85.5,1.92,13.49,9.77,29.31,1580.0,0.53,28.92,1190.0,8.07,28.75,1585.0,0.48,28.9,1600.0,3.1699999999999995,22.19,1785.7142857142858,29.03142857142857,3.962,118.86,1731.0,28.786,0.0,0.0,8,229,33.0,1.0,270.38717830266324,0.5800000000000001
2023-08-18,Rajasthan,pratapgarh,Pratapgarh,Onion,Red,FAQ,1500.0,1750.0,1600.0,29.36,8.72,26.88,32.75,86.05,1.47,16.27,8.72,29.36,1600.0,9.77,29.31,1580.0,0.53,28.92,2310.0,2.06,28.41,1200.0,9.47,66.28999999999999,1677.142857142857,29.32428571428571,5.539333333333333,166.18,1682.3333333333333,28.936666666666667,0.0,0.0,8,230,33.0,1.0,232.97825874449953,0.012658227848101333
2023-08-19,Rajasthan,pratapgarh,Pratapgarh,Onion,Red,FAQ,1600.0,1850.0,1700.0,29.62,1.29,27.02,33.15,84.56,3.07,19.48,1.29,29.62,2300.0,8.72,29.36,2315.0,8.72,29.36,1600.0,0.53,28.92,1000.0,3.4128571428571437,23.890000000000004,1570.0,29.545714285714286,5.234666666666668,157.04000000000002,1728.0,29.26133333333333,0.0,0.0,8,231,33.0,1.0,245.4448100121587,0.0625
2023-08-20,Rajasthan,pratapgarh,Pratapgarh,Onion,Red,FAQ,1550.0,1750.0,1600.0,29.14,0.74,26.58,33.19,86.03,2.77,19.28,0.74,29.14,2300.0,1.29,29.62,2431.0,1.29,29.62,2300.0,9.77,29.31,1580.0,0.8971428571428571,6.28,1715.857142857143,29.27714285714286,5.088333333333334,152.65,1709.7333333333331,29.401666666666664,0.0,0.0,8,232,33.0,1.0,246.2317191667423,-0.05882352941176472
2023-08-21,Rajasthan,pratapgarh,Pratapgarh,Onion,Red,FAQ,1700.0,1950.0,1800.0,29.17,1.57,25.58,32.71,83.61,1.07,17.93,1.57,29.17,2369.0,0.74,29.14,1170.0,1.29,29.62,1700.0,9.77,29.31,2300.0,1.0957142857142856,7.67,2048.285714285714,29.152857142857147,3.967333333333334,119.02,1773.0,29.382,0.0,0.0,8,233,34.0,1.0,273.4670477232606,0.125
2023-08-22,Rajasthan,pratapgarh,Pratapgarh,Onion,Red,FAQ,1800.0,1950.0,1880.0,29.28,18.79,26.73,32.28,85.37,0.73,6.03,18.79,29.28,1880.0,1.57,29.17,880.0,1.57,29.17,2369.0,1.29,29.62,1170.0,16.330000000000002,114.31,1651.428571428571,29.264285714285712,4.7733333333333325,143.2,1721.0,29.306,0.0,1.0,8,234,34.0,1.0,285.3569193634022,0.04444444444444451
2023-08-23,Rajasthan,pratapgarh,Pratapgarh,Onion,Other,FAQ,670.0,2350.0,1090.0,28.78,11.51,26.39,31.99,87.62,1.31,10.92,11.51,28.78,1090.0,18.79,29.28,2425.0,1.57,29.17,880.0,1.29,29.62,1040.0,14.63,102.41,1532.7142857142858,28.99428571428572,8.469333333333333,254.08,1699.0666666666666,29.148666666666667,0.0,1.0,8,235,34.0,1.0,254.47424792529137,-0.42021276595744683
2023-08-24,Rajasthan,pratapgarh,Pratapgarh,Onion,Other,FAQ,500.0,2540.0,1010.0,28.0,19.73,26.04,30.66,88.74,2.8,12.28,11.51,28.78,1150.0,11.51,28.78,1090.0,18.79,29.28,2425.0,1.57,29.17,2369.0,12.684285714285712,88.78999999999999,1712.0,28.66857142857143,11.228666666666667,336.86,1681.5666666666666,29.03766666666667,0.0,0.0,8,236,34.0,1.0,341.06974569517496,-0.07339449541284404
2023-08-25,Rajasthan,pratapgarh,Pratapgarh,Onion,Other,FAQ,500.0,2100.0,900.0,27.76,19.51,24.67,31.66,86.41,3.22,15.12,19.73,28.0,2315.0,19.73,28.0,1950.0,11.51,28.78,1900.0,18.79,29.28,1140.0,19.698571428571427,137.89,1800.857142857143,27.965714285714288,16.700666666666667,501.02,1739.8,28.636000000000003,0.0,1.0,8,237,34.0,1.0,411.0903040637642,-0.1089108910891089
2023-08-26,Rajasthan,pratapgarh,Pratapgarh,Onion,Red,FAQ,2000.0,2250.0,2150.0,27.99,0.73,24.39,32.22,84.61,3.13,20.81,0.73,27.99,1125.0,19.51,27.76,2320.0,19.73,28.0,2315.0,11.51,28.78,1090.0,11.461428571428572,80.23,1652.857142857143,27.858571428571427,15.838666666666668,475.16,1730.0,28.101,0.0,0.0,8,238,34.0,1.0,488.9444412882374,1.3888888888888888
2023-08-27,Rajasthan,pratapgarh,Pratapgarh,Onion,Red,FAQ,2100.0,2250.0,2160.0,28.31,0.12,25.43,32.63,82.58,3.85,20.88,0.12,28.31,2160.0,0.73,27.99,2320.0,19.51,27.76,2455.0,19.73,28.0,1010.0,0.2071428571428571,1.45,1927.142857142857,28.264285714285712,11.934666666666669,358.04,1859.2,27.98,0.0,0.0,8,239,34.0,1.0,551.7245689653487,0.0046511627906977715
2023-08-28,Rajasthan,pratapgarh,Pratapgarh,Onion,Red,FAQ,2100.0,2350.0,2200.0,27.94,0.19,24.53,32.46,83.23,3.39,20.88,0.19,27.94,1130.0,0.12,28.31,1125.0,0.73,27.99,1125.0,19.73,28.0,2398.0,0.15,1.05,1911.4285714285716,28.15142857142857,9.980666666666668,299.42,1797.9333333333334,27.974,0.0,0.0,8,240,35.0,1.0,598.2673395095284,0.0185185185185186
2023-08-29,Rajasthan,pratapgarh,Pratapgarh,Onion,Other,FAQ,451.0,2321.0,918.0,28.17,1.37,24.83,32.3,83.47,2.49,19.76,1.37,28.17,2320.0,0.19,27.94,2310.0,0.12,28.31,2160.0,19.51,27.76,2320.0,0.6957142857142857,4.87,1787.7142857142858,28.03857142857143,3.622,108.66,1854.8,28.017,0.0,0.0,8,241,35.0,1.0,639.568008967958,-0.5827272727272728
2023-08-30,Rajasthan,pratapgarh,Pratapgarh,Onion,Red,FAQ,2100.0,2400.0,2200.0,28.21,0.29,24.39,32.23,82.75,2.11,20.1,0.29,28.21,2200.0,1.37,28.17,2190.0,1.37,28.17,2320.0,0.12,28.31,1125.0,0.4442857142857143,3.11,1921.4285714285716,28.204285714285717,0.594,17.82,1880.6,28.12,0.0,0.0,8,242,35.0,1.0,661.1862355609333,1.3965141612200438
2023-08-31,Rajasthan,pratapgarh,Pratapgarh,Onion,Other,FAQ,750.0,2000.0,1062.0,28.69,0.14,24.8,32.87,82.53,1.64,20.84,0.29,28.21,2200.0,1.37,28.17,2190.0,1.37,28.17,918.0,0.12,28.31,2300.0,0.2685714285714285,1.88,1760.2857142857142,28.278571428571432,0.5946666666666668,17.840000000000003,1839.3333333333333,28.13266666666667,0.0,0.0,8,243,35.0,1.0,653.0619455778331,-0.5172727272727273
2023-09-01,Rajasthan,pratapgarh,Pratapgarh,Onion,Other,FAQ,711.0,2450.0,1145.0,28.99,0.12,25.1,33.59,81.22,2.06,20.79,0.12,28.99,1145.0,0.14,28.69,1125.0,0.14,28.69,2185.0,1.37,28.17,918.0,0.12,0.84,1842.571428571429,28.99,0.4523333333333333,13.57,1826.0666666666664,28.54266666666667,0.0,0.0,9,244,35.0,1.0,611.022289360411,0.07815442561205277
2023-09-02,Rajasthan,pratapgarh,Pratapgarh,Onion,Other,FAQ,505.0,2300.0,953.0,29.44,0.01,25.05,34.36,80.98,2.2,22.5,0.01,29.44,2310.0,0.12,28.99,1140.0,0.12,28.99,2434.0,0.29,28.21,1130.0,0.0414285714285714,0.29,1590.857142857143,29.31142857142857,0.1366666666666666,4.1,1782.8,28.835,1.0,0.0,9,245,35.0,1.0,628.3153969904272,-0.16768558951965062
2023-09-03,Rajasthan,pratapgarh,Pratapgarh,Onion,Red,FAQ,2200.0,2450.0,2300.0,29.61,3.93,25.53,34.23,79.38,1.52,23.04,3.93,29.61,2300.0,0.01,29.44,2444.0,0.01,29.44,1160.0,0.14,28.69,2320.0,3.37,23.59,1992.0,29.58571428571429,0.8480000000000001,25.44,1890.4333333333332,29.224,0.0,0.0,9,246,35.0,1.0,653.8044341354974,1.4134312696747116
2023-09-04,Rajasthan,pratapgarh,Pratapgarh,Onion,Red,FAQ,2200.0,2450.0,2300.0,29.23,3.45,25.84,33.53,79.25,1.17,20.28,3.93,29.61,2300.0,0.01,29.44,2444.0,0.01,29.44,953.0,0.14,28.69,2320.0,3.861428571428572,27.03,1971.4285714285716,29.555714285714288,0.9583333333333336,28.750000000000004,1889.7666666666669,29.242,0.0,0.0,9,247,36.0,1.0,671.4896375472471,0.0
2023-09-05,Rajasthan,pratapgarh,Pratapgarh,Onion,Other,FAQ,360.0,2202.0,820.0,27.74,7.68,25.87,30.79,88.39,2.86,15.25,7.68,27.74,2483.0,3.45,29.23,2517.0,3.93,29.61,2300.0,0.12,28.99,2300.0,5.867142857142857,41.07,1446.0,28.37857142857143,2.9633333333333334,88.9,1799.1,29.17733333333333,0.0,0.0,9,248,36.0,1.0,687.7836384600416,-0.6434782608695653
2023-09-06,Rajasthan,pratapgarh,Pratapgarh,Onion,Red,FAQ,2300.0,2500.0,2350.0,27.97,8.53,24.68,32.38,81.18,2.03,12.05,8.53,27.97,2350.0,7.68,27.74,2320.0,3.45,29.23,1021.0,0.01,29.44,2444.0,8.165714285714285,57.16,1991.4285714285716,27.871428571428567,5.633333333333334,169.0,1840.0666666666664,28.64133333333333,0.0,0.0,9,249,36.0,1.0,713.6249848818488,1.8658536585365852
2023-09-07,Rajasthan,pratapgarh,Pratapgarh,Onion,Red,FAQ,2200.0,2450.0,2300.0,28.44,5.89,25.48,32.46,85.2,2.45,16.08,8.53,27.97,2325.0,7.68,27.74,2320.0,7.68,27.74,2483.0,3.93,29.61,2300.0,8.152857142857142,57.07,1990.0,28.037142857142857,6.005333333333334,180.16,1880.0666666666664,28.493,0.0,0.0,9,250,36.0,1.0,722.5733444400213,-0.021276595744680882
2023-09-08,Rajasthan,pratapgarh,Pratapgarh,Onion,Other,FAQ,490.0,2124.0,898.0,27.47,9.22,25.58,30.2,90.62,3.29,14.54,9.22,27.47,898.0,9.22,27.47,2468.0,8.53,27.97,2325.0,3.45,29.23,1021.0,9.22,64.54,1600.571428571429,27.47,7.902666666666666,237.08,1830.2666666666669,27.854,0.0,0.0,9,251,36.0,1.0,761.3639077340084,-0.6095652173913044
2023-09-09,Rajasthan,pratapgarh,Pratapgarh,Onion,Red,FAQ,2200.0,2400.0,2300.0,27.97,8.24,25.81,31.21,89.12,2.47,7.76,8.24,27.97,2300.0,9.22,27.47,2320.0,9.22,27.47,2468.0,7.68,27.74,2320.0,8.38,58.66,1978.571428571429,27.898571428571422,8.117333333333333,243.52,1919.0666666666664,27.882,0.0,0.0,9,252,36.0,1.0,708.6086971765764,1.5612472160356345
2023-09-10,Rajasthan,pratapgarh,Pratapgarh,Onion,Red,FAQ,2300.0,2400.0,2320.0,27.44,15.53,25.72,29.5,90.76,2.5,16.7,15.53,27.44,2320.0,8.24,27.97,2300.0,9.22,27.47,898.0,8.53,27.97,2350.0,14.488571428571428,101.42,1980.0,27.51571428571429,9.574,287.22,1917.0666666666664,27.79133333333333,0.0,1.0,9,253,36.0,1.0,710.5494855592893,0.008695652173912993
2023-09-11,Rajasthan,pratapgarh,Pratapgarh,Onion,Other,FAQ,200.0,1981.0,645.0,27.91,19.02,26.29,30.6,92.17,1.52,11.32,19.02,27.91,645.0,15.53,27.44,2330.0,9.22,27.47,2320.0,8.53,27.97,2325.0,16.527142857142856,115.69,1502.857142857143,27.574285714285715,10.273333333333332,308.2,1805.0666666666664,27.787333333333333,0.0,1.0,9,254,37.0,1.0,821.3144806896297,-0.7219827586206897
2023-09-12,Rajasthan,pratapgarh,Pratapgarh,Onion,Other,FAQ,310.0,1800.0,682.0,29.19,4.26,26.0,31.68,83.04,0.59,15.19,19.02,27.91,1100.0,19.02,27.91,2320.0,15.53,27.44,1130.0,9.22,27.47,1150.0,16.91142857142857,118.38,1765.142857142857,28.092857142857135,13.387333333333332,401.62,1786.7333333333331,27.768,0.0,1.0,9,255,37.0,1.0,846.1698861283567,0.05736434108527133
2023-09-13,Rajasthan,pratapgarh,Pratapgarh,Onion,Other,FAQ,300.0,1651.0,637.0,27.92,2.91,26.48,30.08,92.21,1.2,15.33,2.91,27.92,2476.0,4.26,29.19,2340.0,19.02,27.91,2300.0,8.24,27.97,2325.0,3.8742857142857146,27.12,2121.285714285714,28.82714285714286,11.609333333333332,348.28,1815.9,28.247333333333334,0.0,0.0,9,256,37.0,1.0,854.9927596463141,-0.06598240469208216
2023-09-14,Rajasthan,pratapgarh,Pratapgarh,Onion,Red,FAQ,2200.0,2350.0,2250.0,28.37,1.04,25.8,31.29,89.9,1.55,18.39,1.04,28.37,2250.0,2.91,27.92,2240.0,4.26,29.19,2340.0,19.02,27.91,2320.0,1.8414285714285716,12.89,1957.142857142857,28.177142857142854,6.332666666666666,189.98,1871.0,28.401333333333334,0.0,0.0,9,257,37.0,1.0,846.3609778114214,2.532182103610675
2023-09-15,Rajasthan,pratapgarh,Pratapgarh,Onion,Other,FAQ,791.0,1780.0,1038.0,27.82,0.84,26.38,29.9,90.84,3.37,14.46,0.84,27.82,1038.0,1.04,28.37,2340.0,2.91,27.92,2240.0,4.26,29.19,682.0,0.9828571428571428,6.88,1135.142857142857,28.212857142857143,2.508666666666666,75.25999999999999,1779.2666666666669,28.402,0.0,0.0,9,258,37.0,1.0,834.3581793382097,-0.5386666666666666
2023-09-16,Rajasthan,pratapgarh,Pratapgarh,Onion,Red,FAQ,2200.0,2350.0,2240.0,28.01,0.33,25.95,31.16,87.61,3.08,17.35,0.33,28.01,2370.0,0.84,27.82,2416.0,1.04,28.37,695.0,2.91,27.92,2476.0,0.6214285714285713,4.35,1984.2857142857144,27.90142857142857,1.3386666666666664,40.16,1825.5,28.045666666666666,0.0,0.0,9,259,37.0,1.0,823.9378443963914,1.157996146435453
2023-09-17,Rajasthan,pratapgarh,Pratapgarh,Onion,Red,FAQ,2200.0,2350.0,2240.0,28.56,2.05,25.13,32.04,82.74,1.34,19.95,0.33,28.01,2465.0,0.33,28.01,2240.0,0.84,27.82,2380.0,1.04,28.37,2405.0,0.5757142857142856,4.029999999999999,1458.571428571429,28.08857142857143,0.7703333333333333,23.11,1761.7666666666669,28.073,0.0,0.0,9,260,37.0,1.0,809.5061692755892,0.0
2023-09-18,Rajasthan,pratapgarh,Pratapgarh,Onion,Other,FAQ,290.0,1399.0,567.0,28.72,0.42,25.66,32.24,82.49,0.76,18.54,0.42,28.72,567.0,2.05,28.56,1140.0,0.33,28.01,460.0,0.84,27.82,1038.0,0.6528571428571429,4.57,1338.571428571429,28.697142857142858,0.8279999999999998,24.84,1772.0666666666666,28.211333333333336,0.0,0.0,9,261,38.0,1.0,821.9165465689387,-0.746875
2023-09-19,Rajasthan,pratapgarh,Pratapgarh,Onion,Red,FAQ,2100.0,2350.0,2200.0,28.93,1.22,25.17,32.68,83.34,1.11,18.7,1.22,28.93,2360.0,0.42,28.72,2240.0,0.42,28.72,1040.0,0.33,28.01,2370.0,0.9914285714285712,6.94,1960.0,28.87,0.8523333333333334,25.57,1758.6666666666667,28.51,0.0,0.0,9,262,38.0,1.0,807.4538170487937,2.880070546737213
2023-09-20,Rajasthan,pratapgarh,Pratapgarh,Onion,Red,FAQ,2000.0,2300.0,2100.0,28.58,1.66,25.73,32.35,84.16,1.36,14.48,1.66,28.58,2350.0,1.22,28.93,1030.0,0.42,28.72,567.0,0.33,28.01,1060.0,1.4085714285714286,9.86,2274.285714285714,28.78,1.015,30.45,1795.0,28.597666666666665,0.0,0.0,9,263,38.0,1.0,700.0545216862274,-0.045454545454545414
2023-09-21,Rajasthan,pratapgarh,Pratapgarh,Onion,Other,FAQ,951.0,2320.0,1293.0,28.47,1.69,25.22,32.27,85.74,1.67,18.57,1.69,28.47,1293.0,1.69,28.47,2345.0,1.66,28.58,2100.0,0.42,28.72,2508.0,1.69,11.83,1681.2857142857142,28.47,1.332,39.96,1770.2666666666669,28.648666666666667,0.0,0.0,9,264,38.0,1.0,692.0671244625803,-0.38428571428571423
2023-09-22,Rajasthan,pratapgarh,Pratapgarh,Onion,Other,FAQ,540.0,2230.0,962.0,28.12,1.4,24.84,32.36,85.9,2.44,15.67,1.4,28.12,962.0,1.69,28.47,2080.0,1.69,28.47,2345.0,1.22,28.93,1030.0,1.4414285714285715,10.09,1544.857142857143,28.17,1.5593333333333337,46.78,1786.2666666666669,28.498,0.0,0.0,9,265,38.0,1.0,704.0946567857801,-0.2559938128383604
2023-09-23,,,,,,,,,1431.0,,,,,,,,,,,,,,,,,,,,,,,,,,,,,,9,266,,,657.37848777586,0.48752598752598764
2023-09-24,Rajasthan,pratapgarh,Pratapgarh,Onion,Red,FAQ,1800.0,2050.0,1900.0,27.6,1.18,24.13,31.54,84.2,1.27,15.03,1.18,27.6,1900.0,1.4,28.12,2350.0,1.4,28.12,2405.0,1.66,28.58,1000.0,1.2114285714285713,8.479999999999999,1827.142857142857,27.67428571428572,1.4873333333333332,44.62,1709.2,28.194000000000003,0.0,0.0,9,267,38.0,1.0,607.8962944136979,0.3277428371767994
2023-09-25,Rajasthan,pratapgarh,Pratapgarh,Onion,Red,FAQ,1900.0,2050.0,1940.0,27.8,0.65,24.65,31.87,81.28,1.13,18.44,0.65,27.8,945.0,1.18,27.6,960.0,1.4,28.12,1980.0,1.69,28.47,2345.0,0.8014285714285715,5.61,1761.428571428571,27.742857142857144,1.3179999999999998,39.53999999999999,1743.1,28.067666666666664,0.0,0.0,9,268,39.0,1.0,463.5859708629589,0.021052631578947434
2023-09-26,Rajasthan,pratapgarh,Pratapgarh,Onion,Other,FAQ,800.0,1966.0,1091.0,28.0,3.95,24.35,31.77,82.5,0.57,16.91,3.95,28.0,1091.0,0.65,27.8,2350.0,1.4,28.12,2350.0,1.69,28.47,1010.0,1.592857142857143,11.15,1471.7142857142858,27.857142857142858,1.434,43.02,1735.0,28.014,0.0,0.0,9,269,39.0,1.0,449.29722901438015,-0.43762886597938144
2023-09-27,Rajasthan,pratapgarh,Pratapgarh,Onion,Other,FAQ,680.0,2340.0,1095.0,28.34,0.74,25.22,32.45,83.7,1.08,17.21,0.74,28.34,1095.0,3.95,28.0,945.0,0.65,27.8,945.0,1.4,28.12,1000.0,3.032857142857144,21.230000000000004,1810.7142857142856,28.09714285714286,2.012,60.36,1704.5333333333333,27.92666666666667,0.0,0.0,9,270,39.0,1.0,394.3884959203129,0.0036663611365719273
2023-09-28,Rajasthan,pratapgarh,Pratapgarh,Onion,Red,FAQ,1900.0,2200.0,2000.0,28.84,0.54,25.62,33.02,78.13,0.83,15.84,0.54,28.84,2000.0,0.74,28.34,1900.0,3.95,28.0,2360.0,1.18,27.6,1900.0,0.6257142857142857,4.38,1371.428571428571,28.625714285714285,1.7653333333333336,52.96000000000001,1711.8666666666666,28.18533333333333,0.0,0.0,9,271,39.0,1.0,452.43299951221456,0.8264840182648401
2023-09-29,Rajasthan,pratapgarh,Pratapgarh,Onion,Red,FAQ,1900.0,2200.0,2000.0,28.12,0.51,24.99,32.72,76.39,1.28,16.39,0.54,28.84,2380.0,0.74,28.34,930.0,0.74,28.34,2370.0,0.65,27.8,945.0,0.5357142857142857,3.75,1800.0,28.737142857142857,1.7533333333333334,52.6,1749.0333333333333,28.26533333333333,0.0,0.0,9,272,39.0,1.0,420.0855921855743,0.0
2023-09-30,Rajasthan,pratapgarh,Pratapgarh,Onion,Other,FAQ,380.0,2260.0,850.0,27.94,0.02,23.22,33.42,72.02,1.09,15.91,0.51,28.12,905.0,0.51,28.12,2507.0,0.54,28.84,2000.0,3.95,28.0,2410.0,0.44,3.08,1325.7142857142858,28.094285714285714,0.9203333333333332,27.61,1738.4333333333334,28.319333333333336,0.0,0.0,9,273,39.0,1.0,514.3295682360728,-0.575
2023-10-01,Rajasthan,pratapgarh,Pratapgarh,Onion,Red,FAQ,1900.0,2100.0,1980.0,28.4,5.28,24.26,32.68,80.41,1.22,18.01,5.28,28.4,940.0,0.02,27.94,2000.0,0.02,27.94,850.0,0.54,28.84,920.0,3.777142857142857,26.44,1650.7142857142858,28.268571428571427,1.1466666666666667,34.4,1768.4666666666667,28.22666666666667,0.0,0.0,10,274,39.0,0.0,524.1025435832919,1.3294117647058825
2023-10-02,Rajasthan,pratapgarh,Pratapgarh,Onion,Red,FAQ,1900.0,2000.0,1940.0,27.26,15.3,24.95,30.23,85.68,1.47,10.32,15.3,27.26,1940.0,5.28,28.4,2375.0,0.02,27.94,2380.0,0.54,28.84,2000.0,8.142857142857142,57.0,1727.857142857143,28.07428571428571,2.288666666666667,68.66000000000001,1799.8,28.10666666666667,0.0,0.0,10,275,40.0,0.0,524.1025435832919,-0.02020202020202022
2023-10-03,Rajasthan,pratapgarh,Pratapgarh,Onion,Red,FAQ,1800.0,2100.0,1900.0,26.96,11.15,24.14,30.8,85.83,2.02,11.96,11.15,26.96,1900.0,15.3,27.26,940.0,5.28,28.4,940.0,0.51,28.12,940.0,11.742857142857144,82.2,2277.1428571428573,27.002857142857145,6.386666666666667,191.6,1793.3333333333333,27.712,0.0,0.0,10,276,40.0,0.0,490.2246812383458,-0.020618556701030966
2023-10-04,Rajasthan,pratapgarh,Pratapgarh,Onion,Other,FAQ,600.0,2411.0,1052.0,25.86,9.2,21.73,30.68,84.98,2.16,16.22,9.2,25.86,1052.0,11.15,26.96,1900.0,15.3,27.26,940.0,0.02,27.94,2380.0,10.592857142857143,74.15,1160.0,26.645714285714284,8.45,253.5,1725.0,27.430666666666664,0.0,0.0,10,277,40.0,0.0,498.9785757401,-0.4463157894736842
2023-10-05,Rajasthan,pratapgarh,Pratapgarh,Onion,Other,FAQ,1511.0,2111.0,1661.0,27.2,2.88,23.32,31.27,84.11,1.29,14.35,2.88,27.2,2451.0,9.2,25.86,2463.0,11.15,26.96,940.0,5.28,28.4,1980.0,2.88,20.16,1883.2857142857144,27.2,9.464666666666666,283.94,1807.6333333333332,26.904,0.0,0.0,10,278,40.0,0.0,478.14587333833185,0.5788973384030418
2023-10-06,Rajasthan,pratapgarh,Pratapgarh,Onion,Red,FAQ,1960.0,2200.0,2000.0,27.19,0.61,23.35,31.49,74.7,1.18,20.22,0.61,27.19,2489.0,2.88,27.2,2451.0,9.2,25.86,2463.0,15.3,27.26,940.0,1.907142857142857,13.35,2014.2857142857144,27.195714285714285,7.087666666666666,212.63,1884.9333333333332,26.853,0.0,0.0,10,279,40.0,0.0,478.14587333833185,0.20409391932570742
2023-10-07,Rajasthan,pratapgarh,Pratapgarh,Onion,Red,FAQ,1950.0,2100.0,2000.0,25.65,0.12,18.76,31.74,66.81,1.36,19.66,0.12,25.65,2000.0,0.61,27.19,1098.0,2.88,27.2,1661.0,11.15,26.96,1118.0,0.47,3.29,1679.7142857142858,26.75,3.754666666666666,112.64,1774.2666666666669,26.80933333333333,0.0,0.0,10,280,40.0,0.0,346.4543534834252,0.0
2023-10-08,Rajasthan,pratapgarh,Pratapgarh,Onion,Red,FAQ,2000.0,2100.0,2015.0,26.39,0.0,20.38,33.08,74.0,1.84,20.32,0.0,26.39,2015.0,0.12,25.65,1000.0,0.61,27.19,950.0,2.88,27.2,2370.0,0.0514285714285714,0.36,1695.142857142857,26.072857142857146,0.8193333333333332,24.58,1777.8,26.572,0.0,0.0,10,281,40.0,0.0,349.88181678144525,0.007500000000000062
2023-10-09,Rajasthan,pratapgarh,Pratapgarh,Onion,Other,FAQ,810.0,2550.0,1245.0,27.18,0.0,21.51,34.3,76.6,2.06,19.12,0.0,27.18,1245.0,0.12,25.65,2468.0,0.12,25.65,2000.0,2.88,27.2,2451.0,0.0171428571428571,0.12,1555.428571428571,26.51,0.6273333333333333,18.82,1697.4,26.570666666666668,0.0,0.0,10,282,41.0,0.0,397.4021592675054,-0.3821339950372209
2023-10-10,Rajasthan,pratapgarh,Pratapgarh,Onion,Other,FAQ,941.0,2401.0,1306.0,27.48,0.0,22.42,34.13,75.26,2.23,20.56,0.0,27.48,1306.0,0.0,27.18,2680.0,0.0,26.39,950.0,0.61,27.19,1098.0,0.0,0.0,1601.7142857142858,27.265714285714285,0.1213333333333333,3.64,1687.9333333333334,26.586,1.0,0.0,10,283,41.0,0.0,409.84131656277,0.048995983935743004
2023-10-11,Rajasthan,pratapgarh,Pratapgarh,Onion,Other,FAQ,1210.0,2500.0,1532.0,26.84,0.0,20.94,33.88,70.36,2.11,18.72,0.0,26.84,1532.0,0.0,26.84,2345.0,0.0,27.48,2080.0,0.0,26.39,2015.0,0.0,0.0,1660.2857142857142,26.84,0.0,0.0,1810.0333333333333,27.151666666666667,1.0,0.0,10,284,41.0,0.0,333.76410260912695,0.17304747320061264
2023-10-12,Rajasthan,pratapgarh,Pratapgarh,Onion,Red,FAQ,2000.0,2300.0,2100.0,27.34,0.0,21.14,34.37,63.27,1.29,18.28,0.0,27.34,2360.0,0.0,26.84,1532.0,0.0,26.84,2345.0,0.0,27.18,2680.0,0.0,0.0,1763.142857142857,27.197142857142858,0.0,0.0,1793.5333333333333,27.19333333333333,1.0,0.0,10,285,41.0,0.0,369.0130337096759,0.37075718015665804
2023-10-13,Rajasthan,pratapgarh,Pratapgarh,Onion,Red,FAQ,2000.0,2250.0,2100.0,26.78,0.0,20.57,33.48,58.5,1.32,19.6,0.0,26.78,2100.0,0.0,27.34,1337.0,0.0,27.34,950.0,0.0,27.48,2080.0,0.0,0.0,2372.8571428571427,26.94,0.0,0.0,1915.9333333333332,27.10333333333333,1.0,0.0,10,286,41.0,0.0,382.3351185244983,0.0
2023-10-14,Rajasthan,pratapgarh,Pratapgarh,Onion,Red,FAQ,2050.0,2250.0,2100.0,26.25,0.0,19.1,33.78,60.87,1.46,18.83,0.0,26.78,1226.0,0.0,26.78,2100.0,0.0,27.34,1337.0,0.0,26.84,2345.0,0.0,0.0,1561.7142857142858,26.704285714285717,0.0,0.0,1833.1,26.967,1.0,0.0,10,287,41.0,0.0,394.60546903264714,0.0
2023-10-15,Rajasthan,pratapgarh,Pratapgarh,Onion,Red,FAQ,2100.0,2250.0,2130.0,27.0,0.0,20.4,34.17,62.19,1.7,18.03,0.0,27.0,950.0,0.0,26.25,2100.0,0.0,26.78,2100.0,0.0,26.84,1532.0,0.0,0.0,1527.142857142857,26.571428571428573,0.0,0.0,1793.8666666666666,26.884666666666664,1.0,0.0,10,288,41.0,0.0,408.5959116873518,0.014285714285714235
2023-10-16,Rajasthan,pratapgarh,Pratapgarh,Onion,Other,FAQ,901.0,2742.0,1361.0,27.95,1.73,22.28,34.64,62.34,1.2,13.54,1.73,27.95,2375.0,0.0,27.0,2130.0,0.0,26.25,2370.0,0.0,27.34,1337.0,1.2357142857142858,8.65,2282.1428571428573,27.678571428571427,0.2883333333333333,8.65,1922.4666666666667,26.969,1.0,0.0,10,289,42.0,0.0,384.56920858341647,-0.3610328638497653
2023-10-17,Rajasthan,pratapgarh,Pratapgarh,Onion,Other,FAQ,1000.0,3280.0,1570.0,25.99,0.32,21.63,31.63,68.21,1.14,10.6,0.32,25.99,1570.0,0.32,25.99,2370.0,1.73,27.95,2375.0,0.0,26.78,1226.0,0.32,2.24,1789.7142857142858,25.99,0.662,19.86,1847.1333333333332,26.89733333333333,0.0,0.0,10,290,42.0,0.0,337.65881624870264,0.15356355620867013
2023-10-18,Rajasthan,pratapgarh,Pratapgarh,Onion,Other,FAQ,1000.0,3311.0,1577.0,25.14,0.0,19.56,31.87,64.17,1.64,18.11,0.0,25.14,1577.0,0.32,25.99,930.0,1.73,27.95,2140.0,0.0,26.25,2370.0,0.2285714285714286,1.6,1646.2857142857142,25.74714285714285,0.6833333333333333,20.5,1797.6,26.806,0.0,0.0,10,291,42.0,0.0,331.14181971159076,0.00445859872611476
2023-10-19,Rajasthan,pratapgarh,Pratapgarh,Onion,Other,FAQ,1181.0,3300.0,1710.0,25.03,0.0,18.86,31.96,57.48,1.43,19.15,0.0,25.03,2370.0,0.0,25.14,950.0,0.32,25.99,2150.0,1.73,27.95,2557.0,0.0,0.0,2279.428571428572,25.092857142857145,0.5103333333333333,15.31,1873.8333333333333,26.068,0.0,0.0,10,292,42.0,0.0,314.1028797187607,0.0843373493975903
2023-10-20,Rajasthan,pratapgarh,Pratapgarh,Onion,Other,FAQ,1600.0,3360.0,2040.0,24.81,0.0,18.85,31.65,52.33,1.15,19.09,0.0,24.81,2040.0,0.0,25.03,2200.0,0.0,25.14,2613.0,0.32,25.99,2370.0,0.0,0.0,1909.4285714285716,24.967142857142854,0.0853333333333333,2.56,1916.4666666666667,25.308,1.0,0.0,10,293,42.0,0.0,305.00218578451626,0.1929824561403508
2023-10-21,Rajasthan,pratapgarh,Pratapgarh,Onion,Other,FAQ,1400.0,3250.0,1862.0,24.15,0.0,18.96,31.2,54.19,1.09,18.61,0.0,24.15,1862.0,0.0,24.81,2375.0,0.0,25.03,940.0,0.0,25.14,1577.0,0.0,0.0,2241.0,24.62142857142857,0.0,0.0,1994.8,24.927333333333333,1.0,0.0,10,294,42.0,0.0,275.76983156248144,-0.08725490196078434
2023-10-22,,,,,,,,,1974.6666666666667,,,,,,,,,,,,,,,,,,,,,,,,,,,,,,10,295,,,244.58202116951398,0.06050841389187256
2023-10-23,,,,,,,,,2087.3333333333335,,,,,,,,,,,,,,,,,,,,,,,,,,,,,,10,296,,,215.35420558334326,0.05705604321404456
2023-10-24,Rajasthan,pratapgarh,Pratapgarh,Onion,Red,FAQ,2100.0,2350.0,2200.0,24.36,0.0,18.45,31.29,59.19,0.88,17.21,0.0,24.36,2200.0,0.0,24.15,2150.0,0.0,24.15,1862.0,0.0,25.03,2200.0,0.0,0.0,1887.142857142857,24.33,0.0,0.0,1944.9333333333332,24.52933333333333,1.0,0.0,10,297,43.0,0.0,219.425235245248,0.05397636537847328
2023-10-25,Rajasthan,pratapgarh,Pratapgarh,Onion,Red,FAQ,2200.0,2350.0,2240.0,25.38,0.0,18.94,31.82,56.2,1.06,16.81,0.0,25.38,2725.0,0.0,24.36,960.0,0.0,24.15,2360.0,0.0,25.03,2603.0,0.0,0.0,1746.428571428571,24.94285714285714,0.0,0.0,1937.5666666666664,24.576,1.0,0.0,10,298,43.0,0.0,186.52806645842244,0.018181818181818077
2023-10-26,Rajasthan,pratapgarh,Pratapgarh,Onion,Other,FAQ,2006.0,4730.0,2683.0,25.35,0.0,19.36,32.52,52.0,1.37,17.09,0.0,25.35,2375.0,0.0,25.38,2725.0,0.0,24.36,2200.0,0.0,24.81,2604.0,0.0,0.0,2488.428571428572,25.367142857142856,0.0,0.0,2093.233333333333,24.744,1.0,0.0,10,299,43.0,0.0,265.8966959366933,0.19776785714285716
2023-10-27,Rajasthan,pratapgarh,Pratapgarh,Onion,Other,FAQ,1700.0,5400.0,2625.0,24.5,0.0,17.35,31.91,42.16,1.24,17.34,0.0,24.5,2652.0,0.0,25.35,2649.0,0.0,25.35,2375.0,0.0,24.36,2370.0,0.0,0.0,1675.571428571429,24.742857142857144,0.0,0.0,2072.3,25.05333333333333,1.0,0.0,10,300,43.0,0.0,311.6241716212356,-0.021617592247484163
2023-10-28,Rajasthan,pratapgarh,Pratapgarh,Onion,Red,FAQ,3000.0,3300.0,3100.0,24.45,0.0,16.37,31.5,43.53,0.98,17.09,0.0,24.45,3100.0,0.0,24.5,2600.0,0.0,25.35,940.0,0.0,25.38,2240.0,0.0,0.0,2608.5714285714284,24.471428571428568,0.0,0.0,2336.633333333333,24.952666666666666,1.0,0.0,10,301,43.0,0.0,400.67740920019696,0.18095238095238098
2023-10-29,Rajasthan,pratapgarh,Pratapgarh,Onion,Red,FAQ,3300.0,3600.0,3400.0,24.72,0.0,18.87,31.6,45.75,0.88,15.88,0.0,24.72,2380.0,0.0,24.45,2370.0,0.0,24.5,2625.0,0.0,25.38,2370.0,0.0,0.0,2325.714285714286,24.56571428571429,0.0,0.0,2253.266666666667,24.824666666666666,1.0,0.0,10,302,43.0,0.0,491.14231926985514,0.09677419354838701
2023-10-30,Rajasthan,pratapgarh,Pratapgarh,Onion,Other,FAQ,680.0,4500.0,1635.0,24.21,0.0,17.51,31.28,47.57,0.76,15.3,0.0,24.21,1635.0,0.0,24.72,3400.0,0.0,24.45,2370.0,0.0,25.35,2260.0,0.0,0.0,1497.142857142857,24.428571428571427,0.0,0.0,2035.7333333333331,24.608666666666668,1.0,0.0,10,303,44.0,0.0,592.1688144118193,-0.5191176470588235
2023-10-31,Rajasthan,pratapgarh,Pratapgarh,Onion,Red,FAQ,3900.0,4200.0,3950.0,25.02,0.0,18.7,31.06,47.17,0.85,14.14,0.0,25.02,3950.0,0.0,25.02,2370.0,0.0,24.21,1635.0,0.0,24.5,2360.0,0.0,0.0,2450.5714285714284,25.02,0.0,0.0,2275.866666666667,24.576,1.0,0.0,10,304,44.0,0.0,762.3957227681905,1.4159021406727827
2023-11-01,Rajasthan,pratapgarh,Pratapgarh,Onion,Red,FAQ,4000.0,4150.0,4050.0,25.64,0.0,20.32,32.75,53.46,0.89,13.92,0.0,25.64,2375.0,0.0,25.02,1512.0,0.0,25.02,2370.0,0.0,24.72,2380.0,0.0,0.0,2008.857142857143,25.551428571428573,0.0,0.0,2207.6666666666665,24.834,1.0,0.0,11,305,44.0,0.0,841.7544602962096,0.025316455696202445
2023-11-02,Rajasthan,pratapgarh,Pratapgarh,Onion,Red,FAQ,4200.0,4350.0,4260.0,25.17,0.0,19.58,32.45,56.94,1.03,13.84,0.0,25.17,4260.0,0.0,25.64,2614.0,0.0,25.64,950.0,0.0,24.21,3650.0,0.0,0.0,2546.285714285714,25.23714285714286,0.0,0.0,2379.6,25.148666666666667,1.0,0.0,11,306,44.0,0.0,929.4743778327671,0.051851851851851816
2023-11-03,Rajasthan,pratapgarh,Pratapgarh,Onion,Red,FAQ,4350.0,4420.0,4400.0,25.19,0.0,20.99,31.66,48.8,1.13,13.6,0.0,25.17,4260.0,0.0,25.64,2614.0,0.0,25.64,1850.0,0.0,24.21,2601.0,0.0,0.0,2801.428571428572,25.172857142857143,0.0,0.0,2439.5666666666666,25.18133333333333,1.0,0.0,11,307,44.0,0.0,959.8952075741385,0.032863849765258246
2023-11-04,Rajasthan,pratapgarh,Pratapgarh,Onion,Red,FAQ,4100.0,4500.0,4200.0,25.22,0.0,19.16,31.32,46.15,1.07,12.77,0.0,25.22,4200.0,0.0,25.19,950.0,0.0,25.19,4400.0,0.0,25.64,950.0,0.0,0.0,2625.714285714286,25.215714285714284,0.0,0.0,2653.6,25.312,1.0,0.0,11,308,44.0,0.0,965.4723738988562,-0.045454545454545414
2023-11-05,Rajasthan,pratapgarh,Pratapgarh,Onion,Red,FAQ,4100.0,4350.0,4200.0,24.57,0.0,19.54,31.47,46.2,1.15,12.68,0.0,24.57,4200.0,0.0,25.22,4200.0,0.0,25.19,2370.0,0.0,25.64,1850.0,0.0,0.0,2764.285714285714,24.84857142857143,0.0,0.0,2606.9333333333334,25.14133333333333,1.0,0.0,11,309,44.0,0.0,971.471024982701,0.0
2023-11-06,Rajasthan,pratapgarh,Pratapgarh,Onion,Other,FAQ,2000.0,3420.0,2355.0,23.77,0.0,19.18,31.52,45.91,1.05,11.72,0.0,23.77,2460.0,0.0,24.57,945.0,0.0,25.22,940.0,0.0,25.19,4400.0,0.0,0.0,2026.4285714285716,23.77,0.0,0.0,2314.833333333333,24.74266666666667,1.0,0.0,11,310,45.0,0.0,703.5310599973102,-0.4392857142857143
2023-11-07,Rajasthan,pratapgarh,Pratapgarh,Onion,Red,FAQ,3800.0,4350.0,4000.0,24.01,0.0,19.11,30.71,42.24,0.77,13.03,0.0,24.01,2480.0,0.0,23.77,2460.0,0.0,24.57,945.0,0.0,25.19,2370.0,0.0,0.0,3138.5714285714284,23.872857142857143,0.0,0.0,2418.0,24.482666666666663,1.0,0.0,11,311,45.0,0.0,704.1822342601421,0.6985138004246285
2023-11-08,Rajasthan,pratapgarh,Pratapgarh,Onion,Red,FAQ,3600.0,3900.0,3800.0,22.96,0.0,15.98,30.35,44.88,1.27,13.46,0.0,24.01,2510.0,0.0,24.01,925.0,0.0,23.77,2355.0,0.0,25.22,4200.0,0.0,0.0,2621.0,23.860000000000003,0.0,0.0,2477.0666666666666,24.128,1.0,0.0,11,312,45.0,0.0,703.0401668400341,-0.050000000000000044
2023-11-09,Rajasthan,pratapgarh,Pratapgarh,Onion,Red,FAQ,3800.0,4100.0,3900.0,24.07,0.0,17.49,31.72,48.68,1.54,13.31,0.0,24.07,3900.0,0.0,22.96,2470.0,0.0,24.01,2510.0,0.0,23.77,2525.0,0.0,0.0,2585.285714285714,23.594285714285714,0.0,0.0,2547.2,23.62,1.0,0.0,11,313,45.0,0.0,684.194869205847,0.026315789473684292
2023-11-10,Rajasthan,pratapgarh,Pratapgarh,Onion,Red,FAQ,3800.0,3950.0,3850.0,24.12,0.0,18.22,32.05,49.36,1.22,12.19,0.0,24.07,2460.0,0.0,24.07,3900.0,0.0,22.96,2470.0,0.0,24.01,2480.0,0.0,0.0,2239.1428571428573,24.077142857142857,0.0,0.0,2389.333333333333,23.68366666666667,1.0,0.0,11,314,45.0,0.0,638.760891249976,-0.012820512820512775
2023-11-11,,,,,,,,,3875.0,,,,,,,,,,,,,,,,,,,,,,,,,,,,,,11,315,,,612.5405720284496,0.006493506493506551
2023-11-12,,,,,,,,,3900.0,,,,,,,,,,,,,,,,,,,,,,,,,,,,,,11,316,,,582.4139012600408,0.006451612903225712
2023-11-13,,,,,,,,,3925.0,,,,,,,,,,,,,,,,,,,,,,,,,,,,,,11,317,,,62.44044781867354,0.0064102564102563875
2023-11-14,Rajasthan,pratapgarh,Pratapgarh,Onion,Red,FAQ,3900.0,4050.0,3950.0,22.33,0.0,18.33,27.96,50.6,0.95,11.42,0.0,22.33,3950.0,0.0,24.12,900.0,0.0,24.07,2562.0,0.0,24.01,2510.0,0.0,0.0,2212.8571428571427,23.09714285714286,0.0,0.0,2332.266666666667,23.478,1.0,0.0,11,318,46.0,0.0,49.701489869269594,0.006369426751592355
2023-11-15,Rajasthan,pratapgarh,Pratapgarh,Onion,Red,FAQ,3900.0,4200.0,4000.0,22.04,0.0,16.19,28.88,50.86,1.05,11.75,0.0,22.04,4000.0,0.0,22.33,2460.0,0.0,24.12,900.0,0.0,22.96,1577.0,0.0,0.0,2445.714285714286,22.08142857142857,0.0,0.0,2400.4666666666667,23.252,1.0,0.0,11,319,46.0,0.0,49.70148986926804,0.012658227848101333
2023-11-16,Rajasthan,pratapgarh,Pratapgarh,Onion,Red,FAQ,3900.0,4100.0,3990.0,22.28,0.0,16.8,28.73,50.56,0.96,11.26,0.0,22.28,870.0,0.0,22.04,2460.0,0.0,22.33,3950.0,0.0,24.07,3900.0,0.0,0.0,2661.428571428572,22.21142857142857,0.0,0.0,2334.133333333333,23.027666666666665,1.0,0.0,11,320,46.0,0.0,56.55801909363798,-0.0024999999999999467
2023-11-17,Rajasthan,pratapgarh,Pratapgarh,Onion,Red,FAQ,3900.0,4100.0,3950.0,22.61,0.0,16.03,29.93,58.76,0.93,12.0,0.0,22.61,860.0,0.0,22.28,2450.0,0.0,22.04,870.0,0.0,24.07,2460.0,0.0,0.0,2198.5714285714284,22.42142857142857,0.0,0.0,2273.333333333333,22.822,1.0,0.0,11,321,46.0,0.0,45.34261109529434,-0.010025062656641603
2023-11-18,Rajasthan,pratapgarh,Pratapgarh,Onion,Other,FAQ,2510.0,4500.0,3007.0,22.42,0.0,17.37,30.01,54.86,1.23,11.54,0.0,22.42,3007.0,0.0,22.61,2460.0,0.0,22.28,870.0,0.0,24.12,2465.0,0.0,0.0,2174.8571428571427,22.447142857142858,0.0,0.0,2372.133333333333,22.336,1.0,0.0,11,322,46.0,0.0,359.03753617266767,-0.23873417721518986
2023-11-19,Rajasthan,pratapgarh,Pratapgarh,Onion,Red,FAQ,3800.0,4000.0,3900.0,22.43,0.0,17.16,29.08,54.97,0.93,10.26,0.0,22.42,2450.0,0.0,22.42,855.0,0.0,22.61,3950.0,0.0,22.33,2460.0,0.0,0.0,3237.714285714286,22.42142857142857,0.0,0.0,2523.133333333333,22.351333333333333,1.0,0.0,11,323,46.0,0.0,359.03753617266767,0.2969737279680744
2023-11-20,Rajasthan,pratapgarh,Pratapgarh,Onion,Red,FAQ,3800.0,4000.0,3900.0,22.22,0.0,17.35,29.25,57.07,1.31,9.25,0.0,22.43,2450.0,0.0,22.42,2450.0,0.0,22.42,855.0,0.0,22.04,4000.0,0.0,0.0,2614.285714285714,22.4,0.0,0.0,2565.8,22.412666666666667,1.0,0.0,11,324,47.0,0.0,357.9117342639059,0.0
2023-11-21,Rajasthan,pratapgarh,Pratapgarh,Onion,Red,FAQ,3700.0,3900.0,3760.0,20.56,0.0,14.62,28.31,54.78,1.92,11.24,0.0,20.56,3760.0,0.0,22.22,850.0,0.0,22.22,3900.0,0.0,22.42,2520.0,0.0,0.0,2558.0,20.797142857142852,0.0,0.0,2537.133333333333,21.98333333333333,1.0,0.0,11,325,47.0,0.0,353.03763457818326,-0.03589743589743588
2023-11-22,Rajasthan,pratapgarh,Pratapgarh,Onion,Red,FAQ,3600.0,3800.0,3680.0,19.98,0.0,14.29,26.94,58.59,1.77,10.1,0.0,20.56,2062.0,0.0,20.56,2308.0,0.0,22.22,2625.0,0.0,22.42,3925.0,0.0,0.0,2430.5714285714284,20.47714285714285,0.0,0.0,2465.3,21.654,1.0,0.0,11,326,47.0,0.0,341.34098298718004,-0.021276595744680882
2023-11-23,Rajasthan,pratapgarh,Pratapgarh,Onion,Other,FAQ,2241.0,3650.0,2593.0,20.13,0.0,14.42,26.09,52.55,0.89,10.68,0.0,19.98,1816.0,0.0,19.98,830.0,0.0,20.56,845.0,0.0,22.22,3900.0,0.0,0.0,2340.714285714286,20.00142857142857,0.0,0.0,2285.3,20.85033333333333,1.0,0.0,11,327,47.0,0.0,528.5489120043112,-0.29538043478260867
2023-11-24,Rajasthan,pratapgarh,Pratapgarh,Onion,Red,FAQ,3600.0,3750.0,3640.0,20.04,0.0,14.57,27.2,44.99,0.78,10.97,0.0,20.04,835.0,0.0,20.13,2480.0,0.0,19.98,1816.0,0.0,20.56,2308.0,0.0,0.0,2215.8571428571427,20.09142857142857,0.0,0.0,2266.266666666667,20.171333333333333,1.0,0.0,11,328,47.0,0.0,500.8727145597624,0.4037794060933282
2023-11-25,Rajasthan,pratapgarh,Pratapgarh,Onion,Red,FAQ,3500.0,3750.0,3600.0,20.16,0.0,12.82,27.3,47.53,0.73,12.04,0.0,20.16,3600.0,0.0,20.04,835.0,0.0,20.13,830.0,0.0,20.56,2062.0,0.0,0.0,3132.8571428571427,20.09142857142857,0.0,0.0,2423.266666666667,20.07933333333333,1.0,0.0,11,329,47.0,0.0,451.91165381867665,-0.01098901098901095
2023-11-26,,,,,,,,,3590.0,,,,,,,,,,,,,,,,,,,,,,,,,,,,,,11,330,,,430.20687161055577,-0.002777777777777768
2023-11-27,Rajasthan,pratapgarh,Pratapgarh,Onion,Red,FAQ,3500.0,3750.0,3580.0,19.79,0.0,15.78,25.99,49.15,1.17,5.34,0.0,19.79,2550.0,0.0,20.16,2480.0,0.0,20.04,3640.0,0.0,19.98,2610.0,0.0,0.0,1705.7142857142858,19.895714285714284,0.0,0.0,2282.866666666667,20.046333333333333,1.0,0.0,11,331,48.0,0.0,401.30720924307514,-0.0027855153203342198
2023-11-28,Rajasthan,pratapgarh,Pratapgarh,Onion,Red,FAQ,3500.0,3650.0,3560.0,20.54,0.04,15.93,27.15,53.42,1.07,8.33,0.04,20.54,3560.0,0.04,20.54,2440.0,0.0,20.16,830.0,0.0,20.13,2480.0,0.04,0.28,2346.285714285714,20.54,0.0106666666666666,0.32,2355.5,20.159333333333333,1.0,0.0,11,332,48.0,0.0,385.8569312952156,-0.005586592178770999
2023-11-29,Rajasthan,pratapgarh,Pratapgarh,Onion,Red,FAQ,3500.0,3700.0,3550.0,21.49,0.01,15.45,28.5,54.57,1.1,11.66,0.01,21.49,3550.0,0.04,20.54,2617.0,0.0,19.79,2550.0,0.0,20.13,2564.0,0.0314285714285714,0.22,3214.428571428572,20.81142857142857,0.014,0.42,2440.9333333333334,20.27733333333333,1.0,0.0,11,333,48.0,0.0,376.70798340610486,-0.002808988764044895
2023-11-30,Rajasthan,pratapgarh,Pratapgarh,Onion,Other,FAQ,1580.0,4000.0,2185.0,21.21,7.01,17.48,27.26,74.39,1.37,5.63,7.01,21.21,2450.0,0.01,21.49,2430.0,0.04,20.54,2832.0,0.0,20.16,830.0,3.01,21.07,2404.285714285714,21.37,0.7176666666666667,21.53,2320.266666666667,20.761000000000003,0.0,0.0,11,334,48.0,0.0,530.5870513380521,-0.38450704225352117
2023-12-01,Rajasthan,pratapgarh,Pratapgarh,Onion,Red,FAQ,3500.0,3750.0,3600.0,22.05,0.18,16.74,28.19,72.75,1.14,6.66,0.18,22.05,2450.0,7.01,21.21,800.0,0.01,21.49,2305.0,0.04,20.54,815.0,4.082857142857143,28.58,2996.285714285714,21.57,2.3673333333333333,71.02,2474.9,21.231,0.0,0.0,12,335,48.0,0.0,527.6080345248997,0.6475972540045767
2023-12-02,Rajasthan,pratapgarh,Pratapgarh,Onion,Red,FAQ,3500.0,3800.0,3625.0,22.7,0.02,17.53,29.56,65.23,1.15,8.61,0.02,22.7,3625.0,0.18,22.05,800.0,7.01,21.21,2537.0,0.01,21.49,3550.0,0.0428571428571428,0.3,2520.285714285714,22.607142857142858,2.3793333333333333,71.38,2251.866666666667,21.750666666666667,0.0,0.0,12,336,48.0,0.0,529.4212923201092,0.00694444444444442
2023-12-03,Rajasthan,pratapgarh,Pratapgarh,Onion,Red,FAQ,3600.0,3750.0,3650.0,22.99,0.0,16.31,30.43,57.33,1.05,11.0,0.0,22.99,3650.0,0.02,22.7,1947.0,0.02,22.7,790.0,7.01,21.21,2450.0,0.0028571428571428,0.02,2258.1428571428573,22.948571428571427,1.912,57.36,2304.1666666666665,22.230666666666664,0.0,0.0,12,337,48.0,0.0,533.774742930448,0.006896551724137945
2023-12-04,Rajasthan,pratapgarh,Pratapgarh,Onion,Red,FAQ,3500.0,3700.0,3550.0,22.92,0.71,18.1,29.56,60.58,1.01,9.68,0.71,22.92,2575.0,0.0,22.99,820.0,0.02,22.7,3625.0,7.01,21.21,800.0,0.3042857142857142,2.13,2988.5714285714284,22.96,1.282,38.46,2413.0,22.401666666666667,0.0,0.0,12,338,49.0,0.0,532.1396612240144,-0.0273972602739726
2023-12-05,Rajasthan,pratapgarh,Pratapgarh,Onion,Red,FAQ,3450.0,3600.0,3500.0,20.92,0.44,16.58,26.76,73.75,1.97,6.11,0.44,20.92,2465.0,0.71,22.92,810.0,0.0,22.99,3650.0,0.18,22.05,800.0,0.5942857142857143,4.16,2564.285714285714,22.062857142857144,0.2933333333333333,8.8,2404.5333333333333,22.631666666666664,1.0,0.0,12,339,49.0,0.0,529.3943079910504,-0.014084507042253502
2023-12-06,Rajasthan,pratapgarh,Pratapgarh,Onion,Red,FAQ,3500.0,3650.0,3560.0,20.87,0.09,16.05,25.69,64.86,0.89,7.46,0.09,20.87,810.0,0.44,20.92,800.0,0.44,20.92,2465.0,0.0,22.99,820.0,0.29,2.03,2242.285714285714,20.898571428571422,0.4216666666666666,12.65,2339.333333333333,21.92666666666667,0.0,0.0,12,340,49.0,0.0,529.9427192765983,0.017142857142857126
2023-12-07,Rajasthan,pratapgarh,Pratapgarh,Onion,Other,FAQ,2710.0,4000.0,3032.0,20.78,4.92,18.84,23.83,74.71,0.61,5.65,0.09,20.87,3560.0,0.44,20.92,2629.0,0.44,20.92,3500.0,0.0,22.99,2460.0,0.88,6.16,2432.8571428571427,20.87142857142857,0.5886666666666667,17.66,2449.733333333333,21.782333333333334,0.0,0.0,12,341,49.0,0.0,213.38842294653227,-0.14831460674157304
2023-12-08,Rajasthan,pratapgarh,Pratapgarh,Onion,Red,FAQ,3450.0,3650.0,3520.0,20.32,0.01,14.78,27.77,66.02,1.74,11.29,0.01,20.32,3520.0,4.92,20.78,815.0,0.09,20.87,3560.0,0.71,22.92,2310.0,2.1142857142857143,14.8,2356.428571428572,20.517142857142854,1.8293333333333333,54.88,2361.8,20.78666666666667,0.0,0.0,12,342,49.0,0.0,209.39675260134567,0.16094986807387857
2023-12-09,Rajasthan,pratapgarh,Pratapgarh,Onion,Red,FAQ,3400.0,3650.0,3500.0,18.91,0.0,13.92,26.54,57.13,2.2,10.55,0.0,18.91,825.0,0.01,20.32,2337.0,0.01,20.32,820.0,0.44,20.92,2629.0,0.0028571428571428,0.02,2178.5714285714284,19.312857142857144,1.6700000000000002,50.1,2326.233333333333,20.331666666666667,0.0,0.0,12,343,49.0,0.0,201.23570638382938,-0.005681818181818232
2023-12-10,,,,,,,,,2281.0,,,,,,,,,,,,,,,,,,,,,,,,,,,,,,12,344,,,476.9982030514121,-0.3482857142857143
2023-12-11,Rajasthan,pratapgarh,Pratapgarh,Onion,Other,FAQ,600.0,2450.0,1062.0,17.13,0.0,10.36,24.96,51.82,1.54,12.7,0.0,18.91,3500.0,0.01,20.32,2580.0,0.01,20.32,3520.0,0.09,20.87,810.0,0.0,0.0,2093.1428571428573,18.65571428571429,1.6523333333333334,49.57,2363.6666666666665,20.14,0.0,0.0,12,345,50.0,0.0,941.222330902996,-0.5344147303814117
2023-12-12,Rajasthan,pratapgarh,Pratapgarh,Onion,Red,FAQ,3300.0,3550.0,3345.0,16.99,0.0,10.97,24.42,47.58,1.21,12.07,0.0,16.99,3345.0,0.0,16.99,825.0,0.0,17.13,2475.0,0.01,20.32,3520.0,0.0,0.0,2442.714285714286,16.99,0.002,0.06,2230.333333333333,18.086666666666662,1.0,0.0,12,346,50.0,0.0,927.0791048592667,2.1497175141242937
2023-12-13,Rajasthan,pratapgarh,Pratapgarh,Onion,Red,FAQ,3250.0,3500.0,3325.0,16.16,0.0,10.04,24.76,51.34,1.7,12.52,0.0,16.16,3325.0,0.0,16.16,2515.0,0.0,16.99,825.0,0.0,18.91,2470.0,0.0,0.0,2255.0,16.16,0.0,0.0,2182.866666666667,17.07133333333333,1.0,0.0,12,347,50.0,0.0,903.1417122362056,-0.005979073243647215
2023-12-14,Rajasthan,pratapgarh,Pratapgarh,Onion,Other,FAQ,590.0,2100.0,967.0,16.04,0.0,9.45,25.34,49.58,2.08,12.27,0.0,16.16,895.0,0.0,16.16,830.0,0.0,16.99,2322.0,0.0,18.91,3500.0,0.0,0.0,2052.428571428572,16.142857142857142,0.0,0.0,2103.1,16.792333333333332,1.0,0.0,12,348,50.0,0.0,1144.9330194590484,-0.7091729323308271
2023-12-15,Rajasthan,pratapgarh,Pratapgarh,Onion,Red,FAQ,2800.0,3200.0,3000.0,16.02,0.0,9.14,24.92,46.71,1.55,13.58,0.0,16.02,3000.0,0.0,16.04,835.0,0.0,16.04,967.0,0.0,16.99,2470.0,0.0,0.0,2165.714285714286,16.02285714285714,0.0,0.0,2124.6666666666665,16.202666666666666,1.0,0.0,12,349,50.0,0.0,1088.6143223645083,2.1023784901758016
2023-12-16,Rajasthan,pratapgarh,Pratapgarh,Onion,Other,FAQ,610.0,1991.0,955.0,15.95,0.0,9.44,24.69,44.33,1.54,12.91,0.0,16.02,1000.0,0.0,16.02,835.0,0.0,16.04,2490.0,0.0,16.16,2515.0,0.0,0.0,1977.857142857143,16.009999999999998,0.0,0.0,1924.5333333333333,16.066333333333333,1.0,0.0,12,350,50.0,0.0,1122.324946579324,-0.6816666666666666
2023-12-17,Rajasthan,pratapgarh,Pratapgarh,Onion,Red,FAQ,2600.0,3000.0,2800.0,15.25,0.0,9.76,23.13,45.69,1.5,12.36,0.0,15.25,2800.0,0.0,15.95,2800.0,0.0,16.02,1000.0,0.0,16.04,3100.0,0.0,0.0,1403.571428571429,15.55,0.0,0.0,1913.7333333333331,15.898,1.0,0.0,12,351,50.0,0.0,1150.4775406015399,1.931937172774869
2023-12-18,Rajasthan,pratapgarh,Pratapgarh,Onion,Red,FAQ,2500.0,2800.0,2600.0,14.8,0.0,8.53,24.47,48.5,2.26,12.66,0.0,15.25,2480.0,0.0,15.95,955.0,0.0,15.95,2480.0,0.0,16.04,2490.0,0.0,0.0,2108.5714285714284,15.185714285714283,0.0,0.0,1920.6666666666667,15.804,1.0,0.0,12,352,51.0,0.0,1036.4118964232389,-0.0714285714285714
2023-12-19,Rajasthan,pratapgarh,Pratapgarh,Onion,Red,FAQ,2400.0,2600.0,2450.0,14.61,0.0,7.71,23.67,49.24,1.72,12.8,0.0,14.61,2450.0,0.0,14.8,2590.0,0.0,14.8,800.0,0.0,15.95,2480.0,0.0,0.0,2276.428571428572,14.61,0.0,0.0,2031.4666666666667,15.114,1.0,0.0,12,353,51.0,0.0,956.4724873448348,-0.05769230769230771
2023-12-20,Rajasthan,pratapgarh,Pratapgarh,Onion,Other,FAQ,940.0,2301.0,1280.0,14.6,0.0,8.78,22.89,49.04,1.35,11.61,0.0,14.6,1280.0,0.0,14.61,1099.0,0.0,14.8,1337.0,0.0,15.95,835.0,0.0,0.0,1451.2857142857142,14.607142857142858,0.0,0.0,1825.6,14.890000000000002,1.0,0.0,12,354,51.0,0.0,901.8155497186124,-0.4775510204081632
2023-12-21,Rajasthan,pratapgarh,Pratapgarh,Onion,Red,FAQ,2000.0,2200.0,2050.0,13.31,0.0,8.07,19.05,49.07,1.47,10.75,0.0,14.6,750.0,0.0,14.6,2200.0,0.0,14.61,2450.0,0.0,14.8,2600.0,0.0,0.0,1918.0,14.415714285714284,0.0,0.0,1868.1333333333332,14.620333333333331,1.0,0.0,12,355,51.0,0.0,777.9666720735146,0.6015625
2023-12-22,Rajasthan,pratapgarh,Pratapgarh,Onion,Other,FAQ,500.0,1730.0,807.0,13.55,0.0,8.72,17.95,49.03,0.83,7.45,0.0,13.55,685.0,0.0,13.31,2475.0,0.0,13.31,2050.0,0.0,14.61,1099.0,0.0,0.0,1195.2857142857142,13.481428571428571,0.0,0.0,1679.6666666666667,13.996666666666666,1.0,0.0,12,356,51.0,0.0,824.4962964484079,-0.6063414634146341
2023-12-23,Rajasthan,pratapgarh,Pratapgarh,Onion,Red,FAQ,1900.0,2150.0,2000.0,15.66,0.0,10.49,22.19,47.72,1.29,8.35,0.0,15.66,2475.0,0.0,13.55,807.0,0.0,13.31,680.0,0.0,14.6,2200.0,0.0,0.0,2284.285714285714,14.454285714285716,0.0,0.0,1827.6,13.926,1.0,0.0,12,357,51.0,0.0,724.1805549657306,1.4783147459727384
2023-12-24,,,,,,,,,1616.6666666666667,,,,,,,,,,,,,,,,,,,,,,,,,,,,,,12,358,,,638.8967549550252,-0.19166666666666665
2023-12-25,,,,,,,,,1233.3333333333335,,,,,,,,,,,,,,,,,,,,,,,,,,,,,,12,359,,,569.0558085350787,-0.2371134020618556
2023-12-26,Rajasthan,pratapgarh,Pratapgarh,Onion,Other,FAQ,501.0,1900.0,850.0,17.05,0.0,10.05,24.95,60.76,1.21,8.58,0.0,15.66,660.0,0.0,13.55,2050.0,0.0,13.55,685.0,0.0,14.6,2468.0,0.0,0.0,1588.571428571429,15.858571428571429,0.0,0.0,1646.3333333333333,14.113666666666663,1.0,0.0,12,360,52.0,0.0,504.2445919051669,-0.31081081081081086
2023-12-27,Rajasthan,pratapgarh,Pratapgarh,Onion,Red,FAQ,1850.0,2050.0,1920.0,16.57,0.0,12.25,23.49,55.09,0.66,6.91,0.0,16.57,2513.0,0.0,17.05,640.0,0.0,15.66,660.0,0.0,13.31,680.0,0.0,0.0,2255.1428571428573,16.844285714285714,0.0,0.0,1718.0,15.432666666666668,1.0,0.0,12,361,52.0,0.0,534.8357459372686,1.2588235294117647
2023-12-28,Rajasthan,pratapgarh,Pratapgarh,Onion,Red,FAQ,1850.0,2050.0,1925.0,14.18,0.0,10.27,18.24,61.04,0.65,3.29,0.0,16.57,758.0,0.0,16.57,1920.0,0.0,17.05,1950.0,0.0,13.55,2470.0,0.0,0.0,1383.0,16.22857142857143,0.0,0.0,1739.2333333333331,16.166333333333334,1.0,0.0,12,362,52.0,0.0,515.0027636438915,0.0026041666666667407
2023-12-29,Rajasthan,pratapgarh,Pratapgarh,Onion,Other,FAQ,310.0,1400.0,582.0,14.31,0.0,8.21,21.07,62.09,0.8,2.92,0.0,14.31,582.0,0.0,14.18,2480.0,0.0,16.57,758.0,0.0,17.05,2485.0,0.0,0.0,622.0,14.254285714285714,0.0,0.0,1517.4666666666667,15.568,1.0,0.0,12,363,52.0,0.0,568.1982709691,-0.6976623376623377
2023-12-30,Rajasthan,pratapgarh,Pratapgarh,Onion,Red,FAQ,1800.0,1950.0,1850.0,14.82,0.0,7.54,21.6,55.3,0.68,6.06,0.0,14.31,2500.0,0.0,14.31,582.0,0.0,14.18,2480.0,0.0,16.57,2513.0,0.0,0.0,2225.714285714286,14.382857142857144,0.0,0.0,1615.7,14.961666666666666,1.0,0.0,12,364,52.0,0.0,546.2593478671782,2.178694158075601
2023-12-31,Rajasthan,pratapgarh,Pratapgarh,Onion,Red,FAQ,1600.0,1800.0,1700.0,14.9,0.0,8.32,21.19,45.8,0.63,6.47,0.0,14.9,1700.0,0.0,14.82,640.0,0.0,14.31,1880.0,0.0,14.18,2509.0,0.0,0.0,1728.2857142857142,14.842857142857143,0.0,0.0,1587.8666666666666,14.484666666666666,1.0,0.0,12,365,52.0,0.0,552.0031487142767,-0.08108108108108103
2024-01-01,Rajasthan,pratapgarh,Pratapgarh,Onion,Red,FAQ,1600.0,1750.0,1680.0,14.86,0.0,9.12,21.43,55.49,1.21,3.97,0.0,14.86,1680.0,0.0,14.9,2490.0,0.0,14.82,630.0,0.0,14.18,650.0,0.0,0.0,1197.142857142857,14.877142857142855,0.0,0.0,1553.7333333333331,14.671333333333331,1.0,0.0,1,1,1.0,0.0,550.3244497566861,-0.0117647058823529
2024-01-02,Rajasthan,pratapgarh,Pratapgarh,Onion,Other,FAQ,460.0,1511.0,722.0,15.48,0.62,9.87,21.66,68.28,0.98,5.38,0.62,15.48,722.0,0.0,14.86,692.0,0.0,14.86,630.0,0.0,14.82,1850.0,0.5314285714285714,3.72,1758.2857142857142,15.391428571428571,0.1239999999999999,3.72,1662.0666666666666,14.981333333333334,1.0,0.0,1,2,1.0,0.0,577.0386221290312,-0.5702380952380952
2024-01-03,Rajasthan,pratapgarh,Pratapgarh,Onion,Other,FAQ,1199.0,2440.0,1509.0,16.25,0.82,10.78,22.34,67.45,1.0,2.79,0.82,16.25,640.0,0.62,15.48,630.0,0.62,15.48,2586.0,0.0,14.9,1700.0,0.7628571428571427,5.339999999999999,1625.571428571429,16.03,0.3433333333333333,10.3,1611.4333333333334,15.305,0.0,0.0,1,3,1.0,0.0,545.1577753274732,1.0900277008310248
2024-01-04,Rajasthan,pratapgarh,Pratapgarh,Onion,Red,FAQ,1600.0,1800.0,1700.0,17.01,1.0,13.71,21.55,72.08,0.53,2.08,1.0,17.01,1700.0,1.0,17.01,2500.0,0.82,16.25,640.0,0.0,14.86,2567.0,1.0,7.0,1746.571428571429,17.01,0.7466666666666666,22.4,1677.1333333333334,16.103333333333335,0.0,0.0,1,4,1.0,0.0,516.5792706421182,0.12657388999337305
2024-01-05,Rajasthan,pratapgarh,Pratapgarh,Onion,Red,FAQ,1600.0,1750.0,1690.0,15.98,2.04,12.22,20.22,85.05,0.6,1.89,2.04,15.98,2490.0,1.0,17.01,1700.0,1.0,17.01,2500.0,0.62,15.48,722.0,1.7428571428571429,12.2,1426.2857142857142,16.274285714285714,1.05,31.5,1600.6666666666667,16.330000000000002,0.0,0.0,1,5,1.0,0.0,378.3219213718329,-0.00588235294117645
2024-01-06,Rajasthan,pratapgarh,Pratapgarh,Onion,Red,FAQ,1600.0,1800.0,1700.0,15.67,0.69,12.55,20.52,87.6,1.17,1.2,2.04,15.98,2555.0,2.04,15.98,2490.0,1.0,17.01,1700.0,0.82,16.25,2595.0,1.8471428571428568,12.93,1800.0,15.935714285714283,1.282333333333333,38.47,1698.4333333333334,16.394000000000002,0.0,0.0,1,6,1.0,0.0,362.4208944885821,0.00591715976331364
2024-01-07,Rajasthan,pratapgarh,Pratapgarh,Onion,Red,FAQ,1650.0,1850.0,1720.0,15.99,0.0,10.53,23.51,71.09,1.35,6.74,0.0,15.99,1720.0,0.69,15.67,640.0,0.69,15.67,1700.0,1.0,17.01,630.0,0.0985714285714285,0.69,1475.7142857142858,15.944285714285716,1.0433333333333334,31.3,1628.8666666666666,16.016,0.0,0.0,1,7,1.0,0.0,364.0713561665509,0.0117647058823529
2024-01-08,Rajasthan,pratapgarh,Pratapgarh,Onion,Other,FAQ,500.0,1710.0,802.0,16.46,0.0,9.1,25.47,54.29,1.23,10.61,0.0,15.99,1720.0,0.69,15.67,640.0,0.69,15.67,925.0,1.0,17.01,1700.0,0.0,0.0,1498.857142857143,16.057142857142857,1.01,30.3,1598.9333333333334,15.997666666666667,0.0,0.0,1,8,2.0,0.0,446.35651989989196,-0.5337209302325581
2024-01-09,Rajasthan,pratapgarh,Pratapgarh,Onion,Other,FAQ,370.0,2000.0,777.0,17.69,0.0,11.83,25.04,52.71,1.34,7.16,0.0,17.69,640.0,0.0,16.46,650.0,0.0,16.46,2485.0,0.69,15.67,1700.0,0.0,0.0,1246.857142857143,17.514285714285716,0.184,5.52,1580.9333333333334,16.401333333333334,1.0,0.0,1,9,2.0,0.0,432.5779313218214,-0.03117206982543641
2024-01-10,Rajasthan,pratapgarh,Pratapgarh,Onion,Red,FAQ,1700.0,1850.0,1750.0,15.79,0.0,10.13,23.39,57.58,2.77,4.87,0.0,15.79,1750.0,0.0,15.79,2485.0,0.0,17.69,640.0,0.0,15.99,645.0,0.0,0.0,1775.0,15.79,0.0,0.0,1708.8666666666666,16.66,1.0,0.0,1,10,2.0,0.0,450.61360282132927,1.2522522522522523
2024-01-11,Rajasthan,pratapgarh,Pratapgarh,Onion,Other,FAQ,400.0,2600.0,950.0,13.44,0.0,6.34,22.99,47.53,1.73,11.56,0.0,13.44,2567.0,0.0,15.79,2545.0,0.0,17.69,2480.0,0.0,16.46,2485.0,0.0,0.0,1674.857142857143,14.78285714285714,0.0,0.0,1675.9333333333334,16.344666666666665,1.0,0.0,1,11,2.0,0.0,469.59227502366866,-0.4571428571428572
2024-01-12,Rajasthan,pratapgarh,Pratapgarh,Onion,Other,FAQ,600.0,2580.0,1095.0,12.8,0.0,5.74,22.2,45.62,1.59,7.42,0.0,12.8,1095.0,0.0,13.44,1825.0,0.0,15.79,1750.0,0.0,17.69,2622.0,0.0,0.0,1476.428571428571,13.257142857142856,0.0,0.0,1642.7666666666669,15.314,1.0,0.0,1,12,2.0,0.0,449.3664852826016,0.15263157894736845
2024-01-13,Rajasthan,pratapgarh,Pratapgarh,Onion,Red,FAQ,1750.0,1850.0,1785.0,14.08,0.0,5.67,23.24,40.77,1.67,10.77,0.0,14.08,680.0,0.0,12.8,1800.0,0.0,12.8,1095.0,0.0,15.79,2485.0,0.0,0.0,1870.7142857142856,13.714285714285714,0.0,0.0,1691.1333333333334,13.725,1.0,0.0,1,13,2.0,0.0,464.2567023902683,0.6301369863013699
2024-01-14,Rajasthan,pratapgarh,Pratapgarh,Onion,Red,FAQ,1700.0,1900.0,1780.0,14.63,0.0,6.99,22.01,36.86,1.21,10.18,0.0,14.63,1780.0,0.0,14.08,1785.0,0.0,12.8,1800.0,0.0,13.44,2567.0,0.0,0.0,1667.857142857143,14.551428571428572,0.0,0.0,1636.3333333333333,13.592666666666668,1.0,0.0,1,14,2.0,0.0,474.4259689350914,-0.0028011204481792618
2024-01-15,Rajasthan,pratapgarh,Pratapgarh,Onion,Red,FAQ,1750.0,1850.0,1785.0,14.4,0.0,7.19,20.82,34.68,0.72,7.09,0.0,14.4,685.0,0.0,14.63,2480.0,0.0,14.08,2485.0,0.0,13.44,1825.0,0.0,0.0,1155.0,14.531428571428574,0.0,0.0,1617.3333333333333,13.688666666666668,1.0,0.0,1,15,3.0,0.0,455.4993074062997,0.002808988764045006
2024-01-16,Rajasthan,pratapgarh,Pratapgarh,Onion,Red,FAQ,1700.0,1850.0,1740.0,13.34,0.0,6.07,20.18,36.42,0.93,6.0,0.0,14.4,2490.0,0.0,14.63,1780.0,0.0,14.08,1785.0,0.0,13.44,2490.0,0.0,0.0,1665.7142857142858,14.248571428571427,0.0,0.0,1712.3333333333333,13.781333333333334,1.0,0.0,1,16,3.0,0.0,366.58332386148214,-0.025210084033613467
2024-01-17,Rajasthan,pratapgarh,Pratapgarh,Onion,Red,FAQ,1650.0,1850.0,1720.0,12.66,0.0,6.27,21.3,40.18,1.31,4.05,0.0,12.66,1720.0,0.0,13.34,987.0,0.0,14.4,1785.0,0.0,12.8,2490.0,0.0,0.0,1574.7142857142858,13.145714285714288,0.0,0.0,1670.6666666666667,13.912666666666668,1.0,0.0,1,17,3.0,0.0,364.0905172644623,-0.011494252873563204
2024-01-18,Rajasthan,pratapgarh,Pratapgarh,Onion,Other,FAQ,600.0,2200.0,1000.0,12.62,0.0,5.91,20.86,45.95,1.04,5.43,0.0,12.62,1000.0,0.0,12.66,1720.0,0.0,13.34,1740.0,0.0,14.08,1785.0,0.0,0.0,1425.7142857142858,12.64857142857143,0.0,0.0,1616.0,13.626,1.0,0.0,1,18,3.0,0.0,350.5811501737391,-0.41860465116279066
2024-01-19,Rajasthan,pratapgarh,Pratapgarh,Onion,Other,FAQ,500.0,1691.0,797.0,12.65,0.0,7.22,20.1,43.33,0.88,7.43,0.0,12.65,797.0,0.0,12.62,2460.0,0.0,12.66,2450.0,0.0,14.4,2490.0,0.0,0.0,1272.0,12.637142857142855,0.0,0.0,1552.8,12.872000000000002,1.0,0.0,1,19,3.0,0.0,426.11098487198217,-0.20299999999999996
2024-01-20,Rajasthan,pratapgarh,Pratapgarh,Onion,Red,FAQ,1600.0,1800.0,1700.0,12.95,0.0,6.77,20.41,45.5,0.95,4.85,0.0,12.95,2558.0,0.0,12.65,2470.0,0.0,12.62,1740.0,0.0,13.34,2608.0,0.0,0.0,2152.428571428572,12.821428571428571,0.0,0.0,1688.3666666666666,12.682,1.0,0.0,1,20,3.0,0.0,418.2831690658958,1.1329987452948558
2024-01-21,,,,,,,,,1685.0,,,,,,,,,,,,,,,,,,,,,,,,,,,,,,1,21,,,409.2468110822022,-0.008823529411764675
2024-01-22,Rajasthan,pratapgarh,Pratapgarh,Onion,Red,FAQ,1600.0,1780.0,1670.0,12.91,0.0,6.54,21.65,43.3,1.14,6.1,0.0,12.91,685.0,0.0,12.95,2480.0,0.0,12.65,2583.0,0.0,12.62,2600.0,0.0,0.0,1067.857142857143,12.932857142857143,0.0,0.0,1600.2,12.769,1.0,0.0,1,22,4.0,0.0,397.5518534612506,-0.008902077151335286
2024-01-23,Rajasthan,pratapgarh,Pratapgarh,Onion,Other,FAQ,300.0,1560.0,615.0,12.76,0.0,5.86,21.54,39.85,1.62,7.58,0.0,12.76,615.0,0.0,12.91,685.0,0.0,12.95,1700.0,0.0,12.62,2460.0,0.0,0.0,1462.142857142857,12.867142857142856,0.0,0.0,1567.2,12.807333333333334,1.0,0.0,1,23,4.0,0.0,488.65081504855743,-0.6317365269461077
2024-01-24,Rajasthan,pratapgarh,Pratapgarh,Onion,Red,FAQ,1650.0,1850.0,1700.0,14.03,0.0,6.64,22.01,36.34,1.21,10.21,0.0,14.03,1700.0,0.0,12.76,680.0,0.0,12.91,2490.0,0.0,12.65,2583.0,0.0,0.0,1265.7142857142858,13.485714285714286,0.0,0.0,1535.0,13.022666666666668,1.0,0.0,1,24,4.0,0.0,485.92141241935354,1.7642276422764227
2024-01-25,Rajasthan,pratapgarh,Pratapgarh,Onion,Other,FAQ,610.0,2110.0,985.0,14.27,0.0,6.8,22.35,40.43,1.23,9.49,0.0,14.27,985.0,0.0,14.03,2553.0,0.0,12.76,1700.0,0.0,12.95,615.0,0.0,0.0,2054.1428571428573,14.167142857142858,0.0,0.0,1629.2,13.414666666666667,1.0,0.0,1,25,4.0,0.0,487.54447904536823,-0.4205882352941176
2024-01-26,Rajasthan,pratapgarh,Pratapgarh,Onion,Red,FAQ,1600.0,1750.0,1680.0,14.31,0.0,7.61,22.34,41.32,1.14,10.03,0.0,14.31,685.0,0.0,14.27,2448.0,0.0,14.03,970.0,0.0,12.91,2490.0,0.0,0.0,1421.428571428571,14.298571428571426,0.0,0.0,1655.2,13.648,1.0,0.0,1,26,4.0,0.0,445.92333315001434,0.7055837563451777
2024-01-27,Rajasthan,pratapgarh,Pratapgarh,Onion,Red,FAQ,1600.0,1750.0,1650.0,15.04,0.0,6.16,23.1,39.61,1.58,14.3,0.0,15.04,1650.0,0.0,14.31,2465.0,0.0,14.03,2553.0,0.0,12.76,615.0,0.0,0.0,1499.2857142857142,14.518571428571429,0.0,0.0,1697.2,13.846666666666666,1.0,0.0,1,27,4.0,0.0,441.321068740532,-0.017857142857142905
2024-01-28,Rajasthan,pratapgarh,Pratapgarh,Onion,Red,FAQ,1550.0,1750.0,1600.0,15.0,0.0,7.74,24.11,44.03,1.13,12.62,0.0,15.0,675.0,0.0,15.04,680.0,0.0,14.31,685.0,0.0,14.03,690.0,0.0,0.0,1827.142857142857,15.01142857142857,0.0,0.0,1669.0666666666666,14.481666666666666,1.0,0.0,1,28,4.0,0.0,434.1315907593432,-0.030303030303030276
2024-01-29,Rajasthan,pratapgarh,Pratapgarh,Onion,Other,FAQ,290.0,1990.0,715.0,15.97,0.0,8.15,26.08,44.19,1.11,12.4,0.0,15.97,715.0,0.0,15.0,2460.0,0.0,14.31,1680.0,0.0,14.03,1700.0,0.0,0.0,1205.7142857142858,15.277142857142858,0.0,0.0,1633.7333333333331,14.643333333333333,1.0,0.0,1,29,5.0,0.0,487.1931268574543,-0.553125
2024-01-30,Rajasthan,pratapgarh,Pratapgarh,Onion,Other,FAQ,501.0,1550.0,763.0,16.32,0.0,9.19,24.0,42.48,0.95,11.7,0.0,16.32,2450.0,0.0,15.97,1600.0,0.0,15.0,1600.0,0.0,14.31,2465.0,0.0,0.0,1701.857142857143,16.12,0.0,0.0,1588.0666666666666,15.348333333333333,1.0,0.0,1,30,5.0,0.0,455.8347653847103,0.06713286713286704
2024-01-31,Rajasthan,pratapgarh,Pratapgarh,Onion,Red,FAQ,1500.0,1700.0,1600.0,17.2,0.0,11.01,25.34,43.09,1.06,11.97,0.0,17.2,1600.0,0.0,16.32,1580.0,0.0,15.97,2450.0,0.0,15.04,2460.0,0.0,0.0,2079.1428571428573,16.822857142857142,0.0,0.0,1636.1333333333334,16.05666666666667,1.0,0.0,1,31,5.0,0.0,442.54631180842387,1.0969855832241153
2024-02-01,Rajasthan,pratapgarh,Pratapgarh,Onion,Other,FAQ,400.0,1731.0,732.0,17.03,0.0,9.99,26.33,46.45,1.59,12.17,0.0,17.03,2528.0,0.0,17.2,732.0,0.0,16.32,1580.0,0.0,15.97,715.0,0.0,0.0,1463.142857142857,17.15142857142857,0.0,0.0,1638.6,16.567333333333334,1.0,0.0,2,32,5.0,0.0,479.8617360389205,-0.5425
2024-02-02,Rajasthan,pratapgarh,Pratapgarh,Onion,Red,FAQ,1500.0,1650.0,1550.0,16.87,0.06,10.98,26.01,48.34,2.27,13.81,0.06,16.87,2372.0,0.0,17.03,1660.0,0.0,17.03,732.0,0.0,16.32,660.0,0.0514285714285714,0.36,2066.285714285714,16.892857142857142,0.012,0.36,1758.7333333333331,16.96,1.0,0.0,2,33,5.0,0.0,462.58656847484707,1.1174863387978142
2024-02-03,Rajasthan,pratapgarh,Pratapgarh,Onion,Other,FAQ,310.0,1640.0,642.0,17.07,0.0,8.0,27.95,37.4,2.99,15.9,0.0,17.07,655.0,0.06,16.87,1550.0,0.0,17.03,1660.0,0.0,17.2,1600.0,0.0342857142857142,0.24,636.0,16.955714285714286,0.02,0.6,1422.6666666666667,17.020333333333333,1.0,0.0,2,34,5.0,0.0,466.9243336273398,-0.5858064516129032
2024-02-04,Rajasthan,pratapgarh,Pratapgarh,Onion,Red,FAQ,1550.0,1750.0,1600.0,17.28,6.33,12.52,23.34,58.17,1.88,10.04,6.33,17.28,1600.0,0.0,17.07,1560.0,0.06,16.87,600.0,0.0,17.03,732.0,3.617142857142857,25.32,1544.857142857143,17.19,0.8640000000000001,25.92,1494.4,17.023333333333333,0.0,0.0,2,35,5.0,0.0,466.9243336273398,1.4922118380062304
2024-02-05,Rajasthan,pratapgarh,Pratapgarh,Onion,Other,FAQ,290.0,1550.0,605.0,16.03,4.74,13.85,19.78,85.99,1.41,10.58,4.74,16.03,660.0,6.33,17.28,2480.0,0.0,17.07,2367.0,0.06,16.87,2480.0,4.74,33.18,1635.571428571429,16.03,2.386,71.58,1477.3,16.822666666666667,0.0,0.0,2,36,6.0,0.0,483.06338931370095,-0.621875
2024-02-06,Rajasthan,pratapgarh,Pratapgarh,Onion,Other,FAQ,410.0,1710.0,735.0,16.81,0.09,11.0,25.07,61.75,1.82,8.34,0.09,16.81,650.0,4.74,16.03,660.0,6.33,17.28,2480.0,0.06,16.87,650.0,2.7471428571428573,19.23,915.0,16.364285714285717,2.857,85.71000000000001,1424.9,16.732666666666667,0.0,0.0,2,37,6.0,0.0,486.13808541940034,0.2148760330578512
2024-02-07,Rajasthan,pratapgarh,Pratapgarh,Onion,Other,FAQ,500.0,1540.0,760.0,15.7,0.0,7.56,25.22,33.34,2.97,16.19,0.09,16.81,735.0,0.09,16.81,2460.0,4.74,16.03,605.0,0.0,17.07,1560.0,0.0771428571428571,0.54,1715.857142857143,16.65142857142857,2.876,86.28,1583.1333333333334,16.633,0.0,0.0,2,38,6.0,0.0,433.2323142324924,0.03401360544217691
2024-02-08,Rajasthan,pratapgarh,Pratapgarh,Onion,Red,FAQ,1400.0,1600.0,1485.0,15.04,0.0,8.88,24.23,35.58,3.36,18.77,0.0,15.04,1485.0,0.0,15.7,1500.0,0.09,16.81,2428.0,6.33,17.28,2480.0,0.0,0.0,1014.2857142857144,15.322857142857142,1.61,48.3,1369.3333333333333,16.092,0.0,0.0,2,39,6.0,0.0,463.579345445644,0.9539473684210527
2024-02-09,Rajasthan,pratapgarh,Pratapgarh,Onion,Red,FAQ,1300.0,1500.0,1400.0,14.84,0.0,5.16,24.64,31.77,1.42,19.68,0.0,14.84,1400.0,0.0,15.04,675.0,0.09,16.81,735.0,4.74,16.03,2282.0,0.0,0.0,1131.571428571429,14.982857142857142,0.978,29.340000000000003,1194.4,15.946666666666664,0.0,0.0,2,40,6.0,0.0,439.6736885247453,-0.0572390572390572
2024-02-10,Rajasthan,pratapgarh,Pratapgarh,Onion,Red,FAQ,1300.0,1500.0,1400.0,15.69,0.0,9.17,24.66,27.98,1.19,18.28,0.0,15.69,1400.0,0.0,14.84,738.0,0.0,15.04,675.0,0.09,16.81,650.0,0.0,0.0,891.1428571428571,15.325714285714286,0.024,0.72,1193.9333333333334,15.690666666666663,1.0,0.0,2,41,6.0,0.0,420.41079683476215,0.0
2024-02-11,Rajasthan,pratapgarh,Pratapgarh,Onion,Red,FAQ,1350.0,1450.0,1400.0,16.14,0.0,8.02,26.05,31.73,1.46,15.99,0.0,16.14,1400.0,0.0,14.84,675.0,0.0,15.04,1485.0,0.09,16.81,2460.0,0.0,0.0,1089.2857142857142,15.697142857142856,0.018,0.54,1180.7666666666669,15.646,1.0,0.0,2,42,6.0,0.0,389.6671351172408,0.0
2024-02-12,Rajasthan,pratapgarh,Pratapgarh,Onion,Red,FAQ,1400.0,1550.0,1450.0,17.8,0.0,10.36,27.12,32.76,1.25,13.56,0.0,17.8,1450.0,0.0,16.14,1400.0,0.0,14.84,738.0,0.09,16.81,735.0,0.0,0.0,998.5714285714286,17.08857142857143,0.0,0.0,992.0666666666668,15.733333333333333,1.0,0.0,2,43,7.0,0.0,333.16483836655163,0.03571428571428581
2024-02-13,Rajasthan,pratapgarh,Pratapgarh,Onion,Red,FAQ,1350.0,1550.0,1400.0,19.66,4.27,14.51,26.32,52.2,1.51,8.01,4.27,19.66,1400.0,0.0,17.8,1450.0,0.0,15.69,1400.0,0.0,15.7,640.0,2.44,17.08,1012.0,18.862857142857145,0.5693333333333332,17.08,986.5333333333332,16.401333333333334,0.0,0.0,2,44,7.0,0.0,252.61725236110945,-0.03448275862068961
2024-02-14,Rajasthan,pratapgarh,Pratapgarh,Onion,Red,FAQ,1350.0,1550.0,1400.0,18.55,3.09,14.38,24.85,66.84,1.29,5.9,4.27,19.66,583.0,0.0,17.8,737.0,0.0,16.14,675.0,0.0,15.04,1485.0,4.101428571428571,28.71,960.8571428571428,19.50142857142857,0.957,28.71,977.5666666666668,16.82633333333333,0.0,0.0,2,45,7.0,0.0,34.451484175640324,0.0
2024-02-15,Rajasthan,pratapgarh,Pratapgarh,Onion,Other,FAQ,210.0,1400.0,507.0,19.06,0.0,11.96,27.3,56.6,1.09,9.94,0.0,19.06,507.0,3.09,18.55,1400.0,0.0,17.8,737.0,0.0,14.84,738.0,2.207142857142857,15.45,736.8571428571429,18.695714285714285,1.472,44.16,908.2666666666668,17.706,0.0,0.0,2,46,7.0,0.0,341.181211451656,-0.6378571428571429
2024-02-16,Rajasthan,pratapgarh,Pratapgarh,Onion,Red,FAQ,1300.0,1450.0,1350.0,19.04,0.0,12.22,27.08,39.41,1.26,14.76,0.0,19.04,1350.0,0.0,19.06,1400.0,3.09,18.55,1400.0,0.0,16.14,1400.0,0.0,0.0,997.1428571428572,19.048571428571428,1.472,44.16,910.9333333333332,18.628666666666668,0.0,0.0,2,47,7.0,0.0,338.75451147935973,1.662721893491124
2024-02-17,Rajasthan,pratapgarh,Pratapgarh,Onion,Other,FAQ,210.0,1400.0,507.0,18.88,0.0,10.67,27.79,36.4,1.8,19.2,0.0,18.88,507.0,0.0,19.06,700.0,3.09,18.55,700.0,0.0,16.14,675.0,0.0,0.0,842.0,18.99714285714285,1.472,44.16,899.7333333333333,18.81133333333333,0.0,0.0,2,48,7.0,0.0,436.6945647213213,-0.6244444444444445
2024-02-18,Rajasthan,pratapgarh,Pratapgarh,Onion,Red,FAQ,1350.0,1550.0,1400.0,19.55,0.0,10.56,28.1,32.12,1.24,18.56,0.0,19.55,1400.0,0.0,18.88,507.0,0.0,19.06,1400.0,0.0,17.8,737.0,0.0,0.0,1066.7142857142858,19.071428571428573,1.472,44.16,941.2666666666668,19.072,0.0,0.0,2,49,7.0,0.0,436.6945647213213,1.7613412228796843
2024-02-19,Rajasthan,pratapgarh,Pratapgarh,Onion,Red,FAQ,1350.0,1500.0,1400.0,20.27,0.0,11.9,29.26,37.14,1.87,16.37,0.0,19.55,700.0,0.0,18.88,1350.0,0.0,19.04,740.0,4.27,19.66,1400.0,0.0,0.0,1008.5714285714286,19.461428571428574,1.045,31.35,942.6,19.085,0.0,0.0,2,50,8.0,0.0,431.2465320771553,0.0
2024-02-20,Rajasthan,pratapgarh,Pratapgarh,Onion,Red,FAQ,1350.0,1500.0,1400.0,22.87,0.05,13.91,31.47,45.2,1.94,18.83,0.05,22.87,1400.0,0.0,20.27,1142.0,0.0,19.55,1400.0,0.0,19.06,507.0,0.0357142857142857,0.25,1060.857142857143,22.12714285714286,0.0083333333333333,0.25,1025.7,19.963666666666665,1.0,0.0,2,51,8.0,0.0,431.2465320771553,0.0
2024-02-21,Rajasthan,pratapgarh,Pratapgarh,Onion,Other,FAQ,690.0,1690.0,1500.0,22.87,1.22,18.2,30.43,51.32,1.34,16.18,1.22,22.87,830.0,0.05,22.87,800.0,0.0,19.55,700.0,0.0,19.06,1400.0,0.3842857142857143,2.69,1283.142857142857,22.87,0.0913333333333333,2.74,1044.0,20.34466666666667,1.0,0.0,2,52,8.0,0.0,442.8826029547801,0.0714285714285714
2024-02-22,Rajasthan,pratapgarh,Pratapgarh,Onion,Red,FAQ,1300.0,1450.0,1380.0,21.79,0.92,16.03,28.85,41.04,1.45,13.62,0.92,21.79,1380.0,1.22,22.87,830.0,0.0,20.27,750.0,0.0,19.04,1350.0,1.134285714285714,7.939999999999999,1341.428571428571,22.56142857142857,0.3153333333333333,9.46,1121.0,21.037333333333333,1.0,0.0,2,53,8.0,0.0,342.52820530369775,-0.07999999999999996
2024-02-23,Rajasthan,pratapgarh,Pratapgarh,Onion,Red,FAQ,1350.0,1500.0,1400.0,19.83,0.0,12.95,28.26,30.56,1.54,19.89,0.0,19.83,1400.0,0.92,21.79,1380.0,0.05,22.87,1526.0,0.0,18.88,730.0,0.6571428571428573,4.6000000000000005,1126.571428571429,21.23,0.438,13.14,1165.4,21.488666666666667,0.0,0.0,2,54,8.0,0.0,344.82480023505195,0.01449275362318847
2024-02-24,Rajasthan,pratapgarh,Pratapgarh,Onion,Red,FAQ,1400.0,1600.0,1500.0,19.38,0.0,12.65,28.52,29.78,1.51,17.39,0.0,19.83,670.0,0.92,21.79,850.0,1.22,22.87,1400.0,0.0,20.27,1400.0,0.0,0.0,1058.571428571429,19.765714285714285,0.438,13.14,1132.4,21.49633333333333,0.0,0.0,2,55,8.0,0.0,51.26959555693049,0.0714285714285714
2024-02-25,,,,,,,,,1109.0,,,,,,,,,,,,,,,,,,,,,,,,,,,,,,2,56,,,131.22554193884244,-0.2606666666666667
2024-02-26,Rajasthan,pratapgarh,Pratapgarh,Onion,Other,FAQ,391.0,1701.0,718.0,21.32,0.0,13.26,28.6,29.83,1.05,12.96,0.0,21.32,718.0,0.0,19.83,670.0,0.92,21.79,1003.0,0.0,20.27,750.0,0.0,0.0,986.5714285714286,19.998571428571427,0.438,13.14,1117.4666666666667,21.47733333333333,0.0,0.0,2,57,9.0,0.0,282.95153547661135,-0.35256988277727686
2024-02-27,Rajasthan,pratapgarh,Pratapgarh,Onion,Other,FAQ,610.0,2250.0,1020.0,20.03,3.14,16.07,24.3,41.24,1.4,7.34,3.14,20.03,1060.0,0.0,21.32,718.0,0.0,19.83,670.0,1.22,22.87,830.0,1.3457142857142856,9.42,1162.857142857143,20.767142857142854,0.7013333333333333,21.04,1112.7333333333331,20.986666666666668,0.0,0.0,2,58,9.0,0.0,293.83774272142097,0.4206128133704736
2024-02-28,Rajasthan,pratapgarh,Pratapgarh,Onion,Red,FAQ,1500.0,1650.0,1525.0,20.11,0.0,12.52,29.45,46.23,2.8,20.54,3.14,20.03,1020.0,0.0,21.32,1525.0,0.0,19.38,900.0,1.22,22.87,1400.0,2.6914285714285717,18.84,1249.2857142857142,20.041428571428572,0.8526666666666667,25.58,1125.2333333333331,20.610666666666663,0.0,0.0,2,59,9.0,0.0,297.75773149771874,0.4950980392156863
2024-02-29,Rajasthan,pratapgarh,Pratapgarh,Onion,Red,FAQ,1500.0,1650.0,1560.0,20.83,0.0,12.6,30.31,40.96,2.31,21.65,0.0,20.11,1070.0,3.14,20.03,1020.0,0.0,21.32,1525.0,0.92,21.79,850.0,0.0,0.0,1222.2857142857142,20.212857142857143,0.6586666666666667,19.76,1125.7333333333331,20.262666666666668,0.0,0.0,2,60,9.0,0.0,319.2620210661438,0.022950819672131084
2024-03-01,Rajasthan,pratapgarh,Pratapgarh,Onion,Red,FAQ,1500.0,1700.0,1580.0,23.23,0.0,13.08,32.42,35.56,1.4,19.85,0.0,20.83,1092.0,0.0,20.11,1070.0,3.14,20.03,1530.0,0.0,19.83,670.0,0.0,0.0,1290.571428571429,21.172857142857143,0.628,18.84,1171.8666666666666,20.47733333333333,0.0,0.0,3,61,9.0,0.0,338.9010952784794,0.012820512820512775
2024-03-02,Rajasthan,pratapgarh,Pratapgarh,Onion,Other,FAQ,401.0,1750.0,738.0,23.1,0.49,16.12,30.83,38.25,1.61,10.65,0.49,23.1,738.0,0.0,23.23,1060.0,0.0,20.83,1560.0,0.0,21.32,975.0,0.2799999999999999,1.96,920.2857142857144,23.15571428571429,0.6933333333333334,20.8,1179.4,21.34133333333333,0.0,0.0,3,62,9.0,0.0,379.2228268194752,-0.5329113924050632
2024-03-03,Rajasthan,pratapgarh,Pratapgarh,Onion,Red,FAQ,1500.0,1700.0,1580.0,20.92,12.8,16.21,26.83,65.73,2.23,13.93,12.8,20.92,1580.0,0.49,23.1,1050.0,0.0,20.83,1092.0,3.14,20.03,1060.0,4.007142857142857,28.05,1258.0,22.47714285714286,1.37,41.1,1216.4,21.519333333333336,0.0,0.0,3,63,9.0,0.0,405.6831393141825,1.140921409214092
2024-03-04,Rajasthan,pratapgarh,Pratapgarh,Onion,Red,FAQ,1650.0,1850.0,1700.0,20.85,2.45,15.01,28.62,53.38,1.41,13.74,2.45,20.85,671.0,12.8,20.92,1580.0,0.0,23.23,903.0,0.0,20.11,1525.0,6.885714285714286,48.2,1164.428571428571,20.880000000000003,2.131333333333333,63.94,1163.7666666666669,21.682666666666663,0.0,0.0,3,64,10.0,0.0,359.93630388881695,0.07594936708860756
2024-03-05,Rajasthan,pratapgarh,Pratapgarh,Onion,Red,FAQ,1650.0,1750.0,1680.0,19.23,0.0,11.23,29.47,35.53,2.62,22.44,0.0,19.23,1680.0,2.45,20.85,1040.0,0.49,23.1,738.0,0.0,20.11,1070.0,1.75,12.25,1306.0,20.38714285714286,2.294666666666666,68.84,1223.2666666666669,21.67333333333333,0.0,0.0,3,65,10.0,0.0,333.5135465229036,-0.0117647058823529
2024-03-06,Rajasthan,pratapgarh,Pratapgarh,Onion,Other,FAQ,711.0,1780.0,1510.0,18.81,0.0,9.74,29.02,30.37,2.41,22.34,0.0,18.81,1080.0,0.0,19.23,1680.0,2.45,20.85,1040.0,0.0,23.23,1580.0,0.0,0.0,1035.142857142857,19.05,2.294666666666666,68.84,1163.6666666666667,21.178,0.0,0.0,3,66,10.0,0.0,333.22750701070686,-0.10119047619047616
2024-03-07,Rajasthan,pratapgarh,Pratapgarh,Onion,Other,FAQ,860.0,1380.0,1250.0,20.11,0.0,11.17,30.48,30.82,2.42,22.76,0.0,20.11,1250.0,0.0,18.81,1080.0,2.45,20.85,671.0,0.0,23.23,903.0,0.0,0.0,1425.7142857142858,19.18142857142857,2.294666666666666,68.84,1226.4666666666667,20.528,0.0,0.0,3,67,10.0,0.0,341.0649986928194,-0.17218543046357615
2024-03-08,Rajasthan,pratapgarh,Pratapgarh,Onion,Red,FAQ,1600.0,1780.0,1675.0,20.85,0.0,11.87,30.51,35.71,2.47,22.82,0.0,20.85,1675.0,0.0,20.11,1250.0,0.0,19.23,738.0,0.49,23.1,1560.0,0.0,0.0,1445.7142857142858,20.321428571428573,2.1966666666666668,65.9,1298.9333333333334,19.979333333333333,0.0,0.0,3,68,10.0,0.0,349.6254458430505,0.3400000000000001
2024-03-09,Rajasthan,pratapgarh,Pratapgarh,Onion,Red,FAQ,1600.0,1750.0,1670.0,20.84,0.0,12.3,30.79,36.81,2.55,22.78,0.0,20.84,1670.0,0.0,20.85,1675.0,0.0,18.81,1690.0,2.45,20.85,1040.0,0.0,0.0,1335.0,20.84428571428572,0.3266666666666667,9.8,1309.2666666666669,19.968666666666667,1.0,0.0,3,69,10.0,0.0,160.89407932519842,-0.0029850746268657025
2024-03-10,Rajasthan,pratapgarh,Pratapgarh,Onion,Red,FAQ,1600.0,1750.0,1680.0,21.31,0.0,11.28,31.42,35.97,1.8,22.23,0.0,21.31,1680.0,0.0,20.84,1080.0,0.0,20.11,1090.0,2.45,20.85,671.0,0.0,0.0,1421.428571428571,21.108571428571427,0.0,0.0,1335.5333333333333,20.03,1.0,0.0,3,70,10.0,0.0,165.20189667998682,0.0059880239520957446
2024-03-11,Rajasthan,pratapgarh,Pratapgarh,Onion,Other,FAQ,504.0,1460.0,1221.0,23.2,0.0,14.01,33.28,34.77,1.53,21.43,0.0,23.2,1100.0,0.0,20.84,1670.0,0.0,20.11,1670.0,0.0,19.23,1680.0,0.0,0.0,1360.142857142857,21.782857142857143,0.0,0.0,1300.9,20.294666666666668,1.0,0.0,3,71,11.0,0.0,208.09601721549416,-0.27321428571428574
2024-03-12,Rajasthan,pratapgarh,Pratapgarh,Onion,Other,FAQ,881.0,1784.0,1558.0,24.98,0.0,16.82,34.52,33.87,2.03,21.8,0.0,24.98,1558.0,0.0,23.2,1100.0,0.0,20.84,1080.0,0.0,18.81,1080.0,0.0,0.0,1436.857142857143,23.708571428571428,0.0,0.0,1404.2666666666669,21.235333333333333,1.0,0.0,3,72,11.0,0.0,197.96668791442792,0.276003276003276
2024-03-13,Rajasthan,pratapgarh,Pratapgarh,Onion,Other,FAQ,510.0,1281.0,1088.0,25.27,0.0,17.9,34.49,37.08,1.78,21.68,0.0,25.27,1088.0,0.0,24.98,1180.0,0.0,23.2,1221.0,0.0,20.11,1090.0,0.0,0.0,1299.428571428571,25.145714285714288,0.0,0.0,1377.4666666666667,22.746,1.0,0.0,3,73,11.0,0.0,253.98978232166928,-0.30166880616174585
2024-03-14,Rajasthan,pratapgarh,Pratapgarh,Onion,Red,FAQ,1600.0,1750.0,1680.0,25.39,0.0,17.92,34.47,33.91,1.34,21.94,0.0,25.39,1680.0,0.0,25.27,1088.0,0.0,24.98,1558.0,0.0,20.85,1085.0,0.0,0.0,1449.7142857142858,25.33857142857143,0.0,0.0,1384.1333333333334,23.69533333333333,1.0,0.0,3,74,11.0,0.0,249.84442778504604,0.5441176470588236
2024-03-15,Rajasthan,pratapgarh,Pratapgarh,Onion,Other,FAQ,1040.0,1650.0,1497.0,25.13,0.0,16.88,34.25,34.2,2.16,21.01,0.0,25.13,1497.0,0.0,25.39,1250.0,0.0,24.98,1620.0,0.0,20.84,1670.0,0.0,0.0,1458.2857142857142,25.31571428571428,0.0,0.0,1387.4,24.284666666666663,1.0,0.0,3,75,11.0,0.0,239.11393976611936,-0.10892857142857137
2024-03-16,Rajasthan,pratapgarh,Pratapgarh,Onion,Other,FAQ,920.0,2010.0,1737.0,23.65,0.0,16.57,32.03,30.82,1.49,20.56,0.0,23.65,1750.0,0.0,25.13,1280.0,0.0,25.39,1250.0,0.0,23.2,1100.0,0.0,0.0,1552.428571428571,24.284285714285712,0.0,0.0,1453.2333333333331,24.854,1.0,0.0,3,76,11.0,0.0,248.90082170940727,0.16032064128256507
2024-03-17,Rajasthan,pratapgarh,Pratapgarh,Onion,Red,FAQ,1600.0,1800.0,1700.0,23.94,0.0,15.35,34.01,25.88,1.53,21.88,0.0,23.94,1700.0,0.0,23.65,1350.0,0.0,25.39,1302.0,0.0,24.98,1558.0,0.0,0.0,1674.857142857143,23.732857142857146,0.0,0.0,1465.6,24.814666666666664,1.0,0.0,3,77,11.0,0.0,251.48738489614908,-0.021301093839953933
2024-03-18,Rajasthan,pratapgarh,Pratapgarh,Onion,Red,FAQ,1700.0,1850.0,1750.0,24.98,0.0,18.24,33.92,22.1,1.42,20.18,0.0,24.98,1750.0,0.0,23.65,1737.0,0.0,25.13,1700.0,0.0,25.27,1250.0,0.0,0.0,1602.428571428571,24.38571428571429,0.0,0.0,1497.8333333333333,24.735666666666663,1.0,0.0,3,78,12.0,0.0,233.46265123956786,0.02941176470588225
2024-03-19,Rajasthan,pratapgarh,Pratapgarh,Onion,Red,FAQ,1600.0,1800.0,1700.0,24.38,0.0,17.71,33.31,22.2,1.35,22.95,0.0,24.38,1481.0,0.0,24.98,1750.0,0.0,23.65,1737.0,0.0,25.39,1250.0,0.0,0.0,1461.142857142857,24.63714285714286,0.0,0.0,1534.5666666666666,24.58,1.0,0.0,3,79,12.0,0.0,238.08011856755553,-0.02857142857142858
2024-03-20,Rajasthan,pratapgarh,Pratapgarh,Onion,Red,FAQ,1650.0,1850.0,1720.0,24.58,0.04,17.85,34.18,27.21,1.64,21.47,0.04,24.58,1720.0,0.0,24.38,1370.0,0.0,23.94,1380.0,0.0,25.39,1302.0,0.0114285714285714,0.08,1596.0,24.437142857142856,0.0026666666666666,0.08,1556.4666666666667,24.458666666666662,1.0,0.0,3,80,12.0,0.0,85.59177753119872,0.0117647058823529
2024-03-21,Rajasthan,pratapgarh,Pratapgarh,Onion,Other,FAQ,320.0,1650.0,1317.0,22.23,3.31,15.14,29.8,63.48,1.84,21.13,3.31,22.23,1370.0,0.04,24.58,1720.0,0.0,24.38,1370.0,0.0,23.65,1350.0,1.4414285714285715,10.09,1363.2857142857142,23.572857142857146,0.339,10.17,1531.1,24.14466666666667,0.0,0.0,3,81,12.0,0.0,162.98758351773475,-0.2343023255813953
2024-03-22,Rajasthan,pratapgarh,Pratapgarh,Onion,Other,FAQ,550.0,1851.0,1525.0,25.53,0.0,16.89,33.43,45.31,1.52,21.97,0.0,25.53,1525.0,3.31,22.23,1370.0,0.0,24.38,1481.0,0.0,23.65,1737.0,2.3642857142857143,16.55,1522.0,23.172857142857143,0.67,20.1,1519.2,24.128,0.0,0.0,3,82,12.0,0.0,159.43949442014213,0.15793470007593013
2024-03-23,Rajasthan,pratapgarh,Pratapgarh,Onion,Red,FAQ,1800.0,2000.0,1850.0,27.04,0.0,18.4,37.43,31.03,2.5,23.49,0.0,25.53,1780.0,3.31,22.23,1800.0,0.04,24.58,1360.0,0.0,24.98,1557.0,0.0,0.0,1602.857142857143,25.74571428571429,0.67,20.1,1534.3,24.408666666666665,0.0,0.0,3,83,12.0,0.0,176.25428059644247,0.21311475409836067
2024-03-24,,,,,,,,,1747.0,,,,,,,,,,,,,,,,,,,,,,,,,,,,,,3,84,,,179.26968245528036,-0.05567567567567566
2024-03-25,,,,,,,,,1644.0,,,,,,,,,,,,,,,,,,,,,,,,,,,,,,3,85,,,174.6632133428107,-0.05895821408128221
2024-03-26,Rajasthan,pratapgarh,Pratapgarh,Onion,Other,FAQ,616.0,1850.0,1541.0,27.73,0.0,18.13,37.36,25.25,2.29,21.39,0.0,27.73,1541.0,0.0,25.53,1780.0,3.31,22.23,1317.0,0.0,24.98,1375.0,0.0,0.0,1616.0,27.02142857142857,0.67,20.1,1530.1333333333334,24.798,0.0,0.0,3,86,13.0,0.0,176.38864016979846,-0.06265206812652069
2024-03-27,Rajasthan,pratapgarh,Pratapgarh,Onion,Other,FAQ,600.0,1891.0,1431.0,29.88,0.0,20.26,38.48,21.09,1.55,22.93,0.0,29.88,1431.0,0.0,27.04,1375.0,0.0,25.53,1525.0,0.0,24.38,1700.0,0.0,0.0,1439.857142857143,28.86,0.67,20.1,1520.1666666666667,25.531333333333333,0.0,0.0,3,87,13.0,0.0,182.93779843224476,-0.07138221933809219
2024-03-28,Rajasthan,pratapgarh,Pratapgarh,Onion,Red,FAQ,1800.0,2000.0,1900.0,30.97,0.0,21.5,39.68,24.17,1.8,19.51,0.0,29.88,1870.0,0.0,27.73,1541.0,0.0,25.53,1780.0,0.04,24.58,1720.0,0.0,0.0,1608.857142857143,30.035714285714285,0.6686666666666667,20.06,1544.8,26.111,0.0,0.0,3,88,13.0,0.0,176.21280424801816,0.3277428371767994
2024-03-29,Rajasthan,pratapgarh,Pratapgarh,Onion,Red,FAQ,1800.0,1950.0,1875.0,31.36,0.0,22.33,40.98,25.59,1.71,20.24,0.0,31.36,1875.0,0.0,30.97,1900.0,0.0,27.73,1541.0,3.31,22.23,1370.0,0.0,0.0,1591.428571428571,31.192857142857143,0.4413333333333334,13.240000000000002,1584.6,27.81066666666667,0.0,0.0,3,89,13.0,0.0,180.28020518334796,-0.013157894736842146
2024-03-30,Rajasthan,pratapgarh,Pratapgarh,Onion,Red,FAQ,1800.0,1950.0,1850.0,32.01,0.0,23.72,39.85,26.33,2.14,19.5,0.0,31.36,1875.0,0.0,30.97,1900.0,0.0,29.88,1380.0,3.31,22.23,1317.0,0.0,0.0,1584.2857142857142,31.34142857142857,0.331,9.93,1602.3666666666666,28.136666666666667,1.0,0.0,3,90,13.0,0.0,180.28020518334796,-0.013333333333333308
2024-03-31,,,,,,,,,1737.5,,,,,,,,,,,,,,,,,,,,,,,,,,,,,,3,91,,,180.0133923589273,-0.060810810810810856
2024-04-01,,,,,,,,,1625.0,,,,,,,,,,,,,,,,,,,,,,,,,,,,,,4,92,,,181.33417585587947,-0.06474820143884896
2024-04-02,,,,,,,,,1512.5,,,,,,,,,,,,,,,,,,,,,,,,,,,,,,4,93,,,185.98217400497495,-0.0692307692307692
2024-04-03,Rajasthan,pratapgarh,Pratapgarh,Onion,Other,FAQ,900.0,1480.0,1400.0,30.76,0.0,21.88,39.37,15.61,2.16,24.64,0.0,30.76,1400.0,0.0,32.01,1850.0,0.0,30.97,1900.0,0.0,25.53,1380.0,0.0,0.0,1438.571428571429,31.295714285714286,0.0,0.0,1580.4666666666667,29.812,1.0,0.0,4,94,14.0,2.0,193.78359923721897,-0.07438016528925617
2024-04-04,Rajasthan,pratapgarh,Pratapgarh,Onion,Other,FAQ,761.0,1600.0,1200.0,32.57,0.0,24.42,40.31,16.5,1.97,18.68,0.0,32.57,1200.0,0.0,30.76,1350.0,0.0,31.36,1875.0,0.0,27.04,1375.0,0.0,0.0,1445.7142857142858,31.53571428571429,0.0,0.0,1536.6333333333334,30.713666666666665,1.0,0.0,4,95,14.0,2.0,246.74970449154569,-0.1428571428571429
2024-04-05,Rajasthan,pratapgarh,Pratapgarh,Onion,Red,FAQ,1800.0,1950.0,1850.0,31.98,0.0,25.35,38.89,19.7,3.26,22.25,0.0,31.98,1850.0,0.0,32.57,1200.0,0.0,30.76,1350.0,0.0,29.88,1431.0,0.0,0.0,1678.571428571429,32.23285714285714,0.0,0.0,1592.3333333333333,31.500666666666667,1.0,0.0,4,96,14.0,2.0,242.24581671162906,0.5416666666666667
2024-04-06,Rajasthan,pratapgarh,Pratapgarh,Onion,Red,FAQ,1750.0,1950.0,1800.0,30.52,0.0,25.79,36.65,19.92,2.14,15.75,0.0,30.52,1420.0,0.0,32.57,1900.0,0.0,30.76,1760.0,0.0,30.97,1900.0,0.0,0.0,1652.857142857143,31.354285714285712,0.0,0.0,1571.6666666666667,31.52833333333333,1.0,0.0,4,97,14.0,2.0,234.12387339875576,-0.027027027027026973
2024-04-07,Rajasthan,pratapgarh,Pratapgarh,Onion,Red,FAQ,1700.0,1850.0,1750.0,31.64,0.0,22.27,40.41,21.26,2.85,22.82,0.0,31.64,1425.0,0.0,31.98,1850.0,0.0,32.57,1200.0,0.0,31.36,1370.0,0.0,0.0,1577.142857142857,31.0,0.0,0.0,1571.6666666666667,31.56733333333333,1.0,0.0,4,98,14.0,2.0,235.48645194069567,-0.02777777777777779
2024-04-08,Rajasthan,pratapgarh,Pratapgarh,Onion,Other,FAQ,710.0,1400.0,1150.0,30.81,0.0,22.23,40.17,20.54,2.02,25.65,0.0,31.64,1750.0,0.0,30.52,1420.0,0.0,32.57,1900.0,0.0,31.36,1875.0,0.0,0.0,1531.428571428571,31.20142857142857,0.0,0.0,1560.1666666666667,31.558333333333334,1.0,0.0,4,99,15.0,2.0,286.90414443719186,-0.34285714285714286
2024-04-09,,,,,,,,,1125.0,,,,,,,,,,,,,,,,,,,,,,,,,,,,,,4,100,,,324.2665717026793,-0.021739130434782594
2024-04-10,Rajasthan,pratapgarh,Pratapgarh,Onion,Other,FAQ,720.0,1471.0,1100.0,30.51,0.0,22.44,39.37,21.62,2.21,20.2,0.0,30.51,1100.0,0.0,30.81,1150.0,0.0,30.52,1420.0,0.0,30.76,1350.0,0.0,0.0,1385.7142857142858,30.724285714285717,0.0,0.0,1517.0,31.363333333333333,1.0,0.0,4,101,15.0,2.0,353.25863990377684,-0.022222222222222254
2024-04-11,Rajasthan,pratapgarh,Pratapgarh,Onion,Red,FAQ,1700.0,1850.0,1725.0,31.97,0.0,24.16,40.57,22.27,1.81,23.13,0.0,31.97,1525.0,0.0,30.51,1100.0,0.0,30.81,1150.0,0.0,32.57,1200.0,0.0,0.0,1616.428571428571,31.13571428571429,0.0,0.0,1556.8333333333333,31.27,1.0,0.0,4,102,15.0,2.0,353.25863990377616,0.5681818181818181
2024-04-12,Rajasthan,pratapgarh,Pratapgarh,Onion,Red,FAQ,1600.0,1850.0,1700.0,31.84,0.0,23.38,40.19,27.98,1.91,14.85,0.0,31.97,1725.0,0.0,30.51,1720.0,0.0,30.81,1725.0,0.0,32.57,1900.0,0.0,0.0,1614.2857142857142,31.53428571428572,0.0,0.0,1561.0,31.225666666666665,1.0,0.0,4,103,15.0,2.0,332.4243558780729,-0.01449275362318836
2024-04-13,Rajasthan,pratapgarh,Pratapgarh,Onion,Red,FAQ,1680.0,1850.0,1720.0,32.68,0.04,25.24,39.53,28.02,1.31,18.77,0.0,31.84,810.0,0.0,31.97,1725.0,0.0,30.51,1720.0,0.0,30.52,1800.0,0.0057142857142857,0.04,1397.142857142857,31.96,0.0013333333333333,0.04,1488.6666666666667,31.25466666666667,1.0,0.0,4,104,15.0,2.0,320.7004981658259,0.0117647058823529
2024-04-14,Rajasthan,pratapgarh,Pratapgarh,Onion,Red,FAQ,1700.0,1850.0,1725.0,33.17,0.0,27.08,39.07,29.92,1.95,21.67,0.0,33.17,1725.0,0.0,31.84,810.0,0.0,31.97,1525.0,0.0,31.64,1425.0,0.0228571428571428,0.16,1557.142857142857,32.7,0.0053333333333333,0.16,1518.0,31.57266666666667,1.0,0.0,4,105,15.0,2.0,317.1450021377473,0.0029069767441860517
2024-04-15,Rajasthan,pratapgarh,Pratapgarh,Onion,Red,FAQ,1700.0,1850.0,1750.0,33.44,0.0,25.7,41.36,26.66,2.52,21.86,0.0,33.44,1600.0,0.04,32.68,1600.0,0.0,31.84,1520.0,0.0,30.81,1725.0,0.0,0.0,1651.428571428571,33.285714285714285,0.0053333333333333,0.16,1537.5,31.937666666666665,1.0,0.0,4,106,16.0,2.0,298.8230882901067,0.01449275362318847
2024-04-16,Rajasthan,pratapgarh,Pratapgarh,Onion,Red,FAQ,1700.0,1850.0,1725.0,34.43,0.0,26.57,42.71,25.94,3.75,25.09,0.0,34.43,951.0,0.0,33.44,1750.0,0.04,32.68,1600.0,0.0,30.51,1720.0,0.0,0.0,1318.0,34.005714285714284,0.0053333333333333,0.16,1502.8666666666666,32.72333333333333,1.0,0.0,4,107,16.0,2.0,236.36130534980737,-0.014285714285714235
2024-04-17,Rajasthan,pratapgarh,Pratapgarh,Onion,Red,FAQ,1750.0,1950.0,1800.0,33.31,0.0,27.56,40.63,19.74,4.36,26.19,0.0,33.31,1650.0,0.0,34.43,1600.0,0.0,33.44,1600.0,0.0,31.97,1725.0,0.0,0.0,1493.142857142857,33.95,0.0053333333333333,0.16,1499.5666666666666,33.11866666666666,1.0,0.0,4,108,16.0,2.0,32.14550253660454,0.04347826086956519
2024-04-18,Rajasthan,pratapgarh,Pratapgarh,Onion,Other,FAQ,650.0,1601.0,1100.0,33.82,0.0,24.44,42.45,17.65,4.47,25.8,0.0,33.31,1800.0,0.0,34.43,1725.0,0.0,33.44,1750.0,0.0,31.84,1700.0,0.0,0.0,1525.142857142857,33.70285714285715,0.0053333333333333,0.16,1482.0666666666666,33.22933333333334,1.0,0.0,4,109,16.0,2.0,242.73491321858964,-0.38888888888888884
2024-04-19,Rajasthan,pratapgarh,Pratapgarh,Onion,Other,FAQ,601.0,1439.0,980.0,34.62,0.0,26.61,43.14,19.55,3.7,26.02,0.0,34.62,980.0,0.0,33.82,1750.0,0.0,34.43,951.0,0.04,32.68,1600.0,0.0,0.0,1464.2857142857142,34.277142857142856,0.0,0.0,1485.4,33.818,1.0,0.0,4,110,16.0,2.0,346.33626654424796,-0.10909090909090913
2024-04-20,Rajasthan,pratapgarh,Pratapgarh,Onion,Red,FAQ,1680.0,1820.0,1720.0,35.2,0.0,26.91,43.62,18.12,4.06,24.33,0.0,34.62,1700.0,0.0,33.82,1640.0,0.0,33.31,1800.0,0.0,33.17,1580.0,0.0,0.0,1477.142857142857,34.70285714285714,0.0,0.0,1488.4,33.98233333333334,1.0,0.0,4,111,16.0,2.0,346.33626654424796,0.7551020408163265
2024-04-21,Rajasthan,pratapgarh,Pratapgarh,Onion,Red,FAQ,1650.0,1850.0,1700.0,34.14,0.0,26.6,42.15,16.32,3.21,22.77,0.0,34.14,1700.0,0.0,35.2,880.0,0.0,34.62,1630.0,0.0,34.43,1600.0,0.0,0.0,1557.142857142857,34.59428571428572,0.0,0.0,1502.4,34.312000000000005,1.0,0.0,4,112,16.0,2.0,344.2676837799868,-0.011627906976744207
2024-04-22,Rajasthan,pratapgarh,Pratapgarh,Onion,Other,FAQ,610.0,1599.0,1050.0,34.35,0.0,27.37,42.55,25.11,3.65,20.61,0.0,34.35,1050.0,0.0,35.2,1650.0,0.0,34.62,980.0,0.0,34.43,1725.0,0.0,0.0,1495.7142857142858,34.35142857142857,0.0,0.0,1483.2,34.306666666666665,1.0,0.0,4,113,17.0,2.0,373.30091270792656,-0.38235294117647056
2024-04-23,Rajasthan,pratapgarh,Pratapgarh,Onion,Red,FAQ,1650.0,1820.0,1720.0,33.65,0.0,25.79,41.63,20.23,2.34,24.02,0.0,34.35,1050.0,0.0,35.2,1650.0,0.0,34.62,1700.0,0.0,34.43,1725.0,0.0,0.0,1505.7142857142858,34.13,0.0,0.0,1483.0333333333333,34.28066666666667,1.0,0.0,4,114,17.0,2.0,372.6673481550966,0.638095238095238
2024-04-24,Rajasthan,pratapgarh,Pratapgarh,Onion,Red,FAQ,1600.0,1850.0,1700.0,33.45,0.01,25.29,41.91,19.1,2.71,25.78,0.01,33.45,1700.0,0.0,34.35,1050.0,0.0,35.2,880.0,0.0,33.31,1800.0,0.0028571428571428,0.02,1604.2857142857142,33.69285714285714,0.0006666666666666,0.02,1503.3333333333333,34.28666666666666,1.0,0.0,4,115,17.0,2.0,358.1367123905401,-0.011627906976744207
2024-04-25,Rajasthan,pratapgarh,Pratapgarh,Onion,Red,FAQ,1600.0,1850.0,1700.0,33.87,0.0,24.83,42.8,16.45,3.1,26.78,0.0,33.87,1700.0,0.01,33.45,1700.0,0.0,34.14,1700.0,0.0,33.82,1640.0,0.0071428571428571,0.05,1475.7142857142858,33.57,0.002,0.06,1491.6666666666667,34.24066666666667,1.0,0.0,4,116,17.0,2.0,338.87067346309624,0.0
2024-04-26,Rajasthan,pratapgarh,Pratapgarh,Onion,Red,FAQ,1700.0,1850.0,1725.0,35.31,0.0,26.31,43.86,15.3,2.89,24.81,0.0,33.87,1670.0,0.01,33.45,950.0,0.0,33.65,1720.0,0.0,34.62,980.0,0.0028571428571428,0.02,1685.0,33.955714285714286,0.002,0.06,1519.1666666666667,34.21366666666667,1.0,0.0,4,117,17.0,2.0,250.01190447846827,0.014705882352941124
2024-04-27,Rajasthan,pratapgarh,Pratapgarh,Onion,Red,FAQ,1700.0,1850.0,1730.0,35.38,0.0,29.1,41.72,27.79,4.33,18.25,0.0,35.38,1680.0,0.0,33.87,1670.0,0.01,33.45,950.0,0.0,35.2,880.0,0.0,0.0,1698.571428571429,35.34,0.002,0.06,1568.0,34.300666666666665,1.0,0.0,4,118,17.0,2.0,250.72988691114298,0.0028985507246377384
2024-04-28,Rajasthan,pratapgarh,Pratapgarh,Onion,Red,FAQ,1650.0,1850.0,1700.0,35.17,0.0,28.5,43.21,20.88,3.36,24.33,0.0,35.17,1700.0,0.0,35.38,1680.0,0.0,33.87,1700.0,0.0,34.14,1660.0,0.0,0.0,1702.857142857143,35.260000000000005,0.002,0.06,1601.6666666666667,34.373333333333335,1.0,0.0,4,119,17.0,2.0,250.72988691114298,-0.017341040462427793
2024-04-29,Rajasthan,pratapgarh,Pratapgarh,Onion,Red,FAQ,1700.0,1850.0,1725.0,35.45,0.0,25.9,44.14,15.37,2.55,23.29,0.0,35.45,1725.0,0.0,35.17,1690.0,0.0,35.31,1725.0,0.0,34.35,1050.0,0.0,0.0,1711.428571428571,35.33,0.002,0.06,1648.0,34.534,1.0,0.0,4,120,18.0,2.0,13.67131163797022,0.014705882352941124
2024-04-30,Rajasthan,pratapgarh,Pratapgarh,Onion,Red,FAQ,1700.0,1850.0,1735.0,35.06,0.0,26.99,43.47,13.83,4.26,26.84,0.0,35.06,1735.0,0.0,35.45,1720.0,0.0,35.38,1680.0,0.0,33.65,1720.0,0.0,0.0,1542.857142857143,35.33857142857143,0.002,0.06,1609.6666666666667,34.748000000000005,1.0,0.0,4,121,18.0,2.0,15.735915849316571,0.005797101449275255
2024-05-01,Rajasthan,pratapgarh,Pratapgarh,Onion,Other,FAQ,600.0,1317.0,958.0,32.9,0.0,23.63,42.02,8.08,3.29,27.48,0.0,35.06,1250.0,0.0,35.45,1080.0,0.0,35.17,1700.0,0.01,33.45,1665.0,0.0,0.0,1489.7142857142858,34.751428571428576,0.0003333333333333,0.01,1609.4333333333334,34.94433333333333,1.0,0.0,5,122,18.0,2.0,288.0329015597884,-0.4478386167146974
2024-05-02,Rajasthan,pratapgarh,Pratapgarh,Onion,Other,FAQ,500.0,1500.0,900.0,31.06,0.0,23.4,39.28,11.26,4.08,28.51,0.0,31.06,1775.0,0.0,32.9,958.0,0.0,35.06,1735.0,0.0,35.31,1675.0,0.0,0.0,1632.857142857143,32.11142857142857,0.0,0.0,1571.3666666666666,34.37166666666667,1.0,0.0,5,123,18.0,2.0,387.95078234720523,-0.06054279749478075
2024-05-03,Rajasthan,pratapgarh,Pratapgarh,Onion,Red,FAQ,1700.0,1850.0,1760.0,31.85,0.0,22.83,40.72,11.16,2.83,28.05,0.0,31.85,1760.0,0.0,31.06,900.0,0.0,32.9,958.0,0.0,35.17,1690.0,0.0,0.0,1640.0,31.51142857142857,0.0,0.0,1558.2,33.48533333333334,1.0,0.0,5,124,18.0,2.0,391.6003185951316,0.9555555555555555
2024-05-04,Rajasthan,pratapgarh,Pratapgarh,Onion,Other,FAQ,550.0,1522.0,1150.0,32.28,0.0,24.65,39.13,12.41,2.51,20.59,0.0,32.28,1150.0,0.0,31.85,1780.0,0.0,32.9,1720.0,0.0,35.45,1720.0,0.0,0.0,1397.142857142857,31.972857142857144,0.0,0.0,1479.5333333333333,33.05266666666667,1.0,0.0,5,125,18.0,2.0,396.4369282688454,-0.34659090909090906
2024-05-05,Rajasthan,pratapgarh,Pratapgarh,Onion,Red,FAQ,1650.0,1850.0,1720.0,35.16,0.0,24.25,44.76,14.89,2.84,27.16,0.0,32.28,1785.0,0.0,31.85,1090.0,0.0,31.06,1750.0,0.0,35.06,1735.0,0.0,0.0,1584.2857142857142,32.69142857142857,0.0,0.0,1527.7,32.63333333333333,1.0,0.0,5,126,18.0,2.0,398.8702498187547,0.4956521739130435
2024-05-06,Rajasthan,pratapgarh,Pratapgarh,Onion,Other,FAQ,610.0,1760.0,1290.0,36.49,0.0,28.76,43.17,18.36,1.7,24.99,0.0,36.49,1290.0,0.0,32.28,1785.0,0.0,31.85,1760.0,0.0,35.06,1250.0,0.0,0.0,1623.571428571429,35.128571428571426,0.0,0.0,1531.8666666666666,32.73866666666667,1.0,0.0,5,127,19.0,2.0,376.9221847189859,-0.25
2024-05-07,Rajasthan,pratapgarh,Pratapgarh,Onion,Red,FAQ,1700.0,1850.0,1730.0,35.85,0.01,29.39,43.0,24.55,2.41,23.25,0.01,35.85,1775.0,0.0,36.49,1290.0,0.0,32.28,1785.0,0.0,31.06,1775.0,0.0042857142857142,0.03,1755.7142857142858,36.21571428571429,0.001,0.03,1585.8333333333333,33.57366666666667,1.0,0.0,5,128,19.0,2.0,376.0947195790418,0.3410852713178294
2024-05-08,Rajasthan,pratapgarh,Pratapgarh,Onion,Other,FAQ,500.0,1430.0,1100.0,32.62,0.13,26.46,39.05,35.48,3.41,18.31,0.13,32.62,1100.0,0.01,35.85,1730.0,0.0,36.49,1290.0,0.0,31.85,1780.0,0.0785714285714285,0.55,1310.0,34.00428571428571,0.0193333333333333,0.5800000000000001,1537.0,34.208,1.0,0.0,5,129,19.0,2.0,354.0917287666464,-0.36416184971098264
2024-05-09,Rajasthan,pratapgarh,Pratapgarh,Onion,Red,FAQ,1650.0,1850.0,1700.0,33.53,0.24,26.33,40.59,39.64,3.25,23.3,0.24,33.53,1700.0,0.13,32.62,1100.0,0.01,35.85,1775.0,0.0,32.28,1150.0,0.1928571428571428,1.35,1637.142857142857,33.14,0.06,1.8,1615.6666666666667,34.45466666666666,1.0,0.0,5,130,19.0,2.0,298.64774599932156,0.5454545454545454
2024-05-10,Rajasthan,pratapgarh,Pratapgarh,Onion,Red,FAQ,1600.0,1850.0,1675.0,32.56,0.08,26.29,38.6,41.46,2.65,23.24,0.08,32.56,1675.0,0.24,33.53,1780.0,0.01,35.85,1730.0,0.0,32.28,1785.0,0.1485714285714285,1.04,1724.2857142857142,32.97571428571429,0.0706666666666666,2.12,1609.6666666666667,34.492,1.0,0.0,5,131,19.0,2.0,287.4953415771647,-0.014705882352941124
2024-05-11,Rajasthan,pratapgarh,Pratapgarh,Onion,Red,FAQ,1600.0,1750.0,1670.0,33.95,0.7,27.13,40.43,37.63,1.72,20.39,0.7,33.95,1670.0,0.08,32.56,1770.0,0.13,32.62,1100.0,0.0,35.16,1780.0,0.4342857142857142,3.04,1715.7142857142858,33.35428571428572,0.164,4.92,1606.0,34.330666666666666,1.0,0.0,5,132,19.0,2.0,252.8998484248894,-0.0029850746268657025
2024-05-12,Rajasthan,pratapgarh,Pratapgarh,Onion,Red,FAQ,1600.0,1750.0,1660.0,35.03,0.19,27.58,42.11,29.96,1.54,22.28,0.19,35.03,1660.0,0.7,33.95,1775.0,0.24,33.53,1780.0,0.0,36.49,1725.0,0.4085714285714285,2.86,1710.7142857142858,34.567142857142855,0.1893333333333333,5.68,1633.6666666666667,34.136,1.0,0.0,5,133,19.0,2.0,247.33099087582576,-0.005988023952095856
2024-05-13,Rajasthan,pratapgarh,Pratapgarh,Onion,Red,FAQ,1600.0,1750.0,1625.0,34.78,0.21,27.82,41.71,27.03,1.81,19.97,0.21,34.78,1780.0,0.7,33.95,1670.0,0.08,32.56,1770.0,0.01,35.85,1775.0,0.1985714285714286,1.39,1720.7142857142858,34.92285714285715,0.21,6.3,1628.6666666666667,33.986333333333334,1.0,0.0,5,134,20.0,2.0,220.3865651423347,-0.02108433734939763
2024-05-14,Rajasthan,pratapgarh,Pratapgarh,Onion,Red,FAQ,1500.0,1700.0,1600.0,35.5,0.05,27.39,42.53,19.89,1.6,20.76,0.05,35.5,1600.0,0.21,34.78,1780.0,0.7,33.95,1775.0,0.01,35.85,1730.0,0.1185714285714285,0.8300000000000001,1681.428571428571,35.191428571428574,0.222,6.66,1676.3333333333333,33.904,1.0,0.0,5,135,20.0,2.0,212.37601424965578,-0.01538461538461533
2024-05-15,Rajasthan,pratapgarh,Pratapgarh,Onion,Red,FAQ,1550.0,1700.0,1620.0,35.7,0.0,27.48,43.14,16.54,1.64,15.93,0.0,35.7,1620.0,0.21,34.78,1625.0,0.7,33.95,1670.0,0.13,32.62,1770.0,0.0585714285714285,0.41,1657.857142857143,35.45428571428572,0.2133333333333333,6.4,1666.3333333333333,34.10933333333334,1.0,0.0,5,136,20.0,2.0,35.70714214268678,0.012499999999999956
2024-05-16,Rajasthan,pratapgarh,Pratapgarh,Onion,Red,FAQ,1600.0,1750.0,1625.0,36.39,0.0,29.35,42.97,18.94,1.86,24.59,0.0,36.39,1790.0,0.05,35.5,1600.0,0.21,34.78,1780.0,0.24,33.53,1780.0,0.0,0.0,1715.0,35.99571428571429,0.188,5.64,1712.5,34.66133333333334,1.0,0.0,5,137,20.0,2.0,28.78491668512428,0.0030864197530864335
2024-05-17,Rajasthan,pratapgarh,Pratapgarh,Onion,Red,FAQ,1550.0,1750.0,1620.0,36.14,0.0,30.06,42.76,18.0,2.33,16.59,0.0,36.14,1620.0,0.0,36.39,1790.0,0.05,35.5,1770.0,0.08,32.56,1770.0,0.0,0.0,1692.857142857143,36.24714285714286,0.1586666666666666,4.76,1703.0,35.169333333333334,1.0,0.0,5,138,20.0,2.0,24.616100035354,-0.003076923076923088
2024-05-18,Rajasthan,pratapgarh,Pratapgarh,Onion,Red,FAQ,1550.0,1750.0,1600.0,37.95,0.0,30.14,45.8,23.91,3.69,24.42,0.0,37.95,1600.0,0.0,36.39,1625.0,0.05,35.5,1600.0,0.08,32.56,1675.0,0.0,0.0,1662.142857142857,36.69285714285714,0.1533333333333333,4.6,1698.0,35.528666666666666,1.0,0.0,5,139,20.0,2.0,20.148259998089845,-0.012345679012345734
2024-05-19,,,,,,,,,1425.0,,,,,,,,,,,,,,,,,,,,,,,,,,,,,,5,140,,,72.62099919312607,-0.109375
2024-05-20,Rajasthan,pratapgarh,Pratapgarh,Onion,Other,FAQ,610.0,1492.0,1250.0,36.35,0.1,28.58,43.72,27.0,2.33,21.61,0.1,36.35,1780.0,0.0,36.14,1620.0,0.0,36.39,1790.0,0.19,35.03,1770.0,0.0428571428571428,0.3,1652.857142857143,37.26428571428572,0.0636666666666666,1.91,1688.3333333333333,35.99933333333333,1.0,0.0,5,141,21.0,2.0,143.94526075990478,-0.1228070175438597
2024-05-21,Rajasthan,pratapgarh,Pratapgarh,Onion,Other,FAQ,641.0,1631.0,1050.0,35.74,0.56,28.23,42.77,34.71,3.02,23.93,0.1,36.35,1590.0,0.0,37.95,1780.0,0.0,36.14,1785.0,0.21,34.78,1780.0,0.1657142857142857,1.16,1470.0,36.26285714285714,0.0663333333333333,1.99,1642.0,36.16333333333333,1.0,0.0,5,142,21.0,2.0,227.78697232700603,-0.16000000000000003
2024-05-22,Rajasthan,pratapgarh,Pratapgarh,Onion,Red,FAQ,1500.0,1700.0,1580.0,35.55,0.0,29.64,41.46,37.17,3.69,23.71,0.0,35.55,1580.0,0.56,35.74,1050.0,0.0,37.95,1780.0,0.05,35.5,1600.0,0.3999999999999999,2.8,1567.142857142857,35.68571428571429,0.132,3.96,1615.3333333333333,36.278666666666666,1.0,0.0,5,143,21.0,2.0,223.43902971504212,0.5047619047619047
2024-05-23,Rajasthan,pratapgarh,Pratapgarh,Onion,Red,FAQ,1500.0,1650.0,1570.0,34.46,0.47,29.17,39.63,43.07,3.57,22.69,0.47,34.46,1570.0,0.0,35.55,1580.0,0.1,36.35,1590.0,0.0,36.39,1790.0,0.1342857142857142,0.94,1500.0,35.238571428571426,0.1633333333333333,4.9,1566.6666666666667,36.13,1.0,0.0,5,144,21.0,2.0,217.13776623104758,-0.006329113924050667
2024-05-24,Rajasthan,pratapgarh,Pratapgarh,Onion,Other,FAQ,410.0,1269.0,880.0,35.77,0.0,29.84,41.53,37.33,3.32,21.45,0.47,34.46,1780.0,0.0,35.55,1790.0,0.56,35.74,1780.0,0.0,36.14,1620.0,0.4028571428571428,2.82,1354.2857142857142,34.64714285714286,0.226,6.78,1496.6666666666667,35.876999999999995,1.0,0.0,5,145,21.0,2.0,285.4924734225977,-0.4394904458598726
2024-05-25,Rajasthan,pratapgarh,Pratapgarh,Onion,Red,FAQ,1500.0,1600.0,1550.0,37.71,0.0,30.66,43.5,30.33,1.37,21.92,0.0,37.71,1550.0,0.0,35.77,880.0,0.0,35.55,1790.0,0.1,36.35,1780.0,0.0,0.0,1535.7142857142858,36.32428571428572,0.2193333333333333,6.58,1457.0,35.66466666666666,1.0,0.0,5,146,21.0,2.0,278.334759049671,0.7613636363636365
2024-05-26,Rajasthan,pratapgarh,Pratapgarh,Onion,Red,FAQ,1400.0,1600.0,1500.0,38.94,0.0,32.22,44.78,26.32,1.74,20.19,0.0,38.94,1790.0,0.0,35.77,1785.0,0.47,34.46,1780.0,0.56,35.74,1050.0,0.0,0.0,1677.142857142857,38.23714285714285,0.1873333333333333,5.62,1520.6666666666667,36.034666666666666,1.0,0.0,5,147,21.0,2.0,284.01877872187765,-0.032258064516129004
2024-05-27,Rajasthan,pratapgarh,Pratapgarh,Onion,Other,FAQ,500.0,1451.0,900.0,38.99,0.04,32.01,45.18,26.81,1.5,24.77,0.04,38.99,900.0,0.0,38.94,1790.0,0.0,35.77,1600.0,0.56,35.74,1780.0,0.0228571428571428,0.16,1451.428571428571,38.96857142857142,0.0993333333333333,2.9799999999999995,1489.3333333333333,36.574666666666666,1.0,0.0,5,148,22.0,2.0,329.6462750686973,-0.4
2024-05-28,Rajasthan,pratapgarh,Pratapgarh,Onion,Other,FAQ,550.0,1490.0,950.0,39.85,0.0,31.36,47.31,19.41,1.36,26.31,0.0,39.85,1800.0,0.04,38.99,1785.0,0.0,37.71,1780.0,0.0,35.55,1790.0,0.0228571428571428,0.16,1330.0,39.35857142857143,0.102,3.06,1501.3333333333333,37.234,1.0,0.0,5,149,22.0,2.0,343.6498771936908,0.05555555555555558
2024-05-29,Rajasthan,pratapgarh,Pratapgarh,Onion,Other,FAQ,500.0,1650.0,1100.0,40.88,0.0,31.46,48.9,14.49,1.91,25.7,0.0,40.88,1800.0,0.0,39.85,1800.0,0.04,38.99,1785.0,0.47,34.46,1780.0,0.0,0.0,1368.571428571429,40.291428571428575,0.0236666666666666,0.71,1502.0,38.37866666666667,1.0,0.0,5,150,22.0,2.0,319.8809302284378,0.1578947368421053
2024-05-30,Rajasthan,pratapgarh,Pratapgarh,Onion,Red,FAQ,1450.0,1600.0,1520.0,41.51,0.0,34.72,48.44,17.67,2.76,23.83,0.0,41.51,1520.0,0.0,40.88,1800.0,0.04,38.99,1480.0,0.0,35.77,1600.0,0.0,0.0,1434.2857142857142,41.06,0.008,0.24,1515.3333333333333,39.316,1.0,0.0,5,151,22.0,2.0,310.85902485424896,0.38181818181818183
2024-05-31,Rajasthan,pratapgarh,Pratapgarh,Onion,Red,FAQ,1450.0,1600.0,1500.0,41.5,0.01,35.34,48.24,17.22,2.93,22.06,0.0,41.51,900.0,0.0,40.88,1500.0,0.0,39.85,1490.0,0.0,37.71,1780.0,0.0014285714285714,0.01,1420.0,41.50857142857143,0.0083333333333333,0.25,1463.6666666666667,40.07833333333334,1.0,0.0,5,152,22.0,2.0,292.25722525591436,-0.013157894736842146
2024-06-01,Rajasthan,pratapgarh,Pratapgarh,Onion,Other,FAQ,601.0,1905.0,1280.0,39.25,0.0,30.92,45.7,17.31,1.7,16.25,0.01,41.5,1100.0,0.0,41.51,900.0,0.0,40.88,1500.0,0.04,38.99,1785.0,0.0085714285714285,0.06,1442.857142857143,41.17857142857143,0.0086666666666666,0.26,1412.1666666666667,40.55466666666667,1.0,0.0,6,153,22.0,1.0,268.8865931949766,-0.1466666666666666
2024-06-02,Rajasthan,pratapgarh,Pratapgarh,Onion,Red,FAQ,1450.0,1600.0,1525.0,38.48,0.26,30.48,45.42,18.31,1.37,23.07,0.26,38.48,1525.0,0.0,39.25,1280.0,0.0,41.51,900.0,0.0,39.85,1800.0,0.0742857142857142,0.52,1567.142857142857,39.03,0.0193333333333333,0.5800000000000001,1439.6666666666667,40.50666666666667,1.0,0.0,6,154,22.0,1.0,272.8967186457541,0.19140625
2024-06-03,Rajasthan,pratapgarh,Pratapgarh,Onion,Other,FAQ,650.0,1991.0,1370.0,38.59,0.5,30.57,45.34,16.97,1.8,26.22,0.26,38.48,1820.0,0.0,39.25,1800.0,0.01,41.5,1810.0,0.0,39.85,1490.0,0.22,1.54,1625.7142857142858,38.71571428571429,0.0533333333333333,1.6,1493.6666666666667,40.373333333333335,1.0,0.0,6,155,23.0,1.0,225.02645347137533,-0.10163934426229504
2024-06-04,Rajasthan,pratapgarh,Pratapgarh,Onion,Other,FAQ,710.0,2100.0,1600.0,38.63,0.0,30.64,45.81,17.79,2.03,24.8,0.0,38.63,1600.0,0.5,38.59,1370.0,0.0,39.25,1800.0,0.0,40.88,1500.0,0.3571428571428571,2.5,1604.2857142857142,38.60142857142858,0.1366666666666666,4.1,1525.0,39.876,1.0,0.0,6,156,23.0,1.0,175.1360015748292,0.16788321167883202
2024-06-05,Rajasthan,pratapgarh,Pratapgarh,Onion,Other,FAQ,901.0,2180.0,1250.0,38.4,0.05,30.85,45.2,20.43,1.64,24.46,0.05,38.4,1820.0,0.0,38.63,1600.0,0.5,38.59,1370.0,0.01,41.5,1500.0,0.0214285714285714,0.15,1641.428571428571,38.53142857142858,0.1413333333333333,4.24,1576.6666666666667,39.181333333333335,1.0,0.0,6,157,23.0,1.0,134.9382574859061,-0.21875
2024-06-06,Rajasthan,pratapgarh,Pratapgarh,Onion,Red,FAQ,1450.0,1650.0,1520.0,37.42,3.04,31.27,44.36,27.57,2.09,17.91,3.04,37.42,1520.0,0.05,38.4,1820.0,0.5,38.59,1520.0,0.01,41.5,1100.0,0.9042857142857142,6.33,1480.0,38.120000000000005,0.3473333333333333,10.42,1575.6666666666667,38.59933333333333,0.0,0.0,6,158,23.0,1.0,134.9382574859061,0.21599999999999997
2024-06-07,,,,,,,,,1556.0,,,,,,,,,,,,,,,,,,,,,,,,,,,,,,6,159,,,140.95980514553062,0.023684210526315752
2024-06-08,,,,,,,,,1592.0,,,,,,,,,,,,,,,,,,,,,,,,,,,,,,6,160,,,129.7071793731994,0.023136246786632286
2024-06-09,,,,,,,,,1628.0,,,,,,,,,,,,,,,,,,,,,,,,,,,,,,6,161,,,140.0877276158417,0.022613065326633208
2024-06-10,,,,,,,,,1664.0,,,,,,,,,,,,,,,,,,,,,,,,,,,,,,6,162,,,137.87157585437956,0.02211302211302213
2024-06-11,,,,,,,,,1700.0,,,,,,,,,,,,,,,,,,,,,,,,,,,,,,6,163,,,149.3127111611202,0.02163461538461542
2024-07-06,Rajasthan,pratapgarh,Pratapgarh,Onion,Red,FAQ,2500.0,2700.0,2600.0,30.52,19.14,26.85,34.57,75.29,2.69,13.91,19.14,30.52,2600.0,26.15,31.27,2180.0,0.99,33.54,2100.0,0.21,36.2,1890.0,20.85571428571429,145.99,2321.428571428572,30.52142857142857,10.134,304.02,2129.333333333333,33.354,0.0,1.0,7,188,27.0,1.0,379.2021699757039,0.5294117647058822
2024-07-07,Rajasthan,pratapgarh,Pratapgarh,Onion,Red,FAQ,2550.0,2750.0,2650.0,29.93,27.13,26.97,33.49,80.65,2.2,12.03,27.13,29.93,2240.0,19.14,30.52,2600.0,26.15,31.27,2180.0,3.12,36.29,1985.0,22.564285714285717,157.95,2341.428571428572,30.267142857142854,14.540333333333333,436.21,2217.5,31.994000000000003,0.0,1.0,7,189,27.0,1.0,488.9142489814942,0.019230769230769162
2024-07-08,Rajasthan,pratapgarh,Pratapgarh,Onion,Other,FAQ,1420.0,2899.0,2580.0,30.59,8.29,26.98,34.58,78.82,1.99,13.97,27.13,29.93,2650.0,19.14,30.52,2400.0,21.89,30.25,2210.0,3.6,35.25,2060.0,22.15571428571428,155.08999999999995,2402.8571428571427,30.192857142857143,15.497000000000002,464.91,2257.0,31.626666666666665,0.0,1.0,7,190,28.0,1.0,516.7460461294994,-0.026415094339622636
2024-07-09,Rajasthan,pratapgarh,Pratapgarh,Onion,Red,FAQ,2700.0,3000.0,2800.0,32.13,0.93,27.64,36.17,71.62,0.78,13.02,0.93,32.13,2800.0,8.29,30.59,2580.0,19.14,30.52,2400.0,0.99,33.54,2100.0,6.187142857142857,43.31,2605.714285714286,31.03,16.454,493.62,2383.0,30.917333333333332,0.0,0.0,7,191,28.0,1.0,536.0875905688341,0.0852713178294573
2024-07-10,Rajasthan,pratapgarh,Pratapgarh,Onion,Other,FAQ,1741.0,2850.0,2400.0,31.11,28.6,28.44,34.38,76.73,1.54,16.57,28.6,31.11,2400.0,0.93,32.13,2800.0,8.29,30.59,2580.0,26.15,31.27,2180.0,12.78857142857143,89.52000000000001,2442.8571428571427,31.692857142857147,15.739666666666666,472.19,2440.333333333333,30.836666666666662,0.0,0.0,7,192,28.0,1.0,466.0200281819,-0.1428571428571429
2024-07-11,Rajasthan,pratapgarh,Pratapgarh,Onion,Other,FAQ,1410.0,2917.0,2700.0,30.87,11.35,27.67,35.44,79.38,3.05,12.78,11.35,30.87,2700.0,28.6,31.11,2400.0,8.29,30.59,2680.0,18.89,30.42,2225.0,23.67142857142857,165.7,2600.0,31.041428571428572,15.765999999999998,472.98,2518.6666666666665,30.918666666666663,0.0,1.0,7,193,28.0,1.0,369.2785759648908,0.125
2024-07-12,Rajasthan,pratapgarh,Pratapgarh,Onion,Other,FAQ,1700.0,2800.0,2500.0,29.23,24.5,26.55,32.45,87.78,2.54,16.73,24.5,29.23,2500.0,11.35,30.87,2410.0,28.6,31.11,2400.0,27.13,29.93,2240.0,18.86428571428572,132.05,2544.285714285714,29.93285714285714,14.909333333333334,447.28,2561.333333333333,30.832666666666668,0.0,1.0,7,194,28.0,1.0,130.8761682987449,-0.07407407407407407
2024-07-13,Rajasthan,pratapgarh,Pratapgarh,Onion,Red,FAQ,2800.0,3100.0,2900.0,29.61,24.85,25.1,33.09,71.88,0.8,16.6,24.85,29.61,2390.0,24.5,29.23,2400.0,11.35,30.87,2700.0,8.29,30.59,2350.0,24.65,172.55,2625.714285714286,29.392857142857142,16.39,491.7000000000001,2580.333333333333,30.688,0.0,1.0,7,195,28.0,1.0,171.9219091830139,0.15999999999999992
2024-07-14,Rajasthan,pratapgarh,Pratapgarh,Onion,Red,FAQ,2900.0,3100.0,2925.0,30.99,0.99,27.43,34.59,73.32,1.02,18.69,0.99,30.99,2925.0,24.5,29.23,2850.0,11.35,30.87,2410.0,8.29,30.59,2680.0,17.982857142857146,125.88,2754.285714285714,29.95,16.455333333333336,493.66,2615.0,30.682,0.0,1.0,7,196,28.0,1.0,201.550537204961,0.008620689655172376
2024-07-15,Rajasthan,pratapgarh,Pratapgarh,Onion,Other,FAQ,1501.0,2961.0,2600.0,30.85,3.25,27.47,34.57,79.75,2.71,20.47,3.25,30.85,2600.0,24.85,29.61,2900.0,24.5,29.23,2400.0,0.93,32.13,2350.0,5.044285714285714,35.309999999999995,2678.5714285714284,30.752857142857145,16.614,498.42,2605.0,30.520666666666667,0.0,0.0,7,197,29.0,1.0,199.9255813927457,-0.11111111111111116
2024-07-16,Rajasthan,pratapgarh,Pratapgarh,Onion,Red,FAQ,2900.0,3100.0,2950.0,29.52,0.0,27.18,33.26,84.74,3.73,20.94,0.0,29.52,2950.0,3.25,30.85,2380.0,24.85,29.61,2900.0,28.6,31.11,2800.0,1.3928571428571423,9.749999999999996,2704.285714285714,30.09,11.265333333333334,337.96000000000004,2635.333333333333,30.206000000000003,0.0,0.0,7,198,29.0,1.0,220.72661392597678,0.13461538461538458
2024-07-17,Rajasthan,pratapgarh,Pratapgarh,Onion,Red,FAQ,2900.0,3100.0,2940.0,30.34,0.0,27.28,33.6,81.97,1.75,19.23,0.0,29.52,2950.0,3.25,30.85,2380.0,0.99,30.99,2925.0,11.35,30.87,2700.0,0.928571428571428,6.4999999999999964,2784.285714285714,30.017142857142854,10.887,326.61,2643.333333333333,30.188333333333333,0.0,0.0,7,199,29.0,1.0,185.6039049260493,-0.003389830508474523
2024-07-18,Rajasthan,pratapgarh,Pratapgarh,Onion,Other,FAQ,1700.0,2880.0,2500.0,31.16,8.68,27.4,35.29,78.75,1.78,20.32,0.0,30.34,2940.0,0.0,29.52,2385.0,3.25,30.85,2600.0,11.35,30.87,2800.0,1.2399999999999995,8.679999999999996,2722.8571428571427,30.222857142857144,9.663,289.89,2640.0,30.145,0.0,0.0,7,200,29.0,1.0,214.52328100984,-0.1496598639455783
2024-07-19,Rajasthan,pratapgarh,Pratapgarh,Onion,Red,FAQ,2900.0,3100.0,2980.0,31.05,4.19,28.01,34.86,80.66,2.29,17.92,4.19,31.05,2980.0,8.68,31.16,2500.0,0.0,29.52,2385.0,24.5,29.23,2850.0,7.397142857142856,51.78,2738.5714285714284,31.128571428571423,6.110666666666666,183.32,2669.0,30.53333333333333,0.0,0.0,7,201,29.0,1.0,193.5169489316054,0.19199999999999995
2024-07-20,Rajasthan,pratapgarh,Pratapgarh,Onion,Other,FAQ,1000.0,2941.0,2450.0,30.8,1.28,27.39,35.05,81.75,2.78,20.13,4.19,31.05,2390.0,8.68,31.16,2960.0,0.0,30.34,2940.0,24.85,29.61,2900.0,5.057142857142857,35.4,2568.5714285714284,31.045714285714286,3.947666666666667,118.43,2654.0,30.669,0.0,0.0,7,202,29.0,1.0,235.70310218777567,-0.1778523489932886
2024-07-21,Rajasthan,pratapgarh,Pratapgarh,Onion,Red,FAQ,2950.0,3100.0,2990.0,30.28,0.01,27.71,34.86,81.95,3.25,19.48,1.28,30.8,2385.0,4.19,31.05,2390.0,8.68,31.16,2960.0,3.25,30.85,2600.0,1.098571428571428,7.689999999999997,2661.428571428572,30.72571428571428,3.0926666666666667,92.78,2655.0,30.66433333333333,0.0,0.0,7,203,29.0,1.0,244.24811740754808,0.2204081632653061
2024-07-22,Rajasthan,pratapgarh,Pratapgarh,Onion,Other,FAQ,1700.0,2800.0,2500.0,30.14,0.59,27.48,34.0,83.4,3.28,19.66,0.01,30.28,2390.0,1.28,30.8,2385.0,4.19,31.05,2980.0,3.25,30.85,2940.0,0.4557142857142852,3.1899999999999964,2661.428571428572,30.40857142857143,2.68,80.4,2654.0,30.583666666666662,0.0,0.0,7,204,30.0,1.0,258.54906506813694,-0.16387959866220736
2024-07-23,Rajasthan,pratapgarh,Pratapgarh,Onion,Other,FAQ,1991.0,2800.0,2650.0,29.73,2.39,27.54,33.41,85.59,2.94,16.85,0.59,30.14,2380.0,0.01,30.28,2390.0,1.28,30.8,2985.0,0.0,30.34,2940.0,0.8471428571428566,5.929999999999996,2625.714285714286,30.08142857142857,2.749666666666667,82.49000000000001,2631.6666666666665,30.622333333333337,0.0,0.0,7,205,30.0,1.0,246.09328467451894,0.06000000000000005
2024-07-24,Rajasthan,pratapgarh,Pratapgarh,Onion,Other,FAQ,1250.0,2676.0,2550.0,30.9,1.68,27.18,35.53,79.67,2.1,17.08,1.68,30.9,2380.0,2.39,29.73,2650.0,0.59,30.14,2500.0,8.68,31.16,2395.0,2.085714285714285,14.599999999999996,2574.285714285714,30.231428571428573,1.8693333333333333,56.080000000000005,2619.5,30.44,0.0,0.0,7,206,30.0,1.0,230.5066882615837,-0.037735849056603765
2024-07-25,Rajasthan,pratapgarh,Pratapgarh,Onion,Red,FAQ,2900.0,3100.0,2980.0,30.11,14.58,26.86,33.28,82.32,1.65,16.19,14.58,30.11,2380.0,1.68,30.9,2380.0,2.39,29.73,2650.0,1.28,30.8,2450.0,7.208571428571427,50.46,2685.714285714286,30.56142857142857,2.6046666666666667,78.14,2641.6666666666665,30.33566666666667,0.0,0.0,7,207,30.0,1.0,245.86097503997658,0.16862745098039222
2024-07-26,Rajasthan,pratapgarh,Pratapgarh,Onion,Red,FAQ,2900.0,3100.0,2950.0,29.95,5.53,27.22,32.8,87.07,1.49,17.54,14.58,30.11,2500.0,1.68,30.9,2980.0,2.39,29.73,2375.0,1.28,30.8,2985.0,13.287142857142856,93.01,2667.1428571428573,30.087142857142855,4.076333333333333,122.29,2645.833333333333,30.238333333333333,0.0,0.0,7,208,30.0,1.0,240.96038006671083,-0.010067114093959773
2024-07-27,Rajasthan,pratapgarh,Pratapgarh,Onion,Red,FAQ,2850.0,3100.0,2900.0,31.01,1.28,27.6,34.89,82.88,2.47,18.2,5.53,29.95,2485.0,14.58,30.11,2500.0,1.68,30.9,2980.0,0.59,30.14,2500.0,4.922857142857142,34.459999999999994,2641.428571428572,30.10142857142857,4.977,149.31,2642.333333333333,30.195,0.0,0.0,7,209,30.0,1.0,214.12057128544987,-0.016949152542372836
2024-07-28,Rajasthan,pratapgarh,Pratapgarh,Onion,Red,FAQ,2850.0,3100.0,2900.0,29.98,4.07,28.22,31.86,85.83,3.66,17.5,4.07,29.98,2900.0,5.53,29.95,2485.0,14.58,30.11,2980.0,0.59,30.14,2380.0,2.684285714285714,18.79,2683.5714285714284,30.56428571428572,5.2780000000000005,158.34,2648.0,30.27133333333333,0.0,0.0,7,210,30.0,1.0,202.39047596636868,0.0
2024-07-29,Rajasthan,pratapgarh,Pratapgarh,Onion,Other,FAQ,1990.0,2800.0,2551.0,30.27,0.67,27.04,33.04,83.44,2.5,20.29,4.07,29.98,2320.0,1.28,31.01,2900.0,5.53,29.95,2950.0,2.39,29.73,2980.0,2.787142857142857,19.51,2527.285714285714,30.31571428571429,5.332666666666666,159.98,2611.7,30.306,0.0,0.0,7,211,31.0,1.0,191.43232050341385,-0.1203448275862069
2024-07-30,Rajasthan,pratapgarh,Pratapgarh,Onion,Other,FAQ,2061.0,2641.0,2560.0,31.14,15.87,27.96,34.39,80.66,1.07,18.75,0.67,30.27,2900.0,4.07,29.98,2320.0,1.28,31.01,2900.0,1.68,30.9,2550.0,2.8414285714285703,19.889999999999997,2580.285714285714,30.39428571428572,5.566333333333333,166.98999999999998,2627.4,30.326,0.0,0.0,7,212,31.0,1.0,204.43452788231428,0.003528028224225821
2024-07-31,Rajasthan,pratapgarh,Pratapgarh,Onion,Other,FAQ,1970.0,2680.0,2500.0,31.05,14.23,28.11,33.2,80.68,0.69,4.64,15.87,31.14,2925.0,0.67,30.27,2900.0,4.07,29.98,2320.0,14.58,30.11,2980.0,15.635714285714284,109.45,2581.428571428572,31.12714285714286,7.059666666666667,211.79,2602.733333333333,30.45,0.0,1.0,7,213,31.0,1.0,214.05528880795086,-0.0234375
2024-08-01,Rajasthan,pratapgarh,Pratapgarh,Onion,Red,FAQ,2850.0,3100.0,2910.0,30.46,12.08,27.58,33.73,81.91,0.95,16.44,14.23,31.05,2900.0,15.87,31.14,2925.0,0.67,30.27,2551.0,5.53,29.95,2360.0,13.922857142857142,97.46,2621.428571428572,30.965714285714288,7.822999999999999,234.69,2589.733333333333,30.634333333333338,0.0,0.0,8,214,31.0,1.0,203.60828404886186,0.16399999999999992
2024-08-02,Rajasthan,pratapgarh,Pratapgarh,Onion,Other,FAQ,1981.0,2712.0,2580.0,29.33,5.69,26.74,32.59,85.38,2.46,14.39,5.69,29.33,2340.0,12.08,30.46,2910.0,14.23,31.05,2500.0,4.07,29.98,2900.0,9.34142857142857,65.39,2441.428571428572,29.97571428571429,9.546,286.38,2565.4,30.515,0.0,0.0,8,215,31.0,1.0,191.6163080841468,-0.11340206185567014
2024-08-03,Rajasthan,pratapgarh,Pratapgarh,Onion,Red,FAQ,2800.0,2950.0,2880.0,28.49,17.35,25.8,32.12,87.08,6.06,12.1,5.69,29.33,2900.0,12.08,30.46,2325.0,14.23,31.05,2900.0,0.67,30.27,2551.0,7.355714285714286,51.49,2645.714285714286,29.21,10.264,307.92,2604.366666666667,30.390666666666668,0.0,0.0,8,216,31.0,1.0,188.25931963268272,0.11627906976744184
2024-08-04,Rajasthan,pratapgarh,Pratapgarh,Onion,Red,FAQ,2800.0,2950.0,2860.0,28.86,6.57,25.98,33.05,84.66,5.12,13.86,17.35,28.49,2740.0,5.69,29.33,2900.0,12.08,30.46,2325.0,15.87,31.14,2560.0,15.81,110.67,2678.5714285714284,28.542857142857144,12.734000000000002,382.02,2616.333333333333,30.018,0.0,1.0,8,217,31.0,1.0,181.5689558109396,-0.00694444444444442
2024-08-05,Rajasthan,pratapgarh,Pratapgarh,Onion,Red,FAQ,2800.0,3000.0,2865.0,28.86,1.42,25.24,32.47,82.78,1.77,20.93,1.42,28.86,2325.0,6.57,28.86,2860.0,5.69,29.33,2900.0,14.23,31.05,2500.0,3.627142857142856,25.389999999999997,2558.5714285714284,28.86,9.986666666666668,299.6,2613.0,29.492,0.0,0.0,8,218,32.0,1.0,179.83127012362053,0.0017482517482516613
2024-08-06,Rajasthan,pratapgarh,Pratapgarh,Onion,Red,FAQ,2800.0,3000.0,2850.0,29.11,18.64,25.99,32.04,82.72,1.54,12.56,1.42,28.86,2740.0,6.57,28.86,2335.0,17.35,28.49,2325.0,14.23,31.05,2900.0,3.879999999999999,27.159999999999997,2672.8571428571427,28.895714285714288,9.279666666666667,278.39000000000004,2639.333333333333,29.281333333333333,0.0,0.0,8,219,32.0,1.0,165.223513834436,-0.005235602094240788
2024-08-07,Rajasthan,pratapgarh,Pratapgarh,Onion,Other,FAQ,1954.0,3200.0,2900.0,29.55,12.4,26.52,32.38,78.22,0.64,11.43,18.64,29.11,2900.0,1.42,28.86,2740.0,6.57,28.86,2335.0,12.08,30.46,2325.0,17.74857142857143,124.24,2720.0,29.172857142857143,10.312,309.36,2638.1666666666665,29.00633333333333,0.0,1.0,8,220,32.0,1.0,114.4916299705853,0.01754385964912286
2024-08-08,Rajasthan,pratapgarh,Pratapgarh,Onion,Other,FAQ,2391.0,3342.0,3034.0,28.36,20.11,26.5,31.19,87.41,0.85,10.46,20.11,28.36,3034.0,12.4,29.55,2865.0,18.64,29.11,2850.0,17.35,28.49,2880.0,16.805714285714284,117.64,2597.5714285714284,28.87,12.362666666666666,370.88,2645.6,28.932,0.0,1.0,8,221,32.0,1.0,135.66467765005274,0.046206896551724164
2024-08-09,Rajasthan,pratapgarh,Pratapgarh,Onion,Red,FAQ,2800.0,2950.0,2850.0,28.82,11.9,26.07,32.13,87.2,0.94,9.33,20.11,28.36,2860.0,12.4,29.55,2300.0,18.64,29.11,2900.0,17.35,28.49,2740.0,18.937142857142856,132.56,2755.428571428572,28.425714285714285,12.365,370.95,2684.9333333333334,28.93433333333333,0.0,1.0,8,222,32.0,1.0,65.3827558450424,-0.060646011865524097
2024-08-10,Rajasthan,pratapgarh,Pratapgarh,Onion,Red,FAQ,2800.0,2950.0,2875.0,28.74,14.8,26.46,32.03,85.8,0.98,13.76,14.8,28.74,2875.0,11.9,28.82,2850.0,12.4,29.55,2300.0,1.42,28.86,2325.0,13.557142857142855,94.9,2560.0,28.77428571428572,13.979333333333331,419.38,2671.6,28.926666666666662,0.0,0.0,8,223,32.0,1.0,65.55368574133253,0.00877192982456143
2024-08-11,Rajasthan,pratapgarh,Pratapgarh,Onion,Red,FAQ,2800.0,2950.0,2880.0,28.52,3.78,25.29,32.14,86.0,1.7,13.54,14.8,28.74,2875.0,11.9,28.82,2850.0,20.11,28.36,2325.0,1.42,28.86,2325.0,12.397142857142857,86.78,2564.285714285714,28.731428571428573,14.058,421.74,2690.1,28.915333333333333,0.0,0.0,8,224,32.0,1.0,64.42529819571418,0.0017391304347826875
2024-08-12,Rajasthan,pratapgarh,Pratapgarh,Onion,Red,FAQ,2800.0,2970.0,2870.0,28.9,3.8,25.42,32.73,83.65,1.35,14.1,3.8,28.9,2330.0,14.8,28.74,2875.0,11.9,28.82,2850.0,18.64,29.11,2320.0,3.7885714285714274,26.519999999999992,2565.714285714286,28.682857142857134,12.81,384.3,2647.266666666667,28.860333333333333,0.0,0.0,8,225,33.0,1.0,64.08439376164188,-0.00347222222222221
2024-08-13,Rajasthan,pratapgarh,Pratapgarh,Onion,Other,FAQ,1900.0,3541.0,3450.0,28.09,2.23,25.82,30.05,85.57,1.05,17.4,2.23,28.09,3450.0,3.8,28.9,2330.0,14.8,28.74,2340.0,12.4,29.55,2900.0,3.3514285714285705,23.459999999999997,3081.428571428572,28.668571428571425,10.648,319.44,2728.9333333333334,28.742,0.0,0.0,8,226,33.0,1.0,216.11758263453825,0.20209059233449467
2024-08-14,Rajasthan,pratapgarh,Pratapgarh,Onion,Red,FAQ,2900.0,3100.0,2970.0,29.24,6.64,25.79,33.23,84.48,1.2,8.91,6.64,29.24,2970.0,2.23,28.09,3450.0,3.78,28.52,2880.0,20.11,28.36,2325.0,3.489999999999999,24.429999999999996,2851.428571428572,28.41857142857143,8.394,251.82,2779.9333333333334,28.606,0.0,0.0,8,227,33.0,1.0,213.4091755067318,-0.13913043478260867
2024-08-15,Rajasthan,pratapgarh,Pratapgarh,Onion,Red,FAQ,2900.0,3150.0,2975.0,29.26,3.72,26.69,32.18,84.85,1.24,16.39,3.72,29.26,2335.0,6.64,29.24,2970.0,2.23,28.09,3450.0,11.9,28.82,2320.0,5.388571428571427,37.71999999999999,2732.428571428572,29.24857142857143,5.78,173.4,2757.233333333333,28.767333333333333,0.0,0.0,8,228,33.0,1.0,212.53851191632538,0.0016835016835017313
2024-08-16,Rajasthan,pratapgarh,Pratapgarh,Onion,Other,FAQ,1500.0,3291.0,3061.0,30.24,1.59,27.3,33.47,79.77,0.59,19.68,1.59,30.24,3061.0,6.64,29.24,2330.0,2.23,28.09,2960.0,14.8,28.74,2340.0,3.528571428571428,24.699999999999992,2724.5714285714284,29.537142857142857,4.626666666666667,138.8,2827.133333333333,28.882,0.0,0.0,8,229,33.0,1.0,205.64277857717028,0.028907563025210026
2024-08-17,Rajasthan,pratapgarh,Pratapgarh,Onion,Other,FAQ,1500.0,3500.0,3050.0,29.56,6.96,26.62,32.79,84.48,1.17,18.39,6.96,29.56,2340.0,1.59,30.24,3061.0,6.64,29.24,2330.0,3.8,28.9,2330.0,3.8914285714285706,27.239999999999995,2655.714285714286,29.948571428571427,3.917333333333333,117.52,2829.8,29.188,0.0,0.0,8,230,33.0,1.0,196.71625686320957,-0.003593596863770032
2024-08-18,,,,,,,,,3087.5,,,,,,,,,,,,,,,,,,,,,,,,,,,,,,8,231,,,184.4414670346424,0.012295081967213184
2024-08-19,Rajasthan,pratapgarh,Pratapgarh,Onion,Red,FAQ,3100.0,3250.0,3125.0,29.54,3.27,26.37,32.78,84.22,1.11,15.81,3.27,29.54,3125.0,6.96,29.56,3050.0,1.59,30.24,3061.0,2.23,28.09,3450.0,4.8514285714285705,33.959999999999994,2887.1428571428573,29.548571428571428,4.267333333333334,128.02,2784.4666666666667,29.39333333333333,0.0,0.0,8,232,34.0,1.0,163.18617034069487,0.012145748987854255
2024-08-20,Rajasthan,pratapgarh,Pratapgarh,Onion,Other,FAQ,2570.0,3680.0,2700.0,28.88,2.9,26.65,31.55,86.17,0.94,14.15,3.27,29.54,3125.0,6.96,29.56,3050.0,1.59,30.24,3100.0,2.23,28.09,2960.0,4.2714285714285705,29.899999999999995,2837.1428571428573,29.45142857142857,4.289666666666666,128.69,2775.8,29.419666666666664,0.0,0.0,8,233,34.0,1.0,141.94218306521856,-0.136
2024-08-21,Rajasthan,pratapgarh,Pratapgarh,Onion,Red,FAQ,3100.0,3300.0,3175.0,28.61,8.18,25.51,31.78,84.64,0.92,9.82,8.18,28.61,2325.0,2.9,28.88,2700.0,6.96,29.56,3120.0,6.64,29.24,2330.0,5.162857142857142,36.13999999999999,2807.8571428571427,28.764285714285712,4.261333333333334,127.84,2764.233333333333,29.41166666666667,0.0,0.0,8,234,34.0,1.0,156.23269427969066,0.17592592592592582
2024-08-22,Rajasthan,pratapgarh,Pratapgarh,Onion,Other,FAQ,2141.0,3850.0,3300.0,28.17,13.29,25.97,30.66,86.82,0.66,11.32,13.29,28.17,3300.0,2.9,28.88,3170.0,3.27,29.54,2335.0,3.72,29.26,2335.0,8.885714285714284,62.19999999999999,2967.1428571428573,28.52285714285714,4.950666666666666,148.51999999999998,2828.4,29.318,0.0,0.0,8,235,34.0,1.0,184.67400492550217,0.03937007874015741
2024-08-23,Rajasthan,pratapgarh,Pratapgarh,Onion,Other,FAQ,2120.0,4030.0,3750.0,27.73,6.01,25.46,30.87,88.52,1.81,15.84,6.01,27.73,3750.0,13.29,28.17,3300.0,2.9,28.88,3170.0,1.59,30.24,2330.0,10.169999999999998,71.18999999999998,3100.0,27.981428571428573,6.810666666666666,204.32,2865.0,28.856333333333332,0.0,0.0,8,236,34.0,1.0,315.55648124722256,0.13636363636363646
2024-08-24,Rajasthan,pratapgarh,Pratapgarh,Onion,Red,FAQ,3200.0,3350.0,3280.0,27.07,16.12,25.23,28.57,92.01,3.59,9.86,16.12,27.07,3280.0,6.01,27.73,3750.0,13.29,28.17,3300.0,6.96,29.56,3120.0,10.342857142857143,72.4,2933.5714285714284,27.447142857142858,7.810666666666666,234.32,2883.5,28.401666666666664,0.0,0.0,8,237,34.0,1.0,312.9862883045396,-0.1253333333333333
2024-08-25,,,,,,,,,3285.0,,,,,,,,,,,,,,,,,,,,,,,,,,,,,,8,238,,,309.7771856704272,0.0015243902439023849
2024-08-26,Rajasthan,pratapgarh,Pratapgarh,Onion,Red,FAQ,3200.0,3450.0,3290.0,27.8,3.13,25.25,30.85,88.06,2.82,13.79,3.13,27.8,3290.0,16.12,27.07,2325.0,13.29,28.17,2300.0,3.27,29.54,3125.0,8.697142857142856,60.88,2876.428571428572,27.48714285714286,8.097333333333333,242.92,2868.0,28.086666666666662,0.0,0.0,8,239,35.0,1.0,306.65437345958424,0.0015220700152207556
2024-08-27,Rajasthan,pratapgarh,Pratapgarh,Onion,Other,FAQ,2100.0,3750.0,2350.0,27.32,12.46,24.96,30.13,89.96,2.82,11.17,12.46,27.32,2350.0,16.12,27.07,3280.0,6.01,27.73,3750.0,2.9,28.88,2700.0,7.65142857142857,53.56,2610.714285714286,27.55857142857143,8.734666666666666,262.04,2844.6666666666665,27.982666666666667,0.0,0.0,8,240,35.0,1.0,419.76609132772643,-0.2857142857142857
2024-08-28,Rajasthan,pratapgarh,Pratapgarh,Onion,Other,FAQ,2150.0,3940.0,3750.0,26.93,20.12,25.09,29.18,93.1,2.23,12.67,20.12,26.93,2325.0,12.46,27.32,2350.0,16.12,27.07,3280.0,8.18,28.61,3175.0,15.742857142857142,110.2,2817.1428571428573,27.15285714285714,11.203333333333337,336.1,2846.833333333333,27.60666666666667,0.0,1.0,8,241,35.0,1.0,466.7147084114709,0.5957446808510638
2024-08-29,Rajasthan,pratapgarh,Pratapgarh,Onion,Red,FAQ,3400.0,3650.0,3450.0,28.73,0.44,24.22,32.65,79.79,0.61,21.03,0.44,28.73,3450.0,20.12,26.93,2325.0,3.13,27.8,3290.0,13.29,28.17,3170.0,14.497142857142858,101.48,3360.714285714286,27.444285714285712,11.2,336.00000000000006,2919.6666666666665,27.505333333333336,0.0,1.0,8,242,35.0,1.0,470.86672869343965,-0.07999999999999996
2024-08-30,Rajasthan,pratapgarh,Pratapgarh,Onion,Other,FAQ,2040.0,3550.0,3300.0,29.77,0.17,26.5,33.58,76.24,0.51,18.69,0.44,28.73,2310.0,20.12,26.93,3750.0,12.46,27.32,2300.0,6.01,27.73,3260.0,6.024285714285713,42.17,3088.5714285714284,28.36428571428572,10.148666666666667,304.46000000000004,2921.6666666666665,27.610666666666667,0.0,0.0,8,243,35.0,1.0,429.32810186104115,-0.04347826086956519
2024-08-31,Rajasthan,pratapgarh,Pratapgarh,Onion,Other,FAQ,2920.0,3701.0,3400.0,29.39,1.26,25.42,33.15,83.23,1.21,17.2,1.26,29.39,2320.0,0.17,29.77,3300.0,20.12,26.93,3400.0,16.12,27.07,3280.0,0.6371428571428561,4.459999999999993,2812.8571428571427,29.607142857142858,7.689333333333334,230.68,2878.5,28.182666666666663,0.0,0.0,8,244,35.0,1.0,433.40155140687966,0.030303030303030276
2024-09-01,Rajasthan,pratapgarh,Pratapgarh,Onion,Red,FAQ,3450.0,3650.0,3500.0,28.84,1.26,26.71,32.47,88.86,2.25,18.19,1.26,28.84,3500.0,1.26,29.39,2320.0,0.44,28.73,2310.0,3.13,27.8,3290.0,1.26,8.82,3297.1428571428573,29.232857142857146,6.9446666666666665,208.34,3004.6666666666665,28.435333333333336,0.0,0.0,9,245,35.0,1.0,442.9231901593521,0.02941176470588225
2024-09-02,Rajasthan,pratapgarh,Pratapgarh,Onion,Red,FAQ,3450.0,3650.0,3520.0,28.67,0.27,25.98,32.32,86.21,2.6,19.25,0.27,28.67,2345.0,1.26,29.39,3480.0,0.17,29.77,3500.0,12.46,27.32,3360.0,0.8357142857142846,5.8499999999999925,2844.285714285714,28.767142857142854,4.979,149.37,3013.0,28.671666666666667,0.0,0.0,9,246,36.0,1.0,451.2522259541291,0.005714285714285783
2024-09-03,Rajasthan,pratapgarh,Pratapgarh,Onion,Other,FAQ,2200.0,3850.0,3670.0,29.16,0.09,25.78,32.84,84.75,1.71,21.48,0.27,28.67,3450.0,1.26,28.84,2350.0,1.26,29.39,3400.0,20.12,26.93,3750.0,0.2442857142857133,1.709999999999993,3185.714285714286,28.74,2.5816666666666666,77.45,3090.6666666666665,28.907,0.0,0.0,9,247,36.0,1.0,154.45757623738194,0.042613636363636465
2024-09-04,Rajasthan,pratapgarh,Pratapgarh,Onion,Other,FAQ,1610.0,3752.0,3586.0,29.48,1.35,26.58,32.82,82.08,0.8,18.54,1.35,29.48,3586.0,0.09,29.16,3670.0,1.26,28.84,2350.0,0.44,28.73,2310.0,0.449999999999999,3.149999999999993,3228.8571428571427,29.251428571428573,0.616,18.48,3108.4,29.208666666666662,0.0,0.0,9,248,36.0,1.0,121.39035813277341,-0.0228882833787466
2024-09-05,Rajasthan,pratapgarh,Pratapgarh,Onion,Other,FAQ,1311.0,3715.0,3590.0,29.27,6.3,26.01,32.8,80.98,0.75,12.49,6.3,29.27,2350.0,1.35,29.48,3586.0,0.09,29.16,3670.0,1.26,29.39,2320.0,3.47142857142857,24.29999999999999,2904.285714285714,29.39,1.35,40.5,3100.4,29.13266666666667,0.0,0.0,9,249,36.0,1.0,125.28215773845403,0.001115448968209698
2024-09-06,Rajasthan,pratapgarh,Pratapgarh,Onion,Other,FAQ,2312.0,3800.0,3490.0,28.95,3.27,25.67,31.77,82.63,0.95,15.5,3.27,28.95,3490.0,6.3,29.27,2350.0,0.09,29.16,3550.0,1.26,29.39,3480.0,5.434285714285713,38.03999999999999,3402.8571428571427,29.178571428571427,1.988,59.63999999999999,3160.4,29.09133333333333,0.0,0.0,9,250,36.0,1.0,87.11459338673436,-0.027855153203342642
2024-09-07,Rajasthan,pratapgarh,Pratapgarh,Onion,Red,FAQ,3600.0,3800.0,3670.0,29.33,0.81,25.44,33.02,81.64,0.73,18.95,0.81,29.33,3670.0,3.27,28.95,3490.0,1.35,29.48,2360.0,0.27,28.67,2345.0,2.567142857142856,17.96999999999999,3261.428571428572,29.05857142857143,2.2920000000000003,68.76,3258.733333333333,29.15,0.0,0.0,9,251,36.0,1.0,75.57651436652115,0.05157593123209159
2024-09-08,Rajasthan,pratapgarh,Pratapgarh,Onion,Red,FAQ,3600.0,3750.0,3690.0,29.59,0.74,26.11,33.36,82.16,0.79,19.12,0.74,29.59,3690.0,3.27,28.95,3660.0,6.3,29.27,3590.0,0.27,28.67,3450.0,1.1414285714285703,7.989999999999993,3295.714285714286,29.35,2.359333333333333,70.77999999999999,3196.4,29.255333333333336,0.0,0.0,9,252,36.0,1.0,78.16587978068215,0.005449591280654031
2024-09-09,Rajasthan,pratapgarh,Pratapgarh,Onion,Red,FAQ,3650.0,3950.0,3700.0,29.31,3.83,26.12,33.11,85.96,1.3,18.61,0.74,29.59,2350.0,0.81,29.33,3670.0,3.27,28.95,3490.0,0.09,29.16,2330.0,1.2014285714285704,8.409999999999993,2924.285714285714,29.47571428571429,2.527333333333333,75.82,3154.0666666666666,29.289,0.0,0.0,9,253,37.0,1.0,76.16648431768701,0.0027100271002709064
2024-09-10,Rajasthan,pratapgarh,Pratapgarh,Onion,Other,FAQ,1950.0,3750.0,3450.0,28.47,2.23,26.45,30.79,91.91,2.08,17.54,3.83,29.31,2340.0,0.74,29.59,3690.0,3.27,28.95,3660.0,1.35,29.48,3586.0,2.718571428571427,19.02999999999999,2890.0,29.27,2.9306666666666668,87.92,3114.5333333333333,29.270333333333333,0.0,0.0,9,254,37.0,1.0,98.16118911057654,-0.06756756756756754
2024-09-11,Rajasthan,pratapgarh,Pratapgarh,Onion,Other,FAQ,2210.0,3981.0,3680.0,28.47,7.81,26.5,30.68,91.66,4.48,12.28,2.23,28.47,3700.0,3.83,29.31,2340.0,0.74,29.59,3690.0,6.3,29.27,2350.0,3.027142857142856,21.18999999999999,3240.0,28.47,3.127666666666667,93.83,3156.333333333333,29.075333333333333,0.0,0.0,9,255,37.0,1.0,102.7942929673137,0.06666666666666665
2024-09-12,Rajasthan,pratapgarh,Pratapgarh,Onion,Other,FAQ,2160.0,4000.0,3692.0,28.19,8.91,25.35,31.77,89.66,3.87,9.46,8.91,28.19,3692.0,7.81,28.47,3680.0,3.83,29.31,2340.0,3.27,28.95,3490.0,8.124285714285714,56.86999999999999,3320.5714285714284,28.390000000000004,3.755333333333333,112.66,3137.133333333333,28.89133333333333,0.0,0.0,9,256,37.0,1.0,106.64404522023516,0.003260869565217428
2024-09-13,Rajasthan,pratapgarh,Pratapgarh,Onion,Red,FAQ,3700.0,3900.0,3780.0,27.58,4.71,25.36,30.54,89.91,2.3,15.69,4.71,27.58,3780.0,8.91,28.19,3692.0,2.23,28.47,3700.0,0.81,29.33,3670.0,7.709999999999999,53.96999999999999,3353.1428571428573,28.01571428571429,4.767333333333334,143.02,3151.8,28.67333333333333,0.0,0.0,9,257,37.0,1.0,101.87574130601271,0.02383531960996743
2024-09-14,,,,,,,,,3793.3333333333335,,,,,,,,,,,,,,,,,,,,,,,,,,,,,,9,258,,,112.76580591699714,0.003527336860670305
2024-09-15,,,,,,,,,3806.6666666666665,,,,,,,,,,,,,,,,,,,,,,,,,,,,,,9,259,,,122.10126771128289,0.0035149384885764245
2024-09-16,Rajasthan,pratapgarh,Pratapgarh,Onion,Red,FAQ,3750.0,4000.0,3820.0,27.6,5.31,24.81,31.2,85.99,2.16,13.76,5.31,27.6,3820.0,8.91,28.19,2350.0,7.81,28.47,3750.0,0.74,29.59,3690.0,5.48142857142857,38.36999999999999,3178.5714285714284,27.67285714285714,5.332,159.96,3160.8,28.424,0.0,0.0,9,260,38.0,1.0,130.20919269551047,0.003502626970227629
2024-09-17,Rajasthan,pratapgarh,Pratapgarh,Onion,Red,FAQ,3700.0,4000.0,3800.0,26.03,32.77,24.74,28.37,90.13,4.28,5.1,32.77,26.03,2300.0,4.71,27.58,2350.0,8.91,28.19,3760.0,3.83,29.31,2340.0,17.07857142857143,119.55,2961.428571428572,26.927142857142854,8.530666666666667,255.92,3115.8,27.96333333333333,0.0,1.0,9,261,38.0,1.0,57.04764554665117,-0.005235602094240788
2024-09-18,Rajasthan,pratapgarh,Pratapgarh,Onion,Red,FAQ,3800.0,4100.0,3900.0,27.57,6.49,24.93,31.7,87.99,3.6,12.27,32.77,26.03,3800.0,5.31,27.6,3820.0,8.91,28.19,2350.0,2.23,28.47,3450.0,21.17,148.19,2970.0,26.698571428571427,9.637333333333334,289.12,3179.4666666666667,27.824,0.0,1.0,9,262,38.0,1.0,61.296745470484375,0.026315789473684292
2024-09-19,Rajasthan,pratapgarh,Pratapgarh,Onion,Other,FAQ,1601.0,4221.0,3887.0,27.96,0.33,24.5,32.11,84.27,1.22,21.29,6.49,27.57,2310.0,32.77,26.03,3800.0,5.31,27.6,3820.0,7.81,28.47,3680.0,5.609999999999999,39.27,3494.1428571428573,27.625714285714285,10.098,302.94,3223.766666666667,27.657,0.0,0.0,9,263,38.0,1.0,47.36791716659891,-0.0033333333333332993
2024-09-20,Rajasthan,pratapgarh,Pratapgarh,Onion,Other,FAQ,1880.0,4231.0,3950.0,28.6,0.0,24.0,32.72,80.2,0.78,20.62,0.0,28.6,3950.0,0.33,27.96,3887.0,32.77,26.03,3800.0,8.91,28.19,3692.0,0.2357142857142846,1.6499999999999928,3475.285714285714,28.142857142857142,8.257333333333333,247.72,3259.866666666667,27.59933333333333,0.0,0.0,9,264,38.0,1.0,61.033991743373754,0.016207872395163303
2024-09-21,Rajasthan,pratapgarh,Pratapgarh,Onion,Red,FAQ,3800.0,4100.0,3990.0,28.76,0.0,25.28,32.6,83.12,1.19,20.51,0.0,28.76,3990.0,0.0,28.6,3950.0,6.49,27.57,2310.0,4.71,27.58,3780.0,0.0,0.0,3498.5714285714284,28.645714285714288,6.755333333333334,202.66,3285.2,27.732666666666667,0.0,0.0,9,265,38.0,1.0,73.96062873689304,0.010126582278481067
2024-09-22,Rajasthan,pratapgarh,Pratapgarh,Onion,Red,FAQ,3900.0,4150.0,3980.0,28.76,0.0,24.54,32.99,83.25,1.26,18.55,0.0,28.76,2300.0,0.0,28.76,3990.0,0.0,28.6,3950.0,32.77,26.03,2300.0,0.0,0.0,3011.428571428572,28.76,4.641000000000001,139.23000000000002,3343.5333333333333,28.057,0.0,0.0,9,266,38.0,1.0,74.68250257227584,-0.0025062656641604564
2024-09-23,Rajasthan,pratapgarh,Pratapgarh,Onion,Red,FAQ,3900.0,4150.0,3950.0,28.89,0.0,25.36,33.05,84.29,1.08,19.33,0.0,28.89,2200.0,0.0,28.76,2300.0,0.0,28.6,3980.0,6.49,27.57,3900.0,0.0,0.0,3222.8571428571427,28.83428571428572,0.9313333333333332,27.94,3296.2,28.42666666666667,0.0,0.0,9,267,39.0,1.0,66.01478910769985,-0.007537688442211032
2024-09-24,Rajasthan,pratapgarh,Pratapgarh,Onion,Other,FAQ,2210.0,4451.0,4050.0,28.87,0.0,25.28,31.97,83.15,0.74,18.04,0.0,28.87,4050.0,0.0,28.89,3950.0,0.0,28.76,3950.0,6.49,27.57,2310.0,0.0,0.0,3521.428571428572,28.884285714285717,0.066,1.98,3413.8,28.601333333333336,1.0,0.0,9,268,39.0,1.0,55.5350597111806,0.025316455696202445
2024-09-25,Rajasthan,pratapgarh,Pratapgarh,Onion,Red,FAQ,4000.0,4200.0,4100.0,27.18,3.0,25.94,28.48,91.89,2.37,15.53,3.0,27.18,4100.0,0.0,28.87,2200.0,0.0,28.89,2200.0,0.0,28.6,3950.0,1.7142857142857133,11.999999999999991,3245.714285714286,27.904285714285717,0.4,12.0,3304.0,28.576,0.0,0.0,9,269,39.0,1.0,70.15866372173502,0.012345679012345734
2024-09-26,Rajasthan,pratapgarh,Pratapgarh,Onion,Other,FAQ,1400.0,4271.0,4040.0,27.07,12.39,25.34,30.1,90.4,2.85,10.78,3.0,27.18,4050.0,0.0,28.87,3950.0,0.0,28.89,4100.0,0.0,28.6,3980.0,4.341428571428571,30.389999999999997,3537.1428571428573,27.16428571428571,1.013,30.39,3422.6666666666665,28.430333333333337,0.0,0.0,9,270,39.0,1.0,56.39993245504539,-0.014634146341463428
2024-09-27,Rajasthan,pratapgarh,Pratapgarh,Onion,Other,FAQ,1700.0,4221.0,4031.0,26.32,45.44,25.13,28.36,94.31,2.91,7.83,45.44,26.32,4031.0,12.39,27.07,2150.0,3.0,27.18,2210.0,0.0,28.76,2300.0,31.275714285714283,218.93,3273.1428571428573,26.641428571428573,9.136666666666668,274.1,3424.0666666666666,27.828666666666667,0.0,1.0,9,271,39.0,1.0,50.36675018095538,-0.0022277227722772297
2024-09-28,Rajasthan,pratapgarh,Pratapgarh,Onion,Red,FAQ,4200.0,4400.0,4235.0,26.8,17.71,25.12,28.73,93.78,1.13,11.95,17.71,26.8,4235.0,45.44,26.32,4031.0,12.39,27.07,4040.0,0.0,28.89,3950.0,29.594285714285714,207.16,3610.142857142857,26.59428571428572,14.527333333333331,435.82,3456.733333333333,27.38733333333333,0.0,1.0,9,272,39.0,1.0,93.00614419017674,0.05060778963036472
2024-09-29,Rajasthan,pratapgarh,Pratapgarh,Onion,Red,FAQ,4200.0,4350.0,4225.0,27.2,23.49,25.16,29.99,90.68,1.15,12.75,23.49,27.2,4225.0,17.71,26.8,2160.0,12.39,27.07,4200.0,0.0,28.87,4050.0,21.01285714285714,147.08999999999995,3340.0,27.02857142857143,17.659333333333333,529.78,3338.4,27.16333333333333,0.0,1.0,9,273,39.0,1.0,105.30183374688744,-0.0023612750885477762
2024-09-30,Rajasthan,pratapgarh,Pratapgarh,Onion,Other,FAQ,1920.0,4000.0,3650.0,27.44,0.16,24.98,30.96,87.87,1.89,16.43,0.16,27.44,2130.0,17.71,26.8,4235.0,45.44,26.32,4031.0,0.0,28.87,2200.0,13.49142857142857,94.43999999999998,2951.428571428572,27.302857142857142,17.675333333333334,530.26,3323.733333333333,27.020333333333333,0.0,0.0,9,274,40.0,1.0,194.8330176378889,-0.13609467455621305
2024-10-01,Rajasthan,pratapgarh,Pratapgarh,Onion,Red,FAQ,4200.0,4500.0,4300.0,27.48,0.02,24.51,31.47,86.38,2.22,18.96,0.16,27.44,4270.0,23.49,27.2,4225.0,17.71,26.8,2160.0,3.0,27.18,4100.0,0.139999999999999,0.9799999999999928,3485.714285714286,27.445714285714285,17.392,521.76,3457.733333333333,27.0,0.0,0.0,10,275,40.0,0.0,217.05913172830958,0.17808219178082196
2024-10-02,Rajasthan,pratapgarh,Pratapgarh,Onion,Red,FAQ,4300.0,4560.0,4400.0,27.61,2.18,23.87,32.32,87.34,2.12,19.0,0.02,27.48,2120.0,0.16,27.44,4270.0,23.49,27.2,4225.0,12.39,27.07,2150.0,0.3285714285714275,2.299999999999993,3531.428571428572,27.49857142857143,15.928999999999998,477.87,3390.733333333333,27.075333333333333,0.0,0.0,10,276,40.0,0.0,248.33809519240154,0.023255813953488413
2024-10-03,Rajasthan,pratapgarh,Pratapgarh,Onion,Red,FAQ,4300.0,4550.0,4400.0,27.67,0.3,23.41,32.77,85.92,2.02,19.95,0.3,27.67,4400.0,0.02,27.48,2120.0,0.16,27.44,3650.0,45.44,26.32,2150.0,1.3342857142857134,9.339999999999996,3417.1428571428573,27.608571428571427,11.898666666666664,356.96,3475.733333333333,27.21933333333333,0.0,0.0,10,277,40.0,0.0,264.3543797541827,0.0
2024-10-04,Rajasthan,pratapgarh,Pratapgarh,Onion,Red,FAQ,4300.0,4650.0,4400.0,28.15,0.0,23.17,32.86,83.35,1.39,18.94,0.0,28.15,4400.0,0.3,27.67,4400.0,0.02,27.48,2120.0,17.71,26.8,4235.0,0.0857142857142847,0.5999999999999929,2964.285714285714,28.012857142857143,4.089,122.67,3331.833333333333,27.566333333333333,0.0,0.0,10,278,40.0,0.0,267.0986085075077,0.0
2024-10-05,Rajasthan,pratapgarh,Pratapgarh,Onion,Red,FAQ,4350.0,4500.0,4410.0,28.06,0.0,23.94,31.84,80.92,1.21,18.04,0.0,28.15,3490.0,0.3,27.67,2100.0,2.18,27.61,4400.0,23.49,27.2,2150.0,0.0,0.0,3492.8571428571427,28.13714285714285,2.7156666666666665,81.47,3382.333333333333,27.64,0.0,0.0,10,279,40.0,0.0,275.6960887160233,0.002272727272727204
2024-10-06,Rajasthan,pratapgarh,Pratapgarh,Onion,Red,FAQ,4300.0,4600.0,4400.0,28.17,0.54,24.42,32.16,74.34,0.55,16.21,0.54,28.17,4400.0,0.0,28.06,2100.0,0.0,28.15,2130.0,0.16,27.44,4270.0,0.3085714285714275,2.159999999999993,3590.0,28.122857142857143,0.4066666666666666,12.2,3336.6666666666665,27.86466666666667,0.0,0.0,10,280,40.0,0.0,280.41635710727223,-0.0022675736961451642
2024-10-07,Rajasthan,pratapgarh,Pratapgarh,Onion,Red,FAQ,4350.0,4550.0,4410.0,26.74,0.06,24.34,30.17,82.12,0.86,15.45,0.06,26.74,4410.0,0.0,28.06,3850.0,0.0,28.15,4400.0,0.02,27.48,4300.0,0.3257142857142847,2.279999999999993,3670.0,27.74571428571429,0.4093333333333334,12.28,3344.0,27.81533333333333,0.0,0.0,10,281,41.0,0.0,39.33978962320696,0.002272727272727204
2024-10-08,Rajasthan,pratapgarh,Pratapgarh,Onion,Red,FAQ,4300.0,4600.0,4400.0,27.01,0.0,22.81,31.16,83.24,0.79,17.1,0.0,27.01,4400.0,0.06,26.74,4410.0,0.0,28.06,4410.0,2.18,27.61,4400.0,0.0428571428571418,0.2999999999999929,3677.142857142857,26.81714285714286,0.2693333333333333,8.080000000000002,3371.0,27.676666666666662,1.0,0.0,10,282,41.0,0.0,4.879500362592371,-0.0022675736961451642
2024-10-09,Rajasthan,pratapgarh,Pratapgarh,Onion,Other,FAQ,1781.0,4200.0,3951.0,26.75,0.0,23.35,30.63,81.58,1.27,18.17,0.0,26.75,3951.0,0.0,27.01,4400.0,0.54,28.17,4400.0,0.3,27.67,2100.0,0.0,0.0,3228.8571428571427,26.935714285714287,0.084,2.5200000000000005,3404.4,27.531333333333336,1.0,0.0,10,283,41.0,0.0,171.0309078165434,-0.10204545454545455
2024-10-10,Rajasthan,pratapgarh,Pratapgarh,Onion,Other,FAQ,2400.0,4110.0,3925.0,25.26,0.0,21.86,30.07,84.83,1.91,14.09,0.0,25.26,3925.0,0.0,26.75,3951.0,0.06,26.74,2115.0,0.0,28.15,3490.0,0.0,0.0,3565.8571428571427,26.32428571428571,0.084,2.5200000000000005,3436.733333333333,27.152,1.0,0.0,10,284,41.0,0.0,227.55250571488523,-0.006580612503163774
2024-10-11,Rajasthan,pratapgarh,Pratapgarh,Onion,Red,FAQ,4200.0,4600.0,4400.0,25.14,0.0,21.85,29.97,83.17,2.27,16.35,0.0,25.14,4400.0,0.0,25.26,3925.0,0.0,27.01,2150.0,0.0,28.06,3850.0,0.0,0.0,3703.571428571429,25.22571428571429,0.084,2.5200000000000005,3479.4,26.584,1.0,0.0,10,285,41.0,0.0,227.55250571488523,0.12101910828025475
2024-10-12,Rajasthan,pratapgarh,Pratapgarh,Onion,Red,FAQ,4300.0,4500.0,4420.0,25.44,0.0,21.58,30.19,83.35,1.89,9.76,0.0,25.14,2180.0,0.0,25.26,4425.0,0.0,26.75,2180.0,0.54,28.17,4400.0,0.0,0.0,3132.8571428571427,25.217142857142857,0.03,0.9,3484.733333333333,26.291,1.0,0.0,10,286,41.0,0.0,228.60060825644825,0.00454545454545463
2024-10-13,Rajasthan,pratapgarh,Pratapgarh,Onion,Red,FAQ,4300.0,4600.0,4425.0,24.43,0.0,21.9,28.22,82.69,1.87,13.26,0.0,24.43,4425.0,0.0,25.44,4420.0,0.0,25.26,4425.0,0.06,26.74,2115.0,0.0,0.0,3150.0,24.862857142857145,0.0,0.0,3361.4,25.805333333333337,1.0,0.0,10,287,41.0,0.0,231.109951156997,0.0011312217194570096
2024-10-14,Rajasthan,pratapgarh,Pratapgarh,Onion,Red,FAQ,4300.0,4550.0,4420.0,24.38,0.0,21.43,28.02,81.19,1.54,9.99,0.0,24.38,4420.0,0.0,25.44,2190.0,0.0,25.26,2175.0,0.0,27.01,4400.0,0.0,0.0,3468.5714285714284,24.56,0.0,0.0,3362.733333333333,25.630000000000003,1.0,0.0,10,288,42.0,0.0,232.10609232680235,-0.001129943502824804
2024-10-15,Rajasthan,pratapgarh,Pratapgarh,Onion,Red,FAQ,4300.0,4450.0,4350.0,25.05,0.0,21.23,30.14,79.64,1.42,17.08,0.0,25.05,4350.0,0.0,24.38,4420.0,0.0,25.44,4420.0,0.0,26.75,3951.0,0.0,0.0,3634.285714285714,24.571428571428573,0.0,0.0,3456.6666666666665,25.166,1.0,0.0,10,289,42.0,0.0,228.44067688816477,-0.015837104072398245
2024-10-16,Rajasthan,pratapgarh,Pratapgarh,Onion,Other,FAQ,1890.0,4150.0,3800.0,24.45,0.0,18.07,29.71,67.31,0.9,17.88,0.0,25.05,2150.0,0.0,24.38,3960.0,0.0,24.43,4425.0,0.0,25.26,3925.0,0.0,0.0,3524.285714285714,24.964285714285715,0.0,0.0,3419.5,24.912333333333333,1.0,0.0,10,290,42.0,0.0,267.4059692320507,-0.12643678160919536
2024-10-17,Rajasthan,pratapgarh,Pratapgarh,Onion,Other,FAQ,2590.0,4290.0,4070.0,24.83,0.0,18.97,29.94,70.2,0.88,15.39,0.0,24.45,2100.0,0.0,25.05,2150.0,0.0,24.38,3960.0,0.0,25.14,4400.0,0.0,0.0,3467.1428571428573,24.504285714285714,0.0,0.0,3384.333333333333,24.767,1.0,0.0,10,291,42.0,0.0,242.63189834648304,0.07105263157894748
2024-10-18,Rajasthan,pratapgarh,Pratapgarh,Onion,Red,FAQ,4000.0,4250.0,4100.0,25.03,0.0,19.82,30.01,73.81,0.87,16.9,0.0,24.83,2200.0,0.0,24.45,2100.0,0.0,25.05,2150.0,0.0,25.44,2190.0,0.0,0.0,3562.8571428571427,24.858571428571427,0.0,0.0,3420.333333333333,24.68166666666667,1.0,0.0,10,292,42.0,0.0,242.1899097421949,0.0073710073710073765
2024-10-19,Rajasthan,pratapgarh,Pratapgarh,Onion,Other,FAQ,2110.0,4000.0,3921.0,24.97,0.0,19.11,30.53,73.63,1.22,17.72,0.0,25.03,2150.0,0.0,24.83,2200.0,0.0,24.45,2100.0,0.0,24.38,4420.0,0.0,0.0,3208.714285714286,25.02142857142857,0.0,0.0,3370.366666666667,24.767666666666667,1.0,0.0,10,293,42.0,0.0,249.05851291839696,-0.04365853658536589
2024-10-20,Rajasthan,pratapgarh,Pratapgarh,Onion,Red,FAQ,4000.0,4200.0,4050.0,24.83,0.0,18.92,31.1,73.09,0.95,17.39,0.0,24.97,4100.0,0.0,25.03,2150.0,0.0,24.83,2200.0,0.0,25.05,4350.0,0.0,0.0,3477.428571428572,24.95,0.0,0.0,3348.0666666666666,24.858666666666668,1.0,0.0,10,294,42.0,0.0,219.9711019981179,0.03289977046671777
2024-10-21,Rajasthan,pratapgarh,Pratapgarh,Onion,Other,FAQ,1400.0,4290.0,2845.0,24.67,0.0,18.61,30.61,72.84,1.01,16.8,0.0,24.83,2100.0,0.0,24.97,2125.0,0.0,25.03,3020.0,0.0,25.05,2150.0,0.0,0.0,3335.0,24.84714285714286,0.0,0.0,3238.9,24.824,1.0,0.0,10,295,43.0,0.0,485.3733467283378,-0.29753086419753083
2024-10-22,Rajasthan,pratapgarh,Pratapgarh,Onion,Red,FAQ,3900.0,4150.0,4000.0,24.57,0.0,19.84,29.83,74.48,1.15,15.23,0.0,24.57,4000.0,0.0,24.67,2845.0,0.0,24.97,2125.0,0.0,24.45,2100.0,0.0,0.0,3326.428571428572,24.641428571428573,0.0,0.0,3270.0666666666666,24.848666666666663,1.0,0.0,10,296,43.0,0.0,444.80777014451326,0.40597539543058003
2024-10-23,Rajasthan,pratapgarh,Pratapgarh,Onion,Red,FAQ,3900.0,4400.0,4100.0,24.83,0.0,20.1,30.23,80.53,1.42,16.08,0.0,24.83,4100.0,0.0,24.57,4000.0,0.0,24.83,2100.0,0.0,24.83,2200.0,0.0,0.0,3102.8571428571427,24.64428571428572,0.0,0.0,3166.0666666666666,24.814,1.0,0.0,10,297,43.0,0.0,456.1293154149752,0.02499999999999991
2024-10-24,Rajasthan,pratapgarh,Pratapgarh,Onion,Red,FAQ,3900.0,4200.0,4000.0,24.96,0.0,20.35,29.54,85.2,1.32,15.25,0.0,24.96,4000.0,0.0,24.57,2100.0,0.0,24.67,2150.0,0.0,25.03,3020.0,0.0,0.0,3234.285714285714,24.83,0.0,0.0,3102.733333333333,24.796,1.0,0.0,10,298,43.0,0.0,451.74545086910837,-0.024390243902439046
2024-10-25,Rajasthan,pratapgarh,Pratapgarh,Onion,Other,FAQ,1500.0,4285.0,2892.0,26.04,0.0,21.82,30.69,80.24,0.96,16.71,0.0,24.96,3960.0,0.0,24.83,2170.0,0.0,24.57,2660.0,0.0,24.97,2125.0,0.0,0.0,3308.8571428571427,25.11428571428572,0.0,0.0,3132.5666666666666,24.82633333333333,1.0,0.0,10,299,43.0,0.0,561.8453015351512,-0.277
2024-10-26,Rajasthan,pratapgarh,Pratapgarh,Onion,Red,FAQ,4000.0,4200.0,4050.0,25.67,0.01,22.53,29.87,78.91,0.98,15.62,0.01,25.67,4050.0,0.0,26.04,2125.0,0.0,24.96,4000.0,0.0,24.67,2845.0,0.0057142857142846,0.0399999999999928,3350.285714285714,25.82857142857143,0.0013333333333333,0.04,3112.133333333333,25.136666666666667,1.0,0.0,10,300,43.0,0.0,572.813731878482,0.400414937759336
2024-10-27,Rajasthan,pratapgarh,Pratapgarh,Onion,Red,FAQ,4000.0,4200.0,4080.0,25.08,0.02,21.62,29.32,84.2,1.62,11.49,0.02,25.08,4080.0,0.0,26.04,4100.0,0.0,24.96,2175.0,0.0,24.67,2150.0,0.0114285714285704,0.0799999999999929,3517.1428571428573,25.55428571428572,0.0026666666666666,0.08,3240.8,25.164,1.0,0.0,10,301,43.0,0.0,575.9264585988977,0.007407407407407307
2024-10-28,Rajasthan,pratapgarh,Pratapgarh,Onion,Red,FAQ,3950.0,4150.0,4000.0,25.73,0.02,21.59,29.98,80.61,0.92,10.98,0.02,25.73,4000.0,0.02,25.08,4080.0,0.0,26.04,2892.0,0.0,24.57,2660.0,0.02,0.14,2968.5714285714284,25.45142857142857,0.0066666666666666,0.2,3082.133333333333,25.346,1.0,0.0,10,302,44.0,0.0,435.2083245001954,-0.019607843137254943
2024-10-29,Rajasthan,pratapgarh,Pratapgarh,Onion,Red,FAQ,3900.0,4200.0,4050.0,26.38,0.0,22.12,31.0,75.71,0.77,16.29,0.0,26.38,4050.0,0.02,25.73,2200.0,0.01,25.67,2130.0,0.0,24.83,4100.0,0.0085714285714275,0.0599999999999929,3231.428571428572,26.10142857142857,0.0066666666666666,0.2,3082.8,25.57,1.0,0.0,10,303,44.0,0.0,438.0113066598697,0.012499999999999956
2024-10-30,Rajasthan,pratapgarh,Pratapgarh,Onion,Red,FAQ,3900.0,4200.0,4000.0,25.67,0.0,20.76,30.89,73.13,1.16,17.32,0.0,25.67,2125.0,0.02,25.73,4000.0,0.02,25.08,4080.0,0.0,24.96,4000.0,0.0,0.0,2952.8571428571427,26.075714285714287,0.0066666666666666,0.2,3079.8,25.64966666666667,1.0,0.0,10,304,44.0,0.0,431.28446032087385,-0.012345679012345734
2024-10-31,,,,,,,,,4000.0,,,,,,,,,,,,,,,,,,,,,,,,,,,,,,10,305,,,431.28446032087385,0.0
2024-11-01,Rajasthan,pratapgarh,Pratapgarh,Onion,Red,FAQ,3950.0,4200.0,4000.0,24.15,0.0,19.09,32.26,69.19,1.78,14.54,0.0,24.15,4000.0,0.0,26.38,4050.0,0.02,25.08,2150.0,0.0,24.96,2175.0,0.0,0.0,3471.428571428572,25.33714285714285,0.0066666666666666,0.2,3201.4666666666667,25.619333333333334,1.0,0.0,11,306,44.0,0.0,33.59421718916362,0.0
2024-11-02,Rajasthan,pratapgarh,Pratapgarh,Onion,Red,FAQ,4000.0,4250.0,4100.0,22.97,0.0,16.92,30.17,62.85,0.99,14.85,0.0,24.15,2160.0,0.0,25.67,2125.0,0.02,25.73,4000.0,0.0,26.04,2892.0,0.0,0.0,3488.5714285714284,24.415714285714284,0.0066666666666666,0.2,3121.733333333333,25.463,1.0,0.0,11,307,44.0,0.0,43.479606604216634,0.02499999999999991
2024-11-03,Rajasthan,pratapgarh,Pratapgarh,Onion,Red,FAQ,4000.0,4150.0,4050.0,23.64,0.0,18.88,29.34,57.94,0.65,13.31,0.0,23.64,4050.0,0.0,24.15,2160.0,0.0,26.38,4050.0,0.0,26.04,4100.0,0.0,0.0,3260.0,23.33,0.0066666666666666,0.2,3162.333333333333,24.996,1.0,0.0,11,308,44.0,0.0,39.339789623233976,-0.012195121951219523
2024-11-04,Rajasthan,pratapgarh,Pratapgarh,Onion,Red,FAQ,3900.0,4150.0,4000.0,23.15,0.0,17.94,28.78,62.67,0.84,12.28,0.0,23.15,4000.0,0.0,22.97,2180.0,0.0,25.67,4000.0,0.01,25.67,4050.0,0.0,0.0,3231.428571428572,23.404285714285717,0.0053333333333333,0.16,3161.6666666666665,24.692666666666664,1.0,0.0,11,309,45.0,0.0,39.339789623233976,-0.012345679012345734
2024-11-05,Rajasthan,pratapgarh,Pratapgarh,Onion,Red,FAQ,4000.0,4150.0,4040.0,23.44,0.0,18.44,29.29,77.25,1.19,12.12,0.0,23.44,4040.0,0.0,23.15,4000.0,0.0,22.97,4100.0,0.02,25.73,2200.0,0.0,0.0,2931.428571428572,23.31571428571428,0.0013333333333333,0.04,3150.333333333333,24.302,1.0,0.0,11,310,45.0,0.0,38.6066858258703,0.010000000000000009
2024-11-06,Rajasthan,pratapgarh,Pratapgarh,Onion,Red,FAQ,4000.0,4200.0,4050.0,24.48,0.0,19.28,30.31,72.36,0.73,13.3,0.0,24.48,4050.0,0.0,23.44,2120.0,0.0,23.64,4050.0,0.0,26.38,2160.0,0.0,0.0,3221.428571428572,24.03428571428572,0.0,0.0,3151.333333333333,24.092,1.0,0.0,11,311,45.0,0.0,37.35288603601256,0.0024752475247524774
2024-11-07,Rajasthan,pratapgarh,Pratapgarh,Onion,Other,FAQ,3500.0,5701.0,4800.0,24.53,0.0,18.75,29.65,67.36,0.75,11.91,0.0,24.53,4800.0,0.0,24.48,2125.0,0.0,23.15,4000.0,0.0,25.67,2125.0,0.0,0.0,3742.142857142857,24.494285714285716,0.0,0.0,3272.0,23.889333333333337,1.0,0.0,11,312,45.0,0.0,289.2766018552718,0.18518518518518512
2024-11-08,Rajasthan,pratapgarh,Pratapgarh,Onion,Other,FAQ,2000.0,5420.0,4990.0,24.66,0.0,19.71,29.51,66.57,0.64,11.34,0.0,24.66,4990.0,0.0,24.53,4800.0,0.0,23.44,4040.0,0.0,24.15,2160.0,0.0,0.0,3880.0,24.56714285714286,0.0,0.0,3340.0,23.872666666666664,1.0,0.0,11,313,45.0,0.0,417.9314138308431,0.039583333333333304
2024-11-09,Rajasthan,pratapgarh,Pratapgarh,Onion,Red,FAQ,4100.0,4350.0,4200.0,24.58,0.0,19.99,29.47,63.71,0.6,11.46,0.0,24.66,2125.0,0.0,24.53,2130.0,0.0,24.48,3185.0,0.0,23.64,4050.0,0.0,0.0,3804.285714285714,24.648571428571422,0.0,0.0,3341.333333333333,24.12933333333333,1.0,0.0,11,314,45.0,0.0,412.02172850698724,-0.1583166332665331
2024-11-10,Rajasthan,pratapgarh,Pratapgarh,Onion,Red,FAQ,4400.0,4600.0,4480.0,23.87,0.0,18.7,29.9,68.76,1.21,11.51,0.0,23.87,2120.0,0.0,24.66,2125.0,0.0,24.53,2130.0,0.0,23.15,2100.0,0.0,0.0,3060.0,24.275714285714287,0.0,0.0,3299.0,24.295333333333332,1.0,0.0,11,315,45.0,0.0,399.660570270013,0.06666666666666665
2024-11-11,Rajasthan,pratapgarh,Pratapgarh,Onion,Other,FAQ,2000.0,4831.0,3441.0,23.9,0.0,19.29,29.32,65.25,0.89,11.97,0.0,23.87,4480.0,0.0,24.58,4200.0,0.0,24.66,4990.0,0.0,23.44,2120.0,0.0,0.0,2991.5714285714284,24.07714285714286,0.0,0.0,3422.366666666667,24.334666666666667,1.0,0.0,11,316,46.0,0.0,522.0282331353899,-0.23191964285714284
2024-11-12,Rajasthan,pratapgarh,Pratapgarh,Onion,Red,FAQ,4400.0,4700.0,4500.0,22.78,0.0,17.33,29.7,66.54,1.35,11.83,0.0,22.78,4500.0,0.0,23.9,2130.0,0.0,24.58,2150.0,0.0,24.48,3185.0,0.0,0.0,3472.8571428571427,23.26,0.0,0.0,3454.4,24.115333333333336,1.0,0.0,11,317,46.0,0.0,514.8241956055804,0.3077593722755012
2024-11-13,Rajasthan,pratapgarh,Pratapgarh,Onion,Other,FAQ,1100.0,3651.0,3210.0,22.82,0.0,16.55,29.62,61.97,1.38,12.52,0.0,22.82,3210.0,0.0,22.78,2120.0,0.0,23.87,4480.0,0.0,24.53,4060.0,0.0,0.0,3420.0,22.791428571428572,0.0,0.0,3291.0666666666666,23.884666666666668,1.0,0.0,11,318,46.0,0.0,671.0320054818053,-0.2866666666666666
2024-11-14,Rajasthan,pratapgarh,Pratapgarh,Onion,Other,FAQ,1200.0,3630.0,3130.0,21.5,0.0,16.17,28.96,63.07,1.45,12.66,0.0,21.5,3130.0,0.0,22.82,3210.0,0.0,23.9,4470.0,0.0,24.66,4100.0,0.0,0.0,3281.428571428572,22.442857142857147,0.0,0.0,3201.733333333333,23.43733333333333,1.0,0.0,11,319,46.0,0.0,729.570421549546,-0.024922118380062308
2024-11-15,,,,,,,,,3185.0,,,,,,,,,,,,,,,,,,,,,,,,,,,,,,11,320,,,630.7483461654574,0.01757188498402562
2024-11-16,,,,,,,,,3240.0,,,,,,,,,,,,,,,,,,,,,,,,,,,,,,11,321,,,617.0464596230315,0.017268445839874413
2024-11-17,,,,,,,,,3295.0,,,,,,,,,,,,,,,,,,,,,,,,,,,,,,11,322,,,482.659201468168,0.016975308641975273
2024-11-18,Rajasthan,pratapgarh,Pratapgarh,Onion,Other,FAQ,1591.0,3790.0,3350.0,21.11,0.0,14.66,28.2,63.02,1.43,11.86,0.0,21.5,2125.0,0.0,22.82,2150.0,0.0,22.78,3200.0,0.0,24.58,2150.0,0.0,0.0,3294.285714285714,21.444285714285712,0.0,0.0,3268.4,22.90566666666667,1.0,0.0,11,323,47.0,0.0,483.4979194321554,0.01669195751138086
2024-11-19,Rajasthan,pratapgarh,Pratapgarh,Onion,Red,FAQ,4500.0,4750.0,4600.0,19.6,0.0,15.07,26.24,66.07,1.57,9.77,0.0,19.6,4600.0,0.0,21.11,4620.0,0.0,21.5,3130.0,0.0,23.9,2130.0,0.0,0.0,3205.714285714286,20.247142857142855,0.0,0.0,3399.0,21.848666666666663,1.0,0.0,11,324,47.0,0.0,520.9046617824145,0.3731343283582089
2024-11-20,Rajasthan,pratapgarh,Pratapgarh,Onion,Red,FAQ,4400.0,4600.0,4500.0,17.83,0.0,12.35,23.9,59.58,1.21,11.0,0.0,17.83,2180.0,0.0,19.6,2170.0,0.0,21.11,3350.0,0.0,22.78,4500.0,0.0,0.0,3528.8571428571427,18.841428571428573,0.0,0.0,3326.4,21.067,1.0,0.0,11,325,47.0,0.0,643.7936300517598,-0.021739130434782594
2024-11-21,Rajasthan,pratapgarh,Pratapgarh,Onion,Red,FAQ,4400.0,4600.0,4450.0,17.41,0.0,11.7,23.91,56.91,1.09,11.53,0.0,17.41,4450.0,0.0,17.83,2180.0,0.0,21.11,2140.0,0.0,22.82,3210.0,0.0,0.0,3702.857142857143,17.71,0.0,0.0,3390.4,20.21133333333333,1.0,0.0,11,326,47.0,0.0,671.0430757587719,-0.011111111111111072
2024-11-22,Rajasthan,pratapgarh,Pratapgarh,Onion,Red,FAQ,4400.0,4600.0,4460.0,17.64,0.0,11.1,24.76,64.9,1.25,11.03,0.0,17.64,4460.0,0.0,17.41,4450.0,0.0,19.6,3321.0,0.0,21.5,3130.0,0.0,0.0,3370.285714285714,17.475714285714286,0.0,0.0,3369.8,19.232666666666667,1.0,0.0,11,327,47.0,0.0,648.0290631342466,0.0022471910112360494
2024-11-23,Rajasthan,pratapgarh,Pratapgarh,Onion,Red,FAQ,4300.0,4600.0,4400.0,17.9,0.0,11.62,25.2,67.01,1.27,11.81,0.0,17.9,2180.0,0.0,17.64,4460.0,0.0,17.83,2920.0,0.0,21.11,3350.0,0.0,0.0,2897.428571428572,17.714285714285715,0.0,0.0,3225.5333333333333,18.504,1.0,0.0,11,328,47.0,0.0,569.300949787152,-0.013452914798206317
2024-11-24,Rajasthan,pratapgarh,Pratapgarh,Onion,Red,FAQ,4300.0,4450.0,4360.0,18.17,0.0,12.32,26.36,66.54,1.62,12.12,0.0,18.17,2190.0,0.0,17.64,2200.0,0.0,17.41,2200.0,0.0,19.6,2170.0,0.0,0.0,3128.5714285714284,18.015714285714285,0.0,0.0,3213.2,18.046333333333333,1.0,0.0,11,329,47.0,0.0,427.0329528937133,-0.009090909090909038
2024-11-25,Rajasthan,pratapgarh,Pratapgarh,Onion,Red,FAQ,4300.0,4450.0,4350.0,18.51,0.0,12.51,27.35,64.07,1.94,13.05,0.0,18.51,4350.0,0.0,17.9,4400.0,0.0,17.64,4460.0,0.0,19.6,4600.0,0.0,0.0,3425.714285714286,18.228571428571428,0.0,0.0,3269.5333333333333,17.926000000000002,1.0,0.0,11,330,48.0,0.0,87.15066319437409,-0.002293577981651418
2024-11-26,Rajasthan,pratapgarh,Pratapgarh,Onion,Other,FAQ,2000.0,3261.0,2750.0,18.05,0.0,11.26,26.93,63.37,1.71,11.84,0.0,18.51,2481.0,0.0,18.17,4360.0,0.0,17.9,2180.0,0.0,17.83,4500.0,0.0,0.0,2968.8571428571427,18.44428571428572,0.0,0.0,3155.5333333333333,17.906,1.0,0.0,11,331,48.0,0.0,633.5463300982293,-0.367816091954023
2024-11-27,Rajasthan,pratapgarh,Pratapgarh,Onion,Other,FAQ,1800.0,3600.0,2850.0,18.41,0.0,11.61,25.46,56.26,1.22,13.18,0.0,18.05,2150.0,0.0,18.51,2481.0,0.0,18.17,4360.0,0.0,17.41,2911.0,0.0,0.0,3007.1428571428573,18.10142857142857,0.0,0.0,3027.1666666666665,18.004,1.0,0.0,11,332,48.0,0.0,784.2800763089812,0.036363636363636376
2024-11-28,Rajasthan,pratapgarh,Pratapgarh,Onion,Red,FAQ,3900.0,4400.0,4100.0,19.15,0.0,13.17,26.04,46.02,0.7,12.6,0.0,18.41,2160.0,0.0,18.05,2150.0,0.0,18.51,2481.0,0.0,17.64,2421.0,0.0,0.0,3202.8571428571427,18.51571428571429,0.0,0.0,3057.766666666667,18.205666666666666,1.0,0.0,11,333,48.0,0.0,757.4707286502154,0.4385964912280702
2024-11-29,Rajasthan,pratapgarh,Pratapgarh,Onion,Other,FAQ,2000.0,3651.0,3200.0,18.4,0.0,11.9,26.04,49.2,1.01,11.74,0.0,18.4,2300.0,0.0,19.15,4100.0,0.0,18.41,2850.0,0.0,18.17,2190.0,0.0,0.0,2685.714285714286,18.828571428571426,0.0,0.0,3082.0666666666666,18.481,1.0,0.0,11,334,48.0,0.0,750.7076027068655,-0.2195121951219512
2024-11-30,Rajasthan,pratapgarh,Pratapgarh,Onion,Red,FAQ,3800.0,4100.0,3925.0,17.15,0.0,10.43,25.36,58.27,1.34,11.35,0.0,18.4,3900.0,0.0,19.15,2250.0,0.0,18.41,2160.0,0.0,18.51,4350.0,0.0,0.0,3246.428571428572,18.221428571428568,0.0,0.0,3070.9,18.458666666666662,1.0,0.0,11,335,48.0,0.0,698.175342964641,0.2265625
2024-12-01,,,,,,,,,3892.5,,,,,,,,,,,,,,,,,,,,,,,,,,,,,,12,336,,,638.5104037635335,-0.008280254777070062
2024-12-02,Rajasthan,pratapgarh,Pratapgarh,Onion,Red,FAQ,3800.0,4100.0,3860.0,18.39,0.0,10.85,25.42,55.36,0.94,12.35,0.0,18.39,3860.0,0.0,17.15,3925.0,0.0,19.15,2250.0,0.0,18.05,2750.0,0.0,0.0,3220.714285714286,17.504285714285714,0.0,0.0,3183.0,18.254666666666665,1.0,0.0,12,337,49.0,0.0,562.4978835938889,-0.008349389852280065
2024-12-03,Rajasthan,pratapgarh,Pratapgarh,Onion,Other,FAQ,1900.0,3550.0,3150.0,18.57,0.0,11.98,27.94,54.88,1.45,12.23,0.0,18.39,2300.0,0.0,17.15,2300.0,0.0,18.4,3200.0,0.0,18.05,2150.0,0.0,0.0,3110.0,18.06142857142857,0.0,0.0,3089.6666666666665,18.294666666666668,1.0,0.0,12,338,49.0,0.0,487.6318503015941,-0.18393782383419688
2024-12-04,Rajasthan,pratapgarh,Pratapgarh,Onion,Other,FAQ,1590.0,3700.0,3200.0,18.94,0.0,12.01,28.85,56.07,2.58,15.25,0.0,18.57,2325.0,0.0,18.39,2300.0,0.0,17.15,2300.0,0.0,18.41,2160.0,0.0,0.0,3121.428571428572,18.62285714285714,0.0,0.0,3102.6666666666665,18.351,1.0,0.0,12,339,49.0,0.0,414.11732004576845,0.015873015873015817
2024-12-05,Rajasthan,pratapgarh,Pratapgarh,Onion,Red,FAQ,3750.0,4000.0,3800.0,18.29,0.0,11.98,27.3,57.57,2.5,15.03,0.0,18.94,3860.0,0.0,18.57,2325.0,0.0,18.39,2300.0,0.0,19.15,2250.0,0.0,0.0,3217.1428571428573,18.84714285714286,0.0,0.0,3109.6666666666665,18.312,1.0,0.0,12,340,49.0,0.0,369.01453384719287,0.1875
2024-12-06,Rajasthan,pratapgarh,Pratapgarh,Onion,Red,FAQ,3600.0,3900.0,3700.0,17.07,0.0,10.85,25.88,54.4,2.12,14.92,0.0,17.07,3700.0,0.0,18.29,3800.0,0.0,18.57,2325.0,0.0,18.4,3900.0,0.0,0.0,3108.8571428571427,17.94142857142857,0.0,0.0,3133.4,18.180000000000003,1.0,0.0,12,341,49.0,0.0,330.64556264257146,-0.02631578947368418
2024-12-07,,,,,,,,,3671.1290322580644,,,,,,,,,,,,,,,,,,,,,,,,,,,,,,12,342,,,308.2047823482473,-0.0078029642545771605
2024-12-08,,,,,,,,,3642.2580645161293,,,,,,,,,,,,,,,,,,,,,,,,,,,,,,12,343,,,283.57511246245065,-0.007864329335266373
2024-12-09,,,,,,,,,3613.3870967741937,,,,,,,,,,,,,,,,,,,,,,,,,,,,,,12,344,,,256.23417488878687,-0.007926667257107445
2024-12-10,,,,,,,,,3584.516129032258,,,,,,,,,,,,,,,,,,,,,,,,,,,,,,12,345,,,190.28305129858674,-0.007990001339106434
2024-12-11,,,,,,,,,3555.6451612903224,,,,,,,,,,,,,,,,,,,,,,,,,,,,,,12,346,,,81.6464719096184,-0.008054355651547884
2025-02-06,Rajasthan,pratapgarh,Pratapgarh,Onion,Other,FAQ,720.0,2280.0,1910.0,17.44,0.0,9.21,28.44,28.88,3.14,19.12,0.0,17.44,1910.0,0.0,19.43,1090.0,0.0,18.83,1100.0,0.0,18.0,1175.0,0.0,0.0,1302.857142857143,19.981428571428573,0.0,0.0,1169.0,18.734,1.0,0.0,2,37,6.0,0.0,651.1454061295959,-0.46282603765026076
2025-02-07,Rajasthan,pratapgarh,Pratapgarh,Onion,Red,FAQ,1800.0,1950.0,1875.0,16.54,0.0,8.17,27.62,30.24,3.12,19.34,0.0,17.44,1000.0,0.0,21.3,1025.0,0.0,20.29,1100.0,0.0,18.29,1150.0,0.0,0.0,1627.857142857143,17.31142857142857,0.0,0.0,1224.5,18.483,1.0,0.0,2,38,6.0,0.0,840.5944437593737,-0.01832460732984298
2025-02-08,Rajasthan,pratapgarh,Pratapgarh,Onion,Red,FAQ,1800.0,2000.0,1880.0,16.77,0.0,8.58,27.83,30.94,2.13,18.36,0.0,16.77,1880.0,0.0,16.54,1875.0,0.0,21.3,1025.0,0.0,15.97,1150.0,0.0,0.0,1610.7142857142858,16.605714285714285,0.0,0.0,1334.6666666666667,18.626,1.0,0.0,2,39,6.0,0.0,914.8089716632301,0.002666666666666595
2025-02-09,Rajasthan,pratapgarh,Pratapgarh,Onion,Red,FAQ,1800.0,1950.0,1875.0,17.96,0.0,8.63,29.8,31.3,1.89,18.83,0.0,17.96,1875.0,0.0,16.54,1800.0,0.0,17.44,1850.0,0.0,18.83,1100.0,0.0,0.0,1622.857142857143,17.077142857142857,0.0,0.0,1377.3333333333333,18.502666666666663,1.0,0.0,2,40,6.0,0.0,908.6604522328723,-0.0026595744680850686
2025-02-10,Rajasthan,pratapgarh,Pratapgarh,Onion,Other,FAQ,910.0,2851.0,2414.0,19.62,0.0,10.6,30.8,30.75,1.85,17.8,0.0,19.62,2414.0,0.0,16.77,1025.0,0.0,16.54,1875.0,0.0,20.61,1080.0,0.0,0.0,1666.142857142857,18.26428571428572,0.0,0.0,1464.9333333333334,18.23466666666667,1.0,0.0,2,41,7.0,0.0,794.5836065352906,0.28746666666666676
2025-02-11,Rajasthan,pratapgarh,Pratapgarh,Onion,Other,FAQ,800.0,2797.0,1810.0,20.56,0.0,11.86,31.51,31.8,2.19,18.26,0.0,19.62,1000.0,0.0,17.96,1030.0,0.0,16.77,1880.0,0.0,21.48,1080.0,0.0,0.0,1776.857142857143,19.754285714285714,0.0,0.0,1536.6,18.172,1.0,0.0,2,42,7.0,0.0,636.7230414433517,-0.2502071251035626
2025-02-12,Rajasthan,pratapgarh,Pratapgarh,Onion,Red,FAQ,1850.0,2050.0,1920.0,21.12,0.0,13.21,31.05,33.53,2.21,18.4,0.0,21.12,1025.0,0.0,20.56,1810.0,0.0,19.62,2414.0,0.0,17.44,1000.0,0.0,0.0,1408.571428571429,20.8,0.0,0.0,1537.2666666666669,18.668,1.0,0.0,2,43,7.0,0.0,205.49973931159957,0.06077348066298338
2025-02-13,Rajasthan,pratapgarh,Pratapgarh,Onion,Other,FAQ,800.0,2800.0,2250.0,19.27,0.0,11.59,29.68,27.28,3.28,20.39,0.0,19.27,990.0,0.0,21.12,1920.0,0.0,20.56,1810.0,0.0,16.54,1800.0,0.0,0.0,1951.4285714285716,20.062857142857144,0.0,0.0,1646.2666666666669,19.46,1.0,0.0,2,44,7.0,0.0,231.64761826449097,0.171875
2025-02-14,Rajasthan,pratapgarh,Pratapgarh,Onion,Other,FAQ,1100.0,3310.0,2400.0,18.61,0.0,9.75,29.71,25.29,3.01,20.02,0.0,18.61,2400.0,0.0,19.27,990.0,0.0,21.12,1025.0,0.0,17.96,1875.0,0.0,0.0,1708.571428571429,18.892857142857142,0.0,0.0,1651.2666666666669,19.79266666666667,1.0,0.0,2,45,7.0,0.0,265.63248868993975,0.06666666666666665
2025-02-15,Rajasthan,pratapgarh,Pratapgarh,Onion,Other,FAQ,740.0,3280.0,2410.0,20.17,0.0,11.33,30.82,29.98,1.75,18.46,0.0,20.17,2410.0,0.0,18.61,985.0,0.0,21.12,2150.0,0.0,19.62,2414.0,0.0,0.0,2082.1428571428573,19.055714285714288,0.0,0.0,1714.6666666666667,19.872666666666664,1.0,0.0,2,46,7.0,0.0,275.0154108235896,0.004166666666666652
2025-02-16,Rajasthan,pratapgarh,Pratapgarh,Onion,Red,FAQ,2100.0,2400.0,2200.0,21.29,0.0,12.81,31.63,31.91,1.27,18.86,0.0,21.29,970.0,0.0,20.17,2410.0,0.0,18.61,985.0,0.0,20.56,1020.0,0.0,0.0,1470.0,20.65,0.0,0.0,1709.6666666666667,20.019,1.0,0.0,2,47,7.0,0.0,245.93146548231093,-0.08713692946058094
2025-02-17,Rajasthan,pratapgarh,Pratapgarh,Onion,Red,FAQ,2200.0,2400.0,2300.0,22.04,0.0,13.89,30.61,33.25,1.4,17.36,0.0,22.04,1020.0,0.0,20.17,975.0,0.0,18.61,1985.0,0.0,21.12,1025.0,0.0,0.0,1525.7142857142858,21.61142857142857,0.0,0.0,1731.1666666666667,20.172666666666668,1.0,0.0,2,48,8.0,0.0,232.8702888488844,0.045454545454545414
2025-02-18,Rajasthan,pratapgarh,Pratapgarh,Onion,Other,FAQ,1180.0,2960.0,2290.0,22.52,0.0,16.56,31.55,32.49,1.63,16.47,0.0,22.52,2290.0,0.0,22.04,1020.0,0.0,20.17,2100.0,0.0,21.12,2150.0,0.0,0.0,2182.8571428571427,22.177142857142854,0.0,0.0,1824.3333333333333,20.358,1.0,0.0,2,49,8.0,0.0,165.09737386504364,-0.004347826086956497
2025-02-19,Rajasthan,pratapgarh,Pratapgarh,Onion,Red,FAQ,2400.0,2650.0,2500.0,22.41,0.0,14.17,31.28,31.74,1.25,18.85,0.0,22.52,1020.0,0.0,22.04,2540.0,0.0,21.29,2200.0,0.0,19.27,1950.0,0.0,0.0,1974.2857142857144,22.504285714285714,0.0,0.0,1819.3333333333333,20.896,1.0,0.0,2,50,8.0,0.0,104.6991153825837,0.09170305676855905
2025-02-20,Rajasthan,pratapgarh,Pratapgarh,Onion,Other,FAQ,800.0,2920.0,2380.0,22.43,0.12,14.29,31.38,33.73,1.42,17.01,0.12,22.43,2380.0,0.0,22.41,2500.0,0.0,22.52,2290.0,0.0,20.17,2410.0,0.0685714285714275,0.4799999999999929,1614.2857142857142,22.42142857142857,0.016,0.48,1811.0,21.912666666666667,1.0,0.0,2,51,8.0,0.0,98.29498848820062,-0.04800000000000004
2025-02-21,Rajasthan,pratapgarh,Pratapgarh,Onion,Red,FAQ,2600.0,2750.0,2650.0,23.08,0.0,14.67,32.86,33.8,1.44,17.48,0.0,23.08,2650.0,0.12,22.43,2380.0,0.0,22.41,2500.0,0.0,21.29,970.0,0.0514285714285704,0.3599999999999929,2122.8571428571427,22.80142857142857,0.024,0.72,1957.3333333333333,22.376666666666665,1.0,0.0,2,52,8.0,0.0,149.6662954709262,0.11344537815126055
2025-02-22,Rajasthan,pratapgarh,Pratapgarh,Onion,Red,FAQ,2550.0,2850.0,2600.0,21.73,0.0,15.06,30.58,36.19,2.06,17.12,0.0,21.73,1000.0,0.0,23.08,1050.0,0.12,22.43,1020.0,0.0,22.04,2300.0,0.0,0.0,2245.714285714286,22.50142857142857,0.024,0.72,2013.3333333333333,22.465,1.0,0.0,2,53,8.0,0.0,169.7757624745063,-0.018867924528301883
2025-02-23,Rajasthan,pratapgarh,Pratapgarh,Onion,Red,FAQ,2600.0,2750.0,2650.0,20.68,0.0,12.95,29.81,30.96,1.98,20.2,0.0,20.68,1050.0,0.0,23.08,2910.0,0.12,22.43,2540.0,0.0,22.52,2290.0,0.0,0.0,1707.142857142857,21.28,0.024,0.72,1936.0,22.302666666666664,1.0,0.0,2,54,8.0,0.0,158.68507296195992,0.019230769230769162
2025-02-24,Rajasthan,pratapgarh,Pratapgarh,Onion,Red,FAQ,2600.0,2750.0,2625.0,20.55,0.0,12.36,30.14,29.94,1.81,19.91,0.0,20.55,1020.0,0.0,21.73,2600.0,0.0,23.08,2650.0,0.0,22.52,1020.0,0.0,0.0,1723.571428571429,20.624285714285715,0.024,0.72,1912.8333333333333,22.04433333333333,1.0,0.0,2,55,9.0,0.0,143.5809046860555,-0.009433962264150941
2025-02-25,Rajasthan,pratapgarh,Pratapgarh,Onion,Other,FAQ,720.0,2890.0,2240.0,21.22,0.0,11.83,30.26,28.31,1.32,19.62,0.0,21.22,2240.0,0.0,20.55,1020.0,0.0,21.73,1000.0,0.0,22.41,2500.0,0.0,0.0,2164.285714285714,20.74142857142857,0.024,0.72,1929.0,21.77533333333333,1.0,0.0,2,56,9.0,0.0,157.91423229682226,-0.1466666666666666
2025-02-26,Rajasthan,pratapgarh,Pratapgarh,Onion,Red,FAQ,2550.0,2750.0,2600.0,22.74,0.0,16.04,31.27,30.64,0.96,16.42,0.0,22.74,2600.0,0.0,21.22,2240.0,0.0,20.68,2650.0,0.12,22.43,2380.0,0.0,0.0,2114.285714285714,21.654285714285717,0.008,0.24,2054.333333333333,21.636000000000003,1.0,0.0,2,57,9.0,0.0,160.23420358958924,0.1607142857142858
2025-02-27,Rajasthan,pratapgarh,Pratapgarh,Onion,Other,FAQ,400.0,3310.0,2400.0,24.57,0.0,17.44,33.91,32.83,1.56,16.95,0.0,24.57,1080.0,0.0,21.22,2630.0,0.0,20.55,2200.0,0.0,23.08,2650.0,0.0,0.0,1700.0,23.524285714285718,0.0,0.0,1950.0,21.805666666666664,1.0,0.0,2,58,9.0,0.0,157.15854900004467,-0.07692307692307687
2025-02-28,Rajasthan,pratapgarh,Pratapgarh,Onion,Other,FAQ,700.0,2600.0,2280.0,25.36,0.0,18.35,33.59,36.3,1.92,12.71,0.0,24.57,2650.0,0.0,22.74,1070.0,0.0,21.22,1050.0,0.0,21.73,1000.0,0.0,0.0,2077.1428571428573,24.68285714285715,0.0,0.0,1967.0,22.075666666666667,1.0,0.0,2,59,9.0,0.0,174.42763542509553,-0.050000000000000044
2025-03-01,Rajasthan,pratapgarh,Pratapgarh,Onion,Red,FAQ,2600.0,2800.0,2650.0,25.16,0.02,17.67,34.73,38.45,2.02,15.59,0.0,25.36,1100.0,0.0,24.57,2650.0,0.0,22.74,1070.0,0.0,20.68,2650.0,0.0028571428571418,0.0199999999999928,2094.285714285714,25.33142857142857,0.0006666666666666,0.02,2014.6666666666667,22.9,1.0,0.0,3,60,9.0,0.0,180.8281214960758,0.16228070175438591
2025-03-02,Rajasthan,pratapgarh,Pratapgarh,Onion,Red,FAQ,2500.0,2700.0,2600.0,25.25,0.0,17.0,34.16,37.15,2.65,20.15,0.02,25.16,2351.0,0.0,25.36,1100.0,0.0,24.57,2650.0,0.0,20.55,2200.0,0.0171428571428561,0.1199999999999928,2111.714285714286,25.172857142857143,0.004,0.12,2014.4,23.820666666666668,1.0,0.0,3,61,9.0,0.0,174.4276354250955,-0.018867924528301883
2025-03-03,Rajasthan,pratapgarh,Pratapgarh,Onion,Red,FAQ,2500.0,2700.0,2650.0,24.39,0.0,15.77,33.63,28.82,2.88,21.66,0.0,24.39,2650.0,0.0,25.25,2600.0,0.0,25.36,1100.0,0.0,21.22,2630.0,0.0,0.0,1751.428571428571,24.75857142857143,0.004,0.12,1955.0666666666664,24.668666666666663,1.0,0.0,3,62,10.0,0.0,177.9914390664405,0.019230769230769162
2025-03-04,Rajasthan,pratapgarh,Pratapgarh,Onion,Red,FAQ,2600.0,2750.0,2660.0,25.13,0.0,17.54,34.68,25.08,3.3,20.6,0.0,25.13,2160.0,0.0,24.39,1100.0,0.02,25.16,2351.0,0.0,24.57,1080.0,0.0,0.0,2311.428571428572,24.707142857142856,0.004,0.12,2037.0666666666664,24.956666666666667,1.0,0.0,3,63,10.0,0.0,148.59660958764246,0.0037735849056603765
2025-03-05,Rajasthan,pratapgarh,Pratapgarh,Onion,Red,FAQ,2600.0,2750.0,2640.0,21.28,0.0,14.4,30.82,20.58,4.08,23.42,0.0,21.28,1075.0,0.0,25.13,2160.0,0.0,24.39,1100.0,0.0,25.36,2280.0,0.0,0.0,1687.142857142857,23.48,0.004,0.12,1893.4,24.65733333333333,1.0,0.0,3,64,10.0,0.0,151.6418085332272,-0.007518796992481258
2025-03-06,Rajasthan,pratapgarh,Pratapgarh,Onion,Other,FAQ,790.0,2010.0,1580.0,20.8,0.0,11.46,32.21,16.36,2.28,22.99,0.0,20.8,1580.0,0.0,21.28,1075.0,0.0,24.39,1700.0,0.0,25.36,1100.0,0.0,0.0,1933.571428571429,21.142857142857142,0.004,0.12,1896.4,23.94533333333333,1.0,0.0,3,65,10.0,0.0,401.526847824401,-0.4015151515151515
2025-03-07,Rajasthan,pratapgarh,Pratapgarh,Onion,Other,FAQ,700.0,2210.0,1700.0,22.0,0.0,11.59,32.45,16.13,1.97,22.97,0.0,20.8,1075.0,0.0,21.28,2010.0,0.0,25.13,1100.0,0.02,25.16,2351.0,0.0,0.0,1744.2857142857142,20.97142857142857,0.0006666666666666,0.02,1870.3666666666663,23.25866666666667,1.0,0.0,3,66,10.0,0.0,489.5527599369604,0.07594936708860756
2025-03-08,Rajasthan,pratapgarh,Pratapgarh,Onion,Red,FAQ,2500.0,2750.0,2600.0,23.9,0.0,15.45,33.82,15.74,1.78,23.01,0.0,23.9,2600.0,0.0,22.0,2580.0,0.0,20.8,1580.0,0.0,24.39,2650.0,0.0,0.0,1734.2857142857142,23.085714285714285,0.0,0.0,1844.0,22.654666666666667,1.0,0.0,3,67,10.0,0.0,484.8612958264112,0.5294117647058822
2025-03-09,Rajasthan,pratapgarh,Pratapgarh,Onion,Red,FAQ,2500.0,2650.0,2570.0,24.01,0.0,14.76,33.65,16.39,0.97,22.49,0.0,24.01,2570.0,0.0,23.9,1100.0,0.0,20.8,1075.0,0.0,25.13,2160.0,0.0,0.0,1948.571428571429,23.962857142857143,0.0,0.0,1814.6666666666667,22.55466666666667,1.0,0.0,3,68,10.0,0.0,482.38001222113945,-0.011538461538461497
2025-03-10,Rajasthan,pratapgarh,Pratapgarh,Onion,Other,FAQ,600.0,2200.0,1720.0,24.47,0.0,14.58,33.66,21.79,1.27,20.26,0.0,24.01,2570.0,0.0,23.9,1100.0,0.0,22.0,1700.0,0.0,25.13,2660.0,0.0,0.0,2037.142857142857,24.044285714285717,0.0,0.0,1783.3333333333333,22.532666666666664,1.0,0.0,3,69,11.0,0.0,510.91421328176426,-0.330739299610895
2025-03-11,Rajasthan,pratapgarh,Pratapgarh,Onion,Red,FAQ,2400.0,2650.0,2485.0,27.26,0.0,19.26,36.28,21.38,1.69,20.87,0.0,27.26,1120.0,0.0,24.47,1720.0,0.0,23.9,1100.0,0.0,21.28,2640.0,0.0,0.0,1789.2857142857142,25.267142857142854,0.0,0.0,1807.8333333333333,23.078,1.0,0.0,3,70,11.0,0.0,489.0381716526064,0.444767441860465
2025-03-12,Rajasthan,pratapgarh,Pratapgarh,Onion,Red,FAQ,2400.0,2600.0,2475.0,28.25,0.0,18.73,38.83,21.92,2.43,22.53,0.0,28.25,2475.0,0.0,27.26,2485.0,0.0,24.47,1720.0,0.0,20.8,1075.0,0.0,0.0,1531.428571428571,27.825714285714287,0.0,0.0,1763.6666666666667,24.900666666666663,1.0,0.0,3,71,11.0,0.0,466.9289229075555,-0.004024144869215318
2025-03-13,,,,,,,,,2467.5,,,,,,,,,,,,,,,,,,,,,,,,,,,,,,3,72,,,398.16954692094254,-0.00303030303030305
2025-03-14,Rajasthan,pratapgarh,Pratapgarh,Onion,Red,FAQ,2400.0,2600.0,2460.0,30.5,0.07,24.0,39.43,23.17,1.06,21.89,0.07,30.5,2460.0,0.0,28.25,1125.0,0.0,24.47,2500.0,0.0,22.0,2580.0,0.0199999999999989,0.1399999999999929,1882.142857142857,28.892857142857142,0.0046666666666666,0.14,1715.0,25.884,1.0,0.0,3,73,11.0,0.0,303.3792809260851,-0.003039513677811523
2025-03-15,Rajasthan,pratapgarh,Pratapgarh,Onion,Other,FAQ,586.0,1400.0,830.0,30.36,0.0,22.87,39.68,23.46,1.44,21.97,0.07,30.5,1150.0,0.0,28.25,2475.0,0.0,27.26,2485.0,0.0,23.9,1100.0,0.0399999999999989,0.2799999999999929,1461.428571428571,29.837142857142855,0.0093333333333333,0.28,1710.6666666666667,26.666,1.0,0.0,3,74,11.0,0.0,647.8423437696422,-0.6626016260162602
2025-03-16,Rajasthan,pratapgarh,Pratapgarh,Onion,Red,FAQ,2400.0,2560.0,2450.0,30.88,0.0,23.61,40.07,22.65,1.83,13.59,0.0,30.36,1140.0,0.07,30.5,1150.0,0.0,28.25,2475.0,0.0,24.01,2570.0,0.0,0.0,1612.857142857143,30.434285714285718,0.0093333333333333,0.28,1690.3333333333333,27.96433333333333,1.0,0.0,3,75,11.0,0.0,636.1713512059695,1.9518072289156625
2025-03-17,Rajasthan,pratapgarh,Pratapgarh,Onion,Red,FAQ,2350.0,2550.0,2400.0,28.74,0.44,22.13,36.97,28.64,3.52,19.1,0.44,28.74,2400.0,0.0,30.88,2450.0,0.07,30.5,1150.0,0.0,24.47,2500.0,0.2514285714285704,1.759999999999993,1697.142857142857,29.65714285714285,0.068,2.04,1646.0,29.19,1.0,0.0,3,76,12.0,0.0,615.2774732164422,-0.020408163265306145
2025-03-18,Rajasthan,pratapgarh,Pratapgarh,Onion,Other,FAQ,700.0,1760.0,1260.0,26.16,0.0,18.88,34.51,23.65,3.09,24.22,0.0,26.16,1160.0,0.44,28.74,1155.0,0.0,30.36,1140.0,0.0,27.26,1120.0,0.2514285714285704,1.7599999999999931,1514.2857142857142,27.634285714285717,0.0973333333333333,2.92,1559.0,29.178666666666665,1.0,0.0,3,77,12.0,0.0,697.3788083824627,-0.475
2025-03-19,Rajasthan,pratapgarh,Pratapgarh,Onion,Red,FAQ,2300.0,2500.0,2380.0,26.43,0.0,16.38,36.88,18.39,2.2,23.49,0.0,26.16,2385.0,0.44,28.74,1110.0,0.0,30.88,1160.0,0.0,28.25,2475.0,0.0,0.0,1712.857142857143,26.19857142857143,0.0973333333333333,2.92,1641.8333333333333,28.942,1.0,0.0,3,78,12.0,0.0,688.5740528007626,0.8888888888888888
2025-03-20,Rajasthan,pratapgarh,Pratapgarh,Onion,Red,FAQ,2250.0,2450.0,2300.0,28.55,0.48,19.18,37.76,16.65,1.36,15.77,0.48,28.55,1090.0,0.0,26.43,2380.0,0.0,26.16,1160.0,0.0,30.36,830.0,0.2057142857142846,1.4399999999999928,1257.142857142857,27.338571428571424,0.136,4.08,1591.0,28.29833333333333,1.0,0.0,3,79,12.0,0.0,673.805821965258,-0.03361344537815125
2025-03-21,Rajasthan,pratapgarh,Pratapgarh,Onion,Red,FAQ,2200.0,2350.0,2250.0,28.21,0.06,20.4,37.5,18.5,1.39,19.85,0.06,28.21,2250.0,0.48,28.55,1090.0,0.0,26.16,2385.0,0.0,30.36,1140.0,0.359999999999999,2.519999999999993,1727.142857142857,28.452857142857145,0.188,5.64,1614.0,27.974,1.0,0.0,3,80,12.0,0.0,654.9154798248985,-0.021739130434782594
2025-03-22,Rajasthan,pratapgarh,Pratapgarh,Onion,Red,FAQ,2100.0,2350.0,2200.0,27.39,0.05,18.23,36.21,17.52,1.86,22.58,0.05,27.39,2200.0,0.06,28.21,2250.0,0.0,26.43,1010.0,0.44,28.74,1155.0,0.0571428571428561,0.3999999999999929,1568.571428571429,27.97571428571429,0.1699999999999999,5.1,1587.3333333333333,27.528,1.0,0.0,3,81,12.0,0.0,413.7919882305607,-0.022222222222222254
2025-03-23,Rajasthan,pratapgarh,Pratapgarh,Onion,Red,FAQ,2100.0,2300.0,2200.0,26.72,0.0,18.79,35.38,26.7,1.3,23.53,0.0,26.72,1080.0,0.06,28.21,1075.0,0.48,28.55,2300.0,0.44,28.74,1110.0,0.0371428571428561,0.2599999999999929,1553.571428571429,27.31571428571429,0.1146666666666666,3.44,1533.3333333333333,27.30333333333333,1.0,0.0,3,82,12.0,0.0,396.7546921137503,0.0
2025-03-24,Rajasthan,pratapgarh,Pratapgarh,Onion,Other,FAQ,430.0,1500.0,1110.0,27.01,0.0,18.39,36.03,19.09,1.25,23.54,0.0,27.01,1090.0,0.05,27.39,1060.0,0.06,28.21,1090.0,0.0,26.16,2385.0,0.0,0.0,1407.142857142857,26.844285714285714,0.1146666666666666,3.44,1511.5,27.425666666666665,1.0,0.0,3,83,13.0,0.0,532.8762922640998,-0.4954545454545455
2025-03-25,Rajasthan,pratapgarh,Pratapgarh,Onion,Red,FAQ,2000.0,2250.0,2150.0,28.76,0.0,21.78,37.37,15.93,1.36,23.1,0.0,28.76,1100.0,0.0,27.01,1090.0,0.05,27.39,1060.0,0.0,26.43,1010.0,0.0,0.0,1567.142857142857,27.76,0.1146666666666666,3.44,1491.6666666666667,27.72566666666667,1.0,0.0,3,84,13.0,0.0,436.2284242174383,0.9369369369369369
2025-03-26,Rajasthan,pratapgarh,Pratapgarh,Onion,Other,FAQ,431.0,1400.0,1000.0,29.62,0.0,19.21,40.6,16.07,2.27,24.41,0.0,29.62,1000.0,0.0,27.01,2200.0,0.0,26.72,2200.0,0.48,28.55,1090.0,0.0,0.0,1528.571428571429,28.755714285714284,0.0826666666666666,2.48,1523.6666666666667,27.874666666666663,1.0,0.0,3,85,13.0,0.0,571.2475903877418,-0.5348837209302326
2025-03-27,Rajasthan,pratapgarh,Pratapgarh,Onion,Red,FAQ,1900.0,2200.0,2025.0,31.11,0.0,20.54,41.88,16.54,2.9,23.68,0.0,29.62,2070.0,0.0,28.76,2150.0,0.0,27.01,1110.0,0.06,28.21,2250.0,0.0,0.0,1475.0,29.832857142857144,0.0166666666666666,0.4999999999999999,1509.5,28.114,1.0,0.0,3,86,13.0,0.0,547.0668541020691,1.025
2025-03-28,,,,,,,,,2013.75,,,,,,,,,,,,,,,,,,,,,,,,,,,,,,3,87,,,524.963646700545,-0.005555555555555536
2025-03-29,,,,,,,,,2002.5,,,,,,,,,,,,,,,,,,,,,,,,,,,,,,3,88,,,505.7217996986763,-0.005586592178770999
2025-03-30,,,,,,,,,1991.25,,,,,,,,,,,,,,,,,,,,,,,,,,,,,,3,89,,,482.871418234307,-0.005617977528089901
2025-03-31,Rajasthan,pratapgarh,Pratapgarh,Onion,Red,FAQ,1900.0,2100.0,1980.0,27.95,0.0,17.24,39.31,10.07,2.5,26.38,0.0,31.11,1100.0,0.0,29.62,1080.0,0.0,28.76,1100.0,0.06,28.21,1075.0,0.0,0.0,1767.142857142857,30.232857142857146,0.0086666666666666,0.26,1532.8333333333333,28.395333333333333,1.0,0.0,3,90,14.0,0.0,392.34253362395947,-0.005649717514124242
2025-04-01,Rajasthan,pratapgarh,Pratapgarh,Onion,Red,FAQ,1900.0,2050.0,1960.0,28.35,0.0,17.97,39.26,11.0,2.45,26.11,0.0,28.35,1960.0,0.0,31.11,1100.0,0.0,29.62,1000.0,0.05,27.39,1060.0,0.0,0.0,1604.2857142857142,28.51571428571429,0.0,0.0,1551.3333333333333,28.488,1.0,0.0,4,91,14.0,2.0,376.84536032068877,-0.010101010101010055
2025-04-02,Rajasthan,pratapgarh,Pratapgarh,Onion,Red,FAQ,1800.0,2100.0,1900.0,29.35,0.0,21.41,38.27,14.81,2.41,13.07,0.0,28.35,1125.0,0.0,27.95,1980.0,0.0,29.62,2070.0,0.0,26.72,2200.0,0.0,0.0,1474.2857142857142,28.378571428571437,0.0,0.0,1507.0,28.68433333333333,1.0,0.0,4,92,14.0,2.0,41.981252902091576,-0.030612244897959218
2025-04-03,Rajasthan,pratapgarh,Pratapgarh,Onion,Red,FAQ,1800.0,1950.0,1850.0,29.05,0.0,19.08,38.25,22.27,1.9,14.32,0.0,29.05,1850.0,0.0,29.35,1090.0,0.0,27.95,1125.0,0.0,28.76,1100.0,0.0,0.0,1238.571428571429,29.178571428571427,0.0,0.0,1493.0,29.23933333333333,1.0,0.0,4,93,14.0,2.0,60.13810989627222,-0.02631578947368418
2025-04-04,Rajasthan,pratapgarh,Pratapgarh,Onion,Other,FAQ,200.0,1125.0,670.0,30.62,0.0,22.04,40.13,12.65,2.6,21.31,0.0,30.62,1100.0,0.0,29.35,860.0,0.0,28.35,1125.0,0.0,29.62,1000.0,0.0,0.0,1247.142857142857,29.722857142857144,0.0,0.0,1412.0,29.396666666666665,1.0,0.0,4,94,14.0,2.0,485.85321673760444,-0.6378378378378378
2025-04-05,Rajasthan,pratapgarh,Pratapgarh,Onion,Red,FAQ,1700.0,1900.0,1750.0,30.59,0.0,20.95,40.57,15.35,2.23,24.74,0.0,30.59,1750.0,0.0,30.62,670.0,0.0,29.35,860.0,0.0,31.11,2025.0,0.0,0.0,1418.571428571429,30.602857142857143,0.0,0.0,1364.6666666666667,29.526666666666667,1.0,0.0,4,95,14.0,2.0,474.50687121824205,1.611940298507463
2025-04-06,Rajasthan,pratapgarh,Pratapgarh,Onion,Red,FAQ,1700.0,1950.0,1740.0,31.94,0.0,22.77,40.64,13.52,1.51,26.02,0.0,31.94,1740.0,0.0,30.59,1080.0,0.0,29.05,1850.0,0.0,27.95,1980.0,0.0,0.0,1458.571428571429,31.361428571428576,0.0,0.0,1347.0,29.848000000000003,1.0,0.0,4,96,14.0,2.0,460.64137481393084,-0.005714285714285672
2025-04-07,Rajasthan,pratapgarh,Pratapgarh,Onion,Other,FAQ,360.0,1107.0,940.0,32.39,0.0,24.12,40.92,13.22,1.12,24.93,0.0,32.39,940.0,0.0,31.94,3120.0,0.0,30.59,1080.0,0.0,29.35,1900.0,0.0,0.0,1907.142857142857,32.325714285714284,0.0,0.0,1488.6666666666667,30.855333333333338,1.0,0.0,4,97,15.0,2.0,516.8770692939448,-0.45977011494252873
2025-04-08,Rajasthan,pratapgarh,Pratapgarh,Onion,Other,FAQ,320.0,1100.0,710.0,31.46,0.0,23.02,40.2,29.55,2.23,22.0,0.0,31.46,710.0,0.0,32.39,940.0,0.0,31.94,1740.0,0.0,29.05,1080.0,0.0,0.0,1711.428571428571,31.85857142857143,0.0,0.0,1654.6666666666667,31.35933333333333,1.0,0.0,4,98,15.0,2.0,563.1712925583992,-0.24468085106382975
2025-04-09,Rajasthan,pratapgarh,Pratapgarh,Onion,Other,FAQ,400.0,1240.0,820.0,32.27,0.0,24.89,40.16,30.7,1.66,19.1,0.0,32.27,820.0,0.0,31.46,710.0,0.0,32.39,3125.0,0.0,30.62,670.0,0.0,0.0,850.0,31.69142857142857,0.0,0.0,1588.0,31.686,1.0,0.0,4,99,15.0,2.0,539.858888088001,0.15492957746478875
2025-04-10,Rajasthan,pratapgarh,Pratapgarh,Onion,Red,FAQ,1600.0,1750.0,1650.0,28.93,8.04,24.67,36.6,48.01,1.52,11.9,0.0,32.27,1090.0,0.0,32.27,820.0,0.0,31.46,710.0,0.0,31.94,1075.0,1.1485714285714277,8.039999999999992,1915.7142857142856,31.792857142857144,0.2679999999999999,8.04,1690.5,31.919666666666668,1.0,0.0,4,100,15.0,2.0,504.5695949920784,1.0121951219512195
2025-04-11,Rajasthan,pratapgarh,Pratapgarh,Onion,Red,FAQ,1550.0,1750.0,1620.0,29.64,0.0,22.32,37.5,49.65,1.4,20.93,8.04,28.93,1100.0,0.0,32.27,1090.0,0.0,32.27,820.0,0.0,32.39,1050.0,6.89142857142857,48.23999999999999,1912.857142857143,29.03142857142857,1.608,48.24,1687.0,31.32633333333333,0.0,0.0,4,101,15.0,2.0,470.2279082681918,-0.018181818181818188
2025-04-12,,,,,,,,,1613.3333333333333,,,,,,,,,,,,,,,,,,,,,,,,,,,,,,4,102,,,451.80590017015584,-0.004115226337448652
2025-04-13,,,,,,,,,1606.6666666666667,,,,,,,,,,,,,,,,,,,,,,,,,,,,,,4,103,,,432.5163238195338,-0.004132231404958553
2025-04-14,Rajasthan,pratapgarh,Pratapgarh,Onion,Red,FAQ,1500.0,1700.0,1600.0,28.08,5.41,20.69,35.27,44.67,1.26,23.48,5.41,28.08,1600.0,0.0,29.64,1620.0,8.04,28.93,1650.0,0.0,31.46,3130.0,2.318571428571428,16.229999999999993,2111.428571428572,28.97142857142857,2.149,64.47,1711.3333333333333,30.468,0.0,0.0,4,104,16.0,2.0,417.7307048792738,-0.004149377593361092
2025-04-15,Rajasthan,pratapgarh,Pratapgarh,Onion,Red,FAQ,1500.0,1650.0,1570.0,30.21,0.12,23.17,37.43,44.44,1.99,23.47,0.12,30.21,1080.0,5.41,28.08,1600.0,0.0,29.64,1620.0,0.0,31.46,1100.0,3.142857142857142,21.999999999999996,1521.428571428571,28.99285714285714,2.702,81.06,1778.0,30.005,0.0,0.0,4,105,16.0,2.0,299.54551111226135,-0.018750000000000044
2025-04-16,Rajasthan,pratapgarh,Pratapgarh,Onion,Red,FAQ,1400.0,1650.0,1500.0,30.71,0.0,23.59,38.06,37.35,1.42,23.25,0.0,30.71,1500.0,0.12,30.21,710.0,5.41,28.08,3120.0,0.0,32.27,1090.0,0.0171428571428561,0.1199999999999928,1728.571428571429,30.638571428571428,2.714,81.42,1774.0,29.514000000000003,0.0,0.0,4,106,16.0,2.0,47.94728145509522,-0.04458598726114649
2025-04-17,Rajasthan,pratapgarh,Pratapgarh,Onion,Other,FAQ,200.0,1035.0,690.0,32.29,0.0,24.96,39.69,32.72,1.13,21.06,0.0,32.29,690.0,0.0,30.71,3120.0,5.41,28.08,1100.0,8.04,28.93,1650.0,0.0,0.0,1378.571428571429,31.161428571428576,2.178,65.34,1710.0,29.738,0.0,0.0,4,107,16.0,2.0,340.77487176654626,-0.54
2025-04-18,Rajasthan,pratapgarh,Pratapgarh,Onion,Red,FAQ,1400.0,1600.0,1470.0,32.85,0.49,25.51,40.84,33.21,2.01,22.09,0.49,32.85,1470.0,0.0,32.29,1070.0,0.0,30.71,3120.0,0.0,29.64,1080.0,0.139999999999999,0.9799999999999928,1887.142857142857,32.45,1.1386666666666667,34.160000000000004,1723.6666666666667,30.576666666666668,0.0,0.0,4,108,16.0,2.0,333.46505333982856,1.1304347826086958
2025-04-19,Rajasthan,pratapgarh,Pratapgarh,Onion,Red,FAQ,1400.0,1550.0,1450.0,31.72,2.01,25.03,38.78,41.87,2.17,21.73,2.01,31.72,1450.0,0.49,32.85,1470.0,0.0,32.29,690.0,5.41,28.08,3120.0,0.9242857142857132,6.469999999999992,1817.142857142857,32.52714285714286,0.6166666666666667,18.5,1574.0,31.351333333333333,0.0,0.0,4,109,16.0,2.0,324.56075323377524,-0.013605442176870763
2025-04-20,Rajasthan,pratapgarh,Pratapgarh,Onion,Red,FAQ,1300.0,1450.0,1360.0,33.58,0.01,25.88,41.84,33.53,2.02,23.63,0.01,33.58,1360.0,2.01,31.72,596.0,0.49,32.85,1470.0,0.12,30.21,710.0,1.4385714285714273,10.069999999999991,1668.0,32.25142857142857,0.6346666666666666,19.04,1685.7333333333331,32.02,0.0,0.0,4,110,16.0,2.0,313.14077163016634,-0.06206896551724139
2025-04-21,Rajasthan,pratapgarh,Pratapgarh,Onion,Red,FAQ,1300.0,1450.0,1350.0,34.7,0.0,24.65,43.29,27.46,1.41,24.43,0.01,33.58,3115.0,2.01,31.72,1080.0,2.01,31.72,1450.0,0.0,30.71,1500.0,0.0085714285714275,0.0599999999999928,1777.142857142857,33.739999999999995,0.6359999999999999,19.08,1680.0666666666666,32.535666666666664,0.0,0.0,4,111,17.0,2.0,297.34539800420487,-0.007352941176470562
2025-04-22,Rajasthan,pratapgarh,Pratapgarh,Onion,Red,FAQ,1300.0,1450.0,1340.0,34.17,0.0,26.14,44.16,17.3,2.58,26.53,0.0,34.17,1340.0,0.0,34.7,1070.0,0.01,33.58,3115.0,0.49,32.85,3100.0,0.0,0.0,1654.2857142857142,34.24571428571429,0.5706666666666665,17.119999999999997,1628.4,33.452000000000005,0.0,0.0,4,112,17.0,2.0,280.0850211054002,-0.007407407407407418
2025-04-23,Rajasthan,pratapgarh,Pratapgarh,Onion,Red,FAQ,1300.0,1450.0,1350.0,33.35,0.0,23.97,43.87,9.79,3.17,27.23,0.0,34.17,590.0,0.0,34.17,1075.0,0.0,34.7,1070.0,2.01,31.72,1450.0,0.0,0.0,1634.2857142857142,34.05285714285714,0.471,14.13,1592.7333333333331,33.59433333333333,0.0,0.0,4,113,17.0,2.0,268.49669679619836,0.00746268656716409
2025-04-24,Rajasthan,pratapgarh,Pratapgarh,Onion,Red,FAQ,1250.0,1500.0,1340.0,32.97,0.0,22.48,43.69,8.59,2.48,27.81,0.0,33.35,3120.0,0.0,34.17,590.0,0.0,34.17,1075.0,2.01,31.72,1080.0,0.0,0.0,1782.857142857143,33.29571428571428,0.0689999999999999,2.07,1633.0,33.907666666666664,1.0,0.0,4,114,17.0,2.0,55.37749241939201,-0.007407407407407418
2025-04-25,Rajasthan,pratapgarh,Pratapgarh,Onion,Other,FAQ,321.0,1000.0,660.0,34.12,0.0,24.37,44.4,9.27,1.79,26.89,0.0,32.97,3100.0,0.0,32.97,1340.0,0.0,33.35,1350.0,0.0,34.7,1350.0,0.0,0.0,1474.2857142857142,33.13428571428572,0.0,0.0,1571.0,33.808,1.0,0.0,4,115,17.0,2.0,269.2493975763579,-0.5074626865671642
2025-04-26,Rajasthan,pratapgarh,Pratapgarh,Onion,Red,FAQ,1300.0,1450.0,1350.0,35.87,0.0,26.59,45.08,10.39,1.12,22.56,0.0,35.87,1350.0,0.0,34.12,3110.0,0.0,32.97,3100.0,0.0,34.17,1340.0,0.0,0.0,2032.857142857143,35.62,0.0,0.0,1605.3333333333333,34.01266666666667,1.0,0.0,4,116,17.0,2.0,260.2562839458962,1.0454545454545454
2025-04-27,Rajasthan,pratapgarh,Pratapgarh,Onion,Red,FAQ,1300.0,1450.0,1360.0,33.67,0.0,25.57,43.24,13.82,1.56,19.41,0.0,35.87,1350.0,0.0,34.12,3110.0,0.0,34.12,660.0,0.0,34.17,590.0,0.0,0.0,1782.857142857143,35.55571428571428,0.0,0.0,1631.0,33.996,1.0,0.0,4,117,17.0,2.0,260.2562839458962,0.007407407407407307
2025-04-28,Rajasthan,pratapgarh,Pratapgarh,Onion,Red,FAQ,1300.0,1450.0,1340.0,32.0,0.0,23.92,39.97,20.76,1.49,22.52,0.0,32.0,1340.0,0.0,33.67,1360.0,0.0,34.12,3110.0,0.0,33.35,3120.0,0.0,0.0,1788.571428571429,33.19285714285714,0.0,0.0,1657.3333333333333,33.931999999999995,1.0,0.0,4,118,18.0,2.0,259.64261151490393,-0.014705882352941124
2025-04-29,Rajasthan,pratapgarh,Pratapgarh,Onion,Red,FAQ,1250.0,1450.0,1330.0,31.74,0.04,24.54,38.93,27.15,3.21,22.19,0.04,31.74,1330.0,0.0,32.0,3120.0,0.0,33.67,1360.0,0.0,32.97,3100.0,0.0114285714285704,0.0799999999999929,1330.0,31.925714285714285,0.0026666666666666,0.08,1660.3333333333333,33.656,1.0,0.0,4,119,18.0,2.0,259.08263068720595,-0.007462686567164201
2025-04-30,Rajasthan,pratapgarh,Pratapgarh,Onion,Other,FAQ,300.0,870.0,585.0,31.94,0.07,25.27,38.84,34.84,3.54,22.35,0.07,31.94,1140.0,0.04,31.74,1330.0,0.0,32.0,1340.0,0.0,34.12,1090.0,0.0485714285714275,0.3399999999999929,1652.142857142857,31.79714285714286,0.0126666666666666,0.38,1796.1666666666667,33.193333333333335,1.0,0.0,4,120,18.0,2.0,352.84388831862117,-0.5601503759398496
2025-05-01,Rajasthan,pratapgarh,Pratapgarh,Onion,Red,FAQ,1250.0,1450.0,1300.0,32.76,0.0,26.03,39.75,34.29,3.62,20.73,0.0,32.76,1300.0,0.07,31.94,3125.0,0.04,31.74,1135.0,0.0,33.67,1360.0,0.0299999999999989,0.2099999999999929,1800.0,32.40857142857143,0.0266666666666666,0.8,1775.3333333333333,32.256,1.0,0.0,5,121,18.0,2.0,349.33099326732656,1.2222222222222223
2025-05-02,Rajasthan,pratapgarh,Pratapgarh,Onion,Red,FAQ,1200.0,1450.0,1300.0,32.16,0.46,26.11,38.87,35.35,2.98,20.97,0.46,32.16,3125.0,0.0,32.76,3130.0,0.07,31.94,585.0,0.0,32.0,1340.0,0.1971428571428561,1.379999999999993,1777.142857142857,32.50285714285714,0.0726666666666666,2.18,1776.0,32.1,1.0,0.0,5,122,18.0,2.0,282.52897028024006,0.0
2025-05-03,Rajasthan,pratapgarh,Pratapgarh,Onion,Other,FAQ,260.0,830.0,545.0,33.81,0.0,26.2,40.48,29.51,1.66,22.12,0.0,33.81,545.0,0.46,32.16,1150.0,0.0,32.76,1300.0,0.04,31.74,1330.0,0.1971428571428561,1.379999999999993,1386.0,33.10285714285714,0.1466666666666666,4.4,1722.0666666666666,32.38533333333333,1.0,0.0,5,123,18.0,2.0,372.11909255991316,-0.5807692307692307
2025-05-04,Rajasthan,pratapgarh,Pratapgarh,Onion,Red,FAQ,1200.0,1350.0,1285.0,34.63,0.0,28.33,41.22,26.63,2.44,22.01,0.0,34.63,3130.0,0.0,33.81,545.0,0.46,32.16,1150.0,0.07,31.94,585.0,0.0,0.0,1769.2857142857142,34.16142857142857,0.1343333333333333,4.03,1774.2333333333331,32.93033333333333,1.0,0.0,5,124,18.0,2.0,364.67859299727263,1.3577981651376145
2025-05-05,Rajasthan,pratapgarh,Pratapgarh,Onion,Other,FAQ,210.0,898.0,554.0,33.19,3.56,26.8,40.0,33.7,2.53,18.57,0.0,34.63,1150.0,0.0,33.81,1140.0,0.0,33.81,3120.0,0.07,31.94,1300.0,0.5085714285714276,3.559999999999993,1669.142857142857,34.42428571428572,0.2436666666666666,7.31,1617.2,33.241,1.0,0.0,5,125,19.0,2.0,397.2475538598239,-0.5688715953307393
2025-05-06,Rajasthan,pratapgarh,Pratapgarh,Onion,Red,FAQ,1200.0,1350.0,1260.0,32.39,2.26,26.61,38.66,36.55,1.63,23.85,2.26,32.39,3120.0,3.56,33.19,1270.0,0.0,34.63,1150.0,0.46,32.16,1150.0,2.631428571428571,18.419999999999995,2298.5714285714284,32.61857142857143,1.372,41.16,1591.0,33.407000000000004,0.0,0.0,5,126,19.0,2.0,387.90327709487974,1.2743682310469313
2025-05-07,Rajasthan,pratapgarh,Pratapgarh,Onion,Red,FAQ,1200.0,1350.0,1250.0,33.81,0.1,26.28,40.15,32.92,1.83,20.05,0.1,33.81,1250.0,2.26,32.39,1260.0,3.56,33.19,1270.0,0.0,33.81,545.0,0.4085714285714275,2.8599999999999928,1761.428571428571,33.607142857142854,1.4213333333333331,42.64,1678.6,33.52466666666667,0.0,0.0,5,127,19.0,2.0,356.4649852570096,-0.007936507936507908
2025-05-08,Rajasthan,pratapgarh,Pratapgarh,Onion,Red,FAQ,1150.0,1350.0,1220.0,33.68,5.48,27.59,39.9,39.72,1.75,17.87,5.48,33.68,1220.0,0.1,33.81,1250.0,2.26,32.39,3120.0,0.0,34.63,3130.0,3.174285714285713,22.21999999999999,1104.2857142857142,33.73571428571429,2.158666666666667,64.76,1524.6,33.452666666666666,0.0,0.0,5,128,19.0,2.0,349.0894959612371,-0.02400000000000002
2025-05-09,Rajasthan,pratapgarh,Pratapgarh,Onion,Other,FAQ,280.0,1138.0,709.0,32.83,2.71,26.57,39.82,40.89,2.72,21.24,2.71,32.83,709.0,5.48,33.68,1220.0,0.1,33.81,3125.0,3.56,33.19,1160.0,4.688571428571428,32.81999999999999,1475.7142857142858,33.43714285714286,2.832666666666667,84.98,1608.8,33.302,0.0,0.0,5,129,19.0,2.0,352.5789340869637,-0.41885245901639345
2025-05-10,,,,,,,,,772.6666666666666,,,,,,,,,,,,,,,,,,,,,,,,,,,,,,5,130,,,314.8109788125995,0.08979783732957203
2025-05-11,,,,,,,,,836.3333333333334,,,,,,,,,,,,,,,,,,,,,,,,,,,,,,5,131,,,293.80693189151964,0.08239861949956873
2025-05-12,Rajasthan,pratapgarh,Pratapgarh,Onion,Other,FAQ,241.0,1180.0,900.0,35.58,0.01,28.82,42.56,29.1,3.24,23.32,2.71,32.83,1170.0,2.71,32.83,709.0,5.48,33.68,1220.0,2.26,32.39,1170.0,2.3242857142857134,16.269999999999992,1707.142857142857,33.222857142857144,2.587666666666667,77.63000000000001,1618.0,33.33633333333333,0.0,0.0,5,132,20.0,2.0,241.95796346607554,0.07612594659226768
2025-05-13,Rajasthan,pratapgarh,Pratapgarh,Onion,Other,FAQ,271.0,1110.0,690.0,35.65,0.0,27.38,43.62,24.21,2.67,25.77,0.0,35.65,690.0,2.71,32.83,1170.0,5.48,33.68,711.0,2.26,32.39,1260.0,0.3899999999999989,2.729999999999993,955.7142857142856,35.22714285714285,2.211333333333333,66.33999999999999,1441.0,33.87733333333333,0.0,0.0,5,133,20.0,2.0,232.69403350216822,-0.23333333333333328
2025-05-14,Rajasthan,pratapgarh,Pratapgarh,Onion,Red,FAQ,1100.0,1350.0,1200.0,36.23,0.0,27.91,44.04,24.47,2.43,25.27,0.0,36.23,3125.0,0.0,35.65,1230.0,0.01,35.58,900.0,5.48,33.68,1160.0,0.0,0.0,1740.0,36.14714285714285,1.8193333333333328,54.58,1593.0,34.61533333333333,0.0,0.0,5,134,20.0,2.0,221.03401782764578,0.7391304347826086
2025-05-15,Rajasthan,pratapgarh,Pratapgarh,Onion,Red,FAQ,1200.0,1350.0,1240.0,36.8,0.0,28.39,45.17,20.63,2.11,24.91,0.0,36.8,1240.0,0.0,36.23,3125.0,0.0,35.65,3130.0,5.48,33.68,711.0,0.0,0.0,1671.428571428571,36.55571428571428,0.7233333333333333,21.7,1605.2666666666669,35.20133333333333,0.0,0.0,5,135,20.0,2.0,225.8757325629328,0.03333333333333344
2025-05-16,Rajasthan,pratapgarh,Pratapgarh,Onion,Other,FAQ,280.0,990.0,810.0,37.45,0.0,29.51,45.55,16.48,1.4,25.73,0.0,37.45,1175.0,0.0,36.8,900.0,0.0,36.23,880.0,0.01,35.58,900.0,0.0,0.0,1677.142857142857,37.26428571428572,0.0003333333333333,0.0099999999999991,1611.0,36.409,1.0,0.0,5,136,20.0,2.0,214.04658791706242,-0.3467741935483871
2025-05-17,Rajasthan,pratapgarh,Pratapgarh,Onion,Red,FAQ,1200.0,1450.0,1230.0,37.17,0.32,30.23,44.81,19.36,1.56,21.69,0.32,37.17,1230.0,0.0,37.45,1175.0,0.0,36.8,1240.0,0.0,35.65,690.0,0.0914285714285704,0.6399999999999929,1105.0,37.370000000000005,0.0213333333333333,0.6399999999999991,1648.6666666666667,36.69266666666667,1.0,0.0,5,137,20.0,2.0,230.3017689074477,0.5185185185185186
2025-05-18,Rajasthan,pratapgarh,Pratapgarh,Onion,Red,FAQ,1200.0,1350.0,1235.0,37.08,0.15,29.02,44.39,23.58,1.9,24.04,0.15,37.08,1175.0,0.32,37.17,3125.0,0.0,37.45,810.0,0.0,36.23,1200.0,0.2228571428571418,1.559999999999993,1469.2857142857142,37.11857142857143,0.1053333333333333,3.1599999999999997,1494.6666666666667,37.071333333333335,1.0,0.0,5,138,20.0,2.0,236.16227270166058,0.004065040650406582
2025-05-19,Rajasthan,pratapgarh,Pratapgarh,Onion,Other,FAQ,240.0,1000.0,890.0,36.11,0.05,29.41,42.58,30.73,3.07,21.2,0.05,36.11,890.0,0.15,37.08,1175.0,0.32,37.17,1230.0,0.0,36.8,3130.0,0.1214285714285704,0.8499999999999929,1669.2857142857142,36.80285714285714,0.1186666666666666,3.559999999999999,1495.3333333333333,37.082,1.0,0.0,5,139,21.0,2.0,237.20344894303426,-0.27935222672064774
2025-05-20,Rajasthan,pratapgarh,Pratapgarh,Onion,Red,FAQ,1200.0,1350.0,1240.0,36.55,1.55,28.69,44.27,34.4,2.17,23.68,0.05,36.11,3135.0,0.05,36.11,890.0,0.15,37.08,1175.0,0.0,37.45,3120.0,0.2642857142857133,1.849999999999993,1762.857142857143,36.17285714285714,0.1803333333333333,5.409999999999999,1582.0,36.914,1.0,0.0,5,140,21.0,2.0,186.8695750924485,0.3932584269662922
2025-05-21,Rajasthan,pratapgarh,Pratapgarh,Onion,Red,FAQ,1200.0,1450.0,1230.0,36.96,0.63,29.95,43.7,31.07,3.09,23.79,0.63,36.96,1230.0,1.55,36.55,750.0,0.05,36.11,1180.0,0.32,37.17,820.0,1.0242857142857134,7.169999999999993,2248.5714285714284,36.78428571428572,0.5833333333333334,17.5,1797.3333333333333,36.676,0.0,0.0,5,141,21.0,2.0,189.31895485307544,-0.008064516129032251
2025-05-22,Rajasthan,pratapgarh,Pratapgarh,Onion,Red,FAQ,1200.0,1300.0,1225.0,33.16,13.58,27.12,38.81,49.62,2.18,18.15,13.58,33.16,1225.0,0.63,36.96,1230.0,1.55,36.55,1200.0,0.15,37.08,1235.0,4.329999999999999,30.309999999999995,1111.428571428571,35.87428571428571,1.52,45.6,1649.0,36.38666666666666,0.0,0.0,5,142,21.0,2.0,187.8797741211216,-0.004065040650406471
2025-05-23,Rajasthan,pratapgarh,Pratapgarh,Onion,Other,FAQ,206.0,860.0,700.0,33.34,0.59,27.57,38.17,47.49,2.33,20.14,0.59,33.34,3135.0,13.58,33.16,800.0,0.63,36.96,1200.0,0.05,36.11,1180.0,8.012857142857142,56.09,2238.5714285714284,33.237142857142864,4.266666666666667,128.0,1754.6666666666667,35.390333333333324,0.0,0.0,5,143,21.0,2.0,220.22445260189372,-0.4285714285714286
2025-05-24,Rajasthan,pratapgarh,Pratapgarh,Onion,Red,FAQ,1200.0,1450.0,1230.0,33.86,0.07,29.36,38.41,43.18,2.93,12.79,0.07,33.86,3130.0,0.59,33.34,1225.0,13.58,33.16,1220.0,1.55,36.55,3130.0,0.2185714285714278,1.5299999999999947,1772.857142857143,33.71142857142857,4.010000000000001,120.3,1708.0,34.451,0.0,0.0,5,144,21.0,2.0,220.22445260189372,0.7571428571428571
2025-05-25,Rajasthan,pratapgarh,Pratapgarh,Onion,Red,FAQ,1200.0,1350.0,1235.0,34.07,0.05,29.35,39.21,44.56,2.68,18.85,0.05,34.07,1235.0,0.07,33.86,3130.0,0.59,33.34,700.0,0.63,36.96,1230.0,0.0585714285714278,0.4099999999999947,2047.142857142857,33.980000000000004,3.883333333333333,116.5,1645.0,33.976000000000006,0.0,0.0,5,145,21.0,2.0,220.22445260189372,0.004065040650406582
2025-05-26,Rajasthan,pratapgarh,Pratapgarh,Onion,Red,FAQ,1200.0,1350.0,1230.0,33.63,0.02,28.06,39.5,46.38,3.51,24.28,0.02,33.63,1230.0,0.05,34.07,3135.0,0.59,33.34,1240.0,0.63,36.96,850.0,0.0414285714285706,0.2899999999999947,1503.571428571429,33.94428571428572,3.804,114.12,1672.3333333333333,33.56133333333334,0.0,0.0,5,146,22.0,2.0,201.00639648669258,-0.004048582995951455
2025-05-27,Rajasthan,pratapgarh,Pratapgarh,Onion,Other,FAQ,190.0,890.0,700.0,34.1,0.08,27.6,39.59,50.12,2.7,22.44,0.02,33.63,1225.0,0.02,33.63,1230.0,0.05,34.07,3135.0,13.58,33.16,1220.0,0.0285714285714278,0.1999999999999946,1515.7142857142858,33.69714285714286,0.642,19.26,1641.6666666666667,33.68666666666667,0.0,0.0,5,147,22.0,2.0,258.62963038731664,-0.43089430894308944
2025-05-28,Rajasthan,pratapgarh,Pratapgarh,Onion,Red,FAQ,1200.0,1350.0,1225.0,36.13,0.17,31.52,40.85,41.36,1.98,22.68,0.17,36.13,1225.0,0.08,34.1,1230.0,0.02,33.63,3140.0,0.59,33.34,1240.0,0.1057142857142849,0.7399999999999948,1772.857142857143,34.68,0.0619999999999999,1.8599999999999983,1659.0,34.056000000000004,1.0,0.0,5,148,22.0,2.0,258.1481671259172,0.75
2025-05-29,Rajasthan,pratapgarh,Pratapgarh,Onion,Red,FAQ,1200.0,1400.0,1225.0,37.24,0.4,31.63,42.54,37.17,1.29,16.87,0.4,37.24,1225.0,0.17,36.13,3140.0,0.08,34.1,1235.0,0.05,34.07,1230.0,0.3671428571428564,2.569999999999995,2050.0,37.08142857142857,0.1519999999999999,4.559999999999999,1638.6666666666667,35.144,1.0,0.0,5,149,22.0,2.0,258.1481671259172,0.0
2025-05-30,Rajasthan,pratapgarh,Pratapgarh,Onion,Red,FAQ,1150.0,1350.0,1220.0,37.98,1.0,32.87,44.08,30.66,1.87,20.54,1.0,37.98,1220.0,0.4,37.24,1225.0,0.17,36.13,3140.0,0.02,33.63,1225.0,1.0,7.0,1731.428571428571,37.98,0.3806666666666666,11.419999999999998,1671.1666666666667,36.159,0.0,0.0,5,150,22.0,2.0,199.4337221329522,-0.004081632653061273
2025-05-31,Rajasthan,pratapgarh,Pratapgarh,Onion,Red,FAQ,1150.0,1300.0,1200.0,36.01,0.53,31.13,40.85,31.93,2.69,16.36,0.53,36.01,1200.0,1.0,37.98,900.0,0.4,37.24,3140.0,0.08,34.1,1230.0,0.7314285714285705,5.119999999999994,1174.2857142857142,36.85428571428571,0.4733333333333333,14.2,1694.3333333333333,36.55866666666667,0.0,0.0,5,151,22.0,2.0,197.7973951390756,-0.016393442622950838
2025-06-01,Rajasthan,pratapgarh,Pratapgarh,Onion,Red,FAQ,1180.0,1350.0,1220.0,36.13,0.0,28.87,43.17,24.77,3.3,21.12,0.0,36.13,1220.0,0.53,36.01,899.0,1.0,37.98,900.0,0.17,36.13,1230.0,0.0757142857142849,0.5299999999999947,1725.571428571429,36.112857142857145,0.4993333333333333,14.98,1821.9333333333332,36.81333333333334,0.0,0.0,6,152,22.0,1.0,196.7745870157836,0.016666666666666607
2025-06-02,Rajasthan,pratapgarh,Pratapgarh,Onion,Other,FAQ,190.0,1180.0,880.0,36.49,0.06,31.04,42.52,26.82,3.81,23.18,0.0,36.13,1220.0,0.53,36.01,899.0,0.53,36.01,1240.0,0.17,36.13,3140.0,0.0085714285714278,0.0599999999999946,1722.857142857143,36.181428571428576,0.4956666666666666,14.87,1746.6,36.82533333333333,0.0,0.0,6,153,23.0,1.0,215.37619358206467,-0.2786885245901639
2025-06-03,Rajasthan,pratapgarh,Pratapgarh,Onion,Other,FAQ,180.0,1261.0,1000.0,34.68,0.93,29.26,39.35,32.26,2.49,14.03,0.93,34.68,1000.0,0.0,36.13,1230.0,0.53,36.01,1200.0,0.4,37.24,1240.0,0.2828571428571421,1.9799999999999949,1334.2857142857142,35.81857142857143,0.5273333333333333,15.82,1655.2666666666669,36.66666666666666,0.0,0.0,6,154,23.0,1.0,140.2591139556113,0.13636363636363646
2025-06-04,Rajasthan,pratapgarh,Pratapgarh,Onion,Red,FAQ,1150.0,1350.0,1200.0,33.76,0.31,29.71,38.1,35.14,1.33,20.87,0.93,34.68,1220.0,0.93,34.68,1000.0,0.0,36.13,1230.0,1.0,37.98,3140.0,0.8414285714285706,5.889999999999994,1771.428571428571,34.54857142857143,0.5703333333333334,17.11,1589.6,35.96466666666666,0.0,0.0,6,155,23.0,1.0,137.99154563472644,0.19999999999999996
2025-06-05,Rajasthan,pratapgarh,Pratapgarh,Onion,Other,FAQ,230.0,1181.0,941.0,34.27,0.02,27.22,40.58,32.65,1.6,25.04,0.02,34.27,1250.0,0.31,33.76,1250.0,0.93,34.68,1240.0,0.53,36.01,3145.0,0.102857142857142,0.7199999999999946,2287.285714285714,34.12428571428572,0.3703333333333332,11.109999999999998,1733.1333333333334,34.97133333333333,0.0,0.0,6,156,23.0,1.0,148.4720592601403,-0.21583333333333332
2025-06-06,Rajasthan,pratapgarh,Pratapgarh,Onion,Other,FAQ,200.0,1100.0,800.0,34.97,0.53,28.3,40.9,27.9,1.47,24.92,0.02,34.27,1230.0,0.02,34.27,3145.0,0.31,33.76,1200.0,0.0,36.13,1230.0,0.0928571428571421,0.6499999999999947,1362.428571428571,34.37,0.3369999999999999,10.11,1667.4,34.75866666666666,0.0,0.0,6,157,23.0,1.0,172.23226289213872,-0.14984059511158343
2025-06-07,Rajasthan,pratapgarh,Pratapgarh,Onion,Red,FAQ,1200.0,1450.0,1230.0,36.11,0.02,29.45,42.0,22.4,1.08,23.35,0.02,36.11,1230.0,0.53,34.97,1260.0,0.02,34.27,941.0,0.93,34.68,3140.0,0.2385714285714278,1.6699999999999948,1785.7142857142858,35.621428571428574,0.3353333333333333,10.06,1567.7333333333331,34.654666666666664,0.0,0.0,6,158,23.0,1.0,177.3365108916731,0.5375000000000001
2025-06-08,Rajasthan,pratapgarh,Pratapgarh,Onion,Red,FAQ,1200.0,1350.0,1240.0,37.31,0.0,29.54,43.87,20.54,1.2,21.6,0.0,37.31,1270.0,0.53,34.97,3140.0,0.53,34.97,800.0,0.93,34.68,1220.0,0.0114285714285706,0.0799999999999946,1248.571428571429,36.62428571428571,0.2423333333333332,7.269999999999998,1570.4,34.91766666666667,1.0,0.0,6,159,23.0,1.0,180.86998750745457,0.008130081300812941
2025-06-09,Rajasthan,pratapgarh,Pratapgarh,Onion,Other,FAQ,250.0,1163.0,962.0,37.92,0.0,30.32,44.41,22.48,1.7,20.54,0.0,37.31,1240.0,0.02,36.11,1250.0,0.53,34.97,1220.0,0.31,33.76,1200.0,0.0057142857142849,0.0399999999999946,1206.0,37.05428571428571,0.2009999999999999,6.029999999999999,1563.1333333333334,35.144,1.0,0.0,6,160,24.0,1.0,171.0503963609335,-0.22419354838709682
2025-06-10,Rajasthan,pratapgarh,Pratapgarh,Onion,Red,FAQ,1200.0,1450.0,1230.0,38.57,0.0,32.06,44.42,26.58,2.59,19.86,0.0,38.57,1230.0,0.0,37.92,962.0,0.02,36.11,1250.0,0.02,34.27,3145.0,0.0,0.0,1210.2857142857142,38.105714285714285,0.1479999999999999,4.439999999999999,1366.3666666666666,36.124,1.0,0.0,6,161,24.0,1.0,180.9147391926294,0.2785862785862785
2025-06-11,Rajasthan,pratapgarh,Pratapgarh,Onion,Red,FAQ,1200.0,1400.0,1225.0,38.71,4.25,32.73,44.28,31.1,2.88,22.7,0.0,38.57,1070.0,0.0,37.92,1275.0,0.0,37.31,1240.0,0.02,34.27,1230.0,0.6071428571428564,4.249999999999995,1197.857142857143,38.59,0.2863333333333333,8.589999999999998,1313.6333333333334,36.84533333333333,1.0,0.0,6,162,24.0,1.0,183.76136181263013,-0.004065040650406471
