date,STATE,district,Market Name,Commodity,Variety,Grade,Min_Price,Max_Price,Modal_Price,temp_mean,rainfall_mm,temp_min,temp_max,humidity,wind_speed,solar_radiation,rainfall_mm_lag_1d,temp_mean_lag_1d,price_lag_1d,rainfall_mm_lag_7d,temp_mean_lag_7d,price_lag_7d,rainfall_mm_lag_14d,temp_mean_lag_14d,price_lag_14d,rainfall_mm_lag_30d,temp_mean_lag_30d,price_lag_30d,rainfall_mm_7d_avg,rainfall_mm_7d_sum,price_7d_avg,temp_mean_7d_avg,rainfall_mm_30d_avg,rainfall_mm_30d_sum,price_30d_avg,temp_mean_30d_avg,drought_indicator,flood_indicator,month,day_of_year,week,season,volatility_7d,price_change_1d
2023-06-06,Gujarat,ahmedabad,Ahmedabad(Chimanbhai Patal Market Vasana),Potato,Other,FAQ,1000.0,1300.0,1200.0,33.3,0.03,27.19,39.77,48.5,2.47,26.09,0.03,33.3,1050.0,0.03,33.3,2125.0,0.03,33.3,2125.0,0.03,33.3,2125.0,0.03,0.12,1718.75,33.3,0.03,0.12,1718.75,33.3,1.0,0.0,6,157,23.0,1.0,,
2023-06-07,Gujarat,ahmedabad,Ahmedabad(Chimanbhai Patal Market Vasana),Potato,Chips,FAQ,1500.0,1800.0,1700.0,33.6,0.1,27.55,39.91,48.58,2.82,26.6,0.03,33.3,1750.0,0.03,33.3,2125.0,0.03,33.3,2125.0,0.03,33.3,2125.0,0.04,0.28,1392.857142857143,33.34285714285714,0.03875,0.31,1484.375,33.3375,1.0,0.0,6,158,23.0,1.0,,0.41666666666666674
2023-06-08,Gujarat,ahmedabad,Ahmedabad(Chimanbhai Patal Market Vasana),Potato,Desi,FAQ,600.0,1100.0,900.0,34.4,0.05,28.33,41.33,45.39,2.83,26.77,0.1,33.6,1050.0,0.03,33.3,1750.0,0.03,33.3,2125.0,0.03,33.3,2125.0,0.0928571428571428,0.6500000000000001,1417.857142857143,33.714285714285715,0.0614285714285714,0.86,1435.7142857142858,33.50714285714285,1.0,0.0,6,159,23.0,1.0,,-0.47058823529411764
2023-06-09,Gujarat,ahmedabad,Ahmedabad(Chimanbhai Patal Market Vasana),Potato,Chips,FAQ,1500.0,1900.0,1800.0,34.46,0.0,27.39,41.59,42.16,3.35,28.05,0.0,34.46,1100.0,0.1,33.6,2125.0,0.03,33.3,600.0,0.03,33.3,2125.0,0.0357142857142857,0.25,1367.857142857143,34.31142857142857,0.0505263157894736,0.96,1459.2105263157894,33.75157894736842,1.0,0.0,6,160,23.0,1.0,,1.0
2023-06-10,Gujarat,ahmedabad,Ahmedabad(Chimanbhai Patal Market Vasana),Potato,Chips,FAQ,1500.0,1900.0,1800.0,32.75,0.0,28.28,37.62,57.13,4.04,28.1,0.0,32.75,1150.0,0.0,34.46,2125.0,0.1,33.6,2000.0,0.03,33.3,2125.0,0.0,0.0,1385.7142857142858,33.971428571428575,0.04,0.96,1438.5416666666667,33.75666666666667,1.0,0.0,6,161,23.0,1.0,,0.0
2023-06-11,,,,,,,,,1525.0,,,,,,,,,,,,,,,,,,,,,,,,,,,,,,6,162,,,,-0.1527777777777778
2023-06-12,Gujarat,ahmedabad,Ahmedabad(Chimanbhai Patal Market Vasana),Potato,Other,FAQ,1200.0,1300.0,1250.0,32.35,0.08,28.92,36.42,59.07,5.19,27.07,0.08,32.35,1100.0,0.0,32.75,950.0,0.0,34.46,1100.0,0.03,33.3,2500.0,0.0457142857142857,0.32,1865.7142857142856,32.57857142857143,0.0406666666666666,1.22,1463.6666666666667,33.47866666666667,1.0,0.0,6,163,24.0,1.0,345.9373050823213,-0.180327868852459
2023-06-13,Gujarat,ahmedabad,Ahmedabad(Chimanbhai Patal Market Vasana),Potato,Other,FAQ,1200.0,1300.0,1250.0,33.08,0.17,29.24,38.81,56.57,6.79,23.77,0.08,32.35,700.0,0.08,32.35,3150.0,0.0,34.46,1100.0,0.03,33.3,950.0,0.0928571428571428,0.65,1290.0,32.45428571428572,0.0503333333333333,1.5100000000000002,1488.6666666666667,33.376333333333335,1.0,0.0,6,164,24.0,1.0,340.2992380663986,0.0
2023-06-14,Gujarat,ahmedabad,Ahmedabad(Chimanbhai Patal Market Vasana),Potato,Other,FAQ,1200.0,1300.0,1250.0,32.73,0.71,28.67,38.23,57.21,6.73,22.44,0.71,32.73,1100.0,0.17,33.08,1250.0,0.08,32.35,3150.0,0.1,33.6,1050.0,0.4014285714285714,2.81,1900.0,32.93,0.123,3.69,1572.8333333333333,33.230000000000004,1.0,0.0,6,165,24.0,1.0,329.9079958326044,0.0
2023-06-15,Gujarat,ahmedabad,Ahmedabad(Chimanbhai Patal Market Vasana),Potato,Other,FAQ,1200.0,1300.0,1250.0,31.84,5.74,27.86,37.49,63.14,7.11,17.43,0.71,32.73,1900.0,0.17,33.08,950.0,0.08,32.35,1250.0,0.05,34.4,900.0,1.3514285714285716,9.46,1514.2857142857142,32.652857142857144,0.3566666666666666,10.7,1591.1666666666667,33.03333333333333,0.0,0.0,6,166,24.0,1.0,261.577176083119,0.0
2023-06-16,Gujarat,ahmedabad,Ahmedabad(Chimanbhai Patal Market Vasana),Potato,Chips,FAQ,1500.0,1900.0,1800.0,30.7,17.03,28.14,35.55,69.62,8.31,8.42,5.74,31.84,2125.0,0.71,32.73,1900.0,0.17,33.08,1800.0,0.0,34.46,1100.0,7.352857142857142,51.47,1696.428571428571,31.677142857142854,1.881,56.43000000000001,1649.5,32.471333333333334,0.0,0.0,6,167,24.0,1.0,261.577176083119,0.43999999999999995
2023-06-17,Gujarat,ahmedabad,Ahmedabad(Chimanbhai Patal Market Vasana),Potato,Chips,FAQ,1500.0,2000.0,1800.0,29.76,24.7,27.09,33.43,75.45,7.89,8.79,17.03,30.7,1100.0,5.74,31.84,1150.0,0.71,32.73,1100.0,0.0,32.75,1100.0,14.9,104.3,1696.428571428571,30.891428571428573,4.407333333333333,132.22,1716.1666666666667,32.166666666666664,0.0,1.0,6,168,24.0,1.0,261.577176083119,0.0
2023-06-18,,,,,,,,,1800.0,,,,,,,,,,,,,,,,,,,,,,,,,,,,,,6,169,,,293.9873661036668,0.0
2023-06-19,Gujarat,ahmedabad,Ahmedabad(Chimanbhai Patal Market Vasana),Potato,Chips,FAQ,1500.0,1900.0,1800.0,32.08,0.14,26.57,38.6,60.77,4.39,15.75,0.14,32.08,2125.0,24.7,29.76,2500.0,5.74,31.84,950.0,0.08,32.35,1700.0,11.597142857142856,81.17999999999999,1985.7142857142856,31.020000000000003,7.920666666666666,237.62,1777.5,31.73,0.0,0.0,6,170,25.0,1.0,293.9873661036668,0.0
2023-06-20,,,,,,,,,1350.0,,,,,,,,,,,,,,,,,,,,,,,,,,,,,,6,171,,,278.1743201320934,-0.25
2023-06-21,Gujarat,ahmedabad,Ahmedabad(Chimanbhai Patal Market Vasana),Potato,Desi,FAQ,600.0,1100.0,900.0,32.89,0.0,26.95,39.12,56.1,3.59,22.68,0.0,32.89,4000.0,0.14,32.08,2125.0,24.7,29.76,1800.0,0.17,33.08,1200.0,0.08,0.56,1621.428571428571,32.42714285714286,7.903666666666667,237.11,1765.8333333333333,31.63533333333333,0.0,0.0,6,172,25.0,1.0,364.9853226011776,-0.33333333333333337
2023-06-22,Gujarat,ahmedabad,Ahmedabad(Chimanbhai Patal Market Vasana),Potato,Chips,FAQ,1500.0,2000.0,1900.0,32.77,0.0,27.24,38.83,55.75,3.4,21.53,0.0,32.89,2125.0,0.14,32.08,1250.0,24.7,29.76,1000.0,0.71,32.73,900.0,0.0,0.0,1889.2857142857144,32.87285714285714,7.809,234.27,1795.0,31.65266666666667,0.0,0.0,6,173,25.0,1.0,364.98532260117764,1.1111111111111112
2023-06-23,Gujarat,ahmedabad,Ahmedabad(Chimanbhai Patal Market Vasana),Potato,Chips,FAQ,1600.0,2000.0,1850.0,30.69,2.73,27.17,33.86,62.53,2.7,18.23,0.0,32.77,1200.0,0.0,32.89,1850.0,0.14,32.08,1000.0,5.74,31.84,1150.0,0.39,2.73,1670.0,32.49,7.111000000000001,213.33,1753.8333333333333,31.708666666666662,0.0,0.0,6,174,25.0,1.0,369.5235026999218,-0.02631578947368418
2023-06-24,Gujarat,ahmedabad,Ahmedabad(Chimanbhai Patal Market Vasana),Potato,Desi,FAQ,700.0,1100.0,950.0,30.54,7.18,26.98,36.16,62.32,2.57,14.75,2.73,30.69,2255.0,0.0,32.77,1200.0,0.0,32.89,1250.0,17.03,30.7,1100.0,3.3657142857142857,23.56,1929.2857142857144,30.66857142857143,5.152,154.56,1806.5,31.625666666666667,0.0,0.0,6,175,25.0,1.0,437.25333182318485,-0.4864864864864865
2023-06-25,,,,,,,,,1375.0,,,,,,,,,,,,,,,,,,,,,,,,,,,,,,6,176,,,418.93430556705704,0.44736842105263164
2023-06-26,Gujarat,ahmedabad,Ahmedabad(Chimanbhai Patal Market Vasana),Potato,Chips,FAQ,1500.0,2000.0,1800.0,29.09,17.47,26.39,32.11,72.11,3.12,13.33,6.49,31.09,2125.0,2.73,30.69,5150.0,0.0,32.77,1250.0,24.7,29.76,1000.0,7.915714285714285,55.41,2025.7142857142856,30.43285714285714,2.552,76.56,1912.3333333333333,31.72566666666667,0.0,0.0,6,177,26.0,1.0,418.93430556705704,0.3090909090909091
2023-06-27,Gujarat,ahmedabad,Ahmedabad(Chimanbhai Patal Market Vasana),Potato,Other,FAQ,1000.0,1200.0,1100.0,29.41,2.73,24.82,34.16,72.14,2.46,14.09,17.47,29.09,4500.0,7.18,30.54,1850.0,2.73,30.69,1150.0,0.14,32.08,1000.0,13.795714285714284,96.57,1971.4285714285716,29.42142857142857,4.7316666666666665,141.95,1861.5,31.25333333333333,0.0,0.0,6,178,26.0,1.0,438.7143012203249,-0.38888888888888884
2023-06-28,Gujarat,ahmedabad,Ahmedabad(Chimanbhai Patal Market Vasana),Potato,Other,FAQ,1000.0,1200.0,1100.0,28.93,27.67,25.67,32.54,77.86,2.57,16.54,2.73,29.41,1200.0,17.47,29.09,2125.0,7.18,30.54,1200.0,0.0,32.89,900.0,8.398571428571428,58.79,1835.7142857142856,29.29571428571429,6.008666666666667,180.26,1818.1666666666667,30.711333333333336,0.0,0.0,6,179,26.0,1.0,405.1381304714538,0.0
2023-06-29,,,,,,,,,1025.0,,,,,,,,,,,,,,,,,,,,,,,,,,,,,,6,180,,,373.0105960450782,-0.06818181818181823
2023-06-30,Gujarat,ahmedabad,Ahmedabad(Chimanbhai Patal Market Vasana),Potato,Desi,FAQ,650.0,1100.0,950.0,29.09,16.52,26.4,33.02,82.83,3.28,19.25,27.67,28.35,2125.0,27.67,28.93,1100.0,17.47,29.09,2125.0,0.0,32.77,2415.0,26.07714285714286,182.54,1992.857142857143,28.87,12.093333333333334,362.8,1891.8333333333333,29.78933333333333,0.0,1.0,6,181,26.0,1.0,306.81738014966555,-0.07317073170731703
2023-07-01,Gujarat,ahmedabad,Ahmedabad(Chimanbhai Patal Market Vasana),Potato,Desi,FAQ,600.0,1100.0,950.0,28.31,26.25,26.41,30.73,88.64,3.29,15.64,16.52,29.09,2125.0,27.67,28.93,1300.0,2.73,29.41,900.0,2.73,30.69,1200.0,19.502857142857145,136.51999999999998,1485.7142857142858,28.872857142857143,14.807,444.21,1924.3333333333333,29.42733333333333,0.0,1.0,7,182,26.0,1.0,306.81738014966555,0.0
2023-07-02,,,,,,,,,1375.0,,,,,,,,,,,,,,,,,,,,,,,,,,,,,,7,183,,,306.81738014966555,0.44736842105263164
2023-07-03,Gujarat,ahmedabad,Ahmedabad(Chimanbhai Patal Market Vasana),Potato,Chips,FAQ,1500.0,2000.0,1800.0,30.65,0.26,27.01,35.62,76.26,1.9,21.49,0.75,29.85,2125.0,16.52,29.09,1250.0,27.67,28.93,1900.0,7.18,30.54,4000.0,17.50428571428571,122.53,2685.714285714286,28.97571428571428,16.56566666666667,496.97,1996.6666666666667,29.175,0.0,1.0,7,184,27.0,1.0,306.81738014966555,0.3090909090909091
2023-07-04,Gujarat,ahmedabad,Ahmedabad(Chimanbhai Patal Market Vasana),Potato,Chips,FAQ,1500.0,2000.0,1850.0,31.03,0.25,27.22,35.47,78.16,1.68,20.19,0.25,31.03,2130.0,26.25,28.31,8500.0,16.52,29.09,950.0,17.47,29.09,1200.0,4.04,28.28,1679.2857142857142,30.31,14.979333333333331,449.38,1976.8333333333333,29.293333333333337,0.0,0.0,7,185,27.0,1.0,391.2358319357724,0.02777777777777768
2023-07-05,Gujarat,ahmedabad,Ahmedabad(Chimanbhai Patal Market Vasana),Potato,Desi,FAQ,900.0,1200.0,1000.0,29.56,25.68,27.34,32.14,84.09,2.51,19.45,0.25,31.03,1050.0,0.26,30.65,1800.0,16.52,29.09,1250.0,17.47,29.09,4500.0,3.8857142857142857,27.2,1447.142857142857,30.711428571428574,14.105,423.15,1849.3333333333333,29.438333333333333,0.0,0.0,7,186,27.0,1.0,401.15161603515793,-0.45945945945945943
2023-07-06,Gujarat,ahmedabad,Ahmedabad(Chimanbhai Patal Market Vasana),Potato,Chips,FAQ,1500.0,2000.0,1800.0,29.46,13.76,27.16,32.03,85.12,1.34,16.74,13.76,29.46,2160.0,0.25,31.03,1850.0,26.25,28.31,8500.0,2.73,29.41,900.0,15.008571428571427,105.06,1615.7142857142858,29.95142857142857,16.370333333333335,491.11,1899.6666666666667,29.451666666666664,0.0,1.0,7,187,27.0,1.0,425.69970412867093,0.8
2023-07-07,Gujarat,ahmedabad,Ahmedabad(Chimanbhai Patal Market Vasana),Potato,Desi,FAQ,600.0,1100.0,900.0,29.21,15.92,26.83,32.43,85.35,1.83,12.2,13.76,29.46,1750.0,25.68,29.56,1000.0,0.26,30.65,1800.0,27.67,28.93,4500.0,17.474285714285713,122.32,1594.2857142857142,29.45285714285714,15.882666666666664,476.48,1793.0,29.48033333333333,0.0,1.0,7,188,27.0,1.0,434.62490669979945,-0.5
2023-07-08,Gujarat,ahmedabad,Ahmedabad(Chimanbhai Patal Market Vasana),Potato,Desi,FAQ,600.0,1200.0,1000.0,28.49,18.99,26.6,31.48,89.23,3.25,13.54,18.99,28.49,9000.0,13.76,29.46,950.0,0.25,31.03,1700.0,27.67,28.35,2125.0,16.48857142857143,115.42,3400.0,29.04,14.129,423.87,2214.6666666666665,29.49833333333333,0.0,1.0,7,189,27.0,1.0,426.67736221713386,0.11111111111111116
2023-07-09,,,,,,,,,950.0,,,,,,,,,,,,,,,,,,,,,,,,,,,,,,7,190,,,458.12765948035945,-0.050000000000000044
2023-07-10,Gujarat,ahmedabad,Ahmedabad(Chimanbhai Patal Market Vasana),Potato,Desi,FAQ,600.0,1100.0,900.0,27.96,17.34,26.12,30.5,89.1,3.77,4.66,18.99,28.49,1550.0,15.92,29.21,1500.0,25.68,29.56,1800.0,16.52,29.09,1100.0,17.877142857142854,125.14,3421.428571428572,28.62,14.321,429.63,2226.333333333333,29.420666666666666,0.0,1.0,7,191,28.0,1.0,429.14643965279055,-0.052631578947368474
2023-07-11,Gujarat,ahmedabad,Ahmedabad(Chimanbhai Patal Market Vasana),Potato,Chips,FAQ,1500.0,2000.0,1800.0,28.86,2.43,25.44,32.94,83.83,3.17,17.02,17.34,27.96,1400.0,18.99,28.49,1850.0,13.76,29.46,1750.0,26.25,28.31,8500.0,15.445714285714288,108.12,2868.5714285714284,28.164285714285715,12.987666666666666,389.63,2324.833333333333,29.340333333333334,0.0,1.0,7,192,28.0,1.0,416.7618938800376,1.0
2023-07-12,Gujarat,ahmedabad,Ahmedabad(Chimanbhai Patal Market Vasana),Potato,Chips,FAQ,1500.0,2000.0,1800.0,29.1,1.59,25.86,32.7,82.91,3.05,15.47,2.43,28.86,1300.0,17.34,27.96,1800.0,18.99,28.49,9000.0,0.26,30.65,1000.0,4.44,31.08,2922.1428571428573,28.76571428571429,12.438666666666668,373.16,2640.833333333333,29.154666666666667,0.0,0.0,7,193,28.0,1.0,462.2666721606435,0.0
2023-07-13,Gujarat,ahmedabad,Ahmedabad(Chimanbhai Patal Market Vasana),Potato,Chips,FAQ,1600.0,2200.0,2000.0,29.38,1.04,26.11,33.26,81.51,2.74,19.36,1.04,29.38,10000.0,2.43,28.86,1000.0,17.34,27.96,900.0,0.25,31.03,1050.0,1.672857142857143,11.71,4071.428571428572,29.11142857142857,12.580666666666668,377.42,2896.5,28.916,0.0,0.0,7,194,28.0,1.0,502.25681156347144,0.11111111111111116
2023-07-14,Gujarat,ahmedabad,Ahmedabad(Chimanbhai Patal Market Vasana),Potato,Desi,FAQ,600.0,1200.0,1000.0,28.6,1.71,25.7,31.57,83.48,2.38,17.16,1.04,29.38,1450.0,1.59,29.1,1800.0,17.34,27.96,1800.0,25.68,29.56,1800.0,1.292857142857143,9.05,2542.8571428571427,29.18857142857143,10.139,304.17,2856.5,28.872,0.0,0.0,7,195,28.0,1.0,489.04669170404003,-0.5
2023-07-15,Gujarat,ahmedabad,Ahmedabad(Chimanbhai Patal Market Vasana),Potato,Desi,FAQ,700.0,1200.0,1000.0,28.01,5.09,25.54,30.52,86.97,2.78,18.14,1.71,28.6,9750.0,1.04,29.38,950.0,2.43,28.86,11000.0,15.92,29.21,900.0,2.097142857142857,14.68,2535.714285714286,28.627142857142854,8.171333333333333,245.14,3114.5,28.71733333333333,0.0,0.0,7,196,28.0,1.0,489.04669170404003,0.0
2023-07-16,,,,,,,,,1425.0,,,,,,,,,,,,,,,,,,,,,,,,,,,,,,7,197,,,456.1419474138242,0.42500000000000004
2023-07-17,Gujarat,ahmedabad,Ahmedabad(Chimanbhai Patal Market Vasana),Potato,Chips,FAQ,1500.0,2000.0,1850.0,29.02,1.21,25.38,33.12,81.98,2.53,17.71,1.21,29.02,2125.0,1.71,28.6,9750.0,1.04,29.38,2000.0,18.99,28.49,1850.0,3.5485714285714285,24.84,2907.8571428571427,28.43142857142857,5.338666666666667,160.16,2993.0,28.647666666666662,0.0,0.0,7,198,29.0,1.0,415.93984226201786,0.29824561403508776
2023-07-18,Gujarat,ahmedabad,Ahmedabad(Chimanbhai Patal Market Vasana),Potato,Desi,FAQ,600.0,1100.0,950.0,28.89,3.12,25.82,32.94,84.13,3.23,15.54,3.12,28.89,1000.0,1.21,29.02,2125.0,1.71,28.6,1850.0,17.34,27.96,1400.0,2.301428571428571,16.11,2814.285714285714,28.945714285714285,2.312333333333333,69.36999999999999,2978.6666666666665,28.824666666666666,0.0,0.0,7,199,29.0,1.0,454.3113574673313,-0.4864864864864865
2023-07-19,Gujarat,ahmedabad,Ahmedabad(Chimanbhai Patal Market Vasana),Potato,Jalander,FAQ,750.0,1600.0,1450.0,28.07,32.32,26.18,30.94,89.09,3.24,13.91,32.32,28.07,11000.0,3.12,28.89,12000.0,5.09,28.01,10000.0,2.43,28.86,1300.0,19.805714285714288,138.64,2650.0,28.42142857142857,6.320666666666667,189.62,2956.833333333333,28.720333333333333,0.0,1.0,7,200,29.0,1.0,425.4199605767723,0.5263157894736843
2023-07-20,Gujarat,ahmedabad,Ahmedabad(Chimanbhai Patal Market Vasana),Potato,Chips,FAQ,1500.0,2000.0,1800.0,28.97,16.56,26.23,32.05,87.46,2.15,17.61,16.56,28.97,1450.0,32.32,28.07,850.0,1.21,29.02,1050.0,1.04,29.38,10000.0,27.81714285714286,194.72,2857.1428571428573,28.327142857142857,9.385666666666667,281.57,2686.833333333333,28.633666666666667,0.0,1.0,7,201,29.0,1.0,381.45242479364583,0.24137931034482762
2023-07-21,Gujarat,ahmedabad,Ahmedabad(Chimanbhai Patal Market Vasana),Potato,Desi,FAQ,600.0,1100.0,950.0,29.39,7.98,26.88,32.15,86.87,1.05,14.03,7.98,29.39,1450.0,32.32,28.07,1850.0,3.12,28.89,1000.0,1.71,28.6,1000.0,15.134285714285712,105.94,1389.2857142857142,29.02142857142857,10.574666666666667,317.24,2689.333333333333,28.647,0.0,1.0,7,202,29.0,1.0,389.55866359375455,-0.4722222222222222
2023-07-22,Gujarat,ahmedabad,Ahmedabad(Chimanbhai Patal Market Vasana),Potato,Chips,FAQ,1500.0,2000.0,1850.0,28.32,48.93,26.79,30.62,91.52,3.1,13.74,7.98,29.39,9750.0,16.56,28.97,1800.0,32.32,28.07,850.0,1.71,28.6,1850.0,15.055714285714286,105.39,2703.5714285714284,29.177142857142854,12.566666666666666,377.0,2986.0,28.69033333333333,0.0,1.0,7,203,29.0,1.0,395.99933862378606,0.9473684210526316
2023-07-23,,,,,,,,,1400.0,,,,,,,,,,,,,,,,,,,,,,,,,,,,,,7,204,,,396.5626114019128,-0.2432432432432432
2023-07-24,Gujarat,ahmedabad,Ahmedabad(Chimanbhai Patal Market Vasana),Potato,Desi,FAQ,600.0,1200.0,950.0,28.65,17.34,25.31,32.97,85.88,2.87,14.84,17.34,28.65,1450.0,7.98,29.39,1850.0,32.32,28.07,1000.0,5.09,28.01,10000.0,34.05428571428571,238.38,3700.0,28.56714285714286,17.88,536.4,2662.6666666666665,28.74433333333333,0.0,1.0,7,205,30.0,1.0,396.5626114019127,-0.3214285714285714
2023-07-25,Gujarat,ahmedabad,Ahmedabad(Chimanbhai Patal Market Vasana),Potato,Desi,FAQ,600.0,1200.0,1000.0,28.73,3.71,25.19,33.16,84.97,3.22,17.1,17.34,28.65,11500.0,48.93,28.32,950.0,16.56,28.97,950.0,1.21,29.02,1850.0,24.41857142857143,170.93,3957.142857142857,28.56714285714286,19.01033333333333,570.3100000000001,2937.5,28.712666666666667,0.0,1.0,7,206,30.0,1.0,388.83219541400615,0.05263157894736836
2023-07-26,Gujarat,ahmedabad,Ahmedabad(Chimanbhai Patal Market Vasana),Potato,Chips,FAQ,1500.0,2000.0,1850.0,28.41,0.44,25.27,31.96,85.76,2.77,19.76,0.44,28.41,11500.0,17.34,28.65,1850.0,7.98,29.39,9750.0,3.12,28.89,1000.0,4.722857142857143,33.06,5728.571428571428,28.627142857142854,19.018,570.54,3294.1666666666665,28.656,0.0,0.0,7,207,30.0,1.0,433.9738855430509,0.8500000000000001
2023-07-27,Gujarat,ahmedabad,Ahmedabad(Chimanbhai Patal Market Vasana),Potato,Chips,FAQ,1500.0,2000.0,1800.0,28.6,12.06,25.56,32.47,85.92,3.46,14.75,12.06,28.6,1400.0,3.71,28.73,1400.0,48.93,28.32,1450.0,32.32,28.07,1450.0,4.227142857142857,29.59,4257.142857142857,28.51,17.488666666666667,524.66,3305.833333333333,28.659333333333336,0.0,0.0,7,208,30.0,1.0,433.9738855430509,-0.027027027027026973
2023-07-28,Gujarat,ahmedabad,Ahmedabad(Chimanbhai Patal Market Vasana),Potato,Desi,FAQ,600.0,1200.0,1000.0,27.61,7.52,25.74,30.29,88.64,4.04,16.27,12.06,28.6,1000.0,0.44,28.41,11500.0,17.34,28.65,950.0,32.32,28.07,1450.0,6.431428571428571,45.02,1328.571428571429,28.37714285714286,15.986666666666666,479.6,2957.5,28.661666666666665,0.0,0.0,7,209,30.0,1.0,425.66474623872244,-0.4444444444444444
2023-07-29,,,,,,,,,1266.6666666666667,,,,,,,,,,,,,,,,,,,,,,,,,,,,,,7,210,,,379.0652663994366,0.26666666666666683
2023-07-30,,,,,,,,,1533.3333333333335,,,,,,,,,,,,,,,,,,,,,,,,,,,,,,7,211,,,386.80279486632696,0.21052631578947367
2023-07-31,Gujarat,ahmedabad,Ahmedabad(Chimanbhai Patal Market Vasana),Potato,Chips,FAQ,1500.0,2000.0,1800.0,28.28,4.04,25.12,32.93,85.51,4.15,13.08,4.04,28.28,2160.0,12.06,28.6,1000.0,3.71,28.73,11000.0,7.98,29.39,2125.0,6.028571428571428,42.2,4737.142857142857,27.897142857142857,13.066,391.98,3723.6666666666665,28.502666666666663,0.0,0.0,7,212,31.0,1.0,376.19298773523656,0.17391304347826075
2023-08-01,Gujarat,ahmedabad,Ahmedabad(Chimanbhai Patal Market Vasana),Potato,Chips,FAQ,1400.0,1500.0,1450.0,27.96,4.35,25.25,31.98,86.44,4.41,9.6,4.35,27.96,14000.0,7.52,27.61,11000.0,0.44,28.41,1350.0,7.98,29.39,9750.0,4.128571428571428,28.9,5115.714285714285,28.188571428571432,12.561333333333334,376.84,3852.0,28.33333333333333,0.0,0.0,8,213,31.0,1.0,317.50098945810896,-0.19444444444444442
2023-08-02,Gujarat,ahmedabad,Ahmedabad(Chimanbhai Patal Market Vasana),Potato,Chips,FAQ,1000.0,1800.0,1550.0,27.94,0.71,24.87,32.27,85.01,4.27,9.2,0.71,27.94,1550.0,4.04,28.28,1400.0,7.52,27.61,1800.0,17.34,28.65,1450.0,3.31,23.17,3317.1428571428573,27.954285714285717,5.941666666666666,178.25,3604.3333333333335,28.261000000000003,0.0,0.0,8,214,31.0,1.0,285.5191132326588,0.06896551724137923
2023-08-03,Gujarat,ahmedabad,Ahmedabad(Chimanbhai Patal Market Vasana),Potato,Desi,FAQ,700.0,1150.0,950.0,27.34,0.02,24.54,30.87,86.25,3.62,10.9,0.02,27.34,1100.0,4.35,27.96,2220.0,4.04,28.28,2160.0,3.71,28.73,1000.0,1.0328571428571427,7.229999999999999,3107.1428571428573,27.77142857142857,4.132666666666667,123.98,3669.3333333333335,28.12366666666667,0.0,0.0,8,215,31.0,1.0,309.3344964400678,-0.3870967741935484
2023-08-04,Gujarat,ahmedabad,Ahmedabad(Chimanbhai Patal Market Vasana),Potato,Chips,FAQ,1400.0,2000.0,1750.0,27.43,1.63,24.77,30.72,87.54,3.29,12.11,1.63,27.43,12000.0,0.02,27.34,1100.0,4.35,27.96,1050.0,0.44,28.41,900.0,0.48,3.36,4724.285714285715,27.365714285714287,3.829,114.87,3790.0,27.883666666666667,0.0,0.0,8,216,31.0,1.0,291.5022212154563,0.8421052631578947
2023-08-05,Gujarat,ahmedabad,Ahmedabad(Chimanbhai Patal Market Vasana),Potato,Desi,FAQ,750.0,1150.0,1000.0,27.08,0.57,24.8,29.97,88.15,2.84,12.47,1.63,27.43,950.0,0.02,27.34,12700.0,0.71,27.94,1550.0,12.06,28.6,1800.0,1.0185714285714285,7.13,3052.8571428571427,27.354285714285712,3.138,94.14,3760.0,27.761333333333333,0.0,0.0,8,217,31.0,1.0,336.650164612069,-0.4285714285714286
2023-08-06,,,,,,,,,975.0,,,,,,,,,,,,,,,,,,,,,,,,,,,,,,8,218,,,373.17013865119486,-0.025000000000000022
2023-08-07,Gujarat,ahmedabad,Ahmedabad(Chimanbhai Patal Market Vasana),Potato,Desi,FAQ,600.0,1150.0,950.0,27.5,0.01,24.4,31.98,83.02,4.52,10.27,0.01,27.5,1250.0,0.57,27.08,1000.0,0.02,27.34,12700.0,4.04,28.28,2160.0,0.2571428571428572,1.8,4475.0,27.31714285714286,1.524,45.72,3725.5,27.61533333333333,0.0,0.0,8,219,32.0,1.0,340.56151112118096,-0.02564102564102566
2023-08-08,Gujarat,ahmedabad,Ahmedabad(Chimanbhai Patal Market Vasana),Potato,Chips,FAQ,1800.0,2000.0,1900.0,27.61,0.02,24.37,32.22,83.72,4.12,11.39,0.01,27.5,1750.0,0.06,27.48,2275.0,1.63,27.43,1750.0,4.35,27.96,14000.0,0.0114285714285714,0.08,3100.0,27.51571428571429,0.9766666666666666,29.3,3378.833333333333,27.525666666666663,0.0,0.0,8,220,32.0,1.0,421.41343798493807,1.0
2023-08-09,Gujarat,ahmedabad,Ahmedabad(Chimanbhai Patal Market Vasana),Potato,Desi,FAQ,550.0,1150.0,950.0,27.88,0.07,24.14,32.62,83.75,3.52,10.25,0.02,27.61,1350.0,0.01,27.5,2250.0,0.57,27.08,1950.0,0.71,27.94,1550.0,0.0257142857142857,0.18,2885.714285714286,27.632857142857144,0.378,11.34,3674.8333333333335,27.477,0.0,0.0,8,221,32.0,1.0,422.26007557969626,-0.5
2023-08-10,Gujarat,ahmedabad,Ahmedabad(Chimanbhai Patal Market Vasana),Potato,Desi,FAQ,500.0,1150.0,900.0,27.92,0.1,24.42,32.63,83.32,3.23,11.35,0.07,27.88,1950.0,0.02,27.61,950.0,0.01,27.5,950.0,0.02,27.34,950.0,0.0671428571428571,0.47,2592.8571428571427,27.84714285714286,0.3183333333333333,9.55,3576.5,27.508333333333333,1.0,0.0,8,222,32.0,1.0,427.79194987862,-0.052631578947368474
2023-08-11,Gujarat,ahmedabad,Ahmedabad(Chimanbhai Patal Market Vasana),Potato,Chips,FAQ,1900.0,2000.0,1950.0,27.66,1.12,23.79,32.05,83.56,2.83,12.39,1.12,27.66,1500.0,0.1,27.92,2050.0,0.02,27.61,1350.0,1.63,27.43,950.0,0.5371428571428571,3.76,2521.428571428572,27.808571428571437,0.227,6.8100000000000005,3074.1666666666665,27.625,1.0,0.0,8,223,32.0,1.0,474.49848210906737,1.1666666666666665
2023-08-12,,,,,,,,,1916.6666666666667,,,,,,,,,,,,,,,,,,,,,,,,,,,,,,8,224,,,523.694522007775,-0.017094017094017033
2023-08-13,,,,,,,,,1883.3333333333333,,,,,,,,,,,,,,,,,,,,,,,,,,,,,,8,225,,,524.0385502197353,-0.01739130434782621
2023-08-14,Gujarat,ahmedabad,Ahmedabad(Chimanbhai Patal Market Vasana),Potato,Chips,FAQ,1400.0,2000.0,1850.0,27.02,0.0,23.98,31.25,83.61,3.55,12.63,0.0,27.02,2150.0,1.12,27.66,2000.0,0.07,27.88,1950.0,0.06,27.48,2275.0,1.1614285714285713,8.129999999999999,3007.1428571428573,27.414285714285715,0.3453333333333334,10.36,3046.6666666666665,27.651000000000003,0.0,0.0,8,226,33.0,1.0,476.94186749911677,-0.017699115044247704
2023-08-15,,,,,,,,,1916.6666666666667,,,,,,,,,,,,,,,,,,,,,,,,,,,,,,8,227,,,478.6030156203016,0.03603603603603611
2023-08-16,,,,,,,,,1983.3333333333333,,,,,,,,,,,,,,,,,,,,,,,,,,,,,,8,228,,,386.6659824843431,0.034782608695652195
2023-08-17,Gujarat,ahmedabad,Ahmedabad(Chimanbhai Patal Market Vasana),Potato,Chips,FAQ,1800.0,2200.0,2050.0,27.12,0.0,23.34,32.05,82.58,3.13,11.66,0.0,27.12,1650.0,1.12,27.66,900.0,0.1,27.92,1450.0,0.01,27.5,1900.0,0.5214285714285715,3.65,2478.5714285714284,27.09142857142857,0.344,10.32,2748.333333333333,27.597,0.0,0.0,8,229,33.0,1.0,66.26865315920419,0.03361344537815136
2023-08-18,Gujarat,ahmedabad,Ahmedabad(Chimanbhai Patal Market Vasana),Potato,Desi,FAQ,500.0,1100.0,850.0,27.09,0.0,23.16,31.49,82.71,3.08,17.85,0.0,27.09,2287.0,0.0,27.02,950.0,1.12,27.66,1500.0,0.02,27.61,1800.0,0.0,0.0,2005.2857142857144,27.107142857142858,0.3419999999999999,10.26,2762.9,27.536,0.0,0.0,8,230,33.0,1.0,414.74158461695436,-0.5853658536585367
2023-08-19,Gujarat,ahmedabad,Ahmedabad(Chimanbhai Patal Market Vasana),Potato,Desi,FAQ,600.0,1100.0,900.0,27.07,0.04,23.67,30.8,82.89,2.59,15.45,0.04,27.07,4150.0,0.0,27.09,4100.0,0.0,27.02,2150.0,0.07,27.88,9500.0,0.0171428571428571,0.12,2076.714285714286,27.08142857142857,0.3393333333333333,10.18,2334.5666666666666,27.42933333333333,0.0,0.0,8,231,33.0,1.0,522.3699554629558,0.05882352941176472
2023-08-20,,,,,,,,,950.0,,,,,,,,,,,,,,,,,,,,,,,,,,,,,,8,232,,,565.2760715234963,0.05555555555555558
2023-08-21,Gujarat,ahmedabad,Ahmedabad(Chimanbhai Patal Market Vasana),Potato,Desi,FAQ,600.0,1100.0,1000.0,27.02,1.22,24.03,30.55,85.33,2.86,11.43,1.22,27.02,2200.0,0.0,27.09,2050.0,0.0,27.12,2200.0,0.07,27.88,1950.0,0.3714285714285714,2.6,2085.714285714286,27.05857142857143,0.415,12.45,2327.9,27.345,0.0,0.0,8,233,34.0,1.0,568.8450193898649,0.05263157894736836
2023-08-22,Gujarat,ahmedabad,Ahmedabad(Chimanbhai Patal Market Vasana),Potato,Chips,FAQ,1900.0,2200.0,2050.0,27.15,0.49,24.2,30.71,84.64,2.68,11.63,1.22,27.02,3800.0,0.04,27.07,4150.0,0.0,27.12,900.0,0.1,27.92,6750.0,0.7785714285714285,5.449999999999999,2000.0,27.052857142857142,0.5026666666666667,15.08,2266.233333333333,27.25933333333333,0.0,0.0,8,234,34.0,1.0,591.6415152266466,1.0499999999999998
2023-08-23,Gujarat,ahmedabad,Ahmedabad(Chimanbhai Patal Market Vasana),Potato,Chips,FAQ,1800.0,2100.0,2050.0,27.53,0.09,24.28,32.47,83.04,3.37,14.61,0.09,27.53,2150.0,0.49,27.15,2050.0,0.04,27.07,4150.0,1.12,27.66,6200.0,0.3757142857142857,2.63,2278.5714285714284,27.25857142857143,0.431,12.93,2227.9,27.139666666666667,0.0,0.0,8,235,34.0,1.0,603.0675552460735,0.0
2023-08-24,Gujarat,ahmedabad,Ahmedabad(Chimanbhai Patal Market Vasana),Potato,Chips,FAQ,1800.0,2200.0,2050.0,27.71,0.01,24.31,32.78,80.38,3.79,14.14,0.01,27.71,2200.0,0.09,27.53,2150.0,1.22,27.02,3800.0,0.0,27.12,2200.0,0.0442857142857142,0.31,2172.8571428571427,27.632857142857144,0.2793333333333333,8.379999999999999,2181.5666666666666,27.23433333333333,1.0,0.0,8,236,34.0,1.0,603.0675552460735,0.0
2023-08-25,Gujarat,ahmedabad,Ahmedabad(Chimanbhai Patal Market Vasana),Potato,Desi,FAQ,600.0,1100.0,900.0,27.96,0.0,24.04,32.82,81.73,3.12,16.3,0.01,27.71,2500.0,0.09,27.53,2850.0,0.49,27.15,3650.0,0.0,27.12,900.0,0.0085714285714285,0.06,1951.4285714285716,27.74571428571429,0.28,8.4,2171.5666666666666,27.301666666666662,1.0,0.0,8,237,34.0,1.0,595.6189257922422,-0.5609756097560976
2023-08-26,Gujarat,ahmedabad,Ahmedabad(Chimanbhai Patal Market Vasana),Potato,Desi,FAQ,600.0,1100.0,900.0,28.04,0.07,24.7,32.49,81.87,3.01,17.91,0.07,28.04,2200.0,0.0,27.96,2450.0,0.01,27.71,2505.0,0.04,27.07,900.0,0.02,0.14,2090.0,27.982857142857146,0.2806666666666667,8.42,2119.6666666666665,27.541,1.0,0.0,8,238,34.0,1.0,595.6189257922422,0.0
2023-08-27,,,,,,,,,1450.0,,,,,,,,,,,,,,,,,,,,,,,,,,,,,,8,239,,,559.5491382311637,0.6111111111111112
2023-08-28,Gujarat,ahmedabad,Ahmedabad(Chimanbhai Patal Market Vasana),Potato,Chips,FAQ,1600.0,2200.0,2000.0,27.46,0.0,23.32,32.62,80.49,3.38,15.11,0.0,27.46,2510.0,0.07,28.04,2620.0,0.0,27.96,2200.0,0.49,27.15,2490.0,0.0214285714285714,0.15,2372.8571428571427,27.62857142857143,0.061,1.83,2111.0,27.732000000000003,1.0,0.0,8,240,35.0,1.0,542.2615780669133,0.3793103448275863
2023-08-29,Gujarat,ahmedabad,Ahmedabad(Chimanbhai Patal Market Vasana),Potato,Chips,FAQ,1800.0,2200.0,2050.0,27.61,0.0,22.88,32.62,80.29,2.29,15.29,0.0,27.46,950.0,0.01,27.48,2340.0,0.0,27.96,2500.0,0.09,27.53,2150.0,0.0,0.0,2137.8571428571427,27.481428571428573,0.0253333333333333,0.76,2114.0,27.755333333333336,1.0,0.0,8,241,35.0,1.0,542.2615780669133,0.02499999999999991
2023-08-30,,,,,,,,,1475.0,,,,,,,,,,,,,,,,,,,,,,,,,,,,,,8,242,,,510.39783735920383,-0.2804878048780488
2023-08-31,Gujarat,ahmedabad,Ahmedabad(Chimanbhai Patal Market Vasana),Potato,Desi,FAQ,500.0,1100.0,900.0,28.27,0.0,24.46,33.02,78.06,1.68,20.57,0.0,28.27,2150.0,0.0,27.61,2240.0,0.0,27.46,2605.0,0.01,27.71,2500.0,0.0,0.0,1940.7142857142856,27.987142857142857,0.0143333333333333,0.43,2104.6666666666665,27.831333333333337,1.0,0.0,8,243,35.0,1.0,506.35838052095994,-0.38983050847457623
2023-09-01,Gujarat,ahmedabad,Ahmedabad(Chimanbhai Patal Market Vasana),Potato,Chips,FAQ,1800.0,2200.0,2050.0,28.36,0.0,23.64,33.3,74.88,1.29,22.93,0.0,28.36,2150.0,0.0,28.27,900.0,0.0,27.61,2240.0,0.0,27.96,2500.0,0.0,0.0,2202.8571428571427,28.33428571428572,0.0143333333333333,0.43,2122.6666666666665,27.918666666666663,1.0,0.0,9,244,35.0,1.0,510.39783735920383,1.2777777777777777
2023-09-02,Gujarat,ahmedabad,Ahmedabad(Chimanbhai Patal Market Vasana),Potato,Chips,FAQ,1700.0,2200.0,2000.0,28.17,0.0,22.57,33.29,75.94,1.35,23.27,0.0,28.17,2250.0,0.0,28.36,2240.0,0.0,28.27,2050.0,0.0,27.46,2150.0,0.0,0.0,2003.571428571429,28.224285714285717,0.0,0.0,2094.333333333333,28.01033333333333,1.0,0.0,9,245,35.0,1.0,443.1018908945049,-0.024390243902439046
2023-09-03,,,,,,,,,1450.0,,,,,,,,,,,,,,,,,,,,,,,,,,,,,,9,246,,,443.1018908945049,-0.275
2023-09-04,Gujarat,ahmedabad,Ahmedabad(Chimanbhai Patal Market Vasana),Potato,Desi,FAQ,600.0,1100.0,900.0,28.12,0.0,22.86,32.96,72.0,1.94,23.92,0.0,28.12,1800.0,0.0,28.17,1950.0,0.0,28.36,2150.0,0.0,27.46,950.0,0.0,0.0,1815.7142857142856,28.15571428571429,0.0,0.0,2017.5,28.125333333333334,1.0,0.0,9,247,36.0,1.0,510.39783735920383,-0.3793103448275862
2023-09-05,Gujarat,ahmedabad,Ahmedabad(Chimanbhai Patal Market Vasana),Potato,Desi,FAQ,500.0,1100.0,900.0,28.47,0.0,23.09,33.95,71.89,1.97,23.23,0.0,28.47,2540.0,0.0,28.12,900.0,0.0,28.17,1950.0,0.0,28.27,2350.0,0.0,0.0,2040.7142857142856,28.32,0.0,0.0,1998.6666666666667,28.269,1.0,0.0,9,248,36.0,1.0,506.35838052095994,0.0
2023-09-06,Gujarat,ahmedabad,Ahmedabad(Chimanbhai Patal Market Vasana),Potato,Chips,FAQ,1800.0,2200.0,2050.0,29.34,0.89,24.28,35.05,74.72,2.96,22.44,0.89,29.34,1250.0,0.0,28.47,2250.0,0.0,28.17,2610.0,0.0,28.27,2600.0,0.2542857142857143,1.78,1741.428571428571,28.71857142857143,0.0593333333333333,1.78,1951.0,28.360333333333337,1.0,0.0,9,249,36.0,1.0,566.9467095138406,1.2777777777777777
2023-09-07,,,,,,,,,1475.0,,,,,,,,,,,,,,,,,,,,,,,,,,,,,,9,250,,,510.3978373592038,-0.2804878048780488
2023-09-08,Gujarat,ahmedabad,Ahmedabad(Chimanbhai Patal Market Vasana),Potato,Desi,FAQ,500.0,1100.0,900.0,29.75,10.09,25.8,34.67,75.42,3.23,17.67,10.09,29.75,1150.0,0.0,28.47,1700.0,0.0,28.12,1900.0,0.0,28.36,2050.0,3.518571428571428,24.63,1507.142857142857,29.457142857142856,0.821,24.63,1833.6666666666667,28.551,0.0,0.0,9,251,36.0,1.0,506.3583805209598,-0.38983050847457623
2023-09-09,Gujarat,ahmedabad,Ahmedabad(Chimanbhai Patal Market Vasana),Potato,Chips,FAQ,1600.0,2200.0,1950.0,28.96,4.11,25.37,34.87,76.25,3.34,19.7,4.11,28.96,2200.0,0.89,29.34,900.0,0.0,28.47,1850.0,0.0,28.17,1850.0,8.38142857142857,58.67,1742.857142857143,29.52428571428572,2.104,63.12,1836.5,28.742666666666665,0.0,0.0,9,252,36.0,1.0,496.44570028688224,1.1666666666666665
2023-09-10,,,,,,,,,1900.0,,,,,,,,,,,,,,,,,,,,,,,,,,,,,,9,253,,,535.3848193233578,-0.02564102564102566
2023-09-11,Gujarat,ahmedabad,Ahmedabad(Chimanbhai Patal Market Vasana),Potato,Chips,FAQ,1600.0,2000.0,1850.0,28.39,7.43,23.87,34.6,76.51,3.15,21.65,7.43,28.39,1850.0,4.11,28.96,1050.0,10.09,29.75,1150.0,0.0,28.12,900.0,6.481428571428572,45.370000000000005,1710.7142857142858,28.552857142857142,3.753333333333333,112.6,1782.0,28.861666666666668,0.0,0.0,9,254,37.0,1.0,494.7642536265796,-0.02631578947368418
2023-09-12,Gujarat,ahmedabad,Ahmedabad(Chimanbhai Patal Market Vasana),Potato,Chips,FAQ,1600.0,2000.0,1850.0,28.38,0.0,23.8,33.56,75.8,2.46,19.71,0.0,28.38,1050.0,7.43,28.39,2375.0,10.09,29.75,1850.0,0.0,28.12,1900.0,5.307142857142857,37.15,1542.857142857143,28.38714285714285,4.001,120.03,1707.0,28.888,0.0,0.0,9,255,37.0,1.0,399.962795888865,0.0
2023-09-13,Gujarat,ahmedabad,Ahmedabad(Chimanbhai Patal Market Vasana),Potato,Chips,FAQ,1600.0,2000.0,1850.0,28.66,0.0,24.35,33.77,74.39,2.17,15.56,0.0,28.66,2200.0,7.43,28.39,950.0,4.11,28.96,900.0,0.0,28.47,1850.0,0.0,0.0,1700.0,28.5,4.001,120.03,1672.5,28.901,0.0,0.0,9,256,37.0,1.0,378.2399716984919,0.0
2023-09-14,Gujarat,ahmedabad,Ahmedabad(Chimanbhai Patal Market Vasana),Potato,Chips,FAQ,1800.0,2000.0,1950.0,28.17,0.19,25.02,31.92,76.06,1.67,15.45,0.0,28.66,900.0,0.0,28.38,1850.0,7.43,28.39,2375.0,0.0,28.47,1700.0,0.0271428571428571,0.19,1692.857142857143,28.51,4.007333333333333,120.22,1647.5,28.897333333333336,0.0,0.0,9,257,37.0,1.0,377.4917217635372,0.054054054054053946
2023-09-15,Gujarat,ahmedabad,Ahmedabad(Chimanbhai Patal Market Vasana),Potato,Chips,FAQ,1500.0,2000.0,1850.0,26.49,4.13,24.05,29.08,84.98,2.4,12.37,4.13,26.49,700.0,0.0,28.66,900.0,0.0,28.38,1050.0,10.09,29.75,1150.0,1.3157142857142858,9.21,1485.7142857142858,27.69,3.823333333333333,114.7,1607.5,28.537666666666667,0.0,0.0,9,258,37.0,1.0,47.5594865605655,-0.05128205128205132
2023-09-16,Gujarat,ahmedabad,Ahmedabad(Chimanbhai Patal Market Vasana),Potato,Chips,FAQ,1500.0,2000.0,1850.0,26.68,18.65,23.93,30.49,84.79,3.6,10.74,18.65,26.68,1850.0,4.13,26.49,1850.0,0.19,28.17,1950.0,4.11,28.96,900.0,14.501428571428573,101.51,1728.571428571429,26.625714285714285,5.451333333333333,163.54,1639.1666666666667,27.805333333333333,0.0,1.0,9,259,37.0,1.0,39.33978962347017,0.0
2023-09-17,,,,,,,,,1625.0,,,,,,,,,,,,,,,,,,,,,,,,,,,,,,9,260,,,98.65162369237869,-0.1216216216216216
2023-09-18,,,,,,,,,1400.0,,,,,,,,,,,,,,,,,,,,,,,,,,,,,,9,261,,,189.68959606984953,-0.1384615384615384
2023-09-19,,,,,,,,,1175.0,,,,,,,,,,,,,,,,,,,,,,,,,,,,,,9,262,,,287.38351677555465,-0.1607142857142857
2023-09-20,Gujarat,ahmedabad,Ahmedabad(Chimanbhai Patal Market Vasana),Potato,Desi,FAQ,700.0,1100.0,950.0,27.44,1.69,24.53,31.37,87.53,2.56,15.43,69.68,26.13,850.0,18.65,26.68,850.0,0.19,28.17,950.0,7.43,28.39,2200.0,30.807142857142857,215.65,1546.428571428571,26.63142857142857,9.894666666666666,296.84,1557.5,27.547,0.0,1.0,9,263,38.0,1.0,380.43677905421106,-0.19148936170212771
2023-09-21,Gujarat,ahmedabad,Ahmedabad(Chimanbhai Patal Market Vasana),Potato,Desi,FAQ,750.0,1100.0,950.0,27.85,1.2,24.68,31.69,87.25,1.91,20.18,1.2,27.85,1850.0,1.69,27.44,1800.0,18.65,26.68,2200.0,0.0,28.66,1850.0,1.4800000000000002,10.36,1592.857142857143,27.615714285714287,9.553333333333336,286.6,1572.5,27.327,0.0,0.0,9,264,38.0,1.0,389.711431702997,0.0
2023-09-22,Gujarat,ahmedabad,Ahmedabad(Chimanbhai Patal Market Vasana),Potato,Desi,FAQ,700.0,1100.0,950.0,28.26,0.56,25.21,32.1,85.46,1.82,19.46,1.2,27.85,2200.0,1.69,27.44,1800.0,18.65,26.68,900.0,0.0,28.66,900.0,1.1785714285714286,8.25,1578.571428571429,27.85,9.652,289.56,1574.1666666666667,27.259666666666668,0.0,0.0,9,265,38.0,1.0,364.1281171707087,0.0
2023-09-23,Gujarat,ahmedabad,Ahmedabad(Chimanbhai Patal Market Vasana),Potato,Desi,FAQ,700.0,1100.0,950.0,28.44,3.39,25.85,32.01,85.75,1.88,16.61,3.39,28.44,2050.0,0.56,28.26,950.0,1.69,27.44,1800.0,4.13,26.49,1850.0,1.772857142857143,12.41,1721.428571428571,28.337142857142855,9.758666666666668,292.76,1629.1666666666667,27.410666666666668,0.0,0.0,9,266,38.0,1.0,273.37180333227946,0.0
2023-09-24,,,,,,,,,1400.0,,,,,,,,,,,,,,,,,,,,,,,,,,,,,,9,267,,,214.01768952255102,0.4736842105263157
2023-09-25,Gujarat,ahmedabad,Ahmedabad(Chimanbhai Patal Market Vasana),Potato,Chips,FAQ,1600.0,2000.0,1850.0,28.34,1.28,24.99,31.88,82.88,1.53,17.69,1.28,28.34,2100.0,3.39,28.44,2250.0,1.2,27.85,1850.0,18.65,26.68,850.0,2.4857142857142853,17.4,1542.857142857143,28.39714285714286,8.456333333333333,253.69,1620.8333333333333,27.713,0.0,0.0,9,268,39.0,1.0,343.6931771216875,0.3214285714285714
2023-09-26,Gujarat,ahmedabad,Ahmedabad(Chimanbhai Patal Market Vasana),Potato,Chips,FAQ,1600.0,1800.0,1750.0,28.38,1.96,24.38,32.33,81.39,1.05,18.55,1.96,28.38,1050.0,3.39,28.44,950.0,0.56,28.26,1850.0,18.65,26.68,900.0,1.474285714285714,10.32,1571.428571428571,28.351428571428567,6.185666666666666,185.57,1594.1666666666667,27.937,0.0,0.0,9,269,39.0,1.0,406.6412950711505,-0.05405405405405406
2023-09-27,,,,,,,,,1483.3333333333333,,,,,,,,,,,,,,,,,,,,,,,,,,,,,,9,270,,,389.0872509976246,-0.1523809523809524
2023-09-28,,,,,,,,,1216.6666666666665,,,,,,,,,,,,,,,,,,,,,,,,,,,,,,9,271,,,357.0343750586834,-0.1797752808988765
2023-09-29,Gujarat,ahmedabad,Ahmedabad(Chimanbhai Patal Market Vasana),Potato,Desi,FAQ,700.0,1100.0,950.0,29.02,0.04,25.41,32.46,78.1,0.9,20.2,1.96,28.38,1950.0,1.28,28.34,950.0,3.39,28.44,2050.0,1.69,27.44,1800.0,1.5885714285714283,11.12,1592.857142857143,28.465714285714284,1.625,48.75,1603.3333333333333,28.171000000000003,0.0,0.0,9,272,39.0,1.0,357.0343750586834,-0.2191780821917807
2023-09-30,Gujarat,ahmedabad,Ahmedabad(Chimanbhai Patal Market Vasana),Potato,Chips,FAQ,1400.0,1800.0,1700.0,28.97,0.0,24.83,33.09,78.19,1.24,21.87,0.0,28.97,850.0,0.04,29.02,950.0,1.28,28.34,950.0,1.2,27.85,950.0,0.0285714285714285,0.2,1705.0,29.005714285714284,1.286333333333333,38.59,1629.5,28.49533333333333,0.0,0.0,9,273,39.0,1.0,320.1148933953943,0.7894736842105263
2023-10-01,,,,,,,,,1700.0,,,,,,,,,,,,,,,,,,,,,,,,,,,,,,10,274,,,327.83158019560085,0.0
2023-10-02,,,,,,,,,1700.0,,,,,,,,,,,,,,,,,,,,,,,,,,,,,,10,275,,,307.0167084366239,0.0
2023-10-03,Gujarat,ahmedabad,Ahmedabad(Chimanbhai Patal Market Vasana),Potato,Chips,FAQ,1500.0,1800.0,1700.0,26.58,0.0,19.65,32.19,64.31,1.53,23.02,0.0,26.58,1250.0,0.0,28.97,1700.0,0.04,29.02,950.0,0.56,28.26,900.0,0.0,0.0,1797.142857142857,27.848571428571425,1.113,33.39,1655.5,28.426666666666662,0.0,0.0,10,276,40.0,0.0,300.7486250171979,0.0
2023-10-04,Gujarat,ahmedabad,Ahmedabad(Chimanbhai Patal Market Vasana),Potato,Chips,FAQ,1500.0,1800.0,1700.0,25.73,0.0,19.47,31.87,72.99,1.61,22.98,0.0,25.73,2570.0,0.0,26.58,1250.0,0.0,28.97,850.0,1.28,28.34,1050.0,0.0,0.0,1877.857142857143,26.094285714285714,0.5053333333333333,15.16,1733.6666666666667,27.944666666666667,0.0,0.0,10,277,40.0,0.0,310.59339009105406,0.0
2023-10-05,Gujarat,ahmedabad,Ahmedabad(Chimanbhai Patal Market Vasana),Potato,Desi,FAQ,700.0,1100.0,950.0,25.65,0.0,19.1,31.78,72.51,1.37,23.26,0.0,25.73,2300.0,0.0,25.73,1250.0,0.0,28.97,2000.0,1.28,28.34,2250.0,0.0,0.0,1885.0,25.71857142857143,0.3346666666666666,10.04,1702.0,27.594,0.0,0.0,10,278,40.0,0.0,365.9625273556995,-0.4411764705882353
2023-10-06,Gujarat,ahmedabad,Ahmedabad(Chimanbhai Patal Market Vasana),Potato,Chips,FAQ,1200.0,1600.0,1500.0,25.77,0.0,19.18,31.79,75.49,1.45,22.74,0.0,25.77,900.0,0.0,25.65,1850.0,0.0,25.73,2570.0,0.04,29.02,2250.0,0.0,0.0,1777.142857142857,25.71857142857143,0.0026666666666666,0.08,1770.0,26.705666666666666,1.0,0.0,10,279,40.0,0.0,280.9422919899585,0.5789473684210527
2023-10-07,Gujarat,ahmedabad,Ahmedabad(Chimanbhai Patal Market Vasana),Potato,Desi,FAQ,700.0,1100.0,950.0,25.92,0.0,20.29,31.83,78.56,1.14,22.26,0.0,25.92,2505.0,0.0,25.77,2300.0,0.0,25.73,2300.0,0.0,28.97,1700.0,0.0,0.0,1586.428571428571,25.83428571428572,0.0,0.0,1769.0,26.290666666666667,1.0,0.0,10,280,40.0,0.0,354.0581066112489,-0.3666666666666667
2023-10-08,Gujarat,ahmedabad,Ahmedabad(Chimanbhai Patal Market Vasana),Potato,Desi,FAQ,700.0,1100.0,950.0,26.24,0.0,20.71,32.06,76.98,1.13,22.51,0.0,25.92,2680.0,0.0,25.92,2300.0,0.0,25.65,2300.0,0.0,26.58,2000.0,0.0,0.0,1662.142857142857,25.965714285714288,0.0,0.0,1720.6666666666667,25.895333333333333,1.0,0.0,10,281,40.0,0.0,380.7886552931948,0.0
2023-10-09,Gujarat,ahmedabad,Ahmedabad(Chimanbhai Patal Market Vasana),Potato,Other,FAQ,1200.0,1300.0,1250.0,26.51,0.0,21.2,32.46,73.83,1.38,22.01,0.0,26.24,2000.0,0.0,25.92,1600.0,0.0,25.77,900.0,0.0,26.58,2250.0,0.0,0.0,1825.7142857142856,26.187142857142856,0.0,0.0,1754.0,25.859,1.0,0.0,10,282,41.0,0.0,348.4660262185841,0.3157894736842106
2023-10-10,Gujarat,ahmedabad,Ahmedabad(Chimanbhai Patal Market Vasana),Potato,Other,FAQ,1100.0,1200.0,1150.0,25.53,0.0,20.18,31.3,77.19,1.35,21.87,0.0,26.51,2000.0,0.0,26.51,900.0,0.0,25.92,2000.0,0.0,25.65,950.0,0.0,0.0,1909.2857142857144,26.370000000000005,0.0,0.0,1748.0,26.037,1.0,0.0,10,283,41.0,0.0,297.80946289612035,-0.07999999999999996
2023-10-11,Gujarat,ahmedabad,Ahmedabad(Chimanbhai Patal Market Vasana),Potato,Chips,FAQ,1400.0,1800.0,1700.0,26.29,0.0,20.82,32.15,75.8,0.91,21.83,0.0,26.29,2050.0,0.0,25.53,1700.0,0.0,26.51,2515.0,0.0,25.77,950.0,0.0,0.0,1630.7142857142858,25.85571428571428,0.0,0.0,1764.0,26.053,1.0,0.0,10,284,41.0,0.0,297.80946289612035,0.4782608695652173
2023-10-12,Gujarat,ahmedabad,Ahmedabad(Chimanbhai Patal Market Vasana),Potato,Desi,FAQ,750.0,1100.0,1000.0,26.72,0.0,21.14,32.98,72.65,0.81,21.89,0.0,26.72,2670.0,0.0,26.29,1700.0,0.0,25.53,1700.0,0.0,25.92,2680.0,0.0,0.0,1888.571428571429,26.412857142857145,0.0,0.0,1771.8333333333333,26.168,1.0,0.0,10,285,41.0,0.0,291.13897843109953,-0.4117647058823529
2023-10-13,Gujarat,ahmedabad,Ahmedabad(Chimanbhai Patal Market Vasana),Potato,Chips,FAQ,1500.0,1800.0,1700.0,27.65,0.0,22.6,33.54,68.43,0.76,20.64,0.0,27.65,2650.0,0.0,26.72,2515.0,0.0,26.29,2525.0,0.0,26.51,1000.0,0.0,0.0,1874.2857142857144,27.25142857142857,0.0,0.0,1864.1666666666667,26.398000000000003,1.0,0.0,10,286,41.0,0.0,330.9438162646479,0.7
2023-10-14,Gujarat,ahmedabad,Ahmedabad(Chimanbhai Patal Market Vasana),Potato,Other,FAQ,1000.0,1300.0,1150.0,28.18,0.1,23.85,33.12,71.41,0.73,18.93,0.1,28.18,800.0,0.0,27.65,2650.0,0.0,26.72,1700.0,0.0,25.53,1700.0,0.0285714285714285,0.2,1296.428571428571,27.80142857142857,0.0066666666666666,0.2,1721.5,26.792,1.0,0.0,10,287,41.0,0.0,309.37725468153803,-0.32352941176470584
2023-10-15,,,,,,,,,1175.0,,,,,,,,,,,,,,,,,,,,,,,,,,,,,,10,288,,,280.78334301429857,0.021739130434782705
2023-10-16,Gujarat,ahmedabad,Ahmedabad(Chimanbhai Patal Market Vasana),Potato,Other,FAQ,1100.0,1300.0,1200.0,27.11,0.0,21.51,32.55,69.69,1.08,19.79,0.0,27.11,2800.0,0.1,28.18,2650.0,0.0,27.65,2525.0,0.0,26.29,2675.0,0.0571428571428571,0.4,1939.2857142857144,27.721428571428568,0.0266666666666666,0.8,1847.1666666666667,27.35333333333333,1.0,0.0,10,289,42.0,0.0,283.0005047951068,0.02127659574468077
2023-10-17,,,,,,,,,1133.3333333333333,,,,,,,,,,,,,,,,,,,,,,,,,,,,,,10,290,,,284.50388453843624,-0.05555555555555558
2023-10-18,,,,,,,,,1066.6666666666667,,,,,,,,,,,,,,,,,,,,,,,,,,,,,,10,291,,,229.22257615250064,-0.05882352941176461
2023-10-19,Gujarat,ahmedabad,Ahmedabad(Chimanbhai Patal Market Vasana),Potato,Desi,FAQ,550.0,1150.0,1000.0,26.57,0.0,20.07,33.07,63.63,1.17,20.07,0.0,26.59,800.0,0.0,27.11,1550.0,0.1,28.18,1650.0,0.0,26.72,750.0,0.0,0.0,1904.2857142857144,26.484285714285715,0.0266666666666666,0.8,1826.1666666666667,27.36733333333333,1.0,0.0,10,292,42.0,0.0,229.22257615250064,-0.06250000000000011
2023-10-20,Gujarat,ahmedabad,Ahmedabad(Chimanbhai Patal Market Vasana),Potato,Other,FAQ,1000.0,1300.0,1200.0,26.67,0.0,20.45,33.47,63.23,1.52,19.52,0.0,26.67,2650.0,0.0,26.57,1150.0,0.0,26.28,3000.0,0.0,27.65,1200.0,0.0,0.0,2392.8571428571427,26.612857142857145,0.0266666666666666,0.8,1966.3333333333333,27.079333333333334,1.0,0.0,10,293,42.0,0.0,74.29118315237316,0.19999999999999996
2023-10-21,Gujarat,ahmedabad,Ahmedabad(Chimanbhai Patal Market Vasana),Potato,Other,FAQ,1000.0,1200.0,1100.0,27.07,0.0,20.97,33.98,63.77,1.51,18.52,0.0,27.07,2650.0,0.0,26.67,950.0,0.0,26.57,2675.0,0.1,28.18,2525.0,0.0,0.0,2128.5714285714284,27.01285714285714,0.0,0.0,2009.3333333333333,26.756666666666668,1.0,0.0,10,294,42.0,0.0,74.6907203319346,-0.08333333333333337
2023-10-22,,,,,,,,,1025.0,,,,,,,,,,,,,,,,,,,,,,,,,,,,,,10,295,,,79.32836452359898,-0.06818181818181823
2023-10-23,Gujarat,ahmedabad,Ahmedabad(Chimanbhai Patal Market Vasana),Potato,Desi,FAQ,750.0,1100.0,950.0,26.91,0.0,20.16,34.48,55.63,1.46,18.06,0.0,27.07,900.0,0.0,27.07,2550.0,0.0,26.67,3300.0,0.0,27.11,1250.0,0.0,0.0,1685.7142857142858,27.047142857142852,0.0,0.0,1916.0,26.746,1.0,0.0,10,296,43.0,0.0,84.76937277605735,-0.07317073170731703
2023-10-24,,,,,,,,,1075.0,,,,,,,,,,,,,,,,,,,,,,,,,,,,,,10,297,,,79.9925591777707,0.13157894736842102
2023-10-25,Gujarat,ahmedabad,Ahmedabad(Chimanbhai Patal Market Vasana),Potato,Other,FAQ,1000.0,1300.0,1200.0,26.77,0.0,19.5,34.11,52.43,1.42,19.36,0.0,26.91,2705.0,0.0,26.91,2555.0,0.0,27.07,3300.0,0.0,26.57,1000.0,0.0,0.0,2093.5714285714284,26.89,0.0,0.0,1993.6666666666667,26.834000000000003,1.0,0.0,10,298,43.0,0.0,96.2078602867353,0.11627906976744184
2023-10-26,Gujarat,ahmedabad,Ahmedabad(Chimanbhai Patal Market Vasana),Potato,Desi,FAQ,700.0,1200.0,1050.0,27.72,0.0,21.95,34.59,45.29,0.83,19.27,0.0,27.72,2555.0,0.0,26.77,1600.0,0.0,26.91,1150.0,0.0,26.67,3300.0,0.0,0.0,2643.5714285714284,27.17714285714285,0.0,0.0,2058.833333333333,26.979,1.0,0.0,10,299,43.0,0.0,91.12393444409113,-0.125
2023-10-27,Gujarat,ahmedabad,Ahmedabad(Chimanbhai Patal Market Vasana),Potato,Desi,FAQ,700.0,1200.0,1050.0,28.23,0.0,22.28,34.55,40.79,0.74,20.14,0.0,28.23,1950.0,0.0,27.72,1600.0,0.0,26.77,3750.0,0.0,27.07,3300.0,0.0,0.0,2158.5714285714284,27.93857142857143,0.0,0.0,2084.1666666666665,27.256666666666668,1.0,0.0,10,300,43.0,0.0,76.18117502750304,0.0
2023-10-28,Gujarat,ahmedabad,Ahmedabad(Chimanbhai Patal Market Vasana),Potato,Other,FAQ,1000.0,1300.0,1200.0,26.51,0.0,18.34,34.19,50.11,1.2,17.44,0.0,28.23,2750.0,0.0,28.23,1950.0,0.0,27.72,1050.0,0.0,26.91,950.0,0.0,0.0,2514.285714285714,27.98428571428571,0.0,0.0,2352.5,27.436666666666664,1.0,0.0,10,301,43.0,0.0,91.77482796289326,0.1428571428571428
2023-10-29,,,,,,,,,1325.0,,,,,,,,,,,,,,,,,,,,,,,,,,,,,,10,302,,,126.18486061179684,0.10416666666666674
2023-10-30,Gujarat,ahmedabad,Ahmedabad(Chimanbhai Patal Market Vasana),Potato,Chips,FAQ,1200.0,1600.0,1450.0,26.36,0.0,20.26,33.99,53.91,1.69,18.38,0.0,26.51,1400.0,0.0,28.23,2750.0,0.0,28.23,2555.0,0.0,26.91,1250.0,0.0,0.0,2242.8571428571427,26.48857142857143,0.0,0.0,2392.333333333333,27.35166666666667,1.0,0.0,10,303,44.0,0.0,151.8732240734872,0.09433962264150941
2023-10-31,,,,,,,,,1500.0,,,,,,,,,,,,,,,,,,,,,,,,,,,,,,10,304,,,179.36727418238382,0.034482758620689724
2023-11-01,Gujarat,ahmedabad,Ahmedabad(Chimanbhai Patal Market Vasana),Potato,Chips,FAQ,1200.0,1800.0,1550.0,26.26,0.0,19.8,33.95,58.89,1.52,17.63,0.0,26.36,4950.0,0.0,26.36,1200.0,0.0,26.51,1200.0,0.0,27.72,4800.0,0.0,0.0,2619.285714285714,26.345714285714287,0.0,0.0,2363.333333333333,27.20266666666667,1.0,0.0,11,305,44.0,0.0,208.38094694001757,0.03333333333333344
2023-11-02,Gujarat,ahmedabad,Ahmedabad(Chimanbhai Patal Market Vasana),Potato,Other,FAQ,1000.0,1300.0,1150.0,26.69,0.0,19.28,33.81,54.25,1.31,17.56,0.0,26.69,2050.0,0.0,26.26,4150.0,0.0,26.36,950.0,0.0,28.23,1950.0,0.0,0.0,2422.1428571428573,26.44428571428572,0.0,0.0,2463.0,26.773666666666667,1.0,0.0,11,306,44.0,0.0,190.7847203625303,-0.25806451612903225
2023-11-03,Gujarat,ahmedabad,Ahmedabad(Chimanbhai Patal Market Vasana),Potato,Desi,FAQ,600.0,1150.0,950.0,27.5,0.0,19.85,33.93,45.6,0.87,16.93,0.0,27.5,2610.0,0.0,26.69,1000.0,0.0,26.26,4750.0,0.0,26.51,1600.0,0.0,0.0,2882.1428571428573,27.037142857142857,0.0,0.0,2478.1666666666665,26.564666666666664,1.0,0.0,11,307,44.0,0.0,216.23124746657624,-0.17391304347826086
2023-11-04,Gujarat,ahmedabad,Ahmedabad(Chimanbhai Patal Market Vasana),Potato,Desi,FAQ,700.0,1150.0,950.0,27.24,0.0,20.74,34.52,44.58,1.22,15.88,0.0,27.5,1550.0,0.0,27.5,3850.0,0.0,26.69,1150.0,0.0,26.36,1200.0,0.0,0.0,1880.0,27.462857142857143,0.0,0.0,2489.833333333333,26.731,1.0,0.0,11,308,44.0,0.0,253.60496089484437,0.0
2023-11-05,,,,,,,,,1200.0,,,,,,,,,,,,,,,,,,,,,,,,,,,,,,11,309,,,253.3114025595098,0.26315789473684204
2023-11-06,Gujarat,ahmedabad,Ahmedabad(Chimanbhai Patal Market Vasana),Potato,Chips,FAQ,1000.0,1700.0,1450.0,25.56,0.0,20.19,33.4,51.23,1.7,14.01,0.0,25.56,3850.0,0.0,27.24,950.0,0.0,27.5,3850.0,0.0,26.26,1550.0,0.0,0.0,2557.1428571428573,26.76,0.0,0.0,2475.333333333333,26.82766666666667,1.0,0.0,11,310,45.0,0.0,253.3114025595098,0.20833333333333326
2023-11-07,Gujarat,ahmedabad,Ahmedabad(Chimanbhai Patal Market Vasana),Potato,Desi,FAQ,600.0,1100.0,900.0,25.52,0.0,18.49,33.51,49.61,1.6,15.92,0.0,25.52,2855.0,0.0,25.56,1450.0,0.0,27.24,950.0,0.0,26.69,2670.0,0.0,0.0,1843.571428571429,25.54285714285714,0.0,0.0,2270.333333333333,26.646,1.0,0.0,11,311,45.0,0.0,256.1156732713511,-0.3793103448275862
2023-11-08,Gujarat,ahmedabad,Ahmedabad(Chimanbhai Patal Market Vasana),Potato,Desi,FAQ,600.0,1150.0,950.0,25.81,0.0,18.47,33.5,49.74,1.53,16.19,0.0,25.52,3800.0,0.0,25.52,2855.0,0.0,25.56,3850.0,0.0,26.69,4500.0,0.0,0.0,1835.7142857142856,25.56142857142857,0.0,0.0,2216.0,26.421666666666667,1.0,0.0,11,312,45.0,0.0,199.70215917949358,0.05555555555555558
2023-11-09,Gujarat,ahmedabad,Ahmedabad(Chimanbhai Patal Market Vasana),Potato,Desi,FAQ,700.0,1100.0,950.0,26.36,0.0,18.59,34.09,48.86,1.14,14.82,0.0,26.36,3900.0,0.0,25.81,2705.0,0.0,25.52,1150.0,0.0,27.24,950.0,0.0,0.0,2427.1428571428573,25.967142857142854,0.0,0.0,2215.833333333333,25.957666666666668,1.0,0.0,11,313,45.0,0.0,202.07259421636758,0.0
2023-11-10,Gujarat,ahmedabad,Ahmedabad(Chimanbhai Patal Market Vasana),Potato,Chips,FAQ,900.0,1700.0,1450.0,26.56,0.0,19.53,33.94,49.27,1.0,15.68,0.0,26.36,2825.0,0.0,26.36,950.0,0.0,25.81,2705.0,0.0,25.56,1450.0,0.0,0.0,2014.2857142857144,26.388571428571428,0.0,0.0,2089.1666666666665,25.870999999999995,1.0,0.0,11,314,45.0,0.0,244.70584868562457,0.5263157894736843
2023-11-11,Gujarat,ahmedabad,Ahmedabad(Chimanbhai Patal Market Vasana),Potato,Chips,FAQ,900.0,1700.0,1450.0,25.53,0.0,19.57,34.08,44.98,1.75,18.57,0.0,25.53,3850.0,0.0,26.56,950.0,0.0,26.36,1200.0,0.0,25.52,1150.0,0.0,0.0,2871.428571428572,26.118571428571425,0.0,0.0,2322.333333333333,26.040000000000003,1.0,0.0,11,315,45.0,0.0,258.8895701333078,0.0
2023-11-12,,,,,,,,,1370.0,,,,,,,,,,,,,,,,,,,,,,,,,,,,,,11,316,,,267.50166888664864,-0.05517241379310345
2023-11-13,,,,,,,,,1290.0,,,,,,,,,,,,,,,,,,,,,,,,,,,,,,11,317,,,250.5897805083788,-0.058394160583941646
2023-11-14,,,,,,,,,1210.0,,,,,,,,,,,,,,,,,,,,,,,,,,,,,,11,318,,,214.74237056129624,-0.06201550387596899
2023-11-15,,,,,,,,,1130.0,,,,,,,,,,,,,,,,,,,,,,,,,,,,,,11,319,,,182.83482006601145,-0.06611570247933884
2023-11-16,Gujarat,ahmedabad,Ahmedabad(Chimanbhai Patal Market Vasana),Potato,Desi,FAQ,800.0,1200.0,1050.0,22.81,0.0,15.73,32.21,48.08,1.96,15.02,0.0,25.53,1200.0,0.0,26.56,1200.0,0.0,26.36,2675.0,0.0,25.52,3800.0,0.0,0.0,1978.571428571429,25.141428571428573,0.0,0.0,2137.333333333333,25.950666666666667,1.0,0.0,11,320,46.0,0.0,156.14401167176322,-0.07079646017699115
2023-11-17,Gujarat,ahmedabad,Ahmedabad(Chimanbhai Patal Market Vasana),Potato,Other,FAQ,1000.0,1400.0,1250.0,21.99,0.0,14.92,30.83,50.77,2.05,14.1,0.0,22.81,4400.0,0.0,25.53,1200.0,0.0,26.56,3900.0,0.0,25.81,3100.0,0.0,0.0,2114.285714285714,22.692857142857143,0.0,0.0,2106.333333333333,25.32333333333333,1.0,0.0,11,321,46.0,0.0,136.62601021279235,0.19047619047619047
2023-11-18,Gujarat,ahmedabad,Ahmedabad(Chimanbhai Patal Market Vasana),Potato,Chips,FAQ,800.0,1600.0,1400.0,22.16,0.0,15.5,30.66,51.71,1.82,14.02,0.0,21.99,4300.0,0.0,22.81,4400.0,0.0,25.53,1100.0,0.0,26.36,1200.0,0.0,0.0,2071.428571428572,22.014285714285712,0.0,0.0,2175.0,24.51,1.0,0.0,11,322,46.0,0.0,125.26163095886774,0.1200000000000001
2023-11-19,,,,,,,,,1250.0,,,,,,,,,,,,,,,,,,,,,,,,,,,,,,11,323,,,112.52512946850655,-0.1071428571428571
2023-11-20,Gujarat,ahmedabad,Ahmedabad(Chimanbhai Patal Market Vasana),Potato,Jalander,FAQ,1000.0,1200.0,1100.0,24.86,0.0,18.5,32.98,56.72,1.57,13.12,0.0,24.86,2705.0,0.0,22.16,1200.0,0.0,21.99,1050.0,0.0,26.56,3900.0,0.0,0.0,3254.285714285714,24.088571428571424,0.0,0.0,2272.6666666666665,23.526666666666667,1.0,0.0,11,324,47.0,0.0,117.25024114098224,-0.12
2023-11-21,Gujarat,ahmedabad,Ahmedabad(Chimanbhai Patal Market Vasana),Potato,Desi,FAQ,600.0,1200.0,1000.0,24.92,0.0,19.25,32.98,53.49,1.85,13.33,0.0,24.92,2740.0,0.0,24.86,2525.0,0.0,22.16,1100.0,0.0,25.53,950.0,0.0,0.0,1577.857142857143,24.87714285714286,0.0,0.0,2124.0,23.384666666666664,1.0,0.0,11,325,47.0,0.0,138.73578863299306,-0.09090909090909094
2023-11-22,Gujarat,ahmedabad,Ahmedabad(Chimanbhai Patal Market Vasana),Potato,Other,FAQ,1000.0,1300.0,1200.0,23.6,0.0,16.52,32.12,47.17,1.26,14.46,0.0,23.6,2525.0,0.0,24.92,1200.0,0.0,24.86,2705.0,0.0,22.81,4400.0,0.0,0.0,2346.428571428572,24.542857142857144,0.0,0.0,2183.1666666666665,23.678,1.0,0.0,11,326,47.0,0.0,138.0131118684689,0.19999999999999996
2023-11-23,Gujarat,ahmedabad,Ahmedabad(Chimanbhai Patal Market Vasana),Potato,Jalander,FAQ,1000.0,1600.0,1400.0,22.75,0.0,15.62,31.39,44.58,1.33,15.95,0.0,22.75,4050.0,0.0,23.6,1250.0,0.0,24.92,1650.0,0.0,22.16,1100.0,0.0,0.0,2571.428571428572,23.235714285714288,0.0,0.0,2304.833333333333,24.011000000000003,1.0,0.0,11,327,47.0,0.0,146.7910727790299,0.16666666666666674
2023-11-24,Gujarat,ahmedabad,Ahmedabad(Chimanbhai Patal Market Vasana),Potato,Other,FAQ,1000.0,1300.0,1200.0,23.08,0.0,16.71,32.03,46.51,2.36,14.99,0.0,23.08,3450.0,0.0,22.75,1400.0,0.0,23.6,1250.0,0.0,24.86,2525.0,0.0,0.0,2040.0,22.844285714285714,0.0,0.0,2073.333333333333,23.900666666666663,1.0,0.0,11,328,47.0,0.0,146.79107277902992,-0.1428571428571429
2023-11-25,Gujarat,ahmedabad,Ahmedabad(Chimanbhai Patal Market Vasana),Potato,Chips,FAQ,800.0,1600.0,1400.0,23.96,0.0,17.88,31.19,50.5,2.7,13.23,0.0,23.96,3450.0,0.0,23.08,3100.0,0.0,22.75,950.0,0.0,24.92,1650.0,0.0,0.0,2318.5714285714284,23.457142857142856,0.0,0.0,2306.1666666666665,23.446666666666665,1.0,0.0,11,329,47.0,0.0,146.79107277902992,0.16666666666666674
2023-11-26,,,,,,,,,1266.6666666666667,,,,,,,,,,,,,,,,,,,,,,,,,,,,,,11,330,,,147.46535778287438,-0.09523809523809523
2023-11-27,,,,,,,,,1133.3333333333333,,,,,,,,,,,,,,,,,,,,,,,,,,,,,,11,331,,,143.27979804948055,-0.10526315789473695
2023-11-28,Gujarat,ahmedabad,Ahmedabad(Chimanbhai Patal Market Vasana),Potato,Desi,FAQ,600.0,1200.0,1000.0,20.18,0.0,13.7,27.32,68.36,1.69,14.11,0.0,23.96,1000.0,0.0,23.08,1350.0,0.0,23.08,3450.0,0.0,24.92,3350.0,0.0,0.0,1907.142857142857,23.42,0.0,0.0,2089.5,23.192666666666664,1.0,0.0,11,332,48.0,0.0,143.27979804948055,-0.11764705882352933
2023-11-29,Gujarat,ahmedabad,Ahmedabad(Chimanbhai Patal Market Vasana),Potato,Jalander,FAQ,800.0,1600.0,1350.0,20.61,0.0,14.1,28.4,65.64,1.68,15.36,0.0,20.18,1450.0,0.0,23.96,1000.0,0.0,23.08,2400.0,0.0,23.6,1000.0,0.0,0.0,2042.857142857143,20.24142857142857,0.0,0.0,2078.6666666666665,22.523000000000003,1.0,0.0,11,333,48.0,0.0,149.3814406638729,0.3500000000000001
2023-11-30,Gujarat,ahmedabad,Ahmedabad(Chimanbhai Patal Market Vasana),Potato,Other,FAQ,1000.0,1800.0,1450.0,21.57,0.0,15.15,29.33,59.52,1.56,15.01,0.0,20.61,4000.0,0.0,20.18,1450.0,0.0,23.96,1250.0,0.0,22.75,950.0,0.0,0.0,2185.714285714286,20.74714285714285,0.0,0.0,2152.0,22.098666666666663,1.0,0.0,11,334,48.0,0.0,158.6567290472012,0.07407407407407418
2023-12-01,Gujarat,ahmedabad,Ahmedabad(Chimanbhai Patal Market Vasana),Potato,Chips,FAQ,800.0,1700.0,1450.0,22.96,0.0,17.18,29.52,66.85,2.43,12.08,0.0,22.96,3400.0,0.0,21.57,1200.0,0.0,20.61,1350.0,0.0,23.08,2400.0,0.0,0.0,2735.714285714286,21.967142857142857,0.0,0.0,2215.5,21.721,1.0,0.0,12,335,48.0,0.0,171.28521342668083,0.0
2023-12-02,Gujarat,ahmedabad,Ahmedabad(Chimanbhai Patal Market Vasana),Potato,Desi,FAQ,900.0,1600.0,1400.0,23.93,0.11,18.97,30.44,66.85,2.92,12.13,0.11,23.93,2500.0,0.0,22.96,1450.0,0.0,21.57,1200.0,0.0,23.96,1000.0,0.0471428571428571,0.33,2100.0,23.375714285714285,0.011,0.33,2248.833333333333,21.614,1.0,0.0,12,336,48.0,0.0,171.28521342668083,-0.03448275862068961
2023-12-03,,,,,,,,,1325.0,,,,,,,,,,,,,,,,,,,,,,,,,,,,,,12,337,,,171.2176281533985,-0.0535714285714286
2023-12-04,Gujarat,ahmedabad,Ahmedabad(Chimanbhai Patal Market Vasana),Potato,Desi,FAQ,700.0,1500.0,1250.0,23.11,0.33,19.12,29.62,69.38,2.39,12.79,0.33,23.11,3950.0,0.11,23.93,1400.0,0.0,22.96,1450.0,0.0,20.61,1350.0,0.1728571428571428,1.21,2251.428571428572,23.695714285714285,0.0513333333333333,1.54,2297.5,22.42,1.0,0.0,12,338,49.0,0.0,157.26456325931176,-0.05660377358490565
2023-12-05,Gujarat,ahmedabad,Ahmedabad(Chimanbhai Patal Market Vasana),Potato,Desi,FAQ,700.0,1600.0,1350.0,21.32,0.0,15.54,29.18,60.26,2.57,15.45,0.33,23.11,2705.0,0.33,23.11,1250.0,0.11,23.93,1400.0,0.0,21.57,2715.0,0.2828571428571428,1.98,1943.571428571429,22.854285714285712,0.1173333333333333,3.52,2195.5,22.879666666666665,1.0,0.0,12,339,49.0,0.0,71.75520555199202,0.08000000000000007
2023-12-06,Gujarat,ahmedabad,Ahmedabad(Chimanbhai Patal Market Vasana),Potato,Jalander,FAQ,1000.0,1300.0,1200.0,21.92,0.0,16.58,29.07,58.61,2.62,13.86,0.0,21.32,1150.0,0.33,23.11,2705.0,0.33,23.11,3950.0,0.0,21.57,2500.0,0.0,0.0,1921.4285714285716,21.40571428571429,0.1173333333333333,3.52,2158.833333333333,22.849666666666668,1.0,0.0,12,340,49.0,0.0,96.20786028673295,-0.11111111111111116
2023-12-07,Gujarat,ahmedabad,Ahmedabad(Chimanbhai Patal Market Vasana),Potato,Chips,FAQ,400.0,2200.0,1700.0,21.4,0.0,16.16,28.08,62.0,2.19,12.93,0.0,21.92,1400.0,0.0,21.92,1450.0,0.0,21.32,1350.0,0.11,23.93,3100.0,0.0,0.0,2367.8571428571427,21.845714285714287,0.1136666666666666,3.41,2113.0,22.569,1.0,0.0,12,341,49.0,0.0,163.75431655524463,0.41666666666666674
2023-12-08,Gujarat,ahmedabad,Ahmedabad(Chimanbhai Patal Market Vasana),Potato,Desi,FAQ,800.0,1500.0,1350.0,21.68,0.0,15.8,29.08,63.72,1.66,13.82,0.0,21.4,1400.0,0.0,21.92,1400.0,0.0,21.92,1200.0,0.11,23.93,1150.0,0.0,0.0,1964.2857142857144,21.44,0.0916666666666666,2.75,2159.333333333333,22.072333333333336,1.0,0.0,12,342,49.0,0.0,161.18977280566517,-0.20588235294117652
2023-12-09,Gujarat,ahmedabad,Ahmedabad(Chimanbhai Patal Market Vasana),Potato,Desi,FAQ,600.0,1250.0,1050.0,21.29,0.0,15.42,29.03,55.21,1.32,15.44,0.0,21.68,2670.0,0.0,21.68,1200.0,0.0,21.4,1700.0,0.33,23.11,3000.0,0.0,0.0,2284.285714285714,21.624285714285715,0.011,0.33,2114.0,21.650666666666663,1.0,0.0,12,343,49.0,0.0,199.32923231965268,-0.2222222222222222
2023-12-10,,,,,,,,,1100.0,,,,,,,,,,,,,,,,,,,,,,,,,,,,,,12,344,,,215.47290184283202,0.04761904761904767
2023-12-11,Gujarat,ahmedabad,Ahmedabad(Chimanbhai Patal Market Vasana),Potato,Jalander,FAQ,800.0,1300.0,1150.0,20.03,0.0,13.09,29.15,52.62,1.37,16.04,0.0,21.29,2450.0,0.0,21.29,3900.0,0.0,21.68,1300.0,0.0,21.92,1200.0,0.0,0.0,1850.7142857142856,21.11,0.0,0.0,2137.333333333333,21.521,1.0,0.0,12,345,50.0,0.0,221.46697055682677,0.045454545454545414
2023-12-12,Gujarat,ahmedabad,Ahmedabad(Chimanbhai Patal Market Vasana),Potato,Desi,FAQ,700.0,1600.0,1350.0,19.91,0.0,12.89,29.3,46.42,1.34,15.45,0.0,20.03,1350.0,0.0,21.29,2450.0,0.0,21.29,1050.0,0.0,21.92,1350.0,0.0,0.0,1714.2857142857142,20.012857142857143,0.0,0.0,2001.5,21.139,1.0,0.0,12,346,50.0,0.0,221.46697055682677,0.17391304347826098
2023-12-13,Gujarat,ahmedabad,Ahmedabad(Chimanbhai Patal Market Vasana),Potato,Other,FAQ,800.0,1500.0,1200.0,20.33,0.0,13.1,29.63,49.14,1.67,15.54,0.0,20.33,2000.0,0.0,19.91,2650.0,0.0,20.03,2450.0,0.0,21.68,1300.0,0.0,0.0,2022.142857142857,20.09,0.0,0.0,2100.6666666666665,20.639000000000003,1.0,0.0,12,347,50.0,0.0,221.46697055682677,-0.11111111111111116
2023-12-14,Gujarat,ahmedabad,Ahmedabad(Chimanbhai Patal Market Vasana),Potato,Chips,FAQ,400.0,1600.0,1400.0,21.16,0.0,13.87,29.92,55.74,1.93,15.53,0.0,20.33,2470.0,0.0,20.33,2000.0,0.0,19.91,2470.0,0.0,21.29,1050.0,0.0,0.0,1631.428571428571,20.448571428571427,0.0,0.0,1951.6666666666667,20.409666666666663,1.0,0.0,12,348,50.0,0.0,138.01311186846877,0.16666666666666674
2023-12-15,Gujarat,ahmedabad,Ahmedabad(Chimanbhai Patal Market Vasana),Potato,Jalander,FAQ,600.0,1100.0,950.0,21.91,0.0,15.7,29.85,57.21,1.64,13.76,0.0,21.16,2650.0,0.0,20.33,2470.0,0.0,20.33,2725.0,0.0,21.29,2655.0,0.0,0.0,1514.2857142857142,21.267142857142854,0.0,0.0,1816.5,20.408666666666665,1.0,0.0,12,349,50.0,0.0,160.3567451474532,-0.3214285714285714
2023-12-16,Gujarat,ahmedabad,Ahmedabad(Chimanbhai Patal Market Vasana),Potato,Jalander,FAQ,600.0,1000.0,900.0,21.29,0.0,16.07,29.0,54.07,1.71,13.38,0.0,21.29,1850.0,0.0,21.91,2450.0,0.0,21.16,1400.0,0.0,19.91,2470.0,0.0,0.0,1813.571428571429,21.64428571428571,0.0,0.0,1844.8333333333333,20.94333333333333,1.0,0.0,12,350,50.0,0.0,187.08286933869599,-0.052631578947368474
2023-12-17,,,,,,,,,1100.0,,,,,,,,,,,,,,,,,,,,,,,,,,,,,,12,351,,,187.08286933869599,0.22222222222222232
2023-12-18,Gujarat,ahmedabad,Ahmedabad(Chimanbhai Patal Market Vasana),Potato,Desi,FAQ,800.0,1500.0,1300.0,20.45,0.0,13.96,28.7,47.62,2.63,15.75,0.0,21.29,2740.0,0.0,21.29,1850.0,0.0,21.91,2725.0,0.0,20.33,2725.0,0.0,0.0,1648.571428571429,21.17,0.0,0.0,1746.0,21.177333333333333,1.0,0.0,12,352,51.0,0.0,195.48474547719897,0.18181818181818188
2023-12-19,Gujarat,ahmedabad,Ahmedabad(Chimanbhai Patal Market Vasana),Potato,Desi,FAQ,800.0,1500.0,1300.0,19.44,0.0,14.32,27.08,46.06,3.02,15.29,0.0,19.44,1900.0,0.0,20.45,1900.0,0.0,21.29,2650.0,0.0,21.16,1850.0,0.0,0.0,1743.571428571429,20.16142857142857,0.0,0.0,1788.0,21.090666666666667,1.0,0.0,12,353,51.0,0.0,188.66700319673726,0.0
2023-12-20,Gujarat,ahmedabad,Ahmedabad(Chimanbhai Patal Market Vasana),Potato,Other,FAQ,1000.0,1800.0,1600.0,18.2,0.0,12.88,26.18,41.85,2.67,12.93,0.0,19.44,900.0,0.0,20.45,1350.0,0.0,20.45,1300.0,0.0,21.91,950.0,0.0,0.0,1521.428571428571,19.262857142857143,0.0,0.0,1791.3333333333333,20.737666666666662,1.0,0.0,12,354,51.0,0.0,251.42451295425658,0.23076923076923084
2023-12-21,Gujarat,ahmedabad,Ahmedabad(Chimanbhai Patal Market Vasana),Potato,Chips,FAQ,400.0,1600.0,1100.0,18.95,0.0,13.6,26.73,42.11,2.39,12.84,0.0,18.2,2300.0,0.0,19.44,900.0,0.0,20.45,1000.0,0.0,21.91,2850.0,0.0,0.0,1485.7142857142858,18.307142857142853,0.0,0.0,1683.8333333333333,20.020666666666667,1.0,0.0,12,355,51.0,0.0,241.27636791506382,-0.3125
2023-12-22,Gujarat,ahmedabad,Ahmedabad(Chimanbhai Patal Market Vasana),Potato,Jalander,FAQ,700.0,900.0,850.0,20.56,0.0,14.7,29.05,41.8,2.07,13.55,0.0,18.95,1200.0,0.0,18.2,1850.0,0.0,19.44,2300.0,0.0,21.29,2650.0,0.0,0.0,1464.2857142857142,19.072857142857146,0.0,0.0,1587.3333333333333,19.663666666666664,1.0,0.0,12,356,51.0,0.0,259.34900185253133,-0.2272727272727273
2023-12-23,,,,,,,,,920.0,,,,,,,,,,,,,,,,,,,,,,,,,,,,,,12,357,,,256.0412913128318,0.08235294117647052
2023-12-24,,,,,,,,,990.0,,,,,,,,,,,,,,,,,,,,,,,,,,,,,,12,358,,,264.09774525281097,0.07608695652173902
2023-12-25,,,,,,,,,1060.0,,,,,,,,,,,,,,,,,,,,,,,,,,,,,,12,359,,,257.08068031354645,0.07070707070707072
2023-12-26,,,,,,,,,1130.0,,,,,,,,,,,,,,,,,,,,,,,,,,,,,,12,360,,,244.6571945746591,0.0660377358490567
2023-12-27,Gujarat,ahmedabad,Ahmedabad(Chimanbhai Patal Market Vasana),Potato,Desi,FAQ,650.0,1400.0,1200.0,21.09,0.0,13.53,30.55,51.91,1.37,12.61,0.0,21.09,1700.0,0.0,20.56,2300.0,0.0,18.95,1700.0,0.0,20.45,1000.0,0.0,0.0,1878.571428571429,20.78,0.0,0.0,1626.0,19.64333333333333,1.0,0.0,12,361,52.0,0.0,122.86267983093138,0.06194690265486735
2023-12-28,Gujarat,ahmedabad,Ahmedabad(Chimanbhai Patal Market Vasana),Potato,Jalander,FAQ,800.0,900.0,850.0,21.9,0.0,15.25,30.77,52.67,1.87,12.85,0.0,21.9,1550.0,0.0,21.09,1700.0,0.0,20.56,1900.0,0.0,19.44,1300.0,0.0,0.0,1250.0,21.321428571428573,0.0,0.0,1561.0,19.993666666666662,1.0,0.0,12,362,52.0,0.0,136.62601021279443,-0.29166666666666663
2023-12-29,Gujarat,ahmedabad,Ahmedabad(Chimanbhai Patal Market Vasana),Potato,Jalander,FAQ,700.0,900.0,800.0,21.98,0.0,15.23,31.21,55.02,1.55,12.52,0.0,21.9,1850.0,0.0,21.09,850.0,0.0,20.8,2435.0,0.0,18.2,900.0,0.0,0.0,1300.0,21.91142857142857,0.0,0.0,1582.6666666666667,20.571666666666665,1.0,0.0,12,363,52.0,0.0,146.70995032311026,-0.05882352941176472
2023-12-30,Gujarat,ahmedabad,Ahmedabad(Chimanbhai Patal Market Vasana),Potato,Other,FAQ,1000.0,1700.0,1500.0,21.83,0.0,15.02,30.74,57.99,1.64,13.09,0.0,21.98,1600.0,0.0,21.9,1850.0,0.0,21.09,1400.0,0.0,18.95,2000.0,0.0,0.0,1435.7142857142858,21.958571428571428,0.0,0.0,1556.0,21.222666666666665,1.0,0.0,12,364,52.0,0.0,235.5742729909993,0.875
2023-12-31,,,,,,,,,1550.0,,,,,,,,,,,,,,,,,,,,,,,,,,,,,,12,365,,,290.3364222677508,0.03333333333333344
2024-01-01,Gujarat,ahmedabad,Ahmedabad(Chimanbhai Patal Market Vasana),Potato,Other,FAQ,1000.0,1800.0,1600.0,20.36,0.0,13.35,30.1,51.12,1.41,12.7,0.0,21.83,1200.0,0.0,21.98,1600.0,0.0,21.9,1200.0,0.0,20.56,2300.0,0.0,0.0,1450.0,21.62,0.0,0.0,1510.0,21.48133333333333,1.0,0.0,1,1,1.0,0.0,329.73293666816016,0.032258064516129004
2024-01-02,Gujarat,ahmedabad,Ahmedabad(Chimanbhai Patal Market Vasana),Potato,Other,FAQ,1000.0,1800.0,1600.0,19.6,0.0,12.65,29.15,55.34,1.75,11.99,0.0,19.6,2400.0,0.0,20.36,1600.0,0.0,21.98,1600.0,0.0,21.09,1200.0,0.0,0.0,1650.0,20.142857142857142,0.0,0.0,1456.6666666666667,21.332666666666665,1.0,0.0,1,2,1.0,0.0,352.3729085310985,0.0
2024-01-03,Gujarat,ahmedabad,Ahmedabad(Chimanbhai Patal Market Vasana),Potato,Desi,FAQ,700.0,1400.0,1250.0,19.34,0.0,12.11,28.66,48.51,1.86,14.42,0.0,19.6,1250.0,0.0,20.36,850.0,0.0,21.83,1650.0,0.0,21.9,1550.0,0.0,0.0,1557.142857142857,19.562857142857148,0.0,0.0,1463.3333333333333,21.048666666666666,1.0,0.0,1,3,1.0,0.0,350.50983275386454,-0.21875
2024-01-04,Gujarat,ahmedabad,Ahmedabad(Chimanbhai Patal Market Vasana),Potato,Jalander,FAQ,900.0,1100.0,1000.0,19.12,0.0,11.66,28.61,52.06,2.36,14.9,0.0,19.34,1700.0,0.0,19.6,1600.0,0.0,20.36,1600.0,0.0,21.9,1400.0,0.0,0.0,1371.428571428571,19.45714285714286,0.0,0.0,1478.3333333333333,20.87066666666667,1.0,0.0,1,4,1.0,0.0,321.2698020578419,-0.19999999999999996
2024-01-05,Gujarat,ahmedabad,Ahmedabad(Chimanbhai Patal Market Vasana),Potato,Jalander,FAQ,800.0,1100.0,1000.0,18.38,0.0,11.11,27.98,46.87,2.24,15.74,0.0,19.12,1400.0,0.0,19.12,1000.0,0.0,19.6,1600.0,0.0,21.98,1500.0,0.0,0.0,1750.7142857142858,19.014285714285712,0.0,0.0,1546.8333333333333,20.186666666666667,1.0,0.0,1,5,1.0,0.0,271.4598979416211,0.0
2024-01-06,Gujarat,ahmedabad,Ahmedabad(Chimanbhai Patal Market Vasana),Potato,Chips,FAQ,1100.0,1400.0,1300.0,18.78,0.0,11.66,28.18,49.4,2.56,15.83,0.0,18.78,2855.0,0.0,18.38,1000.0,0.0,19.12,1000.0,0.0,21.83,1650.0,0.0,0.0,1779.2857142857142,18.49428571428572,0.0,0.0,1622.0,19.398333333333333,1.0,0.0,1,6,1.0,0.0,264.3500565177764,0.30000000000000004
2024-01-07,,,,,,,,,1075.0,,,,,,,,,,,,,,,,,,,,,,,,,,,,,,1,7,,,258.94704367605897,-0.17307692307692313
2024-01-08,Gujarat,ahmedabad,Ahmedabad(Chimanbhai Patal Market Vasana),Potato,Jalander,FAQ,700.0,900.0,850.0,21.57,0.0,15.25,28.81,58.81,1.99,10.44,0.0,21.57,1750.0,0.0,18.78,1300.0,0.0,18.38,1000.0,0.0,20.36,850.0,0.0,0.0,1478.571428571429,19.577142857142857,0.0,0.0,1622.0,19.166666666666668,1.0,0.0,1,8,2.0,0.0,250.17850769857375,-0.2093023255813954
2024-01-09,,,,,,,,,1150.0,,,,,,,,,,,,,,,,,,,,,,,,,,,,,,1,9,,,156.69579263200146,0.3529411764705883
2024-01-10,Gujarat,ahmedabad,Ahmedabad(Chimanbhai Patal Market Vasana),Potato,Other,FAQ,1000.0,1700.0,1450.0,21.71,0.27,17.05,29.08,56.42,2.16,14.16,0.13,22.37,2950.0,0.0,21.57,2150.0,0.0,18.78,2150.0,0.0,19.12,1000.0,0.0942857142857142,0.66,1785.7142857142858,21.93285714285714,0.022,0.66,1752.8333333333333,19.875666666666667,1.0,0.0,1,10,2.0,0.0,202.44046743954763,0.26086956521739135
2024-01-11,Gujarat,ahmedabad,Ahmedabad(Chimanbhai Patal Market Vasana),Potato,Desi,FAQ,500.0,1300.0,1100.0,21.9,0.0,15.21,30.98,49.76,1.39,16.08,0.27,21.71,2250.0,0.27,21.71,1450.0,0.0,21.57,2150.0,0.0,18.38,1000.0,0.2314285714285714,1.62,1664.2857142857142,21.737142857142857,0.076,2.28,1732.6666666666667,20.511000000000003,1.0,0.0,1,11,2.0,0.0,196.1686592122771,-0.24137931034482762
2024-01-12,Gujarat,ahmedabad,Ahmedabad(Chimanbhai Patal Market Vasana),Potato,Jalander,FAQ,600.0,900.0,800.0,22.15,0.0,14.8,31.83,41.87,1.63,16.42,0.0,21.9,2950.0,0.0,21.9,1100.0,0.27,21.71,1450.0,0.0,18.78,1300.0,0.0,0.0,1664.2857142857142,21.935714285714287,0.076,2.28,1705.8333333333333,21.314,1.0,0.0,1,12,2.0,0.0,230.23021604679107,-0.2727272727272727
2024-01-13,Gujarat,ahmedabad,Ahmedabad(Chimanbhai Patal Market Vasana),Potato,Chips,FAQ,1200.0,1500.0,1400.0,21.61,0.0,15.49,30.95,36.41,1.76,17.31,0.0,21.61,2200.0,0.0,22.15,3095.0,0.0,21.9,1800.0,0.0,21.57,2150.0,0.0,0.0,1621.428571428571,21.91857142857143,0.076,2.28,1748.1666666666667,21.899,1.0,0.0,1,13,2.0,0.0,246.94562732946406,0.75
2024-01-14,,,,,,,,,1075.0,,,,,,,,,,,,,,,,,,,,,,,,,,,,,,1,14,,,246.94562732946406,-0.2321428571428571
2024-01-15,Gujarat,ahmedabad,Ahmedabad(Chimanbhai Patal Market Vasana),Potato,Jalander,FAQ,650.0,800.0,750.0,18.46,0.0,9.65,29.11,31.74,1.45,17.63,0.0,21.61,1750.0,0.0,22.15,1750.0,0.0,21.9,2950.0,0.13,22.37,1750.0,0.0,0.0,1335.7142857142858,21.16,0.0716666666666666,2.1500000000000004,1686.5,21.772666666666662,1.0,0.0,1,15,3.0,0.0,267.09415140411716,-0.3023255813953488
2024-01-16,Gujarat,ahmedabad,Ahmedabad(Chimanbhai Patal Market Vasana),Potato,Desi,FAQ,700.0,1250.0,1050.0,18.42,0.0,10.76,27.91,35.55,1.45,17.41,0.0,18.42,1750.0,0.0,18.46,1650.0,0.0,21.61,1600.0,0.27,21.71,1200.0,0.0,0.0,1728.571428571429,18.442857142857147,0.009,0.27,1651.5,20.858,1.0,0.0,1,16,3.0,0.0,266.87120132235674,0.3999999999999999
2024-01-17,Gujarat,ahmedabad,Ahmedabad(Chimanbhai Patal Market Vasana),Potato,Jalander,FAQ,800.0,900.0,850.0,19.74,0.0,12.65,28.27,39.06,1.2,16.4,0.0,18.42,1400.0,0.0,18.42,3000.0,0.0,21.61,1750.0,0.0,21.9,1600.0,0.0,0.0,1364.2857142857142,18.60857142857143,0.0,0.0,1573.1666666666667,20.328333333333333,1.0,0.0,1,17,3.0,0.0,224.73529402599922,-0.19047619047619047
2024-01-18,Gujarat,ahmedabad,Ahmedabad(Chimanbhai Patal Market Vasana),Potato,Jalander,FAQ,700.0,800.0,750.0,19.32,0.0,11.38,28.97,34.47,1.78,16.31,0.0,19.74,2300.0,0.0,18.42,1400.0,0.0,18.46,1050.0,0.0,22.15,3095.0,0.0,0.0,1364.2857142857142,19.68,0.0,0.0,1490.0,19.857333333333333,1.0,0.0,1,18,3.0,0.0,238.23507798171207,-0.11764705882352944
2024-01-19,,,,,,,,,750.0,,,,,,,,,,,,,,,,,,,,,,,,,,,,,,1,19,,,244.27979664233206,0.0
2024-01-20,Gujarat,ahmedabad,Ahmedabad(Chimanbhai Patal Market Vasana),Potato,Jalander,FAQ,600.0,800.0,750.0,18.74,0.0,11.12,28.28,34.78,2.15,16.8,0.0,18.74,2050.0,0.0,19.32,2100.0,0.0,19.74,1400.0,0.0,21.61,700.0,0.0,0.0,1407.142857142857,19.071428571428573,0.0,0.0,1550.1666666666667,19.040333333333333,1.0,0.0,1,20,3.0,0.0,147.49899111842296,0.0
2024-01-21,,,,,,,,,1033.3333333333333,,,,,,,,,,,,,,,,,,,,,,,,,,,,,,1,21,,,137.58114488755962,0.37777777777777777
2024-01-22,,,,,,,,,1316.6666666666665,,,,,,,,,,,,,,,,,,,,,,,,,,,,,,1,22,,,215.31937642124532,0.27419354838709675
2024-01-23,Gujarat,ahmedabad,Ahmedabad(Chimanbhai Patal Market Vasana),Potato,Chips,FAQ,1400.0,1700.0,1600.0,19.77,0.0,12.06,28.72,35.0,1.71,17.97,0.0,18.74,850.0,0.0,19.32,950.0,0.0,19.74,2300.0,0.0,18.46,2100.0,0.0,0.0,1392.857142857143,18.88714285714285,0.0,0.0,1520.1666666666667,19.007,1.0,0.0,1,23,4.0,0.0,334.42282269400255,0.21518987341772156
2024-01-24,Gujarat,ahmedabad,Ahmedabad(Chimanbhai Patal Market Vasana),Potato,Jalander,FAQ,600.0,700.0,650.0,19.03,0.0,11.27,28.01,35.49,1.53,18.22,0.0,19.77,2000.0,0.0,18.74,850.0,0.0,19.32,1400.0,0.0,18.42,1050.0,0.0,0.0,1264.2857142857142,19.66428571428571,0.0,0.0,1428.5,19.24833333333333,1.0,0.0,1,24,4.0,0.0,357.81154331449466,-0.59375
2024-01-25,Gujarat,ahmedabad,Ahmedabad(Chimanbhai Patal Market Vasana),Potato,Desi,FAQ,600.0,1100.0,950.0,19.71,0.0,10.86,29.38,31.9,1.74,16.92,0.0,19.03,1000.0,0.0,19.77,2000.0,0.0,18.74,1400.0,0.0,19.74,1400.0,0.0,0.0,1214.2857142857142,19.12714285714286,0.0,0.0,1418.5,19.305,1.0,0.0,1,25,4.0,0.0,344.2459745665749,0.46153846153846145
2024-01-26,,,,,,,,,1150.0,,,,,,,,,,,,,,,,,,,,,,,,,,,,,,1,26,,,327.2257929575837,0.21052631578947367
2024-01-27,Gujarat,ahmedabad,Ahmedabad(Chimanbhai Patal Market Vasana),Potato,Other,FAQ,1000.0,1500.0,1350.0,21.19,0.0,12.25,32.0,29.01,1.64,16.01,0.0,19.71,650.0,0.0,19.71,2700.0,0.0,19.03,650.0,0.0,19.32,1600.0,0.0,0.0,1450.0,19.92142857142857,0.0,0.0,1385.0,19.40233333333333,1.0,0.0,1,27,4.0,0.0,309.27034799370574,0.17391304347826098
2024-01-28,,,,,,,,,1075.0,,,,,,,,,,,,,,,,,,,,,,,,,,,,,,1,28,,,307.04363476677605,-0.20370370370370372
2024-01-29,Gujarat,ahmedabad,Ahmedabad(Chimanbhai Patal Market Vasana),Potato,Desi,FAQ,500.0,1000.0,800.0,20.87,0.0,12.57,29.98,38.8,1.59,15.26,0.0,20.87,1600.0,0.0,21.19,700.0,0.0,19.71,1750.0,0.0,18.74,1400.0,0.0,0.0,1235.7142857142858,21.052857142857142,0.0,0.0,1325.0,19.965666666666667,1.0,0.0,1,29,5.0,0.0,323.6234584469159,-0.2558139534883721
2024-01-30,Gujarat,ahmedabad,Ahmedabad(Chimanbhai Patal Market Vasana),Potato,Chips,FAQ,1200.0,1600.0,1500.0,21.86,0.0,13.93,29.54,38.13,1.25,15.65,0.0,20.87,750.0,0.0,21.19,1150.0,0.0,19.71,1400.0,0.0,19.77,1350.0,0.0,0.0,1271.428571428571,21.057142857142857,0.0,0.0,1320.0,20.143000000000004,1.0,0.0,1,30,5.0,0.0,298.159033946331,0.875
2024-01-31,Gujarat,ahmedabad,Ahmedabad(Chimanbhai Patal Market Vasana),Potato,Jalander,FAQ,700.0,800.0,750.0,22.06,0.0,15.69,28.51,49.2,1.37,13.19,0.0,21.86,2415.0,0.0,21.86,750.0,0.0,21.19,1750.0,0.0,19.03,2000.0,0.0,0.0,1581.428571428571,21.888571428571424,0.0,0.0,1370.6666666666667,20.805666666666664,1.0,0.0,1,31,5.0,0.0,276.4033457174666,-0.5
2024-02-01,Gujarat,ahmedabad,Ahmedabad(Chimanbhai Patal Market Vasana),Potato,Other,FAQ,700.0,1300.0,1100.0,23.75,0.0,16.2,31.05,53.33,1.32,16.76,0.0,22.06,1150.0,0.0,21.86,2415.0,0.0,21.86,1500.0,0.0,19.71,1150.0,0.0,0.0,1178.571428571429,22.30142857142857,0.0,0.0,1319.0,21.377333333333336,1.0,0.0,2,32,5.0,0.0,270.1961368727395,0.46666666666666656
2024-02-02,Gujarat,ahmedabad,Ahmedabad(Chimanbhai Patal Market Vasana),Potato,Jalander,FAQ,500.0,800.0,700.0,24.0,0.0,15.84,31.38,40.94,0.93,18.36,0.0,23.75,600.0,0.0,22.06,1150.0,0.0,21.86,1650.0,0.0,21.19,700.0,0.0,0.0,1100.0,23.785714285714285,0.0,0.0,1274.0,22.095,1.0,0.0,2,33,5.0,0.0,308.1724161816531,-0.36363636363636365
2024-02-03,Gujarat,ahmedabad,Ahmedabad(Chimanbhai Patal Market Vasana),Potato,Desi,FAQ,600.0,1100.0,950.0,24.81,0.0,15.96,33.32,33.63,1.29,17.24,0.0,24.81,1600.0,0.0,24.0,1550.0,0.0,23.75,1500.0,0.0,21.86,1500.0,0.0,0.0,1329.2857142857142,24.34714285714286,0.0,0.0,1369.5,23.143666666666665,1.0,0.0,2,34,5.0,0.0,276.40334571746683,0.3571428571428572
2024-02-04,,,,,,,,,800.0,,,,,,,,,,,,,,,,,,,,,,,,,,,,,,2,35,,,280.51822791126466,-0.1578947368421053
2024-02-05,Gujarat,ahmedabad,Ahmedabad(Chimanbhai Patal Market Vasana),Potato,Jalander,FAQ,600.0,700.0,650.0,23.79,0.0,17.35,31.65,50.94,1.85,17.29,0.0,23.79,2755.0,0.0,24.81,1100.0,0.0,24.0,1650.0,0.0,21.86,1150.0,0.0,0.0,1322.142857142857,24.518571428571427,0.0,0.0,1359.5,23.56733333333333,1.0,0.0,2,36,6.0,0.0,298.40847683606296,-0.1875
2024-02-06,Gujarat,ahmedabad,Ahmedabad(Chimanbhai Patal Market Vasana),Potato,Desi,FAQ,600.0,1100.0,950.0,23.77,0.0,16.38,32.45,35.66,1.5,17.57,0.0,23.77,2840.0,0.0,23.79,2500.0,0.0,24.81,950.0,0.0,23.75,1100.0,0.0,0.0,1534.2857142857142,23.77857142857143,0.0,0.0,1445.3333333333333,24.040666666666663,1.0,0.0,2,37,6.0,0.0,161.834718742538,0.46153846153846145
2024-02-07,Gujarat,ahmedabad,Ahmedabad(Chimanbhai Patal Market Vasana),Potato,Desi,FAQ,500.0,1200.0,950.0,23.66,0.0,16.4,32.29,35.01,2.26,16.53,0.0,23.66,1650.0,0.0,23.77,1300.0,0.0,23.79,650.0,0.0,23.75,600.0,0.0,0.0,1591.428571428571,23.73857142857143,0.0,0.0,1493.6666666666667,24.036666666666665,1.0,0.0,2,38,6.0,0.0,160.3567451474551,0.0
2024-02-08,Gujarat,ahmedabad,Ahmedabad(Chimanbhai Patal Market Vasana),Potato,Desi,FAQ,500.0,1200.0,1000.0,21.57,0.0,15.52,28.62,27.37,2.58,18.52,0.0,23.66,1200.0,0.0,23.77,1600.0,0.0,23.79,1300.0,0.0,24.0,1550.0,0.0,0.0,1385.7142857142858,23.377142857142854,0.0,0.0,1428.3333333333333,23.921666666666667,1.0,0.0,2,39,6.0,0.0,139.72762620115498,0.05263157894736836
2024-02-09,Gujarat,ahmedabad,Ahmedabad(Chimanbhai Patal Market Vasana),Potato,Chips,FAQ,1600.0,1700.0,1650.0,20.76,0.0,11.9,31.37,19.66,1.94,19.52,0.0,21.57,1600.0,0.0,23.66,750.0,0.0,23.77,950.0,0.0,24.81,1100.0,0.0,0.0,1271.428571428571,21.752857142857145,0.0,0.0,1426.5,23.462666666666667,1.0,0.0,2,40,6.0,0.0,314.15040377258174,0.6499999999999999
2024-02-10,Gujarat,ahmedabad,Ahmedabad(Chimanbhai Patal Market Vasana),Potato,Jalander,FAQ,800.0,900.0,850.0,21.07,0.0,12.09,31.75,19.93,1.95,20.63,0.0,21.07,1500.0,0.0,21.57,1600.0,0.0,23.66,1650.0,0.0,23.79,2755.0,0.0,0.0,1242.857142857143,20.84857142857143,0.0,0.0,1374.6666666666667,22.70733333333333,1.0,0.0,2,41,6.0,0.0,318.665371585334,-0.48484848484848486
2024-02-11,,,,,,,,,825.0,,,,,,,,,,,,,,,,,,,,,,,,,,,,,,2,42,,,316.4629670653574,-0.02941176470588236
2024-02-12,Gujarat,ahmedabad,Ahmedabad(Chimanbhai Patal Market Vasana),Potato,Jalander,FAQ,600.0,900.0,800.0,21.64,0.0,12.34,32.12,20.91,1.85,16.17,0.0,21.64,1250.0,0.0,21.07,1500.0,0.0,21.57,1250.0,0.0,23.79,950.0,0.0,0.0,1207.142857142857,21.31428571428572,0.0,0.0,1338.0,22.220333333333333,1.0,0.0,2,43,7.0,0.0,294.54363408661936,-0.030303030303030276
2024-02-13,Gujarat,ahmedabad,Ahmedabad(Chimanbhai Patal Market Vasana),Potato,Chips,FAQ,1000.0,1800.0,1600.0,21.81,0.0,13.8,30.45,17.62,1.98,14.79,0.0,21.81,1200.0,0.0,21.07,1250.0,0.0,20.76,1050.0,0.0,23.77,950.0,0.0,0.0,1321.428571428571,21.68857142857143,0.0,0.0,1296.6666666666667,21.94766666666667,1.0,0.0,2,44,7.0,0.0,368.1113315030551,1.0
2024-02-14,Gujarat,ahmedabad,Ahmedabad(Chimanbhai Patal Market Vasana),Potato,Jalander,FAQ,600.0,800.0,750.0,22.05,0.0,13.29,32.26,17.9,2.47,17.94,0.0,21.81,1500.0,0.0,21.64,1150.0,0.0,21.07,850.0,0.0,23.66,1650.0,0.0,0.0,1228.571428571429,21.82,0.0,0.0,1221.6666666666667,21.698,1.0,0.0,2,45,7.0,0.0,388.5642068656642,-0.53125
2024-02-15,Gujarat,ahmedabad,Ahmedabad(Chimanbhai Patal Market Vasana),Potato,Desi,FAQ,700.0,1200.0,1050.0,23.13,0.0,14.69,33.27,26.57,2.46,17.46,0.0,22.05,1550.0,0.0,21.81,1100.0,0.0,21.64,1250.0,0.0,21.57,1000.0,0.0,0.0,1242.857142857143,22.17,0.0,0.0,1251.6666666666667,21.53533333333333,1.0,0.0,2,46,7.0,0.0,387.56719847444924,0.3999999999999999
2024-02-16,Gujarat,ahmedabad,Ahmedabad(Chimanbhai Patal Market Vasana),Potato,Jalander,FAQ,700.0,1000.0,900.0,24.89,0.0,16.32,35.25,30.81,2.49,18.47,0.0,23.13,1250.0,0.0,22.05,1200.0,0.0,21.81,1600.0,0.0,20.76,1650.0,0.0,0.0,1314.2857142857142,23.22714285714285,0.0,0.0,1248.3333333333333,21.881000000000004,1.0,0.0,2,47,7.0,0.0,294.6446608891399,-0.1428571428571429
2024-02-17,Gujarat,ahmedabad,Ahmedabad(Chimanbhai Patal Market Vasana),Potato,Chips,FAQ,1400.0,1500.0,1450.0,26.09,0.0,17.92,36.11,23.36,1.84,19.79,0.0,26.09,1700.0,0.0,24.89,900.0,0.0,22.05,1200.0,0.0,21.07,1050.0,0.0,0.0,1435.7142857142858,25.40428571428572,0.0,0.0,1313.3333333333333,22.933666666666667,1.0,0.0,2,48,7.0,0.0,338.6334582518669,0.6111111111111112
2024-02-18,,,,,,,,,1050.0,,,,,,,,,,,,,,,,,,,,,,,,,,,,,,2,49,,,323.66943748507447,-0.27586206896551724
2024-02-19,Gujarat,ahmedabad,Ahmedabad(Chimanbhai Patal Market Vasana),Potato,Jalander,FAQ,600.0,700.0,650.0,25.8,0.0,16.18,36.22,34.75,2.64,20.07,0.0,26.09,650.0,0.0,24.89,1250.0,0.0,23.13,1250.0,0.0,21.64,1250.0,0.0,0.0,1085.7142857142858,26.048571428571428,0.0,0.0,1226.6666666666667,23.555333333333333,1.0,0.0,2,50,8.0,0.0,349.6596985097147,-0.38095238095238093
2024-02-20,Gujarat,ahmedabad,Ahmedabad(Chimanbhai Patal Market Vasana),Potato,Desi,FAQ,800.0,1300.0,1150.0,26.45,0.0,20.14,34.89,47.87,2.37,20.5,0.0,25.8,1100.0,0.0,26.09,650.0,0.0,24.89,1750.0,0.0,21.81,800.0,0.0,0.0,1271.428571428571,25.892857142857142,0.0,0.0,1261.6666666666667,24.392,1.0,0.0,2,51,8.0,0.0,266.14532371118855,0.7692307692307692
2024-02-21,Gujarat,ahmedabad,Ahmedabad(Chimanbhai Patal Market Vasana),Potato,Desi,FAQ,700.0,1300.0,1150.0,24.55,0.0,19.19,32.04,52.68,2.95,20.79,0.0,24.55,1800.0,0.0,25.8,1100.0,0.0,26.09,1000.0,0.0,22.05,1200.0,0.0,0.0,1471.428571428571,25.907142857142865,0.0,0.0,1326.6666666666667,25.16133333333333,1.0,0.0,2,52,8.0,0.0,245.6769074559974,0.0
2024-02-22,Gujarat,ahmedabad,Ahmedabad(Chimanbhai Patal Market Vasana),Potato,Desi,FAQ,700.0,1300.0,1150.0,23.9,0.0,17.59,32.39,48.63,2.45,20.34,0.0,24.55,1550.0,0.0,26.45,1700.0,0.0,25.8,850.0,0.0,23.13,1250.0,0.0,0.0,1492.857142857143,24.728571428571428,0.0,0.0,1328.3333333333333,25.365,1.0,0.0,2,53,8.0,0.0,248.08792604159285,0.0
2024-02-23,,,,,,,,,950.0,,,,,,,,,,,,,,,,,,,,,,,,,,,,,,2,54,,,242.9971585175819,-0.17391304347826086
2024-02-24,Gujarat,ahmedabad,Ahmedabad(Chimanbhai Patal Market Vasana),Potato,Jalander,FAQ,700.0,800.0,750.0,21.45,0.0,12.56,31.75,11.38,2.17,23.3,0.0,23.9,1650.0,0.0,24.55,650.0,0.0,26.45,750.0,0.0,24.89,1050.0,0.0,0.0,1307.142857142857,23.642857142857142,0.0,0.0,1331.6666666666667,25.235666666666663,1.0,0.0,2,55,8.0,0.0,205.8663459163553,-0.21052631578947367
2024-02-25,,,,,,,,,750.0,,,,,,,,,,,,,,,,,,,,,,,,,,,,,,2,56,,,219.30626551751385,0.0
2024-02-26,Gujarat,ahmedabad,Ahmedabad(Chimanbhai Patal Market Vasana),Potato,Jalander,FAQ,700.0,800.0,750.0,24.07,0.0,16.98,33.95,22.1,2.16,14.57,0.0,24.07,1800.0,0.0,23.9,1650.0,0.0,24.55,2150.0,0.0,26.09,850.0,0.0,0.0,1450.0,22.198571428571427,0.0,0.0,1368.3333333333333,24.56233333333333,1.0,0.0,2,57,9.0,0.0,200.0000000000004,0.0
2024-02-27,Gujarat,ahmedabad,Ahmedabad(Chimanbhai Patal Market Vasana),Potato,Desi,FAQ,600.0,1200.0,1050.0,26.57,0.0,18.87,36.33,25.42,1.89,17.91,0.0,26.57,2350.0,0.0,24.07,1800.0,0.0,23.9,1550.0,0.0,25.8,1650.0,0.0,0.0,1557.142857142857,25.141428571428573,0.0,0.0,1490.0,24.447,1.0,0.0,2,58,9.0,0.0,186.44544714716145,0.3999999999999999
2024-02-28,Gujarat,ahmedabad,Ahmedabad(Chimanbhai Patal Market Vasana),Potato,Desi,FAQ,700.0,1300.0,1150.0,26.46,0.0,17.14,36.9,25.69,1.96,20.98,0.0,26.46,1750.0,0.0,24.07,2200.0,0.0,21.45,1700.0,0.0,26.45,750.0,0.0,0.0,1492.857142857143,26.53857142857143,0.0,0.0,1503.3333333333333,24.499,1.0,0.0,2,59,9.0,0.0,186.44544714716145,0.09523809523809534
2024-02-29,Gujarat,ahmedabad,Ahmedabad(Chimanbhai Patal Market Vasana),Potato,Chips,FAQ,1500.0,1600.0,1550.0,28.69,0.0,19.03,38.32,22.67,1.67,21.9,0.0,28.69,2100.0,0.0,26.46,1750.0,0.0,24.07,1550.0,0.0,24.55,2150.0,0.0,0.0,1564.2857142857142,27.41571428571429,0.0,0.0,1478.3333333333333,24.914,1.0,0.0,2,60,9.0,0.0,293.582145558064,0.34782608695652173
2024-03-01,Gujarat,ahmedabad,Ahmedabad(Chimanbhai Patal Market Vasana),Potato,Chips,FAQ,1500.0,1700.0,1600.0,28.8,0.0,20.12,38.64,30.91,2.67,19.53,0.0,28.69,750.0,0.0,26.46,750.0,0.0,26.57,2350.0,0.0,23.9,1150.0,0.0,0.0,1557.142857142857,28.387142857142862,0.0,0.0,1480.0,25.35333333333333,1.0,0.0,3,61,9.0,0.0,370.48873769914326,0.032258064516129004
2024-03-02,Gujarat,ahmedabad,Ahmedabad(Chimanbhai Patal Market Vasana),Potato,Desi,FAQ,700.0,1300.0,1050.0,25.3,3.2,19.96,32.91,52.92,3.16,13.05,3.2,25.3,1800.0,0.0,28.69,750.0,0.0,26.46,1550.0,0.0,21.45,1150.0,1.3714285714285717,9.6,1621.428571428571,27.3,0.32,9.6,1551.6666666666667,26.146666666666665,1.0,0.0,3,62,9.0,0.0,341.39071318303127,-0.34375
2024-03-03,,,,,,,,,900.0,,,,,,,,,,,,,,,,,,,,,,,,,,,,,,3,63,,,317.5426480542935,-0.1428571428571429
2024-03-04,Gujarat,ahmedabad,Ahmedabad(Chimanbhai Patal Market Vasana),Potato,Jalander,FAQ,700.0,800.0,750.0,19.01,0.0,10.09,29.33,18.31,1.7,23.93,0.0,19.01,1850.0,3.2,25.3,2050.0,0.0,28.69,1550.0,0.0,24.07,750.0,1.8285714285714287,12.8,1435.7142857142858,22.60428571428572,0.5333333333333333,16.0,1516.6666666666667,25.984666666666666,0.0,0.0,3,64,10.0,0.0,317.5426480542935,-0.16666666666666663
2024-03-05,Gujarat,ahmedabad,Ahmedabad(Chimanbhai Patal Market Vasana),Potato,Jalander,FAQ,700.0,800.0,750.0,20.51,0.0,10.06,32.13,15.11,2.12,24.05,0.0,20.51,1750.0,3.2,25.3,1600.0,0.0,28.8,1050.0,0.0,26.57,1850.0,0.0,0.0,1428.571428571429,19.438571428571432,0.5333333333333333,16.0,1463.3333333333333,25.326666666666668,0.0,0.0,3,65,10.0,0.0,351.6965683518619,0.0
2024-03-06,Gujarat,ahmedabad,Ahmedabad(Chimanbhai Patal Market Vasana),Potato,Jalander,FAQ,700.0,800.0,750.0,22.98,0.0,12.41,34.47,18.39,2.14,23.1,0.0,22.98,2150.0,0.0,19.01,1600.0,3.2,25.3,1050.0,0.0,26.46,1750.0,0.0,0.0,1450.0,21.215714285714284,0.5333333333333333,16.0,1470.0,24.485000000000003,0.0,0.0,3,66,10.0,0.0,375.2776749732565,0.0
2024-03-07,,,,,,,,,900.0,,,,,,,,,,,,,,,,,,,,,,,,,,,,,,3,67,,,304.7247001100222,0.19999999999999996
2024-03-08,,,,,,,,,1050.0,,,,,,,,,,,,,,,,,,,,,,,,,,,,,,3,68,,,134.96031162636663,0.16666666666666674
2024-03-09,Gujarat,ahmedabad,Ahmedabad(Chimanbhai Patal Market Vasana),Potato,Desi,FAQ,800.0,1400.0,1200.0,24.33,0.0,14.84,34.77,17.01,1.98,24.17,0.0,22.98,1750.0,0.0,20.51,1050.0,0.0,19.01,1850.0,0.0,26.46,2200.0,0.0,0.0,1528.571428571429,22.82,0.5333333333333333,16.0,1470.0,24.066,0.0,0.0,3,69,10.0,0.0,173.20508075688838,0.1428571428571428
2024-03-10,,,,,,,,,1175.0,,,,,,,,,,,,,,,,,,,,,,,,,,,,,,3,70,,,201.99893917684702,-0.02083333333333337
2024-03-11,Gujarat,ahmedabad,Ahmedabad(Chimanbhai Patal Market Vasana),Potato,Desi,FAQ,800.0,1300.0,1150.0,27.48,0.0,18.56,37.22,22.41,2.14,22.89,0.0,27.48,2150.0,0.0,24.33,1200.0,0.0,20.51,1050.0,0.0,28.8,1050.0,0.0,0.0,1628.571428571429,25.68,0.5333333333333333,16.0,1525.0,23.356333333333332,0.0,0.0,3,71,11.0,0.0,196.01688459828915,-0.021276595744680882
2024-03-12,Gujarat,ahmedabad,Ahmedabad(Chimanbhai Patal Market Vasana),Potato,Desi,FAQ,800.0,1300.0,1150.0,27.33,0.0,20.1,36.01,31.12,2.4,23.5,0.0,27.33,1850.0,0.0,27.48,1850.0,0.0,22.98,1100.0,3.2,25.3,1050.0,0.0,0.0,1578.571428571429,27.41571428571428,0.2133333333333333,6.4,1493.3333333333333,23.471333333333337,1.0,0.0,3,72,11.0,0.0,168.59009178364798,0.0
2024-03-13,Gujarat,ahmedabad,Ahmedabad(Chimanbhai Patal Market Vasana),Potato,Chips,FAQ,1500.0,1900.0,1800.0,26.86,0.0,18.98,35.89,35.0,3.04,23.01,0.0,27.33,1850.0,0.0,27.48,1150.0,0.0,24.33,1200.0,3.2,25.3,1600.0,0.0,0.0,1628.571428571429,27.305714285714284,0.0,0.0,1536.6666666666667,23.591,1.0,0.0,3,73,11.0,0.0,282.26338594939733,0.5652173913043479
2024-03-14,Gujarat,ahmedabad,Ahmedabad(Chimanbhai Patal Market Vasana),Potato,Chips,FAQ,1700.0,1800.0,1750.0,26.17,0.0,18.33,35.52,29.42,2.04,22.8,0.0,26.17,1800.0,0.0,27.33,1850.0,0.0,27.48,2150.0,0.0,20.51,1750.0,0.0,0.0,1785.7142857142858,26.564285714285717,0.0,0.0,1585.0,25.042,1.0,0.0,3,74,11.0,0.0,311.2474899497168,-0.02777777777777779
2024-03-15,Gujarat,ahmedabad,Ahmedabad(Chimanbhai Patal Market Vasana),Potato,Desi,FAQ,800.0,1400.0,1250.0,26.48,0.0,16.98,36.86,18.69,1.2,23.73,0.0,26.17,1100.0,0.0,26.86,1200.0,0.0,27.48,1850.0,0.0,20.51,1050.0,0.0,0.0,1514.2857142857142,26.312857142857144,0.0,0.0,1573.3333333333333,25.61833333333333,1.0,0.0,3,75,11.0,0.0,290.2687588786491,-0.2857142857142857
2024-03-16,Gujarat,ahmedabad,Ahmedabad(Chimanbhai Patal Market Vasana),Potato,Desi,FAQ,750.0,1300.0,1150.0,27.37,0.0,18.22,36.76,21.68,1.62,23.7,0.0,26.48,1900.0,0.0,26.17,1750.0,0.0,27.33,1850.0,0.0,22.98,1600.0,0.0,0.0,1371.428571428571,26.518571428571427,0.0,0.0,1571.6666666666667,26.197,1.0,0.0,3,76,11.0,0.0,295.2500957622504,-0.07999999999999996
2024-03-17,,,,,,,,,1500.0,,,,,,,,,,,,,,,,,,,,,,,,,,,,,,3,77,,,289.29306281083734,0.30434782608695654
2024-03-18,Gujarat,ahmedabad,Ahmedabad(Chimanbhai Patal Market Vasana),Potato,Chips,FAQ,1800.0,1900.0,1850.0,27.39,0.0,19.22,37.02,19.8,2.25,23.94,0.0,27.39,1650.0,0.0,26.48,1900.0,0.0,26.17,1800.0,0.0,24.33,1700.0,0.0,0.0,1642.857142857143,27.37857142857143,0.0,0.0,1643.3333333333333,26.897,1.0,0.0,3,78,12.0,0.0,311.4864515894844,0.2333333333333334
2024-03-19,Gujarat,ahmedabad,Ahmedabad(Chimanbhai Patal Market Vasana),Potato,Desi,FAQ,650.0,1400.0,1250.0,28.85,0.0,18.85,39.07,13.61,2.0,23.21,0.0,28.85,1400.0,0.0,27.37,1850.0,0.0,26.17,1100.0,0.0,27.48,2150.0,0.0,0.0,1528.571428571429,27.804285714285715,0.0,0.0,1570.0,27.090333333333334,1.0,0.0,3,79,12.0,0.0,294.997982236842,-0.32432432432432434
2024-03-20,Gujarat,ahmedabad,Ahmedabad(Chimanbhai Patal Market Vasana),Potato,Desi,FAQ,600.0,1400.0,1200.0,29.12,0.0,19.24,40.15,19.16,1.74,24.52,0.0,29.12,1350.0,0.0,27.39,1650.0,0.0,26.48,1800.0,0.0,27.48,1850.0,0.0,0.0,1414.2857142857142,28.51,0.0,0.0,1583.3333333333333,27.24533333333333,1.0,0.0,3,80,12.0,0.0,282.63218567769525,-0.040000000000000036
2024-03-21,Gujarat,ahmedabad,Ahmedabad(Chimanbhai Patal Market Vasana),Potato,Desi,FAQ,800.0,1700.0,1500.0,29.41,0.0,21.65,39.68,13.85,1.59,20.94,0.0,29.12,1800.0,0.0,28.85,1400.0,0.0,27.37,1700.0,0.0,27.33,1150.0,0.0,0.0,1478.571428571429,29.08428571428572,0.0,0.0,1576.6666666666667,27.434000000000005,1.0,0.0,3,81,12.0,0.0,247.84787961281876,0.25
2024-03-22,Gujarat,ahmedabad,Ahmedabad(Chimanbhai Patal Market Vasana),Potato,Desi,FAQ,700.0,1500.0,1300.0,29.51,0.0,19.99,40.3,19.76,1.95,25.1,0.0,29.41,1350.0,0.0,29.12,1350.0,0.0,27.39,1450.0,0.0,26.86,1900.0,0.0,0.0,1485.7142857142858,29.300000000000004,0.0,0.0,1533.3333333333333,27.676666666666662,1.0,0.0,3,82,12.0,0.0,243.97501823713097,-0.1333333333333333
2024-03-23,,,,,,,,,1525.0,,,,,,,,,,,,,,,,,,,,,,,,,,,,,,3,83,,,221.936820696682,0.17307692307692313
2024-03-24,,,,,,,,,1750.0,,,,,,,,,,,,,,,,,,,,,,,,,,,,,,3,84,,,250.297442104006,0.14754098360655732
2024-03-25,,,,,,,,,1975.0,,,,,,,,,,,,,,,,,,,,,,,,,,,,,,3,85,,,283.2107577994381,0.12857142857142856
2024-03-26,Gujarat,ahmedabad,Ahmedabad(Chimanbhai Patal Market Vasana),Potato,Desi,FAQ,1500.0,2400.0,2200.0,33.02,0.0,24.04,42.05,25.55,1.4,23.04,0.0,29.51,1650.0,0.0,29.41,1600.0,0.0,28.85,1250.0,0.0,26.17,1750.0,0.0,0.0,1535.7142857142858,29.997142857142855,0.0,0.0,1510.0,28.30433333333333,1.0,0.0,3,86,13.0,0.0,360.51385284789893,0.11392405063291133
2024-03-27,Gujarat,ahmedabad,Ahmedabad(Chimanbhai Patal Market Vasana),Potato,Desi,FAQ,1300.0,2300.0,2050.0,33.27,0.0,25.01,41.88,27.39,1.71,23.84,0.0,33.27,1500.0,0.0,29.51,1650.0,0.0,29.41,1500.0,0.0,26.48,1900.0,0.0,0.0,1742.857142857143,33.09142857142857,0.0,0.0,1561.6666666666667,29.64966666666667,1.0,0.0,3,87,13.0,0.0,331.25842307349876,-0.06818181818181823
2024-03-28,Gujarat,ahmedabad,Ahmedabad(Chimanbhai Patal Market Vasana),Potato,Other,FAQ,1800.0,1900.0,1850.0,33.06,0.0,25.12,42.06,27.26,2.73,23.68,0.0,33.27,1650.0,0.0,33.02,1300.0,0.0,29.51,1450.0,0.0,27.37,1850.0,0.0,0.0,1821.4285714285716,33.20428571428572,0.0,0.0,1583.3333333333333,30.42933333333333,1.0,0.0,3,88,13.0,0.0,311.8206902326095,-0.09756097560975607
2024-03-29,,,,,,,,,1900.0,,,,,,,,,,,,,,,,,,,,,,,,,,,,,,3,89,,,217.32957198030107,0.027027027027026973
2024-03-30,Gujarat,ahmedabad,Ahmedabad(Chimanbhai Patal Market Vasana),Potato,Other,FAQ,1900.0,2000.0,1950.0,30.37,0.0,21.98,39.54,30.67,2.58,24.41,0.0,33.06,2000.0,0.0,33.27,1650.0,0.0,33.02,1450.0,0.0,28.85,1250.0,0.0,0.0,1850.0,32.675714285714285,0.0,0.0,1658.3333333333333,31.37633333333333,1.0,0.0,3,90,13.0,0.0,144.6465314054124,0.026315789473684292
2024-03-31,,,,,,,,,1800.0,,,,,,,,,,,,,,,,,,,,,,,,,,,,,,3,91,,,133.74193344610603,-0.07692307692307687
2024-04-01,,,,,,,,,1650.0,,,,,,,,,,,,,,,,,,,,,,,,,,,,,,4,92,,,177.2810520855779,-0.08333333333333337
2024-04-02,Gujarat,ahmedabad,Ahmedabad(Chimanbhai Patal Market Vasana),Potato,Jalander,FAQ,1200.0,1600.0,1500.0,29.68,0.0,23.73,36.13,21.43,2.33,19.43,0.0,30.37,1750.0,0.0,33.06,2000.0,0.0,33.27,2350.0,0.0,29.41,1500.0,0.0,0.0,1764.2857142857142,30.271428571428576,0.0,0.0,1701.6666666666667,31.602666666666668,1.0,0.0,4,93,14.0,2.0,186.4454471471558,-0.09090909090909094
2024-04-03,Gujarat,ahmedabad,Ahmedabad(Chimanbhai Patal Market Vasana),Potato,Chips,FAQ,1600.0,2100.0,1950.0,29.98,0.0,21.74,38.11,34.95,2.43,23.59,0.0,29.68,1750.0,0.0,30.37,1600.0,0.0,33.06,1800.0,0.0,29.51,650.0,0.0,0.0,1750.0,29.821428571428573,0.0,0.0,1790.0,31.64766666666667,1.0,0.0,4,94,14.0,2.0,168.32508230602903,0.30000000000000004
2024-04-04,Gujarat,ahmedabad,Ahmedabad(Chimanbhai Patal Market Vasana),Potato,Other,FAQ,1500.0,1600.0,1550.0,29.94,0.0,23.92,36.46,36.24,2.09,14.5,0.0,29.94,1700.0,0.0,29.98,1950.0,0.0,30.37,1600.0,0.0,33.02,2000.0,0.0,0.0,1678.571428571429,29.962857142857143,0.0,0.0,1766.6666666666667,31.168333333333337,1.0,0.0,4,95,14.0,2.0,190.2379462422636,-0.20512820512820518
2024-04-05,Gujarat,ahmedabad,Ahmedabad(Chimanbhai Patal Market Vasana),Potato,Chips,FAQ,2000.0,2100.0,2050.0,31.09,0.0,23.83,38.08,28.37,3.09,15.93,0.0,29.94,2000.0,0.0,29.98,1550.0,0.0,29.68,2200.0,0.0,33.27,2350.0,0.0,0.0,1750.0,30.10428571428572,0.0,0.0,1775.0,30.762666666666668,1.0,0.0,4,96,14.0,2.0,215.7489722979398,0.32258064516129026
2024-04-06,Gujarat,ahmedabad,Ahmedabad(Chimanbhai Patal Market Vasana),Potato,Desi,FAQ,1250.0,2200.0,2000.0,30.9,0.0,24.62,39.45,28.08,2.82,23.73,0.0,31.09,1550.0,0.0,29.94,2000.0,0.0,29.98,1600.0,0.0,33.06,1950.0,0.0,0.0,1700.0,31.062857142857144,0.0,0.0,1748.3333333333333,30.355333333333338,1.0,0.0,4,97,14.0,2.0,223.07376529279028,-0.024390243902439046
2024-04-07,,,,,,,,,1950.0,,,,,,,,,,,,,,,,,,,,,,,,,,,,,,4,98,,,231.71205447812656,-0.025000000000000022
2024-04-08,Gujarat,ahmedabad,Ahmedabad(Chimanbhai Patal Market Vasana),Potato,Desi,FAQ,1200.0,2100.0,1900.0,32.98,0.0,23.37,41.91,22.89,1.23,25.71,0.0,32.98,1400.0,0.0,30.9,2000.0,0.0,29.94,2000.0,0.0,30.37,1750.0,0.0,0.0,1742.857142857143,31.79142857142857,0.0,0.0,1726.6666666666667,30.59733333333333,1.0,0.0,4,99,15.0,2.0,222.53945610567033,-0.02564102564102566
2024-04-09,Gujarat,ahmedabad,Ahmedabad(Chimanbhai Patal Market Vasana),Potato,Jalander,FAQ,1200.0,1800.0,1650.0,33.75,0.0,24.08,42.71,15.76,1.05,24.2,0.0,33.75,1350.0,0.0,30.9,2750.0,0.0,31.09,1850.0,0.0,29.68,1700.0,0.0,0.0,1664.2857142857142,33.2,0.0,0.0,1725.0,31.08866666666667,1.0,0.0,4,100,15.0,2.0,188.66700319673313,-0.13157894736842102
2024-04-10,,,,,,,,,1837.5,,,,,,,,,,,,,,,,,,,,,,,,,,,,,,4,101,,,184.90264491141315,0.11363636363636354
2024-04-11,,,,,,,,,2025.0,,,,,,,,,,,,,,,,,,,,,,,,,,,,,,4,102,,,138.57802512525924,0.1020408163265305
2024-04-12,,,,,,,,,2212.5,,,,,,,,,,,,,,,,,,,,,,,,,,,,,,4,103,,,173.869648765685,0.09259259259259256
2024-04-13,Gujarat,ahmedabad,Ahmedabad(Chimanbhai Patal Market Vasana),Potato,Chips,FAQ,2000.0,2600.0,2400.0,30.98,0.0,25.04,37.42,35.83,1.66,24.08,0.0,33.75,1600.0,0.0,32.98,2400.0,0.0,30.9,1550.0,0.0,29.98,1750.0,0.0,0.0,1850.0,33.24428571428572,0.0,0.0,1760.0,31.509,1.0,0.0,4,104,15.0,2.0,247.3520481303592,0.0847457627118644
2024-04-14,,,,,,,,,2320.0,,,,,,,,,,,,,,,,,,,,,,,,,,,,,,4,105,,,273.8868162128945,-0.033333333333333326
2024-04-15,,,,,,,,,2240.0,,,,,,,,,,,,,,,,,,,,,,,,,,,,,,4,106,,,273.1468948944392,-0.03448275862068961
2024-04-16,,,,,,,,,2160.0,,,,,,,,,,,,,,,,,,,,,,,,,,,,,,4,107,,,188.7608401176001,-0.0357142857142857
2024-04-17,,,,,,,,,2080.0,,,,,,,,,,,,,,,,,,,,,,,,,,,,,,4,108,,,130.75444998344625,-0.03703703703703709
2024-04-18,Gujarat,ahmedabad,Ahmedabad(Chimanbhai Patal Market Vasana),Potato,Desi,FAQ,1200.0,2250.0,2000.0,34.84,0.0,27.62,41.88,23.61,2.8,25.05,0.0,34.84,1600.0,0.0,30.98,2400.0,0.0,32.98,2400.0,0.0,29.94,1450.0,0.0,0.0,1728.571428571429,32.082857142857144,0.0,0.0,1785.0,32.00633333333333,1.0,0.0,4,109,16.0,2.0,136.70767387105766,-0.038461538461538436
2024-04-19,Gujarat,ahmedabad,Ahmedabad(Chimanbhai Patal Market Vasana),Potato,Chips,FAQ,2300.0,2500.0,2400.0,33.27,0.0,26.21,40.87,31.63,4.02,25.36,0.0,34.84,1350.0,0.0,30.98,1500.0,0.0,33.75,2150.0,0.0,31.09,1500.0,0.0,0.0,1842.857142857143,34.064285714285724,0.0,0.0,1810.0,32.492333333333335,1.0,0.0,4,110,16.0,2.0,156.14401167175672,0.19999999999999996
2024-04-20,Gujarat,ahmedabad,Ahmedabad(Chimanbhai Patal Market Vasana),Potato,Chips,FAQ,2000.0,2500.0,2350.0,31.58,0.0,23.55,39.63,32.18,3.14,26.43,0.0,33.27,1500.0,0.0,34.84,2450.0,0.0,30.98,1950.0,0.0,30.9,1550.0,0.0,0.0,1800.0,33.252857142857145,0.0,0.0,1828.3333333333333,32.812,1.0,0.0,4,111,16.0,2.0,147.92211592912577,-0.02083333333333337
2024-04-21,,,,,,,,,2375.0,,,,,,,,,,,,,,,,,,,,,,,,,,,,,,4,112,,,155.3069157997654,0.010638297872340496
2024-04-22,Gujarat,ahmedabad,Ahmedabad(Chimanbhai Patal Market Vasana),Potato,Other,FAQ,2000.0,2500.0,2400.0,31.88,0.0,23.34,40.52,33.82,2.36,26.53,0.0,31.88,1400.0,0.0,33.27,1500.0,0.0,34.84,1700.0,0.0,32.98,1900.0,0.0,0.0,1828.571428571429,31.66571428571428,0.0,0.0,1821.6666666666667,32.76,1.0,0.0,4,113,17.0,2.0,168.37104716609326,0.010526315789473717
2024-04-23,Gujarat,ahmedabad,Ahmedabad(Chimanbhai Patal Market Vasana),Potato,Other,FAQ,2200.0,2500.0,2400.0,32.45,0.0,24.16,40.89,31.67,2.48,26.26,0.0,32.45,1350.0,0.0,31.88,2400.0,0.0,33.27,1500.0,0.0,33.75,1600.0,0.0,0.0,1907.142857142857,32.12428571428571,0.0,0.0,1835.0,32.431999999999995,1.0,0.0,4,114,17.0,2.0,170.89749085621358,0.0
2024-04-24,Gujarat,ahmedabad,Ahmedabad(Chimanbhai Patal Market Vasana),Potato,Jalander,FAQ,1400.0,2000.0,1850.0,33.68,0.0,24.17,42.28,26.01,1.38,26.51,0.0,32.45,1850.0,0.0,31.88,1900.0,0.0,31.58,1300.0,0.0,30.98,1600.0,0.0,0.0,1928.571428571429,32.62571428571429,0.0,0.0,1840.0,32.669000000000004,1.0,0.0,4,115,17.0,2.0,229.32353938111754,-0.22916666666666663
2024-04-25,,,,,,,,,1875.0,,,,,,,,,,,,,,,,,,,,,,,,,,,,,,4,116,,,255.7086325525637,0.013513513513513598
2024-04-26,Gujarat,ahmedabad,Ahmedabad(Chimanbhai Patal Market Vasana),Potato,Jalander,FAQ,1700.0,2000.0,1900.0,33.24,0.0,25.89,40.98,29.51,3.08,26.6,0.0,33.24,1300.0,0.0,33.68,1850.0,0.0,31.88,1900.0,0.0,34.84,1350.0,0.0,0.0,1850.0,33.55428571428571,0.0,0.0,1871.6666666666667,32.626333333333335,1.0,0.0,4,117,17.0,2.0,271.514710642417,0.01333333333333342
2024-04-27,Gujarat,ahmedabad,Ahmedabad(Chimanbhai Patal Market Vasana),Potato,Desi,FAQ,1500.0,2100.0,1950.0,33.93,0.01,26.0,41.46,25.92,2.35,23.53,0.01,33.93,1350.0,0.0,33.68,2350.0,0.0,32.45,2400.0,0.0,33.27,1500.0,0.0028571428571428,0.02,1778.571428571429,33.43714285714286,0.0006666666666666,0.02,1883.3333333333333,32.66733333333333,1.0,0.0,4,118,17.0,2.0,267.9840968984421,0.026315789473684292
2024-04-28,,,,,,,,,1825.0,,,,,,,,,,,,,,,,,,,,,,,,,,,,,,4,119,,,256.7540049300431,-0.0641025641025641
2024-04-29,Gujarat,ahmedabad,Ahmedabad(Chimanbhai Patal Market Vasana),Potato,Jalander,FAQ,1500.0,1800.0,1700.0,33.94,0.0,26.0,42.2,23.78,3.34,26.05,0.01,33.93,1900.0,0.0,33.24,2450.0,0.0,33.68,2450.0,0.0,31.58,1300.0,0.0071428571428571,0.05,1764.2857142857142,33.832857142857144,0.0016666666666666,0.05,1900.0,32.981,1.0,0.0,4,120,18.0,2.0,221.93682069667966,-0.06849315068493156
2024-04-30,Gujarat,ahmedabad,Ahmedabad(Chimanbhai Patal Market Vasana),Potato,Desi,FAQ,1400.0,2200.0,2000.0,33.11,0.0,24.53,41.12,9.34,2.9,26.52,0.0,33.94,2450.0,0.01,33.93,2400.0,0.0,33.24,1900.0,0.0,31.88,2450.0,0.0014285714285714,0.01,1828.571428571429,33.82,0.0016666666666666,0.05,1865.0,33.306666666666665,1.0,0.0,4,121,18.0,2.0,96.20786028672626,0.17647058823529416
2024-05-01,Gujarat,ahmedabad,Ahmedabad(Chimanbhai Patal Market Vasana),Potato,Jalander,FAQ,1500.0,1700.0,1600.0,32.2,0.0,23.4,41.77,10.19,3.06,29.0,0.0,32.2,1350.0,0.0,33.94,2450.0,0.01,33.93,1550.0,0.0,32.45,2050.0,0.0,0.0,1692.857142857143,32.85,0.0016666666666666,0.05,1830.0,33.416000000000004,1.0,0.0,5,122,18.0,2.0,141.3160928388413,-0.19999999999999996
2024-05-02,Gujarat,ahmedabad,Ahmedabad(Chimanbhai Patal Market Vasana),Potato,Desi,FAQ,1200.0,2000.0,1800.0,32.16,0.0,23.69,40.67,11.73,1.66,28.32,0.0,32.2,2700.0,0.0,33.11,1350.0,0.0,33.94,1300.0,0.0,33.68,1600.0,0.0,0.0,1778.571428571429,32.324285714285715,0.0016666666666666,0.05,1835.0,33.29933333333334,1.0,0.0,5,123,18.0,2.0,140.6828584677771,0.125
2024-05-03,Gujarat,ahmedabad,Ahmedabad(Chimanbhai Patal Market Vasana),Potato,Chips,FAQ,2500.0,2600.0,2550.0,32.98,0.0,23.47,43.03,15.47,2.13,28.4,0.0,32.98,1650.0,0.0,32.2,1800.0,0.0,33.11,1550.0,0.0,33.24,1300.0,0.0,0.0,1885.7142857142856,32.4,0.0016666666666666,0.05,1810.0,33.11533333333333,1.0,0.0,5,124,18.0,2.0,310.48157678646135,0.41666666666666674
2024-05-04,Gujarat,ahmedabad,Ahmedabad(Chimanbhai Patal Market Vasana),Potato,Desi,FAQ,1200.0,2000.0,1850.0,33.84,0.0,25.85,41.3,34.52,3.26,22.41,0.0,33.84,1750.0,0.0,32.16,1350.0,0.0,32.2,1600.0,0.01,33.93,1350.0,0.0,0.0,1878.571428571429,33.22571428571428,0.0013333333333333,0.04,1801.6666666666667,33.10633333333333,1.0,0.0,5,125,18.0,2.0,311.056188462712,-0.27450980392156865
2024-05-05,,,,,,,,,2075.0,,,,,,,,,,,,,,,,,,,,,,,,,,,,,,5,126,,,314.86013523769964,0.12162162162162171
2024-05-06,Gujarat,ahmedabad,Ahmedabad(Chimanbhai Patal Market Vasana),Potato,Other,FAQ,2200.0,2400.0,2300.0,33.99,0.0,25.32,42.61,40.06,2.47,26.25,0.0,33.84,1450.0,0.0,32.98,2200.0,0.0,32.2,2700.0,0.01,33.93,2400.0,0.0,0.0,1814.2857142857144,33.61571428571428,0.0003333333333333,0.01,1803.3333333333333,33.102333333333334,1.0,0.0,5,127,19.0,2.0,320.48140871715304,0.10843373493975905
2024-05-07,,,,,,,,,2075.0,,,,,,,,,,,,,,,,,,,,,,,,,,,,,,5,128,,,320.75988646010944,-0.09782608695652173
2024-05-08,Gujarat,ahmedabad,Ahmedabad(Chimanbhai Patal Market Vasana),Potato,Desi,FAQ,1500.0,2000.0,1850.0,36.51,0.0,28.13,44.81,26.39,2.98,26.2,0.0,36.51,1900.0,0.0,33.99,2300.0,0.0,32.98,2200.0,0.0,33.11,2000.0,0.0,0.0,1907.142857142857,35.07,0.0,0.0,1821.6666666666667,33.394,1.0,0.0,5,129,19.0,2.0,274.78346453334825,-0.10843373493975905
2024-05-09,Gujarat,ahmedabad,Ahmedabad(Chimanbhai Patal Market Vasana),Potato,Desi,FAQ,1200.0,2100.0,1900.0,36.11,0.0,29.06,43.66,32.42,3.05,26.77,0.0,36.11,1550.0,0.0,33.99,1850.0,0.0,33.84,1750.0,0.0,33.11,1350.0,0.0,0.0,1850.0,36.035714285714285,0.0,0.0,1843.3333333333333,33.70733333333333,1.0,0.0,5,130,19.0,2.0,260.5511557485443,0.027027027027026973
2024-05-10,,,,,,,,,1700.0,,,,,,,,,,,,,,,,,,,,,,,,,,,,,,5,131,,,198.8807970332207,-0.10526315789473684
2024-05-11,Gujarat,ahmedabad,Ahmedabad(Chimanbhai Patal Market Vasana),Potato,Jalander,FAQ,1400.0,1600.0,1500.0,35.16,0.04,28.21,42.56,37.06,2.45,25.84,0.0,36.11,2450.0,0.0,36.51,1900.0,0.0,33.84,1450.0,0.0,32.2,1600.0,0.0057142857142857,0.04,1921.4285714285716,36.08857142857143,0.0013333333333333,0.04,1880.0,34.03633333333333,1.0,0.0,5,132,19.0,2.0,265.3053048129693,-0.11764705882352944
2024-05-12,,,,,,,,,1950.0,,,,,,,,,,,,,,,,,,,,,,,,,,,,,,5,133,,,256.75400493004366,0.30000000000000004
2024-05-13,Gujarat,ahmedabad,Ahmedabad(Chimanbhai Patal Market Vasana),Potato,Chips,FAQ,2200.0,2500.0,2400.0,36.55,0.66,29.21,43.93,31.54,2.27,23.74,0.04,35.16,2450.0,0.0,36.11,1750.0,0.0,33.99,1850.0,0.0,32.16,1600.0,0.1228571428571428,0.8600000000000001,1971.4285714285716,35.49428571428571,0.0286666666666666,0.8600000000000001,1893.3333333333333,34.57866666666666,1.0,0.0,5,134,20.0,2.0,284.25969012255194,0.23076923076923084
2024-05-14,Gujarat,ahmedabad,Ahmedabad(Chimanbhai Patal Market Vasana),Potato,Jalander,FAQ,1400.0,1800.0,1700.0,36.07,5.11,29.49,42.18,34.14,1.04,22.89,0.66,36.55,1850.0,0.04,35.16,2450.0,0.0,36.11,1900.0,0.0,32.98,1350.0,1.2957142857142858,9.07,1828.571428571429,36.481428571428566,0.309,9.27,1885.0,35.33133333333333,1.0,0.0,5,135,20.0,2.0,283.4733547569167,-0.29166666666666663
2024-05-15,Gujarat,ahmedabad,Ahmedabad(Chimanbhai Patal Market Vasana),Potato,Chips,FAQ,2300.0,2400.0,2350.0,37.38,0.0,31.12,43.59,27.16,1.18,23.11,0.0,37.38,1800.0,0.66,36.55,1750.0,0.04,35.16,1350.0,0.0,33.84,1450.0,3.0142857142857147,21.1,1800.0,36.51285714285714,0.8200000000000001,24.6,1885.0,35.819,0.0,0.0,5,136,20.0,2.0,338.9409275684336,0.38235294117647056
2024-05-16,Gujarat,ahmedabad,Ahmedabad(Chimanbhai Patal Market Vasana),Potato,Desi,FAQ,1400.0,2000.0,1750.0,37.66,0.35,30.2,44.73,25.64,1.48,25.41,0.35,37.66,1300.0,5.11,36.07,1350.0,0.66,36.55,1600.0,0.0,33.99,1850.0,0.8300000000000001,5.8100000000000005,1714.2857142857142,37.27285714285715,0.8433333333333334,25.3,1800.0,36.28966666666667,0.0,0.0,5,137,20.0,2.0,345.7221565416474,-0.25531914893617025
2024-05-17,Gujarat,ahmedabad,Ahmedabad(Chimanbhai Patal Market Vasana),Potato,Other,FAQ,2000.0,2300.0,2200.0,38.33,0.0,31.06,45.83,23.52,3.61,26.11,0.0,38.33,1800.0,0.0,37.38,1700.0,0.66,36.55,1850.0,0.0,36.51,1850.0,0.1999999999999999,1.4,1771.428571428571,37.81142857142857,0.8666666666666667,26.0,1833.3333333333333,36.57166666666667,0.0,0.0,5,138,20.0,2.0,347.4396144861484,0.2571428571428571
2024-05-18,Gujarat,ahmedabad,Ahmedabad(Chimanbhai Patal Market Vasana),Potato,Chips,FAQ,2200.0,2300.0,2250.0,38.19,0.02,29.76,46.33,21.14,3.0,25.97,0.0,38.33,2200.0,0.35,37.66,2250.0,5.11,36.07,1800.0,0.0,36.11,1750.0,0.0528571428571428,0.37,1921.4285714285716,38.21428571428572,0.8673333333333333,26.02,1833.3333333333333,36.84966666666666,0.0,0.0,5,139,20.0,2.0,285.3569193633983,0.022727272727272707
2024-05-19,,,,,,,,,2050.0,,,,,,,,,,,,,,,,,,,,,,,,,,,,,,5,140,,,279.88092706244004,-0.0888888888888889
2024-05-20,Gujarat,ahmedabad,Ahmedabad(Chimanbhai Patal Market Vasana),Potato,Desi,FAQ,1500.0,2000.0,1850.0,38.3,0.0,30.13,46.1,23.21,4.46,25.73,0.0,38.3,1550.0,0.0,38.33,2200.0,0.35,37.66,1750.0,0.04,35.16,2450.0,0.0114285714285714,0.08,1821.4285714285716,38.23714285714285,0.8626666666666668,25.880000000000003,1803.3333333333333,37.435,0.0,0.0,5,141,21.0,2.0,257.9682520148878,-0.09756097560975607
2024-05-21,Gujarat,ahmedabad,Ahmedabad(Chimanbhai Patal Market Vasana),Potato,Desi,FAQ,1500.0,1900.0,1800.0,38.48,0.0,30.12,46.6,24.34,3.44,26.82,0.0,38.48,1700.0,0.02,38.19,1900.0,0.0,38.33,2200.0,0.66,36.55,2150.0,0.0,0.0,1900.0,38.35142857142857,0.7746666666666667,23.24,1820.0,37.68033333333333,0.0,0.0,5,142,21.0,2.0,239.29459827146616,-0.027027027027026973
2024-05-22,Gujarat,ahmedabad,Ahmedabad(Chimanbhai Patal Market Vasana),Potato,Desi,FAQ,1500.0,2000.0,1850.0,38.88,0.0,30.51,47.3,28.59,3.1,25.53,0.0,38.48,1450.0,0.0,38.3,1850.0,0.0,38.33,2200.0,5.11,36.07,1700.0,0.0,0.0,1914.2857142857144,38.48571428571428,0.5603333333333335,16.810000000000002,1823.3333333333333,37.90266666666666,0.0,0.0,5,143,21.0,2.0,201.4825999813278,0.02777777777777768
2024-05-23,Gujarat,ahmedabad,Ahmedabad(Chimanbhai Patal Market Vasana),Potato,Other,FAQ,1800.0,2200.0,2050.0,38.73,0.0,29.51,47.35,26.16,4.08,27.07,0.0,38.73,1550.0,0.0,38.48,1800.0,0.02,38.19,1900.0,0.0,37.38,1800.0,0.0,0.0,1757.142857142857,38.72285714285714,0.0493333333333333,1.48,1830.0,38.22366666666667,1.0,0.0,5,144,21.0,2.0,178.95197546774148,0.10810810810810811
2024-05-24,Gujarat,ahmedabad,Ahmedabad(Chimanbhai Patal Market Vasana),Potato,Chips,FAQ,2100.0,2300.0,2200.0,38.17,0.0,29.55,46.73,30.44,4.38,26.48,0.0,38.17,1950.0,0.0,38.88,1850.0,0.0,38.3,2100.0,0.35,37.66,1750.0,0.0,0.0,1950.0,38.57,0.026,0.7799999999999999,1885.0,38.39266666666666,1.0,0.0,5,145,21.0,2.0,178.95197546774148,0.07317073170731714
2024-05-25,Gujarat,ahmedabad,Ahmedabad(Chimanbhai Patal Market Vasana),Potato,Desi,FAQ,1300.0,2000.0,1800.0,37.74,0.0,28.81,46.14,33.3,3.52,26.95,0.0,37.74,1500.0,0.0,38.73,1750.0,0.0,38.88,1850.0,0.0,38.33,1800.0,0.0,0.0,1857.142857142857,38.04714285714285,0.0026666666666666,0.08,1851.6666666666667,38.382,1.0,0.0,5,146,21.0,2.0,156.60079668956737,-0.18181818181818177
2024-05-26,,,,,,,,,1800.0,,,,,,,,,,,,,,,,,,,,,,,,,,,,,,5,147,,,156.6007966895675,0.0
2024-05-27,Gujarat,ahmedabad,Ahmedabad(Chimanbhai Patal Market Vasana),Potato,Desi,FAQ,1500.0,2000.0,1800.0,37.73,0.0,29.4,47.44,35.81,5.56,26.39,0.0,37.73,1950.0,0.0,37.74,1500.0,0.0,38.73,2300.0,0.02,38.19,1900.0,0.0,0.0,1921.4285714285716,37.73571428571428,0.0,0.0,1871.6666666666667,38.28166666666666,1.0,0.0,5,148,22.0,2.0,160.7275126832089,0.0
2024-05-28,Gujarat,ahmedabad,Ahmedabad(Chimanbhai Patal Market Vasana),Potato,Desi,FAQ,1500.0,2000.0,1850.0,36.36,0.0,28.58,44.58,43.22,5.77,24.48,0.0,36.36,1550.0,0.0,37.73,1450.0,0.0,38.17,1450.0,0.0,38.3,2100.0,0.0,0.0,1964.2857142857144,37.142857142857146,0.0,0.0,1878.3333333333333,38.04966666666667,1.0,0.0,5,149,22.0,2.0,156.6007966895675,0.02777777777777768
2024-05-29,Gujarat,ahmedabad,Ahmedabad(Chimanbhai Patal Market Vasana),Potato,Other,FAQ,1900.0,2400.0,2250.0,35.74,0.0,28.86,43.94,48.89,5.43,22.75,0.0,36.36,2400.0,0.0,37.73,2250.0,0.0,37.74,1800.0,0.0,38.48,2100.0,0.0,0.0,2092.8571428571427,36.46714285714285,0.0,0.0,1921.6666666666667,37.817,1.0,0.0,5,150,22.0,2.0,199.40387348770946,0.21621621621621623
2024-05-30,Gujarat,ahmedabad,Ahmedabad(Chimanbhai Patal Market Vasana),Potato,Other,FAQ,1700.0,2400.0,2250.0,36.62,0.0,29.59,44.53,42.44,3.67,26.23,0.0,35.74,1550.0,0.0,36.36,1850.0,0.0,37.73,1450.0,0.0,38.88,1850.0,0.0,0.0,2078.5714285714284,36.04285714285714,0.0,0.0,1956.6666666666667,37.441,1.0,0.0,5,151,22.0,2.0,226.2531241562729,0.0
2024-05-31,Gujarat,ahmedabad,Ahmedabad(Chimanbhai Patal Market Vasana),Potato,Other,FAQ,2000.0,2400.0,2300.0,36.4,0.0,29.49,43.15,42.26,3.96,27.73,0.0,36.4,2450.0,0.0,35.74,1550.0,0.0,36.36,1550.0,0.0,38.17,1950.0,0.0,0.0,2014.2857142857144,36.52571428571428,0.0,0.0,1970.0,37.01566666666667,1.0,0.0,5,152,22.0,2.0,243.97501823712847,0.022222222222222143
2024-06-01,Gujarat,ahmedabad,Ahmedabad(Chimanbhai Patal Market Vasana),Potato,Chips,FAQ,2000.0,2500.0,2350.0,36.5,0.0,30.03,42.81,41.68,4.13,26.05,0.0,36.5,1800.0,0.0,36.62,2150.0,0.0,36.36,2400.0,0.0,38.17,1450.0,0.0,0.0,1992.857142857143,36.46,0.0,0.0,1973.3333333333333,36.845333333333336,1.0,0.0,6,153,22.0,1.0,254.4836041121359,0.021739130434782705
2024-06-02,,,,,,,,,2325.0,,,,,,,,,,,,,,,,,,,,,,,,,,,,,,6,154,,,232.67338644955123,-0.010638297872340385
2024-06-03,Gujarat,ahmedabad,Ahmedabad(Chimanbhai Patal Market Vasana),Potato,Desi,FAQ,1500.0,2700.0,2300.0,36.86,0.0,29.71,43.73,36.96,3.08,26.77,0.0,36.5,2350.0,0.0,36.4,2300.0,0.0,35.74,1550.0,0.0,37.74,2250.0,0.0,0.0,2150.0,36.53714285714285,0.0,0.0,2028.3333333333333,36.67766666666667,1.0,0.0,6,155,23.0,1.0,172.43011006532538,-0.010752688172043001
2024-06-04,Gujarat,ahmedabad,Ahmedabad(Chimanbhai Patal Market Vasana),Potato,Desi,FAQ,1500.0,2300.0,2050.0,36.61,0.0,29.79,43.01,36.13,3.49,26.35,0.0,36.61,2350.0,0.0,36.86,2300.0,0.0,36.4,2300.0,0.0,37.73,2300.0,0.0,0.0,2035.7142857142856,36.78857142857142,0.0,0.0,2038.3333333333333,36.45733333333333,1.0,0.0,6,156,23.0,1.0,99.8510795897341,-0.10869565217391308
2024-06-05,Gujarat,ahmedabad,Ahmedabad(Chimanbhai Patal Market Vasana),Potato,Desi,FAQ,1500.0,2100.0,1950.0,35.6,0.0,28.71,43.1,38.08,3.91,27.3,0.0,36.61,2350.0,0.0,36.86,2300.0,0.0,36.5,1900.0,0.0,36.36,2250.0,0.0,0.0,1957.142857142857,36.50142857142857,0.0,0.0,2043.3333333333333,36.457,1.0,0.0,6,157,23.0,1.0,154.59239801428424,-0.04878048780487809
2024-06-06,Gujarat,ahmedabad,Ahmedabad(Chimanbhai Patal Market Vasana),Potato,Jalander,FAQ,1600.0,1800.0,1700.0,36.01,0.0,29.05,43.2,39.04,3.16,26.89,0.0,35.6,1800.0,0.0,36.61,1800.0,0.0,36.86,1600.0,0.0,35.74,1550.0,0.0,0.0,2021.4285714285716,35.80285714285714,0.0,0.0,2036.6666666666667,36.42666666666666,1.0,0.0,6,158,23.0,1.0,247.42723798166503,-0.1282051282051282
2024-06-07,Gujarat,ahmedabad,Ahmedabad(Chimanbhai Patal Market Vasana),Potato,Desi,FAQ,1500.0,2200.0,2050.0,37.55,0.02,29.71,44.56,38.57,3.48,25.94,0.0,36.01,2450.0,0.0,35.6,1800.0,0.0,36.61,1750.0,0.0,36.4,2450.0,0.0028571428571428,0.02,2121.428571428572,36.23,0.0006666666666666,0.02,2081.6666666666665,36.37066666666667,1.0,0.0,6,159,23.0,1.0,238.2350779817066,0.2058823529411764
2024-06-08,Gujarat,ahmedabad,Ahmedabad(Chimanbhai Patal Market Vasana),Potato,Chips,FAQ,2000.0,2700.0,2500.0,36.71,0.23,29.91,43.33,38.37,3.35,26.46,0.02,37.55,1600.0,0.0,36.01,1950.0,0.0,35.6,2200.0,0.0,36.5,2350.0,0.0442857142857142,0.31,2257.1428571428573,36.99,0.0103333333333333,0.31,2103.333333333333,36.48933333333333,1.0,0.0,6,160,23.0,1.0,268.8710967483565,0.2195121951219512
2024-06-09,,,,,,,,,2470.0,,,,,,,,,,,,,,,,,,,,,,,,,,,,,,6,161,,,291.4822546260787,-0.01200000000000001
2024-06-10,,,,,,,,,2440.0,,,,,,,,,,,,,,,,,,,,,,,,,,,,,,6,162,,,308.15889531522885,-0.012145748987854255
2024-06-11,,,,,,,,,2410.0,,,,,,,,,,,,,,,,,,,,,,,,,,,,,,6,163,,,315.57958772784025,-0.012295081967213073
2024-06-12,,,,,,,,,2380.0,,,,,,,,,,,,,,,,,,,,,,,,,,,,,,6,164,,,296.1659766318257,-0.012448132780082943
2024-06-13,Gujarat,ahmedabad,Ahmedabad(Chimanbhai Patal Market Vasana),Potato,Chips,FAQ,2000.0,2500.0,2350.0,35.23,0.49,28.46,41.85,41.67,3.84,27.89,0.23,36.71,2350.0,0.02,37.55,2550.0,0.0,36.01,1700.0,0.0,36.86,2300.0,0.2071428571428571,1.45,2114.285714285714,36.73857142857143,0.0496666666666666,1.49,2081.6666666666665,36.456,1.0,0.0,6,165,24.0,1.0,150.71259308459602,-0.012605042016806678
2024-06-14,Gujarat,ahmedabad,Ahmedabad(Chimanbhai Patal Market Vasana),Potato,Chips,FAQ,2000.0,2600.0,2450.0,35.45,0.34,29.07,41.86,43.12,4.2,27.73,0.49,35.23,2050.0,0.23,36.71,2500.0,0.0,36.01,1950.0,0.0,36.86,2200.0,0.3571428571428571,2.5,2171.428571428572,35.895714285714284,0.0936666666666666,2.81,2106.6666666666665,36.30033333333333,1.0,0.0,6,166,24.0,1.0,52.098807225146054,0.042553191489361764
2024-06-15,Gujarat,ahmedabad,Ahmedabad(Chimanbhai Patal Market Vasana),Potato,Chips,FAQ,2400.0,2600.0,2500.0,35.96,2.3,30.71,42.15,42.53,4.04,25.95,0.34,35.45,2050.0,0.23,36.71,2350.0,0.02,37.55,2050.0,0.0,36.61,2350.0,0.6842857142857143,4.79,2314.285714285714,35.42857142857143,0.193,5.79,2136.6666666666665,36.184666666666665,1.0,0.0,6,167,24.0,1.0,52.098807225146054,0.020408163265306145
2024-06-16,,,,,,,,,2400.0,,,,,,,,,,,,,,,,,,,,,,,,,,,,,,6,168,,,49.47341758577308,-0.040000000000000036
2024-06-17,,,,,,,,,2300.0,,,,,,,,,,,,,,,,,,,,,,,,,,,,,,6,169,,,65.17376042255286,-0.04166666666666663
2024-06-18,Gujarat,ahmedabad,Ahmedabad(Chimanbhai Patal Market Vasana),Potato,Desi,FAQ,1500.0,2500.0,2200.0,35.57,0.04,29.57,41.36,45.34,4.46,22.3,2.3,35.96,2050.0,0.49,35.23,2050.0,0.02,37.55,1600.0,0.0,36.61,1800.0,1.1371428571428572,7.96,2335.714285714286,35.68571428571429,0.3476666666666667,10.43,2180.0,36.10666666666667,0.0,0.0,6,170,25.0,1.0,98.73003113347208,-0.04347826086956519
2024-06-19,Gujarat,ahmedabad,Ahmedabad(Chimanbhai Patal Market Vasana),Potato,Other,FAQ,2000.0,2700.0,2550.0,35.56,0.05,29.58,41.85,48.07,5.44,18.71,0.04,35.57,2600.0,0.34,35.45,2050.0,0.23,36.71,1950.0,0.0,35.6,2200.0,1.01,7.069999999999999,2450.0,35.73571428571429,0.352,10.56,2221.6666666666665,36.06966666666666,0.0,0.0,6,171,25.0,1.0,120.51476890326266,0.15909090909090917
2024-06-20,Gujarat,ahmedabad,Ahmedabad(Chimanbhai Patal Market Vasana),Potato,Other,FAQ,2200.0,2600.0,2500.0,35.16,0.27,29.52,42.0,50.44,5.17,22.31,0.05,35.56,2600.0,2.3,35.96,2050.0,0.49,35.23,2350.0,0.0,35.6,1800.0,0.0771428571428571,0.54,2471.428571428572,35.50714285714285,0.3643333333333333,10.93,2268.333333333333,36.05233333333334,0.0,0.0,6,172,25.0,1.0,124.88089563754473,-0.019607843137254943
2024-06-21,Gujarat,ahmedabad,Ahmedabad(Chimanbhai Patal Market Vasana),Potato,Desi,FAQ,1500.0,2500.0,2250.0,35.9,0.05,30.16,42.06,48.04,4.36,19.47,0.27,35.16,2250.0,0.04,35.57,2600.0,0.34,35.45,2450.0,0.0,36.01,2450.0,0.1442857142857143,1.01,2400.0,35.43714285714286,0.384,11.52,2295.0,35.992,0.0,0.0,6,173,25.0,1.0,137.58114488754893,-0.09999999999999998
2024-06-22,Gujarat,ahmedabad,Ahmedabad(Chimanbhai Patal Market Vasana),Potato,Other,FAQ,2000.0,2700.0,2400.0,36.02,0.44,30.43,41.57,45.57,2.88,21.18,0.05,35.9,2400.0,0.05,35.56,2600.0,2.3,35.96,2650.0,0.0,36.01,2450.0,0.2,1.4,2385.714285714286,35.6,0.402,12.06,2315.0,35.985,0.0,0.0,6,174,25.0,1.0,128.63754913560965,0.06666666666666665
2024-06-23,,,,,,,,,2500.0,,,,,,,,,,,,,,,,,,,,,,,,,,,,,,6,175,,,137.58114488754893,0.04166666666666674
2024-06-24,Gujarat,ahmedabad,Ahmedabad(Chimanbhai Patal Market Vasana),Potato,Chips,FAQ,2400.0,2700.0,2600.0,34.3,22.58,30.43,37.81,56.74,1.8,13.73,0.44,36.02,2100.0,0.27,35.16,2250.0,0.04,35.57,2600.0,0.02,37.55,2350.0,3.435714285714285,24.05,2378.5714285714284,35.722857142857144,1.1819999999999995,35.459999999999994,2320.0,35.77466666666667,0.0,0.0,6,176,26.0,1.0,152.36235005500188,0.040000000000000036
2024-06-25,Gujarat,ahmedabad,Ahmedabad(Chimanbhai Patal Market Vasana),Potato,Chips,FAQ,2400.0,2700.0,2600.0,32.52,18.2,28.09,37.1,67.3,1.89,18.39,22.58,34.3,2500.0,0.05,35.9,2400.0,0.05,35.56,2250.0,0.23,36.71,1700.0,12.465714285714284,87.25999999999999,2414.285714285714,34.78285714285714,3.278,98.34,2373.333333333333,35.446333333333335,0.0,0.0,6,177,26.0,1.0,124.88089563754428,0.0
2024-06-26,Gujarat,ahmedabad,Ahmedabad(Chimanbhai Patal Market Vasana),Potato,Chips,FAQ,2200.0,2600.0,2500.0,31.79,2.5,28.42,35.12,68.34,2.51,20.41,18.2,32.52,2500.0,0.44,36.02,2100.0,0.27,35.16,2400.0,0.49,35.23,2350.0,17.834285714285713,124.84,2471.428571428572,33.17857142857143,4.543,136.29,2395.0,35.05233333333333,0.0,1.0,6,178,26.0,1.0,121.98750911855493,-0.038461538461538436
2024-06-27,Gujarat,ahmedabad,Ahmedabad(Chimanbhai Patal Market Vasana),Potato,Other,FAQ,2000.0,2700.0,2500.0,33.38,3.04,28.63,39.2,63.39,2.23,15.52,2.5,31.79,2300.0,22.58,34.3,2500.0,0.05,35.9,2500.0,0.34,35.45,2450.0,9.305714285714286,65.14,2464.285714285714,32.33,4.767,143.01,2411.6666666666665,34.754000000000005,0.0,0.0,6,179,26.0,1.0,121.98750911855493,0.0
2024-06-28,Gujarat,ahmedabad,Ahmedabad(Chimanbhai Patal Market Vasana),Potato,Desi,FAQ,1500.0,2300.0,2100.0,31.67,3.67,29.03,34.77,70.51,3.73,17.56,3.04,33.38,2150.0,18.2,32.52,2500.0,0.44,36.02,2400.0,2.3,35.96,2500.0,2.898571428571429,20.29,2385.714285714286,32.45428571428572,4.992666666666667,149.78,2406.6666666666665,34.473,0.0,0.0,6,180,26.0,1.0,171.82493859683657,-0.16000000000000003
2024-06-29,Gujarat,ahmedabad,Ahmedabad(Chimanbhai Patal Market Vasana),Potato,Other,FAQ,2000.0,2500.0,2350.0,31.35,7.56,28.63,35.38,71.72,4.6,18.12,3.67,31.67,2350.0,2.5,31.79,2300.0,22.58,34.3,2300.0,0.04,35.57,2200.0,3.9557142857142855,27.69,2364.285714285714,32.35714285714286,5.334666666666666,160.04,2416.6666666666665,34.04633333333334,0.0,0.0,6,181,26.0,1.0,175.59422921420418,0.11904761904761907
2024-06-30,,,,,,,,,2400.0,,,,,,,,,,,,,,,,,,,,,,,,,,,,,,6,182,,,174.91494531696043,0.02127659574468077
2024-07-01,Gujarat,ahmedabad,Ahmedabad(Chimanbhai Patal Market Vasana),Potato,Chips,FAQ,2000.0,2600.0,2450.0,29.7,17.71,27.12,33.72,82.06,4.01,15.24,7.56,31.35,2500.0,3.04,33.38,2150.0,18.2,32.52,2300.0,0.05,35.56,2550.0,7.342857142857143,51.400000000000006,2364.285714285714,31.251428571428573,6.424666666666666,192.74,2400.0,33.56966666666667,0.0,0.0,7,183,27.0,1.0,159.98511835553722,0.02083333333333326
2024-07-02,Gujarat,ahmedabad,Ahmedabad(Chimanbhai Patal Market Vasana),Potato,Chips,FAQ,2000.0,2600.0,2450.0,29.91,9.23,27.85,33.55,79.05,4.29,6.65,17.71,29.7,2350.0,3.67,31.67,2350.0,2.5,31.79,2550.0,0.27,35.16,2500.0,12.148571428571428,85.03999999999999,2364.285714285714,30.437142857142856,7.900666666666666,237.02,2386.6666666666665,33.004,0.0,0.0,7,184,27.0,1.0,139.7276262011442,0.0
2024-07-03,Gujarat,ahmedabad,Ahmedabad(Chimanbhai Patal Market Vasana),Potato,Chips,FAQ,2300.0,2600.0,2500.0,31.56,1.64,27.13,37.02,70.55,4.25,15.7,9.23,29.91,2350.0,7.56,31.35,2500.0,3.04,33.38,2600.0,0.05,35.9,2250.0,11.78,82.46000000000001,2342.8571428571427,30.055714285714288,8.550999999999998,256.53,2390.0,32.50933333333333,0.0,0.0,7,185,27.0,1.0,139.7276262011442,0.020408163265306145
2024-07-04,Gujarat,ahmedabad,Ahmedabad(Chimanbhai Patal Market Vasana),Potato,Desi,FAQ,1500.0,2500.0,2250.0,31.35,6.15,27.29,35.81,71.18,3.27,11.95,1.64,31.56,2250.0,17.71,29.7,2150.0,3.67,31.67,2100.0,0.05,35.9,2400.0,7.832857142857144,54.830000000000005,2328.5714285714284,30.557142857142857,8.807333333333334,264.22,2376.6666666666665,32.213,0.0,0.0,7,186,27.0,1.0,139.7276262011442,-0.09999999999999998
2024-07-05,Gujarat,ahmedabad,Ahmedabad(Chimanbhai Patal Market Vasana),Potato,Desi,FAQ,1500.0,2400.0,2200.0,29.69,7.47,27.26,32.78,78.78,3.07,10.51,6.15,31.35,2450.0,9.23,29.91,2450.0,3.67,31.67,2350.0,0.44,36.02,2400.0,5.93,41.51,2307.1428571428573,30.76142857142857,9.232,276.96,2371.6666666666665,31.84633333333333,0.0,0.0,7,187,27.0,1.0,111.26972805282455,-0.022222222222222254
2024-07-06,Gujarat,ahmedabad,Ahmedabad(Chimanbhai Patal Market Vasana),Potato,Desi,FAQ,1500.0,2300.0,2150.0,31.45,1.15,26.96,36.56,71.79,3.69,13.1,1.15,31.45,3050.0,1.64,31.56,2250.0,17.71,29.7,2450.0,22.58,34.3,2500.0,4.384285714285714,30.69,2478.5714285714284,30.91857142857143,7.323333333333333,219.7,2403.333333333333,31.35033333333333,0.0,0.0,7,188,27.0,1.0,139.72762620114415,-0.022727272727272707
2024-07-07,,,,,,,,,2325.0,,,,,,,,,,,,,,,,,,,,,,,,,,,,,,7,189,,,137.472941060438,0.08139534883720922
2024-07-08,Gujarat,ahmedabad,Ahmedabad(Chimanbhai Patal Market Vasana),Potato,Chips,FAQ,2400.0,2600.0,2500.0,31.77,0.61,27.45,36.75,66.92,2.07,18.54,0.61,31.77,3200.0,7.47,29.69,2200.0,9.23,29.91,2450.0,18.2,32.52,2500.0,1.8985714285714284,13.29,2664.285714285714,31.29,5.582333333333334,167.47,2430.0,31.264666666666667,0.0,0.0,7,190,28.0,1.0,145.67167911174514,0.07526881720430101
2024-07-09,Gujarat,ahmedabad,Ahmedabad(Chimanbhai Patal Market Vasana),Potato,Desi,FAQ,1500.0,2400.0,2250.0,31.59,7.83,28.08,35.42,70.99,1.92,17.87,0.61,31.77,2750.0,1.15,31.45,3050.0,1.64,31.56,2500.0,2.5,31.79,2300.0,1.7957142857142858,12.57,2514.285714285714,31.65285714285714,5.634,169.01999999999998,2426.6666666666665,31.256666666666668,0.0,0.0,7,191,28.0,1.0,139.8340853603603,-0.09999999999999998
2024-07-10,Gujarat,ahmedabad,Ahmedabad(Chimanbhai Patal Market Vasana),Potato,Chips,FAQ,2000.0,2600.0,2450.0,30.75,1.38,27.95,34.98,74.63,3.2,18.77,7.83,31.59,2750.0,0.61,31.77,2250.0,7.47,29.69,2500.0,3.67,31.67,2500.0,5.877142857142857,41.14,2607.1428571428573,31.49571428571429,6.175333333333334,185.26,2473.333333333333,31.04433333333333,0.0,0.0,7,192,28.0,1.0,129.44478506664328,0.0888888888888888
2024-07-11,Gujarat,ahmedabad,Ahmedabad(Chimanbhai Patal Market Vasana),Potato,Chips,FAQ,2300.0,2600.0,2500.0,30.98,1.27,27.54,35.56,73.17,3.33,17.71,1.38,30.75,2550.0,7.83,31.59,2550.0,0.61,31.77,3200.0,17.71,29.7,2450.0,2.2857142857142856,15.999999999999998,2571.428571428572,30.90285714285714,4.933000000000001,147.99,2501.6666666666665,30.99633333333333,0.0,0.0,7,193,28.0,1.0,145.67167911174525,0.020408163265306145
2024-07-12,Gujarat,ahmedabad,Ahmedabad(Chimanbhai Patal Market Vasana),Potato,Chips,FAQ,2400.0,2600.0,2500.0,30.74,3.18,27.55,35.37,73.06,4.24,16.24,1.27,30.98,2550.0,1.38,30.75,3000.0,7.83,31.59,2250.0,9.23,29.91,2150.0,1.5742857142857145,11.02,2557.1428571428573,30.88,3.37,101.1,2541.6666666666665,31.145,0.0,0.0,7,194,28.0,1.0,141.94650233030325,0.0
2024-07-13,Gujarat,ahmedabad,Ahmedabad(Chimanbhai Patal Market Vasana),Potato,Chips,FAQ,2400.0,2600.0,2500.0,31.74,1.07,26.55,37.92,67.06,4.07,18.43,3.18,30.74,2950.0,1.27,30.98,2250.0,7.83,31.59,2750.0,6.15,31.35,2250.0,2.332857142857143,16.330000000000002,2600.0,30.95142857142857,3.1016666666666666,93.05,2568.333333333333,31.131,0.0,0.0,7,195,28.0,1.0,102.78850222896301,0.0
2024-07-14,,,,,,,,,2500.0,,,,,,,,,,,,,,,,,,,,,,,,,,,,,,7,196,,,93.22272357356643,0.0
2024-07-15,Gujarat,ahmedabad,Ahmedabad(Chimanbhai Patal Market Vasana),Potato,Chips,FAQ,2400.0,2600.0,2500.0,31.31,33.74,27.69,36.08,72.64,2.39,11.32,33.74,31.31,3050.0,3.18,30.74,2950.0,1.27,30.98,2500.0,1.15,31.45,2150.0,15.071428571428571,105.5,2678.5714285714284,31.555714285714284,5.764666666666667,172.94,2606.6666666666665,31.266666666666666,0.0,1.0,7,197,29.0,1.0,93.22272357356643,0.0
2024-07-16,Gujarat,ahmedabad,Ahmedabad(Chimanbhai Patal Market Vasana),Potato,Desi,FAQ,1500.0,2400.0,2200.0,31.06,11.55,26.85,36.01,74.81,2.66,16.97,11.55,31.06,2650.0,1.07,31.74,3050.0,1.27,30.98,2550.0,0.61,31.77,2500.0,22.732857142857146,159.13,2507.1428571428573,31.299999999999997,7.580333333333333,227.41,2570.0,31.214666666666663,0.0,1.0,7,198,29.0,1.0,111.80339887497782,-0.12
2024-07-17,,,,,,,,,2350.0,,,,,,,,,,,,,,,,,,,,,,,,,,,,,,7,199,,,118.01936887040536,0.06818181818181812
2024-07-18,Gujarat,ahmedabad,Ahmedabad(Chimanbhai Patal Market Vasana),Potato,Chips,FAQ,2400.0,2600.0,2500.0,31.19,0.37,27.09,36.5,75.46,2.33,19.59,0.37,31.19,2700.0,33.74,31.31,2250.0,1.07,31.74,2500.0,7.83,31.59,2350.0,6.758571428571429,47.31,2650.0,31.115714285714287,7.563666666666666,226.91,2601.6666666666665,31.127333333333333,0.0,0.0,7,200,29.0,1.0,118.01936887040536,0.06382978723404253
2024-07-19,Gujarat,ahmedabad,Ahmedabad(Chimanbhai Patal Market Vasana),Potato,Desi,FAQ,1500.0,2400.0,2200.0,30.45,0.12,27.46,34.71,80.0,2.83,16.53,0.37,31.19,2050.0,11.55,31.06,2500.0,1.07,31.74,2150.0,1.38,30.75,2450.0,1.931428571428572,13.52,2571.428571428572,31.06571428571429,7.024333333333334,210.73,2570.0,31.090666666666667,0.0,0.0,7,201,29.0,1.0,142.67845968169198,-0.12
2024-07-20,Gujarat,ahmedabad,Ahmedabad(Chimanbhai Patal Market Vasana),Potato,Desi,FAQ,1500.0,2300.0,2100.0,31.15,0.53,27.83,36.09,76.67,3.02,18.42,0.12,30.45,2950.0,0.37,31.19,2500.0,33.74,31.31,2250.0,1.38,30.75,2550.0,0.25,1.75,2421.428571428572,30.76142857142857,6.870000000000001,206.1,2565.0,31.074,0.0,0.0,7,202,29.0,1.0,170.08401285414445,-0.045454545454545414
2024-07-21,,,,,,,,,2175.0,,,,,,,,,,,,,,,,,,,,,,,,,,,,,,7,203,,,161.92664417950323,0.03571428571428581
2024-07-22,Gujarat,ahmedabad,Ahmedabad(Chimanbhai Patal Market Vasana),Potato,Desi,FAQ,1500.0,2500.0,2250.0,30.73,6.03,27.36,35.44,77.65,3.71,17.11,0.53,31.15,2750.0,0.12,30.45,2500.0,11.55,31.06,2950.0,1.27,30.98,2550.0,1.1985714285714286,8.39,2600.0,30.890000000000004,6.954666666666667,208.64,2573.333333333333,31.082666666666668,0.0,0.0,7,204,30.0,1.0,132.62460448304097,0.034482758620689724
2024-07-23,Gujarat,ahmedabad,Ahmedabad(Chimanbhai Patal Market Vasana),Potato,Desi,FAQ,1500.0,2400.0,2200.0,29.46,7.15,26.65,33.91,80.53,4.06,14.34,6.03,30.73,3050.0,0.53,31.15,2500.0,0.37,31.19,2050.0,1.07,31.74,2500.0,5.404285714285714,37.83,2578.5714285714284,30.60857142857143,7.5373333333333346,226.12000000000003,2586.6666666666665,31.005333333333333,0.0,0.0,7,205,30.0,1.0,132.62460448304097,-0.022222222222222254
2024-07-24,Gujarat,ahmedabad,Ahmedabad(Chimanbhai Patal Market Vasana),Potato,Desi,FAQ,1500.0,2250.0,2050.0,28.91,32.62,26.61,32.17,84.65,4.34,12.25,7.15,29.46,2750.0,6.03,30.73,2550.0,0.12,30.45,2950.0,33.74,31.31,2750.0,10.468571428571428,73.28,2578.5714285714284,29.74428571428572,8.108,243.24,2573.333333333333,30.697333333333333,0.0,0.0,7,206,30.0,1.0,144.23443218790985,-0.06818181818181823
2024-07-25,Gujarat,ahmedabad,Ahmedabad(Chimanbhai Patal Market Vasana),Potato,Desi,FAQ,1500.0,2300.0,2050.0,28.84,26.4,25.81,33.18,82.62,3.99,11.38,32.62,28.91,2650.0,7.15,29.46,2450.0,0.53,31.15,2750.0,11.55,31.06,2650.0,24.45428571428571,171.17999999999998,2564.285714285714,29.057142857142853,8.491,254.73,2561.6666666666665,30.383333333333333,0.0,1.0,7,207,30.0,1.0,79.61963146286887,0.0
2024-07-26,Gujarat,ahmedabad,Ahmedabad(Chimanbhai Patal Market Vasana),Potato,Chips,FAQ,2400.0,2600.0,2500.0,28.48,6.85,25.9,31.72,85.44,3.46,10.92,26.4,28.84,2600.0,32.62,28.91,2900.0,6.03,30.73,2500.0,0.37,31.19,3050.0,25.384285714285717,177.69,2528.5714285714284,28.808571428571437,10.192,305.76,2555.0,30.071,0.0,1.0,7,208,30.0,1.0,156.69579263199373,0.2195121951219512
2024-07-27,Gujarat,ahmedabad,Ahmedabad(Chimanbhai Patal Market Vasana),Potato,Desi,FAQ,1500.0,2300.0,2100.0,28.9,5.78,26.23,32.81,82.66,3.19,6.97,6.85,28.48,2750.0,26.4,28.84,2500.0,7.15,29.46,3050.0,0.37,31.19,2050.0,12.28285714285714,85.97999999999999,2471.428571428572,28.642857142857142,11.020333333333332,330.61,2538.333333333333,29.723666666666663,0.0,0.0,7,209,30.0,1.0,156.69579263199373,-0.16000000000000003
2024-07-28,,,,,,,,,2100.0,,,,,,,,,,,,,,,,,,,,,,,,,,,,,,7,210,,,160.35674514744636,0.0
2024-07-29,Gujarat,ahmedabad,Ahmedabad(Chimanbhai Patal Market Vasana),Potato,Desi,FAQ,1500.0,2300.0,2100.0,29.2,17.79,26.66,33.18,84.46,3.56,3.9,5.78,28.9,2600.0,6.85,28.48,2050.0,32.62,28.91,2500.0,0.12,30.45,2950.0,7.801428571428572,54.61,2471.428571428572,28.822857142857146,12.175333333333333,365.26,2531.6666666666665,29.527,0.0,0.0,7,211,31.0,1.0,159.23926292576272,0.0
2024-07-30,Gujarat,ahmedabad,Ahmedabad(Chimanbhai Patal Market Vasana),Potato,Desi,FAQ,1500.0,2300.0,2100.0,28.85,4.05,25.88,33.13,81.77,4.02,12.36,4.05,28.85,2600.0,5.78,28.9,2500.0,26.4,28.84,2600.0,6.03,30.73,2250.0,12.148571428571428,85.03999999999999,2514.285714285714,29.057142857142857,13.952666666666666,418.58,2540.0,29.192666666666664,0.0,0.0,7,212,31.0,1.0,159.2392629257627,0.0
2024-07-31,Gujarat,ahmedabad,Ahmedabad(Chimanbhai Patal Market Vasana),Potato,Desi,FAQ,1500.0,2250.0,2050.0,29.65,4.55,25.75,34.33,80.46,3.15,13.86,4.05,28.85,2500.0,17.79,29.2,2950.0,6.85,28.48,2400.0,6.03,30.73,2500.0,8.047142857142855,56.32999999999999,2492.8571428571427,29.06428571428572,13.771333333333333,413.14,2530.0,29.031333333333333,0.0,0.0,7,213,31.0,1.0,159.2392629257627,-0.023809523809523836
2024-08-01,Gujarat,ahmedabad,Ahmedabad(Chimanbhai Patal Market Vasana),Potato,Desi,FAQ,1700.0,2250.0,2050.0,27.81,9.61,25.72,30.3,87.11,3.55,10.77,9.61,27.81,2600.0,4.05,28.85,2950.0,5.78,28.9,2600.0,7.15,29.46,2750.0,5.924285714285714,41.47,2492.8571428571427,29.01,13.712666666666667,411.38,2510.0,28.898000000000003,0.0,0.0,8,214,31.0,1.0,159.2392629257627,0.0
2024-08-02,Gujarat,ahmedabad,Ahmedabad(Chimanbhai Patal Market Vasana),Potato,Chips,FAQ,2200.0,2500.0,2400.0,27.79,8.82,25.75,30.93,87.98,3.9,6.94,8.82,27.79,2950.0,4.55,29.65,2950.0,17.79,29.2,2500.0,32.62,28.91,2650.0,8.661428571428571,60.63,2578.5714285714284,28.06714285714286,10.591999999999995,317.75999999999993,2533.333333333333,28.75,0.0,0.0,8,215,31.0,1.0,121.98750911855562,0.1707317073170731
2024-08-03,Gujarat,ahmedabad,Ahmedabad(Chimanbhai Patal Market Vasana),Potato,Other,FAQ,2000.0,2700.0,2500.0,28.05,13.03,25.82,31.01,87.88,3.78,10.0,13.03,28.05,2700.0,9.61,27.81,2500.0,4.55,29.65,2050.0,6.85,28.48,2500.0,10.624285714285715,74.37,2642.8571428571427,27.90142857142857,8.734666666666667,262.04,2553.333333333333,28.613,0.0,0.0,8,216,31.0,1.0,184.1970994032446,0.04166666666666674
2024-08-04,,,,,,,,,2500.0,,,,,,,,,,,,,,,,,,,,,,,,,,,,,,8,217,,,212.97216451250208,0.0
2024-08-05,Gujarat,ahmedabad,Ahmedabad(Chimanbhai Patal Market Vasana),Potato,Chips,FAQ,2300.0,2600.0,2500.0,28.3,5.08,25.19,32.73,83.65,3.3,11.19,13.03,28.05,2100.0,8.82,27.79,2300.0,4.55,29.65,2600.0,6.85,28.48,2750.0,11.292857142857144,79.05000000000001,2550.0,28.048571428571428,9.087666666666667,272.63,2546.6666666666665,28.57833333333333,0.0,0.0,8,218,32.0,1.0,221.73557826082867,0.0
2024-08-06,Gujarat,ahmedabad,Ahmedabad(Chimanbhai Patal Market Vasana),Potato,Desi,FAQ,1500.0,2300.0,2100.0,28.39,1.5,24.7,33.29,80.97,3.94,10.37,5.08,28.3,2950.0,13.03,28.05,2500.0,9.61,27.81,2500.0,5.78,28.9,2600.0,6.840000000000001,47.88,2407.1428571428573,28.24142857142857,8.875,266.25,2540.0,28.50133333333333,0.0,0.0,8,219,32.0,1.0,221.73557826082867,-0.16000000000000003
2024-08-07,Gujarat,ahmedabad,Ahmedabad(Chimanbhai Patal Market Vasana),Potato,Desi,FAQ,1500.0,2300.0,2100.0,28.0,0.34,24.72,32.19,82.31,3.56,10.03,0.34,28.0,3000.0,5.08,28.3,2950.0,13.03,28.05,2700.0,4.05,28.85,2100.0,1.002857142857143,7.0200000000000005,2571.428571428572,28.222857142857144,6.417,192.51,2570.0,28.323666666666668,0.0,0.0,8,220,32.0,1.0,212.9721645125021,0.0
2024-08-08,Gujarat,ahmedabad,Ahmedabad(Chimanbhai Patal Market Vasana),Potato,Chips,FAQ,2200.0,2600.0,2500.0,28.4,7.36,24.74,32.95,81.65,3.21,14.49,7.36,28.4,3250.0,1.5,28.39,2950.0,5.08,28.3,2500.0,4.55,29.65,2700.0,3.3485714285714288,23.44,2700.0,28.17142857142857,6.590999999999999,197.73,2598.333333333333,28.197000000000003,0.0,0.0,8,221,32.0,1.0,188.98223650460687,0.19047619047619047
2024-08-09,Gujarat,ahmedabad,Ahmedabad(Chimanbhai Patal Market Vasana),Potato,Chips,FAQ,2300.0,2600.0,2500.0,28.22,6.59,25.26,32.46,83.51,3.02,11.04,7.36,28.4,2100.0,0.34,28.0,3000.0,5.08,28.3,2750.0,4.55,29.65,2600.0,5.244285714285715,36.71,2535.714285714286,28.26,6.752666666666667,202.58,2566.6666666666665,28.107666666666663,0.0,0.0,8,222,32.0,1.0,195.18001458970016,0.0
2024-08-10,Gujarat,ahmedabad,Ahmedabad(Chimanbhai Patal Market Vasana),Potato,Desi,FAQ,1500.0,2300.0,2100.0,28.11,9.1,25.38,31.91,83.7,3.42,11.73,9.1,28.11,3250.0,7.36,28.4,2100.0,0.34,28.0,2750.0,8.82,27.79,2400.0,7.665714285714285,53.66,2785.714285714286,28.172857142857143,6.452333333333333,193.57,2618.333333333333,28.18,0.0,0.0,8,223,32.0,1.0,213.80899352993345,-0.16000000000000003
2024-08-11,,,,,,,,,2100.0,,,,,,,,,,,,,,,,,,,,,,,,,,,,,,8,224,,,213.80899352993322,0.0
2024-08-12,Gujarat,ahmedabad,Ahmedabad(Chimanbhai Patal Market Vasana),Potato,Desi,FAQ,1500.0,2300.0,2100.0,28.22,8.25,25.03,32.83,85.21,3.0,9.34,9.1,28.11,2500.0,6.59,28.22,3250.0,0.34,28.0,2100.0,8.82,27.79,2700.0,8.26142857142857,57.83,2621.428571428572,28.15714285714285,6.442666666666667,193.28,2605.0,28.205,0.0,0.0,8,225,33.0,1.0,195.18001458969954,0.0
2024-08-13,Gujarat,ahmedabad,Ahmedabad(Chimanbhai Patal Market Vasana),Potato,Chips,FAQ,2200.0,2500.0,2400.0,28.98,0.98,25.12,33.54,82.15,2.42,16.38,8.25,28.22,3700.0,9.1,28.11,3250.0,7.36,28.4,2500.0,13.03,28.05,2400.0,7.454285714285715,52.18,2664.285714285714,28.29714285714286,5.563000000000001,166.89,2651.6666666666665,28.253,0.0,0.0,8,226,33.0,1.0,198.80595947759417,0.1428571428571428
2024-08-14,Gujarat,ahmedabad,Ahmedabad(Chimanbhai Patal Market Vasana),Potato,Desi,FAQ,1500.0,2250.0,2050.0,28.86,1.7,25.79,32.54,83.17,2.18,17.01,0.98,28.98,3850.0,8.25,28.22,2500.0,6.59,28.22,2750.0,5.08,28.3,2750.0,3.16,22.12,2964.285714285714,28.74571428571429,4.775333333333333,143.26,2715.0,28.348,0.0,0.0,8,227,33.0,1.0,206.15528128087644,-0.14583333333333337
2024-08-15,,,,,,,,,2275.0,,,,,,,,,,,,,,,,,,,,,,,,,,,,,,8,228,,,176.0174504335866,0.10975609756097571
2024-08-16,Gujarat,ahmedabad,Ahmedabad(Chimanbhai Patal Market Vasana),Potato,Chips,FAQ,2300.0,2600.0,2500.0,28.73,2.48,25.96,32.69,82.74,2.85,14.25,1.7,28.86,3750.0,0.98,28.98,2050.0,9.1,28.11,2100.0,1.5,28.39,2600.0,1.6057142857142854,11.239999999999998,3035.714285714286,28.875714285714285,4.708666666666668,141.26000000000002,2776.6666666666665,28.409333333333333,0.0,0.0,8,229,33.0,1.0,176.0174504335866,0.098901098901099
2024-08-17,Gujarat,ahmedabad,Ahmedabad(Chimanbhai Patal Market Vasana),Potato,Desi,FAQ,1600.0,2300.0,2100.0,28.53,1.14,24.73,32.76,81.84,2.75,19.48,1.14,28.53,2950.0,1.7,28.86,3750.0,0.98,28.98,2400.0,7.36,28.4,2800.0,1.9057142857142852,13.339999999999998,2907.1428571428573,28.64428571428571,4.73,141.9,2835.0,28.509,0.0,0.0,8,230,33.0,1.0,176.0174504335866,-0.16000000000000003
2024-08-18,,,,,,,,,2233.3333333333335,,,,,,,,,,,,,,,,,,,,,,,,,,,,,,8,231,,,168.177674376617,0.06349206349206349
2024-08-19,,,,,,,,,2366.6666666666665,,,,,,,,,,,,,,,,,,,,,,,,,,,,,,8,232,,,162.0899384543822,0.05970149253731338
2024-08-20,Gujarat,ahmedabad,Ahmedabad(Chimanbhai Patal Market Vasana),Potato,Chips,FAQ,2300.0,2600.0,2500.0,29.73,1.75,26.03,34.29,76.96,2.03,19.47,1.14,28.53,2500.0,2.48,28.73,3750.0,0.98,28.98,3350.0,7.36,28.4,2500.0,1.61,11.27,2728.5714285714284,28.75857142857143,4.3356666666666674,130.07000000000002,2810.0,28.557666666666663,0.0,0.0,8,233,34.0,1.0,178.5171875293343,0.05633802816901423
2024-08-21,Gujarat,ahmedabad,Ahmedabad(Chimanbhai Patal Market Vasana),Potato,Chips,FAQ,2300.0,2600.0,2500.0,29.68,4.38,25.77,33.51,78.81,1.29,17.36,4.38,29.68,3350.0,1.14,28.53,2500.0,2.48,28.73,2500.0,9.1,28.11,3550.0,2.877142857142857,20.14,2935.714285714286,29.708571428571428,3.521333333333333,105.64,2870.0,28.85233333333333,0.0,0.0,8,234,34.0,1.0,157.81033086936299,0.0
2024-08-22,Gujarat,ahmedabad,Ahmedabad(Chimanbhai Patal Market Vasana),Potato,Desi,FAQ,1700.0,2250.0,2050.0,30.08,2.58,26.34,34.11,77.05,0.9,14.95,2.58,30.08,3900.0,1.75,29.73,3550.0,1.14,28.53,3600.0,8.25,28.22,2100.0,3.608571428571428,25.26,2978.5714285714284,29.851428571428567,2.740333333333333,82.21000000000001,2913.333333333333,29.098,0.0,0.0,8,235,34.0,1.0,195.0105138937329,-0.18000000000000005
2024-08-23,Gujarat,ahmedabad,Ahmedabad(Chimanbhai Patal Market Vasana),Potato,Desi,FAQ,1500.0,2250.0,1950.0,28.57,17.53,26.62,31.3,85.62,1.34,10.09,2.58,30.08,2500.0,4.38,29.68,3350.0,1.14,28.53,2100.0,8.25,28.22,3350.0,5.23,36.61,2600.0,29.75,2.860666666666667,85.82000000000001,2866.6666666666665,29.17166666666667,0.0,0.0,8,236,34.0,1.0,220.23916773654992,-0.04878048780487809
2024-08-24,Gujarat,ahmedabad,Ahmedabad(Chimanbhai Patal Market Vasana),Potato,Desi,FAQ,1500.0,2300.0,2100.0,27.82,45.03,25.98,30.56,88.4,2.81,10.29,17.53,28.57,3200.0,2.58,30.08,3900.0,1.75,29.73,3050.0,0.98,28.98,3350.0,17.187142857142856,120.31,2542.8571428571427,28.89428571428571,5.741666666666666,172.25,2860.0,29.11733333333333,0.0,1.0,8,237,34.0,1.0,220.23916773654992,0.07692307692307687
2024-08-25,,,,,,,,,2233.3333333333335,,,,,,,,,,,,,,,,,,,,,,,,,,,,,,8,238,,,220.23916773654992,0.06349206349206349
2024-08-26,,,,,,,,,2366.6666666666665,,,,,,,,,,,,,,,,,,,,,,,,,,,,,,8,239,,,220.23916773654992,0.05970149253731338
2024-08-27,Gujarat,ahmedabad,Ahmedabad(Chimanbhai Patal Market Vasana),Potato,Chips,FAQ,2300.0,2600.0,2500.0,26.43,62.66,25.45,28.08,93.7,6.51,5.15,45.03,27.82,2500.0,17.53,28.57,2500.0,4.38,29.68,2500.0,1.7,28.86,3250.0,39.69142857142857,277.84,3042.8571428571427,27.83571428571429,12.130666666666666,363.92,2888.333333333333,28.92833333333333,0.0,1.0,8,240,35.0,1.0,220.23916773654992,0.05633802816901423
2024-08-28,Gujarat,ahmedabad,Ahmedabad(Chimanbhai Patal Market Vasana),Potato,Chips,FAQ,2200.0,2500.0,2400.0,27.54,10.19,25.49,31.48,87.87,5.85,10.06,10.19,27.54,3650.0,45.03,27.82,2500.0,17.53,28.57,1950.0,1.14,28.53,3600.0,40.17285714285714,281.21,3107.1428571428573,26.90571428571428,18.99033333333333,569.7099999999999,2895.0,28.581666666666663,0.0,1.0,8,241,35.0,1.0,203.37756479619625,-0.040000000000000036
2024-08-29,Gujarat,ahmedabad,Ahmedabad(Chimanbhai Patal Market Vasana),Potato,Desi,FAQ,1500.0,2250.0,2100.0,27.61,15.18,25.4,31.29,88.29,5.65,13.15,15.18,27.61,4050.0,62.66,26.43,3500.0,45.03,27.82,2100.0,1.75,29.73,2500.0,11.615714285714285,81.30999999999999,2957.1428571428573,27.56,20.50933333333333,615.28,2925.0,28.41433333333333,0.0,0.0,8,242,35.0,1.0,196.8333971748275,-0.125
2024-08-30,Gujarat,ahmedabad,Ahmedabad(Chimanbhai Patal Market Vasana),Potato,Chips,FAQ,2000.0,2500.0,2400.0,27.7,1.85,25.02,31.59,87.45,3.76,19.48,1.85,27.7,4000.0,10.19,27.54,2500.0,62.66,26.43,2500.0,4.38,29.68,3750.0,10.65857142857143,74.61,2971.428571428572,27.625714285714285,21.323666666666668,639.71,2930.0,28.139333333333337,0.0,0.0,8,243,35.0,1.0,157.527187541745,0.1428571428571428
2024-08-31,Gujarat,ahmedabad,Ahmedabad(Chimanbhai Patal Market Vasana),Potato,Chips,FAQ,2000.0,2500.0,2300.0,28.1,0.07,24.37,31.75,82.74,1.09,22.5,1.85,27.7,3600.0,15.18,27.61,2100.0,62.66,26.43,3500.0,4.38,29.68,2000.0,5.404285714285714,37.83,2900.0,27.731428571428573,21.011333333333333,630.34,2933.333333333333,27.954666666666665,0.0,0.0,8,244,35.0,1.0,131.13263207823042,-0.04166666666666663
2024-09-01,,,,,,,,,2175.0,,,,,,,,,,,,,,,,,,,,,,,,,,,,,,9,245,,,139.76312159767863,-0.05434782608695654
2024-09-02,Gujarat,ahmedabad,Ahmedabad(Chimanbhai Patal Market Vasana),Potato,Desi,FAQ,1500.0,2250.0,2050.0,27.4,51.33,25.82,30.03,91.5,2.76,9.91,51.33,27.4,4250.0,1.85,27.7,3600.0,15.18,27.61,4050.0,17.53,28.57,2500.0,14.715714285714284,103.01,2850.0,27.9,22.93,687.9,2981.6666666666665,27.612666666666662,0.0,1.0,9,246,36.0,1.0,170.1714821388431,-0.05747126436781613
2024-09-03,Gujarat,ahmedabad,Ahmedabad(Chimanbhai Patal Market Vasana),Potato,Chips,FAQ,2000.0,2400.0,2300.0,26.93,11.4,25.5,29.46,92.89,3.01,8.61,51.33,27.4,2400.0,0.07,28.1,2550.0,15.18,27.61,2400.0,45.03,27.82,2100.0,30.98,216.86,3042.8571428571427,27.532857142857143,24.06233333333333,721.87,2965.0,27.505,0.0,1.0,9,247,36.0,1.0,140.25911395562233,0.12195121951219523
2024-09-04,Gujarat,ahmedabad,Ahmedabad(Chimanbhai Patal Market Vasana),Potato,Chips,FAQ,2000.0,2300.0,2200.0,27.39,4.24,25.11,30.87,87.71,2.75,11.97,11.4,26.93,2100.0,51.33,27.4,2050.0,1.85,27.7,3600.0,62.66,26.43,2500.0,21.785714285714285,152.5,2992.8571428571427,27.13,18.752,562.56,2970.0,27.448,0.0,1.0,9,248,36.0,1.0,123.08050017694387,-0.04347826086956519
2024-09-05,Gujarat,ahmedabad,Ahmedabad(Chimanbhai Patal Market Vasana),Potato,Chips,FAQ,2000.0,2300.0,2200.0,27.04,28.1,24.68,29.74,90.04,2.6,5.97,4.24,27.39,4250.0,11.4,26.93,4450.0,0.07,28.1,3200.0,10.19,27.54,3700.0,9.694285714285716,67.86000000000001,2907.1428571428573,27.208571428571428,13.507,405.21,2935.0,27.52733333333333,0.0,0.0,9,249,36.0,1.0,112.46692635529213,0.0
2024-09-06,Gujarat,ahmedabad,Ahmedabad(Chimanbhai Patal Market Vasana),Potato,Chips,FAQ,1800.0,2100.0,2000.0,27.77,5.12,25.21,31.08,88.23,2.78,16.68,5.12,27.77,3750.0,4.24,27.39,4250.0,11.4,26.93,2300.0,15.18,27.61,2100.0,18.251428571428573,127.76,3178.5714285714284,27.352857142857143,14.458333333333334,433.75,3036.6666666666665,27.49566666666667,0.0,1.0,9,250,36.0,1.0,114.56439237388336,-0.09090909090909094
2024-09-07,,,,,,,,,1979.1666666666667,,,,,,,,,,,,,,,,,,,,,,,,,,,,,,9,251,,,120.25724741383615,-0.01041666666666663
2024-09-08,,,,,,,,,1958.3333333333333,,,,,,,,,,,,,,,,,,,,,,,,,,,,,,9,252,,,133.6337142218107,-0.010526315789473717
2024-09-09,,,,,,,,,1937.5,,,,,,,,,,,,,,,,,,,,,,,,,,,,,,9,253,,,146.54023681326564,-0.010638297872340385
2024-09-10,,,,,,,,,1916.6666666666667,,,,,,,,,,,,,,,,,,,,,,,,,,,,,,9,254,,,120.94958830045594,-0.010752688172043001
2024-09-11,,,,,,,,,1895.8333333333333,,,,,,,,,,,,,,,,,,,,,,,,,,,,,,9,255,,,101.70504089725429,-0.010869565217391353
2024-09-12,Gujarat,ahmedabad,Ahmedabad(Chimanbhai Patal Market Vasana),Potato,Desi,FAQ,1500.0,2250.0,1875.0,27.27,0.17,24.2,30.91,86.33,2.83,15.01,5.12,27.77,2050.0,28.1,27.04,1850.0,11.4,26.93,3900.0,15.18,27.61,2400.0,10.97857142857143,76.85000000000001,3160.714285714286,27.49,13.622666666666667,408.68,2969.1666666666665,27.48966666666667,0.0,0.0,9,256,37.0,1.0,45.005143738907556,-0.01098901098901095
2024-09-13,Gujarat,ahmedabad,Ahmedabad(Chimanbhai Patal Market Vasana),Potato,Other,FAQ,1750.0,2900.0,2325.0,26.59,2.11,23.14,30.57,86.43,2.74,15.09,2.11,26.59,3300.0,5.12,27.77,2000.0,4.24,27.39,4250.0,0.07,28.1,2300.0,1.4314285714285713,10.02,2585.714285714286,27.147142857142853,13.531333333333333,405.94,2963.333333333333,27.35933333333333,0.0,0.0,9,257,37.0,1.0,154.5496101922578,0.24
2024-09-14,,,,,,,,,2381.25,,,,,,,,,,,,,,,,,,,,,,,,,,,,,,9,258,,,215.27473756173075,0.024193548387096753
2024-09-15,,,,,,,,,2437.5,,,,,,,,,,,,,,,,,,,,,,,,,,,,,,9,259,,,256.6722872245805,0.023622047244094446
2024-09-16,,,,,,,,,2493.75,,,,,,,,,,,,,,,,,,,,,,,,,,,,,,9,260,,,279.5199582797563,0.023076923076922995
2024-09-17,Gujarat,ahmedabad,Ahmedabad(Chimanbhai Patal Market Vasana),Potato,Other,FAQ,2000.0,2700.0,2550.0,26.53,0.0,22.33,30.81,83.28,1.62,22.23,2.11,26.59,3000.0,0.17,27.27,3500.0,28.1,27.04,4350.0,0.07,28.1,3500.0,1.5314285714285714,10.72,2571.428571428572,26.678571428571427,13.733,411.99,2900.833333333333,27.156,0.0,0.0,9,261,38.0,1.0,279.07003480379984,0.022556390977443552
2024-09-18,Gujarat,ahmedabad,Ahmedabad(Chimanbhai Patal Market Vasana),Potato,Chips,FAQ,1800.0,2150.0,2050.0,26.54,0.0,22.68,30.97,84.96,1.95,19.92,0.0,26.53,4850.0,2.11,26.59,1875.0,0.17,27.27,1875.0,11.4,26.93,2300.0,0.3014285714285714,2.11,2935.714285714286,26.54,6.509,195.27,2914.1666666666665,27.027,0.0,0.0,9,262,38.0,1.0,248.0841771023873,-0.196078431372549
2024-09-19,Gujarat,ahmedabad,Ahmedabad(Chimanbhai Patal Market Vasana),Potato,Desi,FAQ,1500.0,2400.0,2200.0,26.98,0.0,22.57,31.64,83.66,2.02,21.33,0.0,26.54,2100.0,0.0,26.53,2100.0,2.11,26.59,3300.0,4.24,27.39,2200.0,0.0,0.0,3421.428571428572,26.6,5.227666666666667,156.83,2929.1666666666665,26.97433333333333,0.0,0.0,9,263,38.0,1.0,174.35574437120056,0.07317073170731714
2024-09-20,Gujarat,ahmedabad,Ahmedabad(Chimanbhai Patal Market Vasana),Potato,Desi,FAQ,1500.0,2250.0,2100.0,27.42,0.08,23.33,31.86,84.91,2.07,18.9,0.08,27.42,4250.0,0.0,26.54,2100.0,0.0,26.53,2050.0,28.1,27.04,3750.0,0.0342857142857142,0.24,3407.1428571428573,27.16857142857143,2.001666666666667,60.05,3059.1666666666665,26.97133333333333,0.0,0.0,9,264,38.0,1.0,198.42666121504348,-0.045454545454545414
2024-09-21,Gujarat,ahmedabad,Ahmedabad(Chimanbhai Patal Market Vasana),Potato,Desi,FAQ,1750.0,2400.0,2200.0,27.69,0.03,24.47,31.59,86.54,2.0,18.52,0.08,27.42,2100.0,0.0,26.98,2100.0,0.0,26.53,3950.0,5.12,27.77,4350.0,0.0499999999999999,0.35,3407.1428571428573,27.332857142857144,0.8979999999999999,26.94,2912.5,26.981333333333332,0.0,0.0,9,265,38.0,1.0,200.32061355308122,0.04761904761904767
2024-09-22,,,,,,,,,2400.0,,,,,,,,,,,,,,,,,,,,,,,,,,,,,,9,266,,,196.18288206233208,0.09090909090909083
2024-09-23,Gujarat,ahmedabad,Ahmedabad(Chimanbhai Patal Market Vasana),Potato,Other,FAQ,2300.0,2700.0,2600.0,28.08,0.98,25.27,31.66,87.37,2.07,20.75,0.03,27.69,2200.0,0.08,27.42,4250.0,0.0,26.54,3950.0,0.17,27.27,1875.0,0.18,1.26,2814.285714285714,27.66857142857143,0.416,12.48,3033.333333333333,27.000333333333334,0.0,0.0,9,267,39.0,1.0,217.94494717702733,0.08333333333333326
2024-09-24,Gujarat,ahmedabad,Ahmedabad(Chimanbhai Patal Market Vasana),Potato,Chips,FAQ,1800.0,2200.0,2100.0,28.68,2.16,25.29,32.49,85.67,2.31,19.37,2.16,28.68,4350.0,0.98,28.08,2600.0,0.08,27.42,4250.0,2.11,26.59,1875.0,1.4857142857142858,10.4,3557.1428571428573,28.33714285714285,0.4643333333333333,13.93,3260.0,27.34,0.0,0.0,9,268,39.0,1.0,197.3032473847515,-0.1923076923076923
2024-09-25,Gujarat,ahmedabad,Ahmedabad(Chimanbhai Patal Market Vasana),Potato,Desi,FAQ,1750.0,2250.0,2100.0,28.51,8.33,25.22,31.86,86.17,2.0,17.09,8.33,28.51,3800.0,2.16,28.68,5150.0,0.03,27.69,4500.0,0.0,26.53,3950.0,4.804285714285714,33.63,3092.8571428571427,28.607142857142858,1.371,41.13,3311.6666666666665,27.67933333333333,0.0,0.0,9,269,39.0,1.0,190.23794624226062,0.0
2024-09-26,Gujarat,ahmedabad,Ahmedabad(Chimanbhai Patal Market Vasana),Potato,Desi,FAQ,1750.0,2250.0,2100.0,28.1,20.09,26.0,31.02,89.78,1.95,13.68,20.09,28.1,4850.0,2.16,28.68,2100.0,0.98,28.08,4900.0,0.0,26.54,3950.0,11.69,81.83,3221.428571428572,28.392857142857142,3.2656666666666667,97.97,3193.333333333333,27.915000000000003,0.0,0.0,9,270,39.0,1.0,197.6047040118632,0.0
2024-09-27,Gujarat,ahmedabad,Ahmedabad(Chimanbhai Patal Market Vasana),Potato,Desi,FAQ,1750.0,2400.0,2200.0,27.05,15.93,25.5,29.42,89.67,1.34,12.58,15.93,27.05,4900.0,8.33,28.51,2500.0,2.16,28.68,4350.0,0.0,26.98,4000.0,17.22142857142857,120.55,3371.428571428572,27.858571428571427,5.667,170.01,3311.6666666666665,28.009,0.0,1.0,9,271,39.0,1.0,190.23794624226062,0.04761904761904767
2024-09-28,Gujarat,ahmedabad,Ahmedabad(Chimanbhai Patal Market Vasana),Potato,Desi,FAQ,1750.0,2250.0,2100.0,27.38,7.01,24.73,30.13,90.6,0.96,12.26,15.93,27.05,2600.0,20.09,28.1,2100.0,2.16,28.68,2100.0,0.08,27.42,4250.0,15.844285714285714,110.91,3257.1428571428573,27.397142857142857,6.957333333333334,208.72,3158.333333333333,27.997666666666664,0.0,1.0,9,272,39.0,1.0,197.6047040118632,-0.045454545454545414
2024-09-29,,,,,,,,,2200.0,,,,,,,,,,,,,,,,,,,,,,,,,,,,,,9,273,,,182.57418583504696,0.04761904761904767
2024-09-30,Gujarat,ahmedabad,Ahmedabad(Chimanbhai Patal Market Vasana),Potato,Desi,FAQ,1500.0,2500.0,2300.0,27.46,8.19,24.77,30.7,89.51,1.59,17.48,8.19,27.46,3800.0,7.01,27.38,2100.0,20.09,28.1,2100.0,0.98,28.08,2600.0,7.515714285714286,52.61,3557.1428571428573,27.414285714285715,8.669,260.07,3331.6666666666665,27.938333333333333,0.0,0.0,9,274,40.0,1.0,78.67957924692399,0.045454545454545414
2024-10-01,Gujarat,ahmedabad,Ahmedabad(Chimanbhai Patal Market Vasana),Potato,Desi,FAQ,1500.0,2500.0,2300.0,28.18,0.02,24.37,32.12,84.86,1.44,21.16,8.19,27.46,2600.0,7.01,27.38,4750.0,20.09,28.1,4250.0,0.98,28.08,4900.0,6.685714285714285,46.8,2992.8571428571427,27.54,8.877333333333333,266.32,3263.333333333333,27.921,0.0,0.0,10,275,40.0,0.0,89.9735410842266,0.0
2024-10-02,,,,,,,,,2375.0,,,,,,,,,,,,,,,,,,,,,,,,,,,,,,10,276,,,105.07933510764009,0.032608695652173836
2024-10-03,Gujarat,ahmedabad,Ahmedabad(Chimanbhai Patal Market Vasana),Potato,Desi,FAQ,2000.0,2600.0,2450.0,27.16,0.0,23.9,31.47,86.17,1.8,22.41,0.02,28.18,4650.0,8.19,27.46,2300.0,7.01,27.38,2100.0,2.16,28.68,2100.0,1.1842857142857142,8.29,2992.8571428571427,27.93142857142857,8.598666666666666,257.96,3200.0,27.843666666666664,0.0,0.0,10,277,40.0,0.0,118.14539065630343,0.03157894736842115
2024-10-04,Gujarat,ahmedabad,Ahmedabad(Chimanbhai Patal Market Vasana),Potato,Desi,FAQ,1500.0,2500.0,2300.0,26.21,0.0,22.67,30.67,86.14,1.82,19.87,0.0,27.16,4700.0,0.02,28.18,3800.0,8.19,27.46,4700.0,8.33,28.51,2100.0,0.0028571428571428,0.02,3350.0,27.17,7.621666666666667,228.65,3238.333333333333,27.575666666666667,0.0,0.0,10,278,40.0,0.0,113.52050370704858,-0.061224489795918324
2024-10-05,Gujarat,ahmedabad,Ahmedabad(Chimanbhai Patal Market Vasana),Potato,Other,FAQ,2300.0,2600.0,2500.0,26.77,0.0,22.83,30.83,84.05,1.36,20.58,0.0,26.77,4750.0,0.0,26.21,2300.0,0.02,28.18,3800.0,15.93,27.05,4900.0,0.0,0.0,3678.571428571429,26.45,3.856666666666667,115.7,3300.0,27.19833333333333,0.0,0.0,10,279,40.0,0.0,102.49854818947357,0.08695652173913038
2024-10-06,,,,,,,,,2550.0,,,,,,,,,,,,,,,,,,,,,,,,,,,,,,10,280,,,104.51133454136271,0.020000000000000018
2024-10-07,Gujarat,ahmedabad,Ahmedabad(Chimanbhai Patal Market Vasana),Potato,Other,FAQ,2000.0,2800.0,2600.0,27.21,0.0,22.62,32.31,78.94,1.86,21.38,0.0,27.21,4950.0,0.0,26.77,3950.0,0.0,27.16,2700.0,7.01,27.38,4100.0,0.0,0.0,3464.285714285714,26.958571428571428,1.7963333333333331,53.89,3361.6666666666665,27.17366666666667,0.0,0.0,10,281,41.0,0.0,118.89871640140805,0.019607843137254832
2024-10-08,Gujarat,ahmedabad,Ahmedabad(Chimanbhai Patal Market Vasana),Potato,Chips,FAQ,2300.0,3100.0,2950.0,27.78,0.0,22.68,32.54,77.25,1.17,20.43,0.0,27.21,2300.0,0.0,26.77,2850.0,0.0,26.21,4950.0,7.01,27.38,2700.0,0.0,0.0,3185.714285714286,27.228571428571428,1.0953333333333333,32.86,3300.0,27.175666666666665,0.0,0.0,10,282,41.0,0.0,210.5124133880804,0.13461538461538458
2024-10-09,Gujarat,ahmedabad,Ahmedabad(Chimanbhai Patal Market Vasana),Potato,Desi,FAQ,1500.0,2500.0,2300.0,27.67,0.15,23.28,32.05,79.12,1.1,20.27,0.15,27.67,4750.0,0.0,27.78,2950.0,0.0,26.77,2850.0,0.02,28.18,2600.0,0.0642857142857142,0.4499999999999999,3542.8571428571427,27.732857142857146,0.0163333333333333,0.49,3431.6666666666665,27.167333333333332,1.0,0.0,10,283,41.0,0.0,221.46697055682344,-0.22033898305084743
2024-10-10,Gujarat,ahmedabad,Ahmedabad(Chimanbhai Patal Market Vasana),Potato,Desi,FAQ,1800.0,2500.0,2300.0,26.82,0.15,23.84,30.96,85.16,1.22,9.21,0.15,27.67,2600.0,0.0,27.78,4050.0,0.0,27.21,4950.0,0.0,27.16,2450.0,0.1285714285714285,0.8999999999999999,3371.428571428572,27.56428571428572,0.0299999999999999,0.8999999999999999,3326.6666666666665,27.122000000000003,1.0,0.0,10,284,41.0,0.0,236.29078131262582,0.0
2024-10-11,Gujarat,ahmedabad,Ahmedabad(Chimanbhai Patal Market Vasana),Potato,Other,FAQ,2000.0,2800.0,2600.0,25.49,0.38,22.87,29.62,87.18,2.23,7.93,0.38,25.49,4750.0,0.15,26.82,2300.0,0.0,27.78,4050.0,0.0,26.21,2800.0,0.2485714285714285,1.74,3535.714285714286,26.25,0.088,2.64,3348.333333333333,27.004666666666665,1.0,0.0,10,285,41.0,0.0,220.65918560185537,0.13043478260869557
2024-10-12,,,,,,,,,2833.3333333333335,,,,,,,,,,,,,,,,,,,,,,,,,,,,,,10,286,,,244.5436306706539,0.08974358974358987
2024-10-13,,,,,,,,,3066.6666666666665,,,,,,,,,,,,,,,,,,,,,,,,,,,,,,10,287,,,301.6050537799497,0.08235294117647052
2024-10-14,Gujarat,ahmedabad,Ahmedabad(Chimanbhai Patal Market Vasana),Potato,Chips,FAQ,2400.0,3500.0,3300.0,26.8,0.11,24.0,30.11,88.64,1.31,15.95,0.38,25.49,2300.0,0.15,26.82,3600.0,0.15,27.67,4750.0,0.0,26.77,3950.0,0.3085714285714286,2.16,3514.285714285714,25.867142857142856,0.1169999999999999,3.51,3285.0,26.957666666666668,1.0,0.0,10,288,42.0,0.0,382.0544574607216,0.07608695652173925
2024-10-15,Gujarat,ahmedabad,Ahmedabad(Chimanbhai Patal Market Vasana),Potato,Chips,FAQ,2500.0,3200.0,3050.0,27.38,0.13,24.2,31.59,86.93,1.31,16.97,0.13,27.38,3800.0,0.11,26.8,3300.0,0.15,26.82,3600.0,0.0,27.21,2600.0,0.1185714285714285,0.83,3635.714285714286,27.048571428571428,0.1446666666666666,4.34,3325.0,26.978666666666665,1.0,0.0,10,289,42.0,0.0,391.8987829588834,-0.0757575757575758
2024-10-16,Gujarat,ahmedabad,Ahmedabad(Chimanbhai Patal Market Vasana),Potato,Other,FAQ,2000.0,2700.0,2550.0,26.52,0.01,23.69,29.81,83.45,1.17,19.73,0.13,27.38,2200.0,0.11,26.8,2550.0,0.38,25.49,4750.0,0.0,27.78,2950.0,0.11,0.77,3264.285714285714,27.174285714285716,0.1536666666666666,4.61,3293.333333333333,26.948,1.0,0.0,10,290,42.0,0.0,350.18891349137976,-0.16393442622950816
2024-10-17,,,,,,,,,2425.0,,,,,,,,,,,,,,,,,,,,,,,,,,,,,,10,291,,,321.61443773693446,-0.0490196078431373
2024-10-18,Gujarat,ahmedabad,Ahmedabad(Chimanbhai Patal Market Vasana),Potato,Desi,FAQ,1500.0,2500.0,2300.0,27.13,0.4,23.8,31.02,85.36,1.33,18.53,0.4,27.13,3800.0,0.01,26.52,2550.0,0.11,26.8,2550.0,0.15,27.67,2300.0,0.1771428571428571,1.24,3528.5714285714284,26.781428571428567,0.18,5.4,3290.0,26.726,1.0,0.0,10,292,42.0,0.0,373.50672702412345,-0.05154639175257736
2024-10-19,Gujarat,ahmedabad,Ahmedabad(Chimanbhai Patal Market Vasana),Potato,Chips,FAQ,2500.0,3500.0,3250.0,26.42,5.22,23.66,29.9,87.4,1.06,17.37,0.4,27.13,2950.0,0.01,26.52,4750.0,0.13,27.38,3800.0,0.15,26.82,2300.0,1.032857142857143,7.23,3335.714285714286,26.94142857142857,0.3656666666666666,10.97,3321.6666666666665,26.676666666666662,0.0,0.0,10,293,42.0,0.0,412.82755152918907,0.4130434782608696
2024-10-20,,,,,,,,,2900.0,,,,,,,,,,,,,,,,,,,,,,,,,,,,,,10,294,,,402.85439884239145,-0.10769230769230764
2024-10-21,Gujarat,ahmedabad,Ahmedabad(Chimanbhai Patal Market Vasana),Potato,Other,FAQ,2000.0,2700.0,2550.0,26.43,1.55,23.36,29.8,84.75,1.34,16.55,1.55,26.43,4950.0,5.22,26.42,3250.0,0.01,26.52,4750.0,0.38,25.49,2600.0,3.647142857142857,25.53,3571.428571428572,26.42428571428572,1.1586666666666667,34.760000000000005,3330.0,26.71733333333333,0.0,0.0,10,295,43.0,0.0,351.9926270872836,-0.12068965517241381
2024-10-22,Gujarat,ahmedabad,Ahmedabad(Chimanbhai Patal Market Vasana),Potato,Chips,FAQ,2000.0,2500.0,2350.0,26.75,0.45,22.35,31.37,82.21,0.97,17.13,0.45,26.75,3900.0,1.55,26.43,3750.0,0.4,27.13,2500.0,0.11,26.8,4950.0,1.0785714285714283,7.55,3385.714285714286,26.56714285714286,1.2706666666666666,38.12,3333.333333333333,26.775,0.0,0.0,10,296,43.0,0.0,341.1726975064206,-0.07843137254901966
2024-10-23,Gujarat,ahmedabad,Ahmedabad(Chimanbhai Patal Market Vasana),Potato,Chips,FAQ,1900.0,2500.0,2350.0,26.99,0.0,22.42,31.67,78.83,1.28,17.49,0.0,26.99,4950.0,1.55,26.43,2950.0,5.22,26.42,4750.0,0.13,27.38,3800.0,0.3214285714285713,2.249999999999999,3264.285714285714,26.818571428571428,1.2846666666666666,38.54,3220.0,26.74566666666667,0.0,0.0,10,297,43.0,0.0,355.86079407810973,0.0
2024-10-24,Gujarat,ahmedabad,Ahmedabad(Chimanbhai Patal Market Vasana),Potato,Chips,FAQ,2300.0,3200.0,2950.0,26.89,0.0,21.45,31.91,72.04,1.09,18.63,0.0,26.99,2150.0,0.45,26.75,2350.0,1.55,26.43,4950.0,0.01,26.52,2550.0,0.0642857142857141,0.4499999999999991,2821.428571428572,26.94142857142857,1.2713333333333332,38.13999999999999,3223.333333333333,26.719,0.0,0.0,10,298,43.0,0.0,370.4887376991408,0.25531914893617014
2024-10-25,Gujarat,ahmedabad,Ahmedabad(Chimanbhai Patal Market Vasana),Potato,Desi,FAQ,1700.0,2300.0,2100.0,25.98,0.0,19.63,31.55,68.44,1.09,19.2,0.0,25.98,4900.0,0.0,26.89,2950.0,0.45,26.75,2350.0,0.4,27.13,2300.0,0.0,0.0,3207.1428571428573,26.5,1.23,36.9,3148.333333333333,26.65333333333333,0.0,0.0,10,299,43.0,0.0,408.97665552192933,-0.288135593220339
2024-10-26,Gujarat,ahmedabad,Ahmedabad(Chimanbhai Patal Market Vasana),Potato,Chips,FAQ,2000.0,3500.0,3250.0,26.13,0.0,21.0,31.45,66.9,0.84,19.41,0.0,26.13,5000.0,0.0,25.98,3250.0,0.0,26.99,2900.0,5.22,26.42,4750.0,0.0,0.0,3550.0,26.044285714285717,0.6813333333333333,20.44,3220.0,26.547666666666665,0.0,0.0,10,300,43.0,0.0,408.97665552192933,0.5476190476190477
2024-10-27,,,,,,,,,2825.0,,,,,,,,,,,,,,,,,,,,,,,,,,,,,,10,301,,,401.8187817080374,-0.13076923076923075
2024-10-28,Gujarat,ahmedabad,Ahmedabad(Chimanbhai Patal Market Vasana),Potato,Other,FAQ,1800.0,2600.0,2400.0,25.69,0.0,19.88,31.66,79.25,0.94,18.21,0.0,26.13,2600.0,0.0,25.98,2400.0,0.0,26.89,2800.0,1.55,26.43,3750.0,0.0,0.0,3235.714285714286,26.045714285714286,0.2816666666666667,8.450000000000001,3110.0,26.503666666666668,1.0,0.0,10,302,44.0,0.0,410.3932492714971,-0.1504424778761062
2024-10-29,Gujarat,ahmedabad,Ahmedabad(Chimanbhai Patal Market Vasana),Potato,Chips,FAQ,2000.0,3500.0,3250.0,26.85,0.0,20.88,32.4,74.1,0.78,18.09,0.0,25.69,2800.0,0.0,26.13,2200.0,0.0,25.98,4900.0,0.45,26.75,4850.0,0.0,0.0,3057.1428571428573,25.91857142857143,0.06,1.8,3075.0,26.40833333333333,1.0,0.0,10,303,44.0,0.0,456.14194741382215,0.35416666666666674
2024-10-30,Gujarat,ahmedabad,Ahmedabad(Chimanbhai Patal Market Vasana),Potato,Desi,FAQ,1750.0,2500.0,2300.0,26.95,0.0,20.67,32.44,70.13,0.77,18.72,0.0,26.85,2750.0,0.0,25.69,4950.0,0.0,26.13,5000.0,0.0,26.99,4950.0,0.0,0.0,2978.5714285714284,26.698571428571427,0.0,0.0,3046.6666666666665,26.420333333333332,1.0,0.0,10,304,44.0,0.0,463.4562187161422,-0.29230769230769227
2024-10-31,,,,,,,,,2490.0,,,,,,,,,,,,,,,,,,,,,,,,,,,,,,10,305,,,458.824844679575,0.08260869565217388
2024-11-01,,,,,,,,,2680.0,,,,,,,,,,,,,,,,,,,,,,,,,,,,,,11,306,,,387.87731246337086,0.0763052208835342
2024-11-02,,,,,,,,,2870.0,,,,,,,,,,,,,,,,,,,,,,,,,,,,,,11,307,,,326.724363223509,0.07089552238805963
2024-11-03,,,,,,,,,3060.0,,,,,,,,,,,,,,,,,,,,,,,,,,,,,,11,308,,,354.0917287666436,0.0662020905923344
2024-11-04,Gujarat,ahmedabad,Ahmedabad(Chimanbhai Patal Market Vasana),Potato,Chips,FAQ,2200.0,3500.0,3250.0,25.72,0.0,18.9,31.38,64.55,1.12,19.16,0.0,25.72,5200.0,0.0,26.85,2750.0,0.0,25.69,3250.0,0.0,26.89,2800.0,0.0,0.0,3707.142857142857,26.59857142857143,0.0,0.0,3318.333333333333,26.337,1.0,0.0,11,309,45.0,0.0,370.84202772043983,0.06209150326797386
2024-11-05,Gujarat,ahmedabad,Ahmedabad(Chimanbhai Patal Market Vasana),Potato,Chips,FAQ,2500.0,3600.0,3350.0,25.96,0.0,19.89,31.75,63.07,0.88,18.19,0.0,25.72,2550.0,0.0,26.95,5250.0,0.0,26.85,2400.0,0.0,25.98,3250.0,0.0,0.0,3428.5714285714284,25.930000000000003,0.0,0.0,3306.6666666666665,26.21933333333333,1.0,0.0,11,310,45.0,0.0,390.5429675769459,0.03076923076923066
2024-11-06,Gujarat,ahmedabad,Ahmedabad(Chimanbhai Patal Market Vasana),Potato,Chips,FAQ,2500.0,3500.0,3250.0,25.31,0.0,18.67,31.24,65.58,1.07,17.5,0.0,25.96,4200.0,0.0,25.72,4150.0,0.0,26.95,4200.0,0.0,26.13,4250.0,0.0,0.0,3414.285714285714,25.83285714285714,0.0,0.0,3353.333333333333,26.18933333333333,1.0,0.0,11,311,45.0,0.0,324.07377173077026,-0.02985074626865669
2024-11-07,Gujarat,ahmedabad,Ahmedabad(Chimanbhai Patal Market Vasana),Potato,Other,FAQ,2200.0,2600.0,2500.0,25.45,0.0,18.43,31.47,64.37,0.79,17.58,0.0,25.31,2600.0,0.0,25.96,2750.0,0.0,25.72,3250.0,0.0,25.69,2400.0,0.0,0.0,3492.8571428571427,25.42285714285714,0.0,0.0,3405.0,26.072,1.0,0.0,11,312,45.0,0.0,321.4994630818264,-0.23076923076923073
2024-11-08,Gujarat,ahmedabad,Ahmedabad(Chimanbhai Patal Market Vasana),Potato,Other,FAQ,2000.0,2400.0,2300.0,25.59,0.0,19.66,31.51,64.39,0.74,18.32,0.0,25.45,2250.0,0.0,25.31,2600.0,0.0,25.96,2300.0,0.0,26.85,2400.0,0.0,0.0,3342.8571428571427,25.47,0.0,0.0,3475.0,25.95133333333333,1.0,0.0,11,313,45.0,0.0,404.7221268969586,-0.07999999999999996
2024-11-09,Gujarat,ahmedabad,Ahmedabad(Chimanbhai Patal Market Vasana),Potato,Chips,FAQ,2500.0,3700.0,3450.0,25.28,0.0,18.62,31.49,61.08,1.17,18.08,0.0,25.59,2250.0,0.0,25.45,2250.0,0.0,25.31,2100.0,0.0,26.95,2500.0,0.0,0.0,2914.285714285714,25.545714285714286,0.0,0.0,3441.6666666666665,25.679,1.0,0.0,11,314,45.0,0.0,445.3356144794703,0.5
2024-11-10,,,,,,,,,2875.0,,,,,,,,,,,,,,,,,,,,,,,,,,,,,,11,315,,,448.243928065531,-0.16666666666666663
2024-11-11,Gujarat,ahmedabad,Ahmedabad(Chimanbhai Patal Market Vasana),Potato,Jalander,FAQ,2000.0,2500.0,2300.0,25.2,0.0,19.04,30.58,57.5,0.69,17.1,0.0,25.28,2400.0,0.0,25.59,2250.0,0.0,25.45,4500.0,0.0,25.72,4150.0,0.0,0.0,2978.5714285714284,25.26857142857143,0.0,0.0,3243.333333333333,25.50633333333333,1.0,0.0,11,316,46.0,0.0,499.55337195195585,-0.19999999999999996
2024-11-12,Gujarat,ahmedabad,Ahmedabad(Chimanbhai Patal Market Vasana),Potato,Chips,FAQ,2500.0,3800.0,3450.0,24.33,0.0,17.76,30.09,62.07,0.98,16.79,0.0,25.2,2500.0,0.0,25.28,2400.0,0.0,25.59,4750.0,0.0,25.96,4200.0,0.0,0.0,3221.428571428572,25.07571428571428,0.0,0.0,3230.0,25.33333333333333,1.0,0.0,11,317,46.0,0.0,517.0025789748678,0.5
2024-11-13,Gujarat,ahmedabad,Ahmedabad(Chimanbhai Patal Market Vasana),Potato,Desi,FAQ,1750.0,2250.0,2100.0,23.11,0.0,17.45,29.08,72.71,1.31,16.24,0.0,23.11,4750.0,0.0,24.33,4750.0,0.0,25.2,2300.0,0.0,25.45,6000.0,0.0,0.0,3050.0,23.807142857142853,0.0,0.0,3145.0,24.936,1.0,0.0,11,318,46.0,0.0,558.9903738842339,-0.3913043478260869
2024-11-14,Gujarat,ahmedabad,Ahmedabad(Chimanbhai Patal Market Vasana),Potato,Desi,FAQ,1750.0,2500.0,2300.0,21.54,0.0,16.14,28.53,75.75,1.87,15.69,0.0,23.11,3450.0,0.0,24.33,3500.0,0.0,25.2,2300.0,0.0,25.59,2300.0,0.0,0.0,3050.0,22.885714285714283,0.0,0.0,3075.0,24.567,1.0,0.0,11,319,46.0,0.0,576.3958213390694,0.09523809523809534
2024-11-15,,,,,,,,,2337.5,,,,,,,,,,,,,,,,,,,,,,,,,,,,,,11,320,,,572.4126570927633,0.016304347826086918
2024-11-16,,,,,,,,,2375.0,,,,,,,,,,,,,,,,,,,,,,,,,,,,,,11,321,,,468.5257400054093,0.016042780748663166
2024-11-17,,,,,,,,,2412.5,,,,,,,,,,,,,,,,,,,,,,,,,,,,,,11,322,,,444.4013495971933,0.015789473684210575
2024-11-18,Gujarat,ahmedabad,Ahmedabad(Chimanbhai Patal Market Vasana),Potato,Other,FAQ,2000.0,2600.0,2450.0,22.07,0.0,15.31,28.73,67.84,1.42,16.41,0.0,22.07,4650.0,0.0,21.54,2300.0,0.0,24.33,3500.0,0.0,25.28,4750.0,0.0,0.0,3428.5714285714284,21.69142857142857,0.0,0.0,3113.333333333333,23.678,1.0,0.0,11,323,47.0,0.0,438.5361878970029,0.015544041450777257
2024-11-19,Gujarat,ahmedabad,Ahmedabad(Chimanbhai Patal Market Vasana),Potato,Chips,FAQ,3000.0,4500.0,4000.0,22.44,0.0,15.72,28.23,64.43,1.1,16.25,0.0,22.07,2950.0,0.0,21.54,2350.0,0.0,23.11,2300.0,0.0,25.2,2300.0,0.0,0.0,3378.5714285714284,22.122857142857143,0.0,0.0,3243.333333333333,23.158,1.0,0.0,11,324,47.0,0.0,641.6067535418199,0.6326530612244898
2024-11-20,Gujarat,ahmedabad,Ahmedabad(Chimanbhai Patal Market Vasana),Potato,Other,FAQ,2000.0,2500.0,2350.0,21.41,0.0,14.72,27.78,65.16,1.23,16.74,0.0,22.44,4750.0,0.0,22.07,2950.0,0.0,21.54,2300.0,0.0,24.33,3450.0,0.0,0.0,3192.8571428571427,22.292857142857144,0.0,0.0,3180.0,22.600666666666665,1.0,0.0,11,325,47.0,0.0,617.7375675648599,-0.4125
2024-11-21,Gujarat,ahmedabad,Ahmedabad(Chimanbhai Patal Market Vasana),Potato,Desi,FAQ,1200.0,2000.0,1850.0,20.54,0.0,13.49,27.42,60.39,1.31,16.22,0.0,20.54,3150.0,0.0,21.41,2350.0,0.0,22.07,2950.0,0.0,23.11,4750.0,0.0,0.0,2978.5714285714284,21.16142857142857,0.0,0.0,3075.0,21.942666666666664,1.0,0.0,11,326,47.0,0.0,675.32509807887,-0.21276595744680848
2024-11-22,Gujarat,ahmedabad,Ahmedabad(Chimanbhai Patal Market Vasana),Potato,Desi,FAQ,1750.0,2250.0,2050.0,19.0,0.0,12.15,26.7,62.18,1.62,15.4,0.0,19.0,4750.0,0.0,20.54,1850.0,0.0,21.41,2350.0,0.0,21.54,4750.0,0.0,0.0,3442.8571428571427,19.88,0.0,0.0,3171.6666666666665,21.346000000000004,1.0,0.0,11,327,47.0,0.0,698.0041700653147,0.10810810810810811
2024-11-23,Gujarat,ahmedabad,Ahmedabad(Chimanbhai Patal Market Vasana),Potato,Chips,FAQ,2800.0,4000.0,3600.0,18.41,0.0,11.66,26.56,67.49,1.61,15.05,0.0,18.41,4750.0,0.0,19.0,3650.0,0.0,21.41,2850.0,0.0,22.07,2450.0,0.0,0.0,3428.5714285714284,18.83142857142857,0.0,0.0,3235.0,20.848,1.0,0.0,11,328,47.0,0.0,807.0144493307222,0.7560975609756098
2024-11-24,,,,,,,,,2825.0,,,,,,,,,,,,,,,,,,,,,,,,,,,,,,11,329,,,799.8325717655791,-0.2152777777777778
2024-11-25,Gujarat,ahmedabad,Ahmedabad(Chimanbhai Patal Market Vasana),Potato,Desi,FAQ,1500.0,2250.0,2050.0,19.63,0.0,13.65,27.27,66.0,1.75,16.12,0.0,18.41,2300.0,0.0,19.0,2450.0,0.0,20.54,2900.0,0.0,22.44,4000.0,0.0,0.0,3114.285714285714,18.58428571428572,0.0,0.0,3131.6666666666665,20.26633333333333,1.0,0.0,11,330,48.0,0.0,836.7845202519767,-0.2743362831858407
2024-11-26,Gujarat,ahmedabad,Ahmedabad(Chimanbhai Patal Market Vasana),Potato,Desi,FAQ,1500.0,2250.0,2050.0,19.92,0.0,12.48,28.07,61.85,1.59,16.3,0.0,19.63,3650.0,0.0,18.41,2300.0,0.0,19.0,2900.0,0.0,21.41,2350.0,0.0,0.0,3107.1428571428573,19.67142857142857,0.0,0.0,3176.6666666666665,19.74833333333333,1.0,0.0,11,331,48.0,0.0,618.2011153723494,0.0
2024-11-27,Gujarat,ahmedabad,Ahmedabad(Chimanbhai Patal Market Vasana),Potato,Jalander,FAQ,2700.0,3000.0,2900.0,20.67,0.0,13.21,28.24,62.06,1.24,16.31,0.0,20.67,4100.0,0.0,19.92,2300.0,0.0,19.63,2050.0,0.0,20.54,2350.0,0.0,0.0,3850.0,20.24142857142857,0.0,0.0,3378.333333333333,19.513,1.0,0.0,11,332,48.0,0.0,645.6585785072461,0.41463414634146334
2024-11-28,Gujarat,ahmedabad,Ahmedabad(Chimanbhai Patal Market Vasana),Potato,Jalander,FAQ,2500.0,2800.0,2700.0,20.44,0.0,13.6,28.22,64.2,1.58,16.24,0.0,20.44,4750.0,0.0,20.67,4100.0,0.0,19.92,2050.0,0.0,19.0,2050.0,0.0,0.0,3135.714285714286,20.571428571428577,0.0,0.0,3288.333333333333,19.67,1.0,0.0,11,333,48.0,0.0,585.6671003060953,-0.06896551724137934
2024-11-29,Gujarat,ahmedabad,Ahmedabad(Chimanbhai Patal Market Vasana),Potato,Other,FAQ,1800.0,2400.0,2250.0,18.97,0.0,13.57,26.38,68.91,1.98,15.98,0.0,20.44,3650.0,0.0,20.67,2450.0,0.0,19.92,4750.0,0.0,18.41,4750.0,0.0,0.0,3114.285714285714,20.23,0.0,0.0,3185.0,19.832666666666668,1.0,0.0,11,334,48.0,0.0,558.8306243099642,-0.16666666666666663
2024-11-30,Gujarat,ahmedabad,Ahmedabad(Chimanbhai Patal Market Vasana),Potato,Desi,FAQ,1500.0,2500.0,2250.0,17.23,0.0,10.69,25.76,66.58,2.15,15.84,0.0,17.23,3650.0,0.0,18.97,2250.0,0.0,20.67,2450.0,0.0,19.63,4750.0,0.0,0.0,3350.0,18.472857142857144,0.0,0.0,3240.0,19.766,1.0,0.0,11,335,48.0,0.0,365.9218625933781,0.0
2024-12-01,,,,,,,,,2325.0,,,,,,,,,,,,,,,,,,,,,,,,,,,,,,12,336,,,322.7025019455262,0.03333333333333344
2024-12-02,Gujarat,ahmedabad,Ahmedabad(Chimanbhai Patal Market Vasana),Potato,Other,FAQ,1800.0,2600.0,2400.0,18.83,0.0,11.56,28.03,65.14,2.07,15.35,0.0,17.23,5750.0,0.0,18.97,4150.0,0.0,20.44,2300.0,0.0,19.92,2050.0,0.0,0.0,3285.714285714286,17.458571428571428,0.0,0.0,3311.6666666666665,19.409666666666663,1.0,0.0,12,337,49.0,0.0,292.21037757393617,0.032258064516129004
2024-12-03,Gujarat,ahmedabad,Ahmedabad(Chimanbhai Patal Market Vasana),Potato,Jalander,FAQ,2800.0,3200.0,3050.0,20.13,0.0,13.14,29.02,65.08,2.0,15.0,0.0,20.13,4150.0,0.0,18.83,6200.0,0.0,17.23,3650.0,0.0,20.67,2900.0,0.0,0.0,3807.142857142857,19.38714285714286,0.0,0.0,3431.6666666666665,19.174,1.0,0.0,12,338,49.0,0.0,328.6425906375342,0.27083333333333326
2024-12-04,Gujarat,ahmedabad,Ahmedabad(Chimanbhai Patal Market Vasana),Potato,Jalander,FAQ,2700.0,3000.0,2900.0,21.51,0.0,15.28,29.79,64.99,2.37,14.84,0.0,20.13,2500.0,0.0,18.83,2200.0,0.0,17.23,2850.0,0.0,20.44,3850.0,0.0,0.0,3521.428571428572,20.327142857142857,0.0,0.0,3421.6666666666665,19.15566666666667,1.0,0.0,12,339,49.0,0.0,328.6425906375342,-0.049180327868852514
2024-12-05,Gujarat,ahmedabad,Ahmedabad(Chimanbhai Patal Market Vasana),Potato,Jalander,FAQ,2700.0,3100.0,3000.0,21.5,0.0,15.18,29.57,62.55,1.81,15.95,0.0,21.5,3750.0,0.0,21.51,2300.0,0.0,20.13,6150.0,0.0,18.97,2900.0,0.0,0.0,4214.285714285715,21.505714285714284,0.0,0.0,3716.6666666666665,19.587,1.0,0.0,12,340,49.0,0.0,368.11133150305204,0.034482758620689724
2024-12-06,Gujarat,ahmedabad,Ahmedabad(Chimanbhai Patal Market Vasana),Potato,Other,FAQ,2000.0,3000.0,2600.0,20.5,0.0,13.93,29.11,54.28,1.58,15.64,0.0,21.5,2300.0,0.0,21.51,3700.0,0.0,20.13,2250.0,0.0,17.23,3650.0,0.0,0.0,3500.0,21.357142857142858,0.0,0.0,3551.6666666666665,19.949,1.0,0.0,12,341,49.0,0.0,335.54326951122596,-0.1333333333333333
2024-12-07,Gujarat,ahmedabad,Ahmedabad(Chimanbhai Patal Market Vasana),Potato,Other,FAQ,2000.0,2700.0,2500.0,19.86,0.0,13.05,27.96,53.12,1.24,16.55,0.0,20.5,6000.0,0.0,21.5,2300.0,0.0,21.51,6400.0,0.0,18.83,2400.0,0.0,0.0,3328.5714285714284,20.40857142857143,0.0,0.0,3596.6666666666665,20.52833333333333,1.0,0.0,12,342,49.0,0.0,297.459481034208,-0.038461538461538436
2024-12-08,,,,,,,,,2425.0,,,,,,,,,,,,,,,,,,,,,,,,,,,,,,12,343,,,279.29545714341623,-0.030000000000000027
2024-12-09,Gujarat,ahmedabad,Ahmedabad(Chimanbhai Patal Market Vasana),Potato,Other,FAQ,2000.0,2500.0,2350.0,14.61,0.0,6.5,25.15,46.87,2.2,17.49,0.0,19.86,3500.0,0.0,20.5,2100.0,0.0,21.5,3000.0,0.0,18.83,4150.0,0.0,0.0,3235.714285714286,19.292857142857144,0.0,0.0,3368.333333333333,20.490666666666662,1.0,0.0,12,344,50.0,0.0,288.62358086020777,-0.030927835051546393
2024-12-10,Gujarat,ahmedabad,Ahmedabad(Chimanbhai Patal Market Vasana),Potato,Jalander,FAQ,1400.0,2200.0,2050.0,14.66,0.0,7.49,24.3,57.79,2.47,16.69,0.0,14.61,2100.0,0.0,19.86,2100.0,0.0,20.5,2600.0,0.0,20.13,3050.0,0.0,0.0,2592.8571428571427,16.11714285714286,0.0,0.0,3176.6666666666665,19.799666666666663,1.0,0.0,12,345,50.0,0.0,325.45755337311874,-0.12765957446808507
2024-12-11,Gujarat,ahmedabad,Ahmedabad(Chimanbhai Patal Market Vasana),Potato,Chips,FAQ,2000.0,3500.0,3300.0,15.43,0.0,7.78,25.02,57.95,2.3,16.73,0.0,14.66,2050.0,0.0,14.61,2250.0,0.0,20.5,3700.0,0.0,21.51,2900.0,0.0,0.0,2628.5714285714284,14.755714285714284,0.0,0.0,3161.6666666666665,19.05,1.0,0.0,12,346,50.0,0.0,419.43130432481615,0.6097560975609757
2024-12-12,Gujarat,ahmedabad,Ahmedabad(Chimanbhai Patal Market Vasana),Potato,Chips,FAQ,3000.0,3500.0,3350.0,16.0,0.0,8.52,25.35,55.57,1.63,16.57,0.0,15.43,2300.0,0.0,14.66,2250.0,0.0,19.86,2500.0,0.0,21.51,6400.0,0.0,0.0,2592.8571428571427,15.29142857142857,0.0,0.0,2985.0,18.258333333333333,1.0,0.0,12,347,50.0,0.0,489.56370274726925,0.015151515151515138
2024-12-13,Gujarat,ahmedabad,Ahmedabad(Chimanbhai Patal Market Vasana),Potato,Other,FAQ,1500.0,2500.0,2300.0,15.4,0.0,8.66,25.16,54.7,2.78,16.08,0.0,16.0,2050.0,0.0,15.43,2050.0,0.0,14.61,3400.0,0.0,21.5,3000.0,0.0,0.0,2285.714285714286,15.751428571428573,0.0,0.0,2703.333333333333,17.504666666666665,1.0,0.0,12,348,50.0,0.0,507.8256637487931,-0.31343283582089554
2024-12-14,Gujarat,ahmedabad,Ahmedabad(Chimanbhai Patal Market Vasana),Potato,Chips,FAQ,2000.0,3200.0,2950.0,15.02,0.0,7.28,25.63,53.16,2.54,17.03,0.0,15.4,3250.0,0.0,16.0,1850.0,0.0,14.66,3250.0,0.0,20.5,2600.0,0.0,0.0,2392.8571428571427,15.517142857142856,0.0,0.0,2665.0,16.712,1.0,0.0,12,349,50.0,0.0,519.8156724583542,0.28260869565217384
2024-12-15,,,,,,,,,2500.0,,,,,,,,,,,,,,,,,,,,,,,,,,,,,,12,350,,,514.5501965424777,-0.15254237288135597
2024-12-16,Gujarat,ahmedabad,Ahmedabad(Chimanbhai Patal Market Vasana),Potato,Other,FAQ,1200.0,2200.0,2050.0,16.84,0.0,8.33,26.98,51.46,1.8,17.32,0.0,15.02,2300.0,0.0,15.4,2000.0,0.0,15.43,1850.0,0.0,20.5,3700.0,0.0,0.0,2342.8571428571427,15.388571428571428,0.0,0.0,2535.0,16.041999999999998,1.0,0.0,12,351,51.0,0.0,557.8444910460923,-0.18000000000000005
2024-12-17,Gujarat,ahmedabad,Ahmedabad(Chimanbhai Patal Market Vasana),Potato,Desi,FAQ,1400.0,2250.0,2050.0,17.45,0.0,9.51,27.66,51.12,1.48,16.84,0.0,16.84,2100.0,0.0,15.02,2050.0,0.0,16.0,2300.0,0.0,19.86,2500.0,0.0,0.0,2235.714285714286,16.40714285714286,0.0,0.0,2411.6666666666665,15.638333333333332,1.0,0.0,12,352,51.0,0.0,557.8444910460923,0.0
2024-12-18,Gujarat,ahmedabad,Ahmedabad(Chimanbhai Patal Market Vasana),Potato,Chips,FAQ,3000.0,3500.0,3350.0,18.21,0.0,10.1,27.78,53.54,1.62,15.77,0.0,17.45,2200.0,0.0,16.84,1900.0,0.0,15.4,1900.0,0.0,14.61,3400.0,0.0,0.0,2600.0,17.384285714285713,0.0,0.0,2385.0,15.867333333333333,1.0,0.0,12,353,51.0,0.0,567.8908345800253,0.6341463414634145
2024-12-19,Gujarat,ahmedabad,Ahmedabad(Chimanbhai Patal Market Vasana),Potato,Chips,FAQ,1500.0,3200.0,2950.0,18.56,0.0,11.05,28.21,59.07,1.39,14.84,0.0,18.21,1950.0,0.0,17.45,3250.0,0.0,15.02,1900.0,0.0,14.66,3250.0,0.0,0.0,2321.428571428572,18.042857142857144,0.0,0.0,2356.6666666666665,16.354,1.0,0.0,12,354,51.0,0.0,502.019730213671,-0.11940298507462688
2024-12-20,Gujarat,ahmedabad,Ahmedabad(Chimanbhai Patal Market Vasana),Potato,Desi,FAQ,1500.0,2000.0,1800.0,17.39,0.0,10.91,27.04,51.36,1.57,14.09,0.0,18.56,1900.0,0.0,18.21,1800.0,0.0,16.84,3350.0,0.0,15.43,1850.0,0.0,0.0,2085.714285714286,18.292857142857144,0.0,0.0,2301.6666666666665,16.758,1.0,0.0,12,355,51.0,0.0,580.1272438419147,-0.38983050847457623
2024-12-21,Gujarat,ahmedabad,Ahmedabad(Chimanbhai Patal Market Vasana),Potato,Other,FAQ,1600.0,2000.0,1900.0,18.3,0.0,11.04,27.74,58.7,1.67,13.98,0.0,17.39,1700.0,0.0,18.56,1850.0,0.0,17.45,1900.0,0.0,16.0,2300.0,0.0,0.0,1957.142857142857,17.854285714285716,0.0,0.0,2240.0,16.99266666666667,1.0,0.0,12,356,51.0,0.0,586.5557254409983,0.05555555555555558
2024-12-22,,,,,,,,,1775.0,,,,,,,,,,,,,,,,,,,,,,,,,,,,,,12,357,,,622.9490157231752,-0.06578947368421051
2024-12-23,Gujarat,ahmedabad,Ahmedabad(Chimanbhai Patal Market Vasana),Potato,Desi,FAQ,1250.0,1750.0,1650.0,18.64,0.0,13.23,26.11,67.63,1.41,9.36,0.0,18.3,3200.0,0.0,17.39,2450.0,0.0,18.21,2100.0,0.0,15.4,1900.0,0.0,0.0,2042.857142857143,18.08857142857143,0.0,0.0,2258.333333333333,17.37066666666667,1.0,0.0,12,358,52.0,0.0,663.3025238118987,-0.07042253521126762
2024-12-24,Gujarat,ahmedabad,Ahmedabad(Chimanbhai Patal Market Vasana),Potato,Desi,FAQ,1250.0,2000.0,1800.0,16.43,0.0,9.75,25.57,53.57,1.81,12.14,0.0,18.64,3200.0,0.0,18.3,2050.0,0.0,18.56,2050.0,0.0,15.02,1900.0,0.0,0.0,2185.714285714286,18.22714285714286,0.0,0.0,2205.0,17.767,1.0,0.0,12,359,52.0,0.0,679.9203384711058,0.09090909090909083
2024-12-25,,,,,,,,,1925.0,,,,,,,,,,,,,,,,,,,,,,,,,,,,,,12,360,,,440.7447701118506,0.06944444444444442
2024-12-26,Gujarat,ahmedabad,Ahmedabad(Chimanbhai Patal Market Vasana),Potato,Other,FAQ,1500.0,2200.0,2050.0,20.4,0.03,13.94,27.67,69.29,1.71,7.39,0.0,16.43,3200.0,0.0,18.64,1850.0,0.0,17.39,1900.0,0.0,16.84,3350.0,0.0042857142857141,0.0299999999999991,2242.8571428571427,17.62857142857143,0.001,0.03,2185.0,17.90533333333333,1.0,0.0,12,361,52.0,0.0,128.0578366356577,0.06493506493506485
2024-12-27,Gujarat,ahmedabad,Ahmedabad(Chimanbhai Patal Market Vasana),Potato,Desi,FAQ,1250.0,2000.0,1850.0,20.63,0.15,16.76,25.97,65.17,1.9,7.0,0.03,20.4,1800.0,0.0,16.43,2050.0,0.0,18.3,1900.0,0.0,17.45,1900.0,0.0385714285714284,0.2699999999999991,2214.285714285714,19.298571428571428,0.009,0.27,2160.0,18.326666666666668,1.0,0.0,12,362,52.0,0.0,126.65570127973697,-0.09756097560975607
2024-12-28,Gujarat,ahmedabad,Ahmedabad(Chimanbhai Patal Market Vasana),Potato,Chips,FAQ,3000.0,3500.0,3350.0,17.82,0.0,11.22,26.55,58.39,1.98,10.52,0.15,20.63,1700.0,0.03,20.4,3100.0,0.0,18.64,1700.0,0.0,18.21,2100.0,0.0942857142857141,0.659999999999999,2221.428571428572,20.162857142857145,0.024,0.72,2181.6666666666665,18.581,1.0,0.0,12,363,52.0,0.0,583.5798798711896,0.8108108108108107
2024-12-29,Gujarat,ahmedabad,Ahmedabad(Chimanbhai Patal Market Vasana),Potato,Other,FAQ,1500.0,2300.0,2100.0,17.56,0.0,10.09,27.15,60.08,2.25,13.65,0.0,17.82,2050.0,0.15,20.63,2000.0,0.0,16.43,1700.0,0.0,18.56,2050.0,0.0428571428571427,0.2999999999999991,2278.5714285714284,18.585714285714285,0.024,0.72,2150.0,18.485333333333333,1.0,0.0,12,364,52.0,0.0,570.1660159236797,-0.3731343283582089
2024-12-30,Gujarat,ahmedabad,Ahmedabad(Chimanbhai Patal Market Vasana),Potato,Chips,FAQ,2000.0,3300.0,3100.0,18.24,0.0,10.47,27.26,56.93,1.86,15.31,0.0,17.56,1800.0,0.0,17.82,1900.0,0.03,20.4,1800.0,0.0,17.39,1900.0,0.0,0.0,2250.0,17.73142857142857,0.024,0.72,2208.333333333333,18.491666666666667,1.0,0.0,12,365,1.0,0.0,637.3540916125312,0.4761904761904763
2024-12-31,Gujarat,ahmedabad,Ahmedabad(Chimanbhai Patal Market Vasana),Potato,Desi,FAQ,1250.0,2000.0,1800.0,18.99,0.0,11.6,28.56,54.13,1.46,15.44,0.0,18.24,1800.0,0.0,17.56,1800.0,0.15,20.63,3050.0,0.0,18.3,1900.0,0.0,0.0,2214.285714285714,18.15285714285714,0.024,0.72,2206.6666666666665,18.539,1.0,0.0,12,366,1.0,0.0,637.3540916125312,-0.4193548387096774
2025-01-01,Gujarat,ahmedabad,Ahmedabad(Chimanbhai Patal Market Vasana),Potato,Jalander,FAQ,1600.0,2200.0,2050.0,19.52,0.0,11.7,29.09,55.29,2.01,16.14,0.0,18.99,3200.0,0.0,18.24,2100.0,0.0,17.82,1800.0,0.0,18.64,1700.0,0.0,0.0,2078.5714285714284,18.851428571428567,0.024,0.72,2231.6666666666665,18.614666666666665,1.0,0.0,1,1,1.0,0.0,626.4031867582964,0.13888888888888884
2025-01-02,Gujarat,ahmedabad,Ahmedabad(Chimanbhai Patal Market Vasana),Potato,Jalander,FAQ,1700.0,2200.0,2050.0,20.47,0.0,12.08,29.96,51.09,1.89,16.75,0.0,19.52,1800.0,0.0,18.99,1800.0,0.0,17.56,3100.0,0.0,16.43,1700.0,0.0,0.0,2357.1428571428573,19.50428571428571,0.024,0.72,2245.0,18.984666666666666,1.0,0.0,1,2,1.0,0.0,626.4031867582964,0.0
2025-01-03,Gujarat,ahmedabad,Ahmedabad(Chimanbhai Patal Market Vasana),Potato,Jalander,FAQ,1500.0,1800.0,1700.0,20.88,0.0,12.06,30.79,48.41,1.68,17.31,0.0,20.47,2050.0,0.0,19.52,3250.0,0.0,18.24,1800.0,0.03,20.4,1800.0,0.0,0.0,2100.0,20.257142857142856,0.021,0.63,2200.0,19.14,1.0,0.0,1,3,1.0,0.0,647.7065767180432,-0.1707317073170732
2025-01-04,Gujarat,ahmedabad,Ahmedabad(Chimanbhai Patal Market Vasana),Potato,Jalander,FAQ,1500.0,1800.0,1650.0,20.02,0.0,11.77,29.85,52.39,1.4,17.38,0.0,20.88,3250.0,0.0,20.47,1800.0,0.0,18.99,2100.0,0.15,20.63,3050.0,0.0,0.0,2264.285714285714,20.64,0.005,0.15,2205.0,19.15233333333333,1.0,0.0,1,4,1.0,0.0,491.35381491199144,-0.02941176470588236
2025-01-05,,,,,,,,,1575.0,,,,,,,,,,,,,,,,,,,,,,,,,,,,,,1,5,,,523.978598254325,-0.045454545454545414
2025-01-06,Gujarat,ahmedabad,Ahmedabad(Chimanbhai Patal Market Vasana),Potato,Jalander,FAQ,1400.0,1600.0,1500.0,16.94,0.0,9.62,26.57,41.31,2.52,16.9,0.0,20.02,1850.0,0.0,20.88,1900.0,0.0,19.52,2050.0,0.0,17.82,1800.0,0.0,0.0,2092.8571428571427,19.825714285714287,0.0,0.0,2170.0,19.249333333333333,1.0,0.0,1,6,2.0,0.0,218.83076740234722,-0.04761904761904767
2025-01-07,Gujarat,ahmedabad,Ahmedabad(Chimanbhai Patal Market Vasana),Potato,Jalander,FAQ,1400.0,1500.0,1450.0,16.17,0.0,8.59,26.27,38.35,2.5,17.62,0.0,16.94,3250.0,0.0,20.02,1600.0,0.0,20.47,3250.0,0.0,17.56,3100.0,0.0,0.0,2092.8571428571427,17.71,0.0,0.0,2153.333333333333,19.13233333333333,1.0,0.0,1,7,2.0,0.0,246.5838020401315,-0.033333333333333326
2025-01-08,Gujarat,ahmedabad,Ahmedabad(Chimanbhai Patal Market Vasana),Potato,Jalander,FAQ,1200.0,1500.0,1400.0,16.03,0.0,7.23,26.55,42.48,2.11,17.72,0.0,16.17,3250.0,0.0,16.94,1750.0,0.0,20.88,2050.0,0.0,18.24,1800.0,0.0,0.0,2192.8571428571427,16.37,0.0,0.0,2145.0,18.874333333333333,1.0,0.0,1,8,2.0,0.0,218.286072674838,-0.03448275862068961
2025-01-09,Gujarat,ahmedabad,Ahmedabad(Chimanbhai Patal Market Vasana),Potato,Jalander,FAQ,1000.0,1300.0,1200.0,17.46,0.0,8.36,28.25,43.11,1.98,17.74,0.0,16.03,3300.0,0.0,16.17,2050.0,0.0,20.02,2750.0,0.0,18.99,2100.0,0.0,0.0,2142.8571428571427,16.274285714285718,0.0,0.0,2178.333333333333,18.552333333333333,1.0,0.0,1,9,2.0,0.0,168.59009178363343,-0.1428571428571429
2025-01-10,Gujarat,ahmedabad,Ahmedabad(Chimanbhai Patal Market Vasana),Potato,Desi,FAQ,1000.0,1700.0,1550.0,19.37,0.0,10.53,29.13,47.04,1.92,15.26,0.0,17.46,3300.0,0.0,16.03,2100.0,0.0,16.94,2100.0,0.0,19.52,2050.0,0.0,0.0,1992.857142857143,17.324285714285715,0.0,0.0,2078.333333333333,18.359,1.0,0.0,1,10,2.0,0.0,146.48663192704032,0.29166666666666674
2025-01-11,Gujarat,ahmedabad,Ahmedabad(Chimanbhai Patal Market Vasana),Potato,Jalander,FAQ,900.0,1300.0,1200.0,19.67,0.0,14.4,27.23,53.47,1.44,12.34,0.0,19.37,3200.0,0.0,17.46,1100.0,0.0,16.17,1850.0,0.0,20.47,3250.0,0.0,0.0,2014.2857142857144,18.867142857142856,0.0,0.0,2036.6666666666667,18.254,1.0,0.0,1,11,2.0,0.0,155.36056372805652,-0.22580645161290325
2025-01-12,,,,,,,,,1525.0,,,,,,,,,,,,,,,,,,,,,,,,,,,,,,1,12,,,147.49899111840435,0.27083333333333326
2025-01-13,,,,,,,,,1850.0,,,,,,,,,,,,,,,,,,,,,,,,,,,,,,1,13,,,224.7352940259878,0.21311475409836067
2025-01-14,,,,,,,,,2175.0,,,,,,,,,,,,,,,,,,,,,,,,,,,,,,1,14,,,353.17438023890946,0.17567567567567566
2025-01-15,Gujarat,ahmedabad,Ahmedabad(Chimanbhai Patal Market Vasana),Potato,Other,FAQ,1800.0,2700.0,2500.0,19.04,0.0,12.65,28.31,48.0,2.25,9.9,0.0,19.67,3200.0,0.0,19.37,1200.0,0.0,16.03,1900.0,0.0,20.88,2050.0,0.0,0.0,2192.8571428571427,19.49428571428572,0.0,0.0,2076.6666666666665,18.08533333333333,1.0,0.0,1,15,3.0,0.0,489.86757199801787,0.14942528735632177
2025-01-16,Gujarat,ahmedabad,Ahmedabad(Chimanbhai Patal Market Vasana),Potato,Other,FAQ,1500.0,2500.0,2300.0,17.64,0.0,9.75,27.86,38.41,2.88,16.63,0.0,19.04,1600.0,0.0,19.67,1200.0,0.0,17.46,1100.0,0.0,20.02,1600.0,0.0,0.0,2007.142857142857,19.110000000000003,0.0,0.0,2031.6666666666667,17.912,1.0,0.0,1,16,3.0,0.0,473.55670450427334,-0.07999999999999996
2025-01-17,Gujarat,ahmedabad,Ahmedabad(Chimanbhai Patal Market Vasana),Potato,Chips,FAQ,2500.0,2800.0,2700.0,18.62,0.0,10.41,28.03,50.0,2.86,13.32,0.0,17.64,2900.0,0.0,19.67,3200.0,0.0,19.37,1550.0,0.0,16.94,1500.0,0.0,0.0,2085.714285714286,18.38,0.0,0.0,2060.0,17.80933333333333,1.0,0.0,1,17,3.0,0.0,538.4888467695813,0.17391304347826098
2025-01-18,Gujarat,ahmedabad,Ahmedabad(Chimanbhai Patal Market Vasana),Potato,Chips,FAQ,2500.0,3000.0,2850.0,21.32,0.0,13.57,29.89,53.75,2.1,14.0,0.0,18.62,1250.0,0.0,17.64,2300.0,0.0,19.67,1200.0,0.0,16.17,1450.0,0.0,0.0,2035.7142857142856,18.72571428571429,0.0,0.0,2018.3333333333333,18.149,1.0,0.0,1,18,3.0,0.0,468.2477467975135,0.05555555555555558
2025-01-19,,,,,,,,,2850.0,,,,,,,,,,,,,,,,,,,,,,,,,,,,,,1,19,,,374.6824051939202,0.0
2025-01-20,Gujarat,ahmedabad,Ahmedabad(Chimanbhai Patal Market Vasana),Potato,Chips,FAQ,2500.0,3000.0,2850.0,22.43,0.0,14.92,31.72,49.74,1.24,15.42,0.0,21.32,1500.0,0.0,18.62,2700.0,0.0,19.67,3200.0,0.0,16.17,3250.0,0.0,0.0,1950.0,20.321428571428573,0.0,0.0,1991.6666666666667,18.701,1.0,0.0,1,20,4.0,0.0,282.2633859493922,0.0
2025-01-21,Gujarat,ahmedabad,Ahmedabad(Chimanbhai Patal Market Vasana),Potato,Desi,FAQ,900.0,1250.0,1100.0,21.23,0.0,14.05,30.38,42.09,1.48,16.45,0.0,22.43,1450.0,0.0,18.62,1250.0,0.0,19.04,1600.0,0.0,16.03,1900.0,0.0,0.0,1957.142857142857,21.782857142857143,0.0,0.0,1961.6666666666667,19.301,1.0,0.0,1,21,4.0,0.0,631.1365409587132,-0.6140350877192983
2025-01-22,Gujarat,ahmedabad,Ahmedabad(Chimanbhai Patal Market Vasana),Potato,Chips,FAQ,2500.0,3000.0,2850.0,20.06,0.0,13.21,29.49,39.03,1.75,16.9,0.0,21.23,1200.0,0.0,22.43,2850.0,0.0,18.62,2700.0,0.0,17.46,1600.0,0.0,0.0,1850.0,21.40571428571429,0.0,0.0,2003.3333333333333,19.81233333333333,1.0,0.0,1,22,4.0,0.0,649.358657959269,1.5909090909090908
2025-01-23,Gujarat,ahmedabad,Ahmedabad(Chimanbhai Patal Market Vasana),Potato,Desi,FAQ,800.0,1250.0,1100.0,19.06,0.0,11.51,28.59,37.02,2.09,17.47,0.0,20.06,1750.0,0.0,21.23,1100.0,0.0,18.62,1250.0,0.0,19.37,1200.0,0.0,0.0,1778.571428571429,20.41857142857143,0.0,0.0,1935.0,19.91166666666667,1.0,0.0,1,23,4.0,0.0,841.0594226218194,-0.6140350877192983
2025-01-24,Gujarat,ahmedabad,Ahmedabad(Chimanbhai Patal Market Vasana),Potato,Jalander,FAQ,800.0,1000.0,900.0,19.23,0.0,11.3,29.6,38.58,2.77,17.91,0.0,19.06,2650.0,0.0,20.06,2850.0,0.0,22.43,2850.0,0.0,19.67,2100.0,0.0,0.0,1464.2857142857142,19.37,0.0,0.0,1858.3333333333333,19.856,1.0,0.0,1,24,4.0,0.0,973.3349641212668,-0.18181818181818177
2025-01-25,Gujarat,ahmedabad,Ahmedabad(Chimanbhai Patal Market Vasana),Potato,Desi,FAQ,900.0,1300.0,1100.0,20.21,0.0,12.38,30.75,40.34,2.29,17.76,0.0,19.23,1050.0,0.0,19.06,1600.0,0.0,21.23,1700.0,0.0,19.04,1250.0,0.0,0.0,1578.571428571429,19.321428571428573,0.0,0.0,1803.3333333333333,19.872,1.0,0.0,1,25,4.0,0.0,964.7353449077527,0.22222222222222232
2025-01-26,,,,,,,,,1125.0,,,,,,,,,,,,,,,,,,,,,,,,,,,,,,1,26,,,874.2854225022824,0.022727272727272707
2025-01-27,Gujarat,ahmedabad,Ahmedabad(Chimanbhai Patal Market Vasana),Potato,Desi,FAQ,750.0,1250.0,1150.0,21.18,0.0,12.2,32.13,33.06,1.67,19.13,0.0,20.21,1300.0,0.0,19.23,2500.0,0.0,20.06,1150.0,0.0,17.64,2900.0,0.0,0.0,1364.2857142857142,20.06857142857143,0.0,0.0,1720.0,20.200333333333337,1.0,0.0,1,27,5.0,0.0,674.3383000075977,0.022222222222222143
2025-01-28,Gujarat,ahmedabad,Ahmedabad(Chimanbhai Patal Market Vasana),Potato,Chips,FAQ,2200.0,2500.0,2400.0,22.62,0.0,13.88,33.31,29.07,1.33,18.27,0.0,21.18,2350.0,0.0,20.21,950.0,0.0,19.06,1100.0,0.0,18.62,1250.0,0.0,0.0,1650.0,21.108571428571427,0.0,0.0,1710.0,20.58966666666667,1.0,0.0,1,28,5.0,0.0,771.7288877516964,1.0869565217391304
2025-01-29,Gujarat,ahmedabad,Ahmedabad(Chimanbhai Patal Market Vasana),Potato,Jalander,FAQ,700.0,900.0,850.0,23.2,0.0,16.67,33.1,26.06,1.47,18.83,0.0,22.62,1100.0,0.0,21.18,1000.0,0.0,19.23,1750.0,0.0,22.43,2850.0,0.0,0.0,1392.857142857143,22.291428571428572,0.0,0.0,1533.3333333333333,20.74533333333333,1.0,0.0,1,29,5.0,0.0,528.1087099488167,-0.6458333333333333
2025-01-30,Gujarat,ahmedabad,Ahmedabad(Chimanbhai Patal Market Vasana),Potato,Desi,FAQ,550.0,1100.0,950.0,21.34,0.0,13.23,31.81,38.38,2.02,19.53,0.0,23.2,1050.0,0.0,22.62,850.0,0.0,20.21,2250.0,0.0,21.23,1700.0,0.0,0.0,1257.142857142857,22.768571428571427,0.0,0.0,1518.3333333333333,20.866,1.0,0.0,1,30,5.0,0.0,537.3269378090326,0.11764705882352944
2025-01-31,Gujarat,ahmedabad,Ahmedabad(Chimanbhai Patal Market Vasana),Potato,Chips,FAQ,2000.0,2400.0,2300.0,19.76,0.0,12.05,29.25,37.44,1.71,18.92,0.0,21.34,2350.0,0.0,23.2,1100.0,0.0,21.18,1100.0,0.0,20.06,1150.0,0.0,0.0,1592.857142857143,21.645714285714288,0.0,0.0,1471.6666666666667,20.906,1.0,0.0,1,31,5.0,0.0,650.9379679318394,1.4210526315789473
2025-02-01,Gujarat,ahmedabad,Ahmedabad(Chimanbhai Patal Market Vasana),Potato,Desi,FAQ,750.0,1200.0,1000.0,18.84,0.0,10.59,28.73,40.54,1.81,19.13,0.0,19.76,1100.0,0.0,21.34,950.0,0.0,22.62,850.0,0.0,19.06,1600.0,0.0,0.0,1378.571428571429,20.305714285714284,0.0,0.0,1428.3333333333333,20.912,1.0,0.0,2,32,5.0,0.0,659.9287479576462,-0.5652173913043479
2025-02-02,,,,,,,,,1700.0,,,,,,,,,,,,,,,,,,,,,,,,,,,,,,2,33,,,656.2882641905765,0.7
2025-02-03,Gujarat,ahmedabad,Ahmedabad(Chimanbhai Patal Market Vasana),Potato,Chips,FAQ,2200.0,2500.0,2400.0,22.04,0.0,14.06,31.82,30.43,1.67,15.48,0.0,18.84,1100.0,0.0,19.76,2300.0,0.0,23.2,1100.0,0.0,19.23,2500.0,0.0,0.0,1378.571428571429,19.56,0.0,0.0,1406.6666666666667,20.978,1.0,0.0,2,34,6.0,0.0,719.0436770626691,0.41176470588235303
2025-02-04,Gujarat,ahmedabad,Ahmedabad(Chimanbhai Patal Market Vasana),Potato,Desi,FAQ,700.0,1200.0,1050.0,21.2,0.0,14.82,30.17,30.91,2.08,16.89,0.0,22.04,1100.0,0.0,18.84,1000.0,0.0,21.34,950.0,0.0,20.21,1100.0,0.0,0.0,1357.142857142857,20.548571428571428,0.0,0.0,1376.6666666666667,21.19833333333333,1.0,0.0,2,35,6.0,0.0,665.653992773447,-0.5625
2025-02-05,Gujarat,ahmedabad,Ahmedabad(Chimanbhai Patal Market Vasana),Potato,Chips,FAQ,2200.0,2500.0,2400.0,19.2,0.0,10.59,29.41,27.42,2.17,19.54,0.0,21.2,1100.0,0.0,18.84,1100.0,0.0,21.34,2350.0,0.0,20.21,1300.0,0.0,0.0,1614.2857142857142,21.274285714285718,0.0,0.0,1423.3333333333333,21.230666666666664,1.0,0.0,2,36,6.0,0.0,684.7835945965455,1.2857142857142856
2025-02-06,Gujarat,ahmedabad,Ahmedabad(Chimanbhai Patal Market Vasana),Potato,Desi,FAQ,600.0,1100.0,1000.0,19.51,0.0,9.97,30.96,26.13,2.74,20.6,0.0,19.2,1100.0,0.0,22.04,850.0,0.0,19.76,1050.0,0.0,21.18,1000.0,0.0,0.0,1450.0,20.50714285714286,0.0,0.0,1421.6666666666667,21.109,1.0,0.0,2,37,6.0,0.0,676.0353611489595,-0.5833333333333333
2025-02-07,Gujarat,ahmedabad,Ahmedabad(Chimanbhai Patal Market Vasana),Potato,Desi,FAQ,700.0,1200.0,1050.0,21.26,0.0,12.45,31.68,29.82,2.57,19.58,0.0,21.26,2850.0,0.0,19.2,2400.0,0.0,18.84,1100.0,0.0,22.62,1100.0,0.0,0.0,1900.0,19.965714285714288,0.0,0.0,1535.0,20.80333333333333,1.0,0.0,2,38,6.0,0.0,653.6527401930623,0.050000000000000044
2025-02-08,Gujarat,ahmedabad,Ahmedabad(Chimanbhai Patal Market Vasana),Potato,Desi,FAQ,700.0,1200.0,1050.0,23.14,0.0,13.3,33.5,27.61,1.65,18.9,0.0,23.14,2850.0,0.0,19.51,2350.0,0.0,21.2,1050.0,0.0,23.2,2650.0,0.0,0.0,2164.285714285714,21.54714285714286,0.0,0.0,1628.3333333333333,20.68933333333333,1.0,0.0,2,39,6.0,0.0,647.3388749701452,0.0
2025-02-09,,,,,,,,,1050.0,,,,,,,,,,,,,,,,,,,,,,,,,,,,,,2,40,,,663.8631528517604,0.0
2025-02-10,Gujarat,ahmedabad,Ahmedabad(Chimanbhai Patal Market Vasana),Potato,Desi,FAQ,750.0,1200.0,1050.0,22.58,0.0,14.61,33.31,22.69,1.44,20.49,0.0,22.58,2450.0,0.0,21.26,2350.0,0.0,19.51,1000.0,0.0,21.34,2350.0,0.0,0.0,2157.1428571428573,22.9,0.0,0.0,1795.0,20.87133333333333,1.0,0.0,2,41,7.0,0.0,513.7397896100371,0.0
2025-02-11,Gujarat,ahmedabad,Ahmedabad(Chimanbhai Patal Market Vasana),Potato,Chips,FAQ,1800.0,2500.0,2300.0,21.89,0.0,11.72,32.29,34.07,1.78,20.51,0.0,22.58,2300.0,0.0,23.14,1050.0,0.0,19.51,2350.0,0.0,19.76,1050.0,0.0,0.0,2257.1428571428573,22.641428571428573,0.0,0.0,1836.6666666666667,21.03633333333333,1.0,0.0,2,42,7.0,0.0,640.1264755982983,1.1904761904761907
2025-02-12,Gujarat,ahmedabad,Ahmedabad(Chimanbhai Patal Market Vasana),Potato,Chips,FAQ,1800.0,2500.0,2150.0,22.71,0.0,13.72,33.5,38.16,1.71,20.57,0.0,21.89,2450.0,0.0,22.58,2450.0,0.0,21.26,2250.0,0.0,18.84,2350.0,0.0,0.0,2078.5714285714284,22.204285714285717,0.0,0.0,1963.3333333333333,21.439666666666668,1.0,0.0,2,43,7.0,0.0,580.1272438419119,-0.06521739130434778
2025-02-13,,,,,,,,,2175.0,,,,,,,,,,,,,,,,,,,,,,,,,,,,,,2,44,,,620.8912564861473,0.011627906976744207
2025-02-14,Gujarat,ahmedabad,Ahmedabad(Chimanbhai Patal Market Vasana),Potato,Chips,FAQ,1800.0,2300.0,2200.0,24.49,0.0,15.57,34.6,23.79,1.34,20.04,0.0,22.71,1000.0,0.0,21.89,1050.0,0.0,23.14,2250.0,0.0,22.04,1100.0,0.0,0.0,2064.285714285714,22.73,0.0,0.0,2001.6666666666667,21.695,1.0,0.0,2,45,7.0,0.0,619.787790103919,0.011494252873563315
2025-02-15,Gujarat,ahmedabad,Ahmedabad(Chimanbhai Patal Market Vasana),Potato,Chips,FAQ,1700.0,2400.0,2250.0,24.53,0.0,15.05,35.5,36.34,2.39,20.76,0.0,24.53,3250.0,0.0,22.71,1000.0,0.0,21.89,2300.0,0.0,19.51,1000.0,0.0,0.0,2657.1428571428573,24.50714285714286,0.0,0.0,2246.6666666666665,22.546666666666667,1.0,0.0,2,46,7.0,0.0,570.5834524330961,0.022727272727272707
2025-02-16,,,,,,,,,1650.0,,,,,,,,,,,,,,,,,,,,,,,,,,,,,,2,47,,,458.87413981447185,-0.2666666666666667
2025-02-17,Gujarat,ahmedabad,Ahmedabad(Chimanbhai Patal Market Vasana),Potato,Desi,FAQ,600.0,1200.0,1050.0,25.75,0.0,16.9,35.46,44.84,1.74,20.19,0.0,25.75,3300.0,0.0,24.49,3350.0,0.0,22.71,2150.0,0.0,21.26,2850.0,0.0,0.0,2514.285714285714,25.052857142857142,0.0,0.0,2186.6666666666665,23.27966666666667,1.0,0.0,2,48,8.0,0.0,458.87413981447185,-0.36363636363636365
2025-02-18,Gujarat,ahmedabad,Ahmedabad(Chimanbhai Patal Market Vasana),Potato,Chips,FAQ,1500.0,2300.0,2150.0,26.46,0.0,18.98,36.24,38.03,2.25,19.7,0.0,25.75,1900.0,0.0,24.53,3250.0,0.0,22.71,1200.0,0.0,21.26,2250.0,0.0,0.0,2092.8571428571427,25.502857142857145,0.0,0.0,2211.6666666666665,23.602666666666664,1.0,0.0,2,49,8.0,0.0,444.0412357513818,1.0476190476190474
2025-02-19,Gujarat,ahmedabad,Ahmedabad(Chimanbhai Patal Market Vasana),Potato,Desi,FAQ,700.0,1200.0,1100.0,25.49,0.0,17.88,34.48,32.42,1.91,19.41,0.0,26.46,3450.0,0.0,25.75,3300.0,0.0,24.49,2750.0,0.0,23.14,2250.0,0.0,0.0,1992.857142857143,26.118571428571425,0.0,0.0,2223.333333333333,24.075666666666667,1.0,0.0,2,50,8.0,0.0,532.3745101407596,-0.4883720930232558
2025-02-20,Gujarat,ahmedabad,Ahmedabad(Chimanbhai Patal Market Vasana),Potato,Chips,FAQ,1500.0,2300.0,2100.0,26.03,0.0,17.49,35.06,38.64,2.32,20.93,0.0,26.03,3450.0,0.0,26.46,3450.0,0.0,25.75,2950.0,0.0,21.89,2300.0,0.0,0.0,2507.1428571428573,25.721428571428568,0.0,0.0,2320.0,24.716,1.0,0.0,2,51,8.0,0.0,524.1773600241615,0.9090909090909092
2025-02-21,Gujarat,ahmedabad,Ahmedabad(Chimanbhai Patal Market Vasana),Potato,Chips,FAQ,1500.0,2000.0,1850.0,26.01,0.0,17.93,35.44,30.33,1.63,20.07,0.0,26.01,2750.0,0.0,25.49,2750.0,0.0,26.46,2150.0,0.0,22.71,2150.0,0.0,0.0,2492.8571428571427,26.02142857142857,0.0,0.0,2335.0,25.238666666666667,1.0,0.0,2,52,8.0,0.0,493.8912546589239,-0.11904761904761907
2025-02-22,Gujarat,ahmedabad,Ahmedabad(Chimanbhai Patal Market Vasana),Potato,Desi,FAQ,600.0,1000.0,850.0,25.74,0.0,17.47,35.75,24.68,1.92,21.34,0.0,25.74,2800.0,0.0,26.03,2100.0,0.0,26.46,3450.0,0.0,22.71,1000.0,0.0,0.0,1992.857142857143,25.935714285714287,0.0,0.0,2341.6666666666665,25.550666666666665,1.0,0.0,2,53,8.0,0.0,532.849482901659,-0.5405405405405406
2025-02-23,,,,,,,,,1350.0,,,,,,,,,,,,,,,,,,,,,,,,,,,,,,2,54,,,534.1883028082294,0.588235294117647
2025-02-24,Gujarat,ahmedabad,Ahmedabad(Chimanbhai Patal Market Vasana),Potato,Chips,FAQ,1500.0,2000.0,1850.0,26.96,0.0,18.07,35.46,23.68,1.62,20.74,0.0,26.96,2300.0,0.0,26.01,1850.0,0.0,25.49,2750.0,0.0,24.49,3350.0,0.0,0.0,1828.571428571429,26.12714285714286,0.0,0.0,2303.333333333333,25.798666666666666,1.0,0.0,2,55,9.0,0.0,508.6162366563521,0.37037037037037046
2025-02-25,Gujarat,ahmedabad,Ahmedabad(Chimanbhai Patal Market Vasana),Potato,Desi,FAQ,700.0,1200.0,1050.0,27.68,0.0,18.55,36.39,23.66,1.79,18.87,0.0,27.68,2950.0,0.0,25.74,1750.0,0.0,26.01,3750.0,0.0,25.75,2950.0,0.0,0.0,1864.2857142857144,27.165714285714284,0.0,0.0,2158.333333333333,26.211,1.0,0.0,2,56,9.0,0.0,482.1825380496412,-0.43243243243243246
2025-02-26,,,,,,,,,1475.0,,,,,,,,,,,,,,,,,,,,,,,,,,,,,,2,57,,,456.98937155505,0.40476190476190466
2025-02-27,Gujarat,ahmedabad,Ahmedabad(Chimanbhai Patal Market Vasana),Potato,Chips,FAQ,1600.0,2000.0,1900.0,28.56,0.0,19.3,37.91,25.6,1.69,17.77,0.0,27.68,1700.0,0.0,26.96,3100.0,0.0,26.01,950.0,0.0,25.75,1900.0,0.0,0.0,1671.428571428571,27.6,0.0,0.0,2146.6666666666665,26.433333333333334,1.0,0.0,2,58,9.0,0.0,418.08093315369024,0.2881355932203389
2025-02-28,Gujarat,ahmedabad,Ahmedabad(Chimanbhai Patal Market Vasana),Potato,Desi,FAQ,650.0,1200.0,1050.0,27.19,0.0,19.56,36.15,31.76,2.31,19.35,0.0,27.19,2950.0,0.0,27.68,1700.0,0.0,26.96,1850.0,0.0,25.49,2050.0,0.0,0.0,2128.5714285714284,27.972857142857144,0.0,0.0,2145.0,26.781,1.0,0.0,2,59,9.0,0.0,407.70116273470626,-0.4473684210526315
2025-03-01,Gujarat,ahmedabad,Ahmedabad(Chimanbhai Patal Market Vasana),Potato,Chips,FAQ,1500.0,2000.0,1850.0,26.66,0.0,19.46,35.59,38.42,2.37,21.19,0.0,26.66,3050.0,0.0,28.56,3050.0,0.0,27.68,2950.0,0.0,26.03,3450.0,0.0,0.0,2221.428571428572,26.962857142857143,0.0,0.0,2035.0,26.918666666666663,1.0,0.0,3,60,9.0,0.0,372.61144066477556,0.7619047619047619
2025-03-02,,,,,,,,,1475.0,,,,,,,,,,,,,,,,,,,,,,,,,,,,,,3,61,,,366.9776819475715,-0.20270270270270274
2025-03-03,Gujarat,ahmedabad,Ahmedabad(Chimanbhai Patal Market Vasana),Potato,Desi,FAQ,700.0,1200.0,1100.0,27.08,0.0,19.55,36.25,33.56,2.57,20.26,0.0,26.66,1050.0,0.0,27.19,2950.0,0.0,27.68,2300.0,0.0,26.03,1000.0,0.0,0.0,1742.857142857143,26.87142857142857,0.0,0.0,2003.3333333333333,26.974666666666668,1.0,0.0,3,62,10.0,0.0,364.53656162571446,-0.2542372881355932
2025-03-04,Gujarat,ahmedabad,Ahmedabad(Chimanbhai Patal Market Vasana),Potato,Desi,FAQ,600.0,1200.0,1050.0,25.53,0.0,18.13,34.39,22.33,3.48,21.76,0.0,25.53,2350.0,0.0,26.66,1050.0,0.0,27.19,2550.0,0.0,25.74,850.0,0.0,0.0,2064.285714285714,26.415714285714284,0.0,0.0,2016.6666666666667,27.05166666666667,1.0,0.0,3,63,10.0,0.0,364.53656162571446,-0.045454545454545414
2025-03-05,Gujarat,ahmedabad,Ahmedabad(Chimanbhai Patal Market Vasana),Potato,Desi,FAQ,500.0,1100.0,950.0,22.87,0.0,12.88,35.02,9.3,2.8,23.19,0.0,22.87,2250.0,0.0,27.08,1700.0,0.0,26.66,2250.0,0.0,26.96,1850.0,0.0,0.0,2021.4285714285716,24.390000000000004,0.0,0.0,2001.6666666666667,26.676333333333336,1.0,0.0,3,64,10.0,0.0,402.04092423769254,-0.09523809523809523
2025-03-06,Gujarat,ahmedabad,Ahmedabad(Chimanbhai Patal Market Vasana),Potato,Chips,FAQ,1500.0,2000.0,1850.0,25.04,0.0,13.98,36.98,11.39,1.89,23.02,0.0,25.04,3050.0,0.0,25.53,1700.0,0.0,27.08,1100.0,0.0,27.68,2950.0,0.0,0.0,1992.857142857143,23.49,0.0,0.0,2003.3333333333333,26.251666666666665,1.0,0.0,3,65,10.0,0.0,390.70296840925425,0.9473684210526316
2025-03-07,Gujarat,ahmedabad,Ahmedabad(Chimanbhai Patal Market Vasana),Potato,Chips,FAQ,1500.0,2000.0,1750.0,27.52,0.0,18.32,38.36,16.4,1.4,22.86,0.0,27.52,2000.0,0.0,22.87,1650.0,0.0,25.53,3000.0,0.0,28.56,1900.0,0.0,0.0,1900.0,25.43857142857143,0.0,0.0,2006.6666666666667,26.035666666666664,1.0,0.0,3,66,10.0,0.0,395.99933862377816,-0.05405405405405406
2025-03-08,Gujarat,ahmedabad,Ahmedabad(Chimanbhai Patal Market Vasana),Potato,Chips,FAQ,1500.0,1700.0,1650.0,28.94,0.0,18.59,39.54,23.66,1.54,23.55,0.0,28.94,2550.0,0.0,25.04,1050.0,0.0,22.87,2250.0,0.0,27.19,2950.0,0.0,0.0,1950.0,28.12857142857143,0.0,0.0,1938.3333333333333,26.095666666666663,1.0,0.0,3,67,10.0,0.0,366.9776819475709,-0.05714285714285716
2025-03-09,,,,,,,,,1350.0,,,,,,,,,,,,,,,,,,,,,,,,,,,,,,3,68,,,365.9625273556909,-0.18181818181818177
2025-03-10,Gujarat,ahmedabad,Ahmedabad(Chimanbhai Patal Market Vasana),Potato,Desi,FAQ,600.0,1200.0,1050.0,32.27,0.0,21.76,41.57,16.72,1.38,21.5,0.0,28.94,1050.0,0.0,27.52,1750.0,0.0,22.87,1650.0,0.0,27.19,1850.0,0.0,0.0,1714.2857142857142,29.01,0.0,0.0,1911.6666666666667,26.32333333333333,1.0,0.0,3,69,11.0,0.0,372.8908942943129,-0.2222222222222222
2025-03-11,Gujarat,ahmedabad,Ahmedabad(Chimanbhai Patal Market Vasana),Potato,Chips,FAQ,1400.0,2000.0,1850.0,31.44,0.0,21.68,41.39,18.49,1.72,22.41,0.0,32.27,1850.0,0.0,28.94,2550.0,0.0,25.04,2250.0,0.0,26.66,1050.0,0.0,0.0,1671.428571428571,31.200000000000006,0.0,0.0,1903.3333333333333,27.04366666666667,1.0,0.0,3,70,11.0,0.0,377.9644730092189,0.7619047619047619
2025-03-12,Gujarat,ahmedabad,Ahmedabad(Chimanbhai Patal Market Vasana),Potato,Chips,FAQ,1500.0,1600.0,1550.0,30.94,0.0,21.88,41.59,16.63,2.22,22.92,0.0,31.44,1050.0,0.0,32.27,1650.0,0.0,27.52,900.0,0.0,27.08,1700.0,0.0,0.0,1907.142857142857,31.60571428571429,0.0,0.0,1870.0,27.60833333333333,1.0,0.0,3,71,11.0,0.0,292.7700218845497,-0.16216216216216217
2025-03-13,Gujarat,ahmedabad,Ahmedabad(Chimanbhai Patal Market Vasana),Potato,Chips,FAQ,1500.0,1600.0,1550.0,30.27,0.0,19.89,40.82,20.81,3.06,23.27,0.0,30.94,2300.0,0.0,31.44,2400.0,0.0,28.94,1650.0,0.0,25.53,1700.0,0.0,0.0,1592.857142857143,30.987142857142857,0.0,0.0,1816.6666666666667,28.307333333333336,1.0,0.0,3,72,11.0,0.0,267.26124191241286,0.0
2025-03-14,,,,,,,,,1225.0,,,,,,,,,,,,,,,,,,,,,,,,,,,,,,3,73,,,270.7463230194733,-0.20967741935483875
2025-03-15,Gujarat,ahmedabad,Ahmedabad(Chimanbhai Patal Market Vasana),Potato,Desi,FAQ,400.0,1000.0,900.0,29.89,0.0,20.66,39.79,32.09,2.26,22.48,0.0,29.89,2100.0,0.0,30.94,2300.0,0.0,31.44,1850.0,0.0,25.04,3050.0,0.0,0.0,1542.857142857143,30.107142857142858,0.0,0.0,1721.6666666666667,29.677000000000003,1.0,0.0,3,74,11.0,0.0,326.0970495332316,-0.26530612244897955
2025-03-16,,,,,,,,,1225.0,,,,,,,,,,,,,,,,,,,,,,,,,,,,,,3,75,,,329.72752098548165,0.36111111111111116
2025-03-17,Gujarat,ahmedabad,Ahmedabad(Chimanbhai Patal Market Vasana),Potato,Chips,FAQ,1500.0,1600.0,1550.0,28.5,0.0,19.45,37.71,20.99,1.82,24.57,0.0,29.89,950.0,0.0,30.27,950.0,0.0,31.44,1050.0,0.0,25.04,1050.0,0.0,0.0,1535.7142857142858,29.74571428571429,0.0,0.0,1685.0,30.115666666666662,1.0,0.0,3,76,12.0,0.0,311.1518539081353,0.26530612244897966
2025-03-18,Gujarat,ahmedabad,Ahmedabad(Chimanbhai Patal Market Vasana),Potato,Chips,FAQ,1300.0,1700.0,1600.0,29.48,0.0,20.48,38.87,16.5,1.52,23.6,0.0,28.5,2100.0,0.0,29.89,900.0,0.0,30.94,2300.0,0.0,27.52,2500.0,0.0,0.0,1464.2857142857142,29.037142857142857,0.0,0.0,1653.3333333333333,30.279,1.0,0.0,3,77,12.0,0.0,262.37241797543993,0.032258064516129004
2025-03-19,Gujarat,ahmedabad,Ahmedabad(Chimanbhai Patal Market Vasana),Potato,Desi,FAQ,400.0,1000.0,850.0,28.46,0.0,19.09,38.65,15.55,1.86,23.45,0.0,28.46,1950.0,0.0,28.5,2100.0,0.0,29.89,2100.0,0.0,32.27,1650.0,0.0,0.0,1507.142857142857,29.042857142857144,0.0,0.0,1610.0,30.063,1.0,0.0,3,78,12.0,0.0,311.72523004661,-0.46875
2025-03-20,Gujarat,ahmedabad,Ahmedabad(Chimanbhai Patal Market Vasana),Potato,Chips,FAQ,1400.0,1700.0,1650.0,27.66,0.0,18.57,37.34,25.2,1.99,24.59,0.0,28.46,1600.0,0.0,29.48,950.0,0.0,29.89,1550.0,0.0,32.27,1850.0,0.0,0.0,1607.142857142857,28.63714285714286,0.0,0.0,1570.0,29.782333333333334,1.0,0.0,3,79,12.0,0.0,328.46142050764155,0.9411764705882353
2025-03-21,,,,,,,,,1675.0,,,,,,,,,,,,,,,,,,,,,,,,,,,,,,3,80,,,357.36302737318323,0.015151515151515138
2025-03-22,Gujarat,ahmedabad,Ahmedabad(Chimanbhai Patal Market Vasana),Potato,Chips,FAQ,1500.0,1800.0,1700.0,29.96,0.0,20.82,39.43,19.86,1.22,23.78,0.0,29.96,2000.0,0.0,28.46,1600.0,0.0,29.48,1600.0,0.0,30.94,1800.0,0.0,0.0,1642.857142857143,28.645714285714288,0.0,0.0,1541.6666666666667,29.289666666666665,1.0,0.0,3,81,12.0,0.0,314.86013523769293,0.014925373134328401
2025-03-23,,,,,,,,,1775.0,,,,,,,,,,,,,,,,,,,,,,,,,,,,,,3,82,,,313.8186464458998,0.044117647058823595
2025-03-24,Gujarat,ahmedabad,Ahmedabad(Chimanbhai Patal Market Vasana),Potato,Chips,FAQ,1400.0,2000.0,1850.0,31.73,0.0,21.64,41.36,15.53,1.19,24.74,0.0,31.73,1450.0,0.0,27.66,1950.0,0.0,28.46,1600.0,0.0,30.27,1600.0,0.0,0.0,1478.571428571429,30.465714285714284,0.0,0.0,1498.3333333333333,29.321666666666665,1.0,0.0,3,83,13.0,0.0,334.7440386751725,0.04225352112676051
2025-03-25,Gujarat,ahmedabad,Ahmedabad(Chimanbhai Patal Market Vasana),Potato,Chips,FAQ,1400.0,2000.0,1850.0,31.76,0.0,22.59,41.41,16.37,1.39,23.82,0.0,31.76,1500.0,0.0,29.96,850.0,0.0,27.66,1650.0,0.0,29.89,2100.0,0.0,0.0,1478.571428571429,31.485714285714288,0.0,0.0,1480.0,29.543666666666663,1.0,0.0,3,84,13.0,0.0,349.5320000337782,0.0
2025-03-26,Gujarat,ahmedabad,Ahmedabad(Chimanbhai Patal Market Vasana),Potato,Chips,FAQ,1500.0,1800.0,1700.0,30.46,0.0,22.04,40.01,26.53,2.54,23.14,0.0,31.76,850.0,0.0,31.73,1850.0,0.0,27.66,1950.0,0.0,29.89,950.0,0.0,0.0,1521.428571428571,31.56571428571429,0.0,0.0,1515.0,29.68733333333333,1.0,0.0,3,85,13.0,0.0,82.55589736942305,-0.08108108108108103
2025-03-27,Gujarat,ahmedabad,Ahmedabad(Chimanbhai Patal Market Vasana),Potato,Desi,FAQ,400.0,1000.0,850.0,29.28,0.0,21.55,38.12,32.79,2.82,24.57,0.0,29.28,1850.0,0.0,31.76,1900.0,0.0,29.96,850.0,0.0,29.48,1600.0,0.0,0.0,1364.2857142857142,30.308571428571437,0.0,0.0,1490.0,29.90266666666667,1.0,0.0,3,86,13.0,0.0,350.72204433275425,-0.5
2025-03-28,Gujarat,ahmedabad,Ahmedabad(Chimanbhai Patal Market Vasana),Potato,Chips,FAQ,1000.0,1600.0,1450.0,29.43,0.0,20.45,38.85,6.52,2.99,26.35,0.0,29.28,1600.0,0.0,30.46,900.0,0.0,31.73,2000.0,0.0,29.48,2000.0,0.0,0.0,1535.7142857142858,29.638571428571428,0.0,0.0,1493.3333333333333,29.88766666666667,1.0,0.0,3,87,13.0,0.0,356.0280219041,0.7058823529411764
2025-03-29,Gujarat,ahmedabad,Ahmedabad(Chimanbhai Patal Market Vasana),Potato,Chips,FAQ,1400.0,1700.0,1650.0,29.34,0.0,20.32,40.0,5.48,2.25,25.89,0.0,29.34,1800.0,0.0,29.28,1600.0,0.0,30.46,1700.0,0.0,27.66,850.0,0.0,0.0,1500.0,29.39142857142857,0.0,0.0,1511.6666666666667,30.126,1.0,0.0,3,88,13.0,0.0,354.10013380666584,0.13793103448275867
2025-03-30,,,,,,,,,1600.0,,,,,,,,,,,,,,,,,,,,,,,,,,,,,,3,89,,,344.860220130657,-0.030303030303030276
2025-03-31,Gujarat,ahmedabad,Ahmedabad(Chimanbhai Patal Market Vasana),Potato,Chips,FAQ,1500.0,1600.0,1550.0,31.24,0.0,20.78,42.31,7.21,2.06,24.51,0.0,29.34,1000.0,0.0,29.43,1850.0,0.0,30.46,1500.0,0.0,27.66,1950.0,0.0,0.0,1392.857142857143,29.63714285714286,0.0,0.0,1475.0,30.301333333333336,1.0,0.0,3,90,14.0,0.0,321.2698020578332,-0.03125
2025-04-01,Gujarat,ahmedabad,Ahmedabad(Chimanbhai Patal Market Vasana),Potato,Chips,FAQ,1500.0,1600.0,1550.0,32.16,0.0,23.9,42.33,6.78,2.14,25.17,0.0,31.24,1000.0,0.0,29.34,1800.0,0.0,29.28,1600.0,0.0,29.96,850.0,0.0,0.0,1400.0,30.82857142857143,0.0,0.0,1455.0,30.502666666666663,1.0,0.0,4,91,14.0,2.0,288.46886437582674,0.0
2025-04-02,Gujarat,ahmedabad,Ahmedabad(Chimanbhai Patal Market Vasana),Potato,Desi,FAQ,600.0,1300.0,1150.0,31.61,0.0,21.39,42.46,9.15,1.79,23.7,0.0,31.61,1600.0,0.0,31.24,1600.0,0.0,29.43,900.0,0.0,31.73,850.0,0.0,0.0,1364.2857142857142,31.871428571428567,0.0,0.0,1455.0,30.596666666666668,1.0,0.0,4,92,14.0,2.0,292.97326385410395,-0.25806451612903225
2025-04-03,Gujarat,ahmedabad,Ahmedabad(Chimanbhai Patal Market Vasana),Potato,Desi,FAQ,750.0,1250.0,1100.0,32.23,0.0,24.41,42.08,12.86,1.69,24.48,0.0,31.61,1700.0,0.0,32.16,1050.0,0.0,29.34,1650.0,0.0,31.76,1900.0,0.0,0.0,1457.142857142857,31.85571428571428,0.0,0.0,1421.6666666666667,30.60233333333333,1.0,0.0,4,93,14.0,2.0,221.19803667429926,-0.04347826086956519
2025-04-04,Gujarat,ahmedabad,Ahmedabad(Chimanbhai Patal Market Vasana),Potato,Chips,FAQ,1500.0,1900.0,1700.0,31.83,0.0,21.34,42.2,17.98,1.43,25.37,0.0,31.83,1400.0,0.0,31.61,1450.0,0.0,31.24,1000.0,0.0,30.46,1900.0,0.0,0.0,1542.857142857143,32.027142857142856,0.0,0.0,1460.0,30.82733333333333,1.0,0.0,4,94,14.0,2.0,242.99715851756872,0.5454545454545454
2025-04-05,Gujarat,ahmedabad,Ahmedabad(Chimanbhai Patal Market Vasana),Potato,Jalander,FAQ,800.0,900.0,850.0,32.47,0.0,22.03,43.09,17.34,2.09,25.86,0.0,31.83,1250.0,0.0,32.23,1950.0,0.0,32.16,1450.0,0.0,29.28,1600.0,0.0,0.0,1307.142857142857,32.035714285714285,0.0,0.0,1420.0,31.103666666666665,1.0,0.0,4,95,14.0,2.0,320.7134902948982,-0.5
2025-04-06,,,,,,,,,850.0,,,,,,,,,,,,,,,,,,,,,,,,,,,,,,4,96,,,349.9999999999892,0.0
2025-04-07,Gujarat,ahmedabad,Ahmedabad(Chimanbhai Patal Market Vasana),Potato,Jalander,FAQ,800.0,900.0,850.0,33.94,0.0,23.63,44.8,18.25,3.37,25.11,0.0,33.94,1300.0,0.0,31.83,1250.0,0.0,32.23,1100.0,0.0,29.34,1450.0,0.0,0.0,1189.2857142857142,32.89,0.0,0.0,1380.8333333333333,31.81766666666666,1.0,0.0,4,97,15.0,2.0,349.9999999999886,0.0
2025-04-08,Gujarat,ahmedabad,Ahmedabad(Chimanbhai Patal Market Vasana),Potato,Jalander,FAQ,700.0,900.0,850.0,34.33,0.0,24.18,44.95,17.49,2.98,24.97,0.0,34.33,1400.0,0.0,32.47,1250.0,0.0,31.83,1700.0,0.0,31.24,1450.0,0.0,0.0,1278.571428571429,34.051428571428566,0.0,0.0,1359.1666666666667,32.483666666666664,1.0,0.0,4,98,15.0,2.0,314.9073937948397,0.0
2025-04-09,Gujarat,ahmedabad,Ahmedabad(Chimanbhai Patal Market Vasana),Potato,Desi,FAQ,700.0,1200.0,1050.0,35.26,0.0,25.69,45.05,13.54,3.88,25.47,0.0,34.33,1300.0,0.0,33.94,2150.0,0.0,32.47,1750.0,0.0,32.16,1050.0,0.0,0.0,1242.857142857143,34.40714285714285,0.0,0.0,1367.5,32.86533333333333,1.0,0.0,4,99,15.0,2.0,311.8684093682723,0.23529411764705888
2025-04-10,,,,,,,,,1475.0,,,,,,,,,,,,,,,,,,,,,,,,,,,,,,4,100,,,354.10013380666277,0.40476190476190466
2025-04-11,Gujarat,ahmedabad,Ahmedabad(Chimanbhai Patal Market Vasana),Potato,Chips,FAQ,1600.0,2000.0,1900.0,32.35,0.0,22.06,42.1,28.03,3.26,24.02,0.0,32.35,1400.0,0.0,34.33,1300.0,0.0,33.94,1400.0,0.0,31.61,1700.0,0.0,0.0,1389.2857142857142,34.42857142857143,0.0,0.0,1353.3333333333333,33.364666666666665,1.0,0.0,4,101,15.0,2.0,414.5063041625157,0.2881355932203389
2025-04-12,Gujarat,ahmedabad,Ahmedabad(Chimanbhai Patal Market Vasana),Potato,Chips,FAQ,1800.0,2200.0,2100.0,32.37,0.2,23.28,42.4,34.99,2.7,24.72,0.0,32.35,1050.0,0.0,35.26,1900.0,0.0,34.33,1400.0,0.0,32.23,1600.0,0.0285714285714284,0.1999999999999991,1478.571428571429,33.184285714285714,0.0066666666666666,0.2,1345.0,33.37733333333333,1.0,0.0,4,102,15.0,2.0,532.3745101407575,0.10526315789473695
2025-04-13,,,,,,,,,1633.3333333333333,,,,,,,,,,,,,,,,,,,,,,,,,,,,,,4,103,,,504.49369558883654,-0.2222222222222222
2025-04-14,,,,,,,,,1166.6666666666665,,,,,,,,,,,,,,,,,,,,,,,,,,,,,,4,104,,,458.15292264602385,-0.2857142857142858
2025-04-15,Gujarat,ahmedabad,Ahmedabad(Chimanbhai Patal Market Vasana),Potato,Jalander,FAQ,600.0,800.0,700.0,33.68,0.0,23.87,43.87,38.46,3.05,25.07,0.0,33.68,1000.0,0.2,32.37,2100.0,0.0,35.26,1900.0,0.0,32.47,1750.0,0.1142857142857141,0.7999999999999992,1057.142857142857,32.93142857142857,0.0333333333333333,1.0,1281.6666666666667,33.57833333333333,1.0,0.0,4,105,16.0,2.0,493.2514142624941,-0.3999999999999999
2025-04-16,Gujarat,ahmedabad,Ahmedabad(Chimanbhai Patal Market Vasana),Potato,Desi,FAQ,700.0,1250.0,1100.0,34.62,0.0,25.77,44.74,37.53,3.12,25.64,0.0,34.62,1050.0,0.2,32.37,800.0,0.0,32.35,1900.0,0.0,33.94,1300.0,0.0,0.0,1128.571428571429,33.94857142857143,0.0333333333333333,1.0,1284.1666666666667,33.75333333333333,1.0,0.0,4,106,16.0,2.0,487.1191362593404,0.5714285714285714
2025-04-17,Gujarat,ahmedabad,Ahmedabad(Chimanbhai Patal Market Vasana),Potato,Chips,FAQ,1800.0,2000.0,1900.0,34.34,0.0,24.68,44.83,36.08,2.85,26.16,0.0,34.34,850.0,0.0,33.68,1000.0,0.2,32.37,1450.0,0.0,34.33,1400.0,0.0,0.0,1321.428571428571,34.5,0.0333333333333333,1.0,1294.1666666666667,33.82566666666666,1.0,0.0,4,107,16.0,2.0,517.830231010262,0.7272727272727273
2025-04-18,,,,,,,,,1287.5,,,,,,,,,,,,,,,,,,,,,,,,,,,,,,4,108,,,489.97472534965954,-0.3223684210526315
2025-04-19,Gujarat,ahmedabad,Ahmedabad(Chimanbhai Patal Market Vasana),Potato,Desi,FAQ,600.0,750.0,675.0,33.28,0.0,23.66,42.84,28.1,3.77,27.92,0.0,34.34,900.0,0.0,34.62,1100.0,0.2,32.37,800.0,0.0,34.33,2050.0,0.0,0.0,1239.2857142857142,34.268571428571434,0.0333333333333333,1.0,1250.0,33.791,1.0,0.0,4,109,16.0,2.0,451.2228021673543,-0.47572815533980584
2025-04-20,,,,,,,,,1287.5,,,,,,,,,,,,,,,,,,,,,,,,,,,,,,4,110,,,414.443473657307,0.9074074074074074
2025-04-21,Gujarat,ahmedabad,Ahmedabad(Chimanbhai Patal Market Vasana),Potato,Chips,FAQ,1600.0,2000.0,1900.0,32.67,0.0,23.25,42.23,28.18,2.39,26.29,0.0,33.28,850.0,0.0,34.34,1900.0,0.0,33.68,1000.0,0.0,35.26,1900.0,0.0,0.0,1153.571428571429,33.34428571428571,0.0333333333333333,1.0,1262.5,33.50266666666667,1.0,0.0,4,111,17.0,2.0,500.33470939818255,0.47572815533980584
2025-04-22,Gujarat,ahmedabad,Ahmedabad(Chimanbhai Patal Market Vasana),Potato,Desi,FAQ,700.0,1200.0,950.0,32.94,0.0,22.26,43.64,18.18,2.11,26.92,0.0,32.67,900.0,0.0,33.28,1800.0,0.0,34.62,1350.0,0.0,32.35,1900.0,0.0,0.0,1178.571428571429,32.88285714285714,0.0333333333333333,1.0,1205.8333333333333,33.36033333333333,1.0,0.0,4,112,17.0,2.0,460.6946747394914,-0.5
2025-04-23,Gujarat,ahmedabad,Ahmedabad(Chimanbhai Patal Market Vasana),Potato,Chips,FAQ,1600.0,2000.0,1900.0,33.83,0.0,22.94,44.2,14.9,2.26,26.62,0.0,32.94,900.0,0.0,32.67,1350.0,0.0,34.34,900.0,0.2,32.37,1150.0,0.0,0.0,1242.857142857143,32.989999999999995,0.02,0.6000000000000001,1214.1666666666667,33.467333333333336,1.0,0.0,4,113,17.0,2.0,500.33470939818295,1.0
2025-04-24,Gujarat,ahmedabad,Ahmedabad(Chimanbhai Patal Market Vasana),Potato,Desi,FAQ,600.0,1250.0,1050.0,33.41,0.0,22.69,43.55,20.7,2.25,27.83,0.0,33.83,1050.0,0.0,32.94,1850.0,0.0,33.28,1250.0,0.0,33.68,1250.0,0.0,0.0,1192.857142857143,33.51571428571428,0.0,0.0,1209.1666666666667,33.60433333333334,1.0,0.0,4,114,17.0,2.0,464.68275148083774,-0.4473684210526315
2025-04-25,Gujarat,ahmedabad,Ahmedabad(Chimanbhai Patal Market Vasana),Potato,Desi,FAQ,600.0,1100.0,950.0,33.2,0.0,22.89,43.73,25.24,2.24,26.82,0.0,33.2,950.0,0.0,33.83,1050.0,0.0,32.94,950.0,0.0,34.62,1100.0,0.0,0.0,1164.2857142857142,33.32,0.0,0.0,1224.1666666666667,33.46666666666667,1.0,0.0,4,115,17.0,2.0,482.4987663443316,-0.09523809523809523
2025-04-26,Gujarat,ahmedabad,Ahmedabad(Chimanbhai Patal Market Vasana),Potato,Chips,FAQ,1700.0,2000.0,1900.0,33.36,0.0,22.75,43.83,32.68,2.22,26.37,0.0,33.2,1900.0,0.0,33.41,850.0,0.0,32.94,1150.0,0.0,34.62,1350.0,0.0,0.0,1435.7142857142858,33.28285714285714,0.0,0.0,1240.8333333333333,33.37733333333333,1.0,0.0,4,116,17.0,2.0,463.2233725289946,1.0
2025-04-27,,,,,,,,,1900.0,,,,,,,,,,,,,,,,,,,,,,,,,,,,,,4,117,,,491.111470228979,0.0
2025-04-28,Gujarat,ahmedabad,Ahmedabad(Chimanbhai Patal Market Vasana),Potato,Chips,FAQ,1500.0,2000.0,1900.0,35.75,0.0,26.02,45.48,23.37,3.32,25.66,0.0,35.75,850.0,0.0,33.2,1900.0,0.0,33.41,1050.0,0.0,33.28,700.0,0.0,0.0,1271.428571428571,34.38428571428572,0.0,0.0,1271.6666666666667,33.491,1.0,0.0,4,118,18.0,2.0,491.111470228979,0.0
2025-04-29,Gujarat,ahmedabad,Ahmedabad(Chimanbhai Patal Market Vasana),Potato,Chips,FAQ,1500.0,2000.0,1850.0,35.38,0.0,25.59,45.77,27.56,3.15,27.26,0.0,35.38,850.0,0.0,33.36,900.0,0.0,33.2,1250.0,0.0,32.67,1900.0,0.0,0.0,1264.2857142857142,35.59142857142857,0.0,0.0,1243.3333333333333,33.803666666666665,1.0,0.0,4,119,18.0,2.0,435.6166947694937,-0.02631578947368418
2025-04-30,Gujarat,ahmedabad,Ahmedabad(Chimanbhai Patal Market Vasana),Potato,Chips,FAQ,1500.0,2000.0,1850.0,35.54,0.0,25.76,45.53,28.17,3.22,26.08,0.0,35.38,1100.0,0.0,35.75,850.0,0.0,33.2,950.0,0.0,32.67,1050.0,0.0,0.0,1400.0,35.50857142857143,0.0,0.0,1261.6666666666667,33.989666666666665,1.0,0.0,4,120,18.0,2.0,430.9458036856597,0.0
2025-05-01,Gujarat,ahmedabad,Ahmedabad(Chimanbhai Patal Market Vasana),Potato,Chips,FAQ,1500.0,2000.0,1850.0,35.2,0.0,24.03,45.89,27.21,3.76,27.2,0.0,35.54,1200.0,0.0,35.38,850.0,0.0,33.36,1250.0,0.0,32.94,1150.0,0.0,0.0,1400.0,35.44571428571429,0.0,0.0,1266.6666666666667,34.334,1.0,0.0,5,121,18.0,2.0,350.50983275385664,0.0
2025-05-02,Gujarat,ahmedabad,Ahmedabad(Chimanbhai Patal Market Vasana),Potato,Desi,FAQ,800.0,1400.0,1250.0,35.41,0.0,24.74,45.98,23.97,2.63,27.4,0.0,35.41,900.0,0.0,35.54,1100.0,0.0,35.75,1050.0,0.0,33.83,1050.0,0.0,0.0,1221.428571428571,35.308571428571426,0.0,0.0,1245.0,34.606,1.0,0.0,5,122,18.0,2.0,237.54698783307109,-0.32432432432432434
2025-05-03,Gujarat,ahmedabad,Ahmedabad(Chimanbhai Patal Market Vasana),Potato,Chips,FAQ,1500.0,2000.0,1900.0,34.18,0.0,24.88,42.52,30.39,2.54,26.88,0.0,34.18,1300.0,0.0,35.41,900.0,0.0,35.54,850.0,0.0,33.2,950.0,0.0,0.0,1328.571428571429,34.88285714285714,0.0,0.0,1273.3333333333333,34.897,1.0,0.0,5,123,18.0,2.0,237.54698783307109,0.52
2025-05-04,,,,,,,,,1850.0,,,,,,,,,,,,,,,,,,,,,,,,,,,,,,5,124,,,234.2668401224257,-0.02631578947368418
2025-05-05,Gujarat,ahmedabad,Ahmedabad(Chimanbhai Patal Market Vasana),Potato,Chips,FAQ,1500.0,1900.0,1800.0,33.68,7.64,26.89,41.46,40.26,3.41,18.5,7.64,33.68,1200.0,0.0,34.18,900.0,0.0,35.2,1300.0,0.0,33.36,1250.0,3.274285714285714,22.92,1303.571428571429,33.965714285714284,0.7639999999999999,22.92,1239.1666666666667,34.99433333333333,0.0,0.0,5,125,19.0,2.0,228.60862792532242,-0.027027027027026973
2025-05-06,Gujarat,ahmedabad,Ahmedabad(Chimanbhai Patal Market Vasana),Potato,Desi,FAQ,1000.0,1300.0,1200.0,28.84,15.21,25.63,32.26,64.83,2.34,18.72,7.64,33.68,1200.0,0.0,34.18,1900.0,0.0,35.41,900.0,0.0,35.75,1150.0,6.538571428571428,45.77,1189.2857142857142,33.13142857142857,1.5256666666666665,45.77,1250.8333333333333,34.77466666666667,0.0,0.0,5,126,19.0,2.0,306.6718426064131,-0.33333333333333337
2025-05-07,Gujarat,ahmedabad,Ahmedabad(Chimanbhai Patal Market Vasana),Potato,Chips,FAQ,1500.0,2000.0,1900.0,27.31,29.42,25.08,30.06,76.8,2.01,16.5,29.42,27.31,900.0,7.64,33.68,1800.0,0.0,34.18,900.0,0.0,35.38,850.0,18.18857142857143,127.32,1321.428571428571,29.094285714285714,5.008,150.24,1284.1666666666667,33.54566666666666,0.0,1.0,5,127,19.0,2.0,312.0592129403424,0.5833333333333333
2025-05-08,Gujarat,ahmedabad,Ahmedabad(Chimanbhai Patal Market Vasana),Potato,Desi,FAQ,800.0,1300.0,1150.0,28.21,15.55,24.39,32.31,74.3,1.6,22.84,29.42,27.31,1200.0,15.21,28.84,1850.0,0.0,34.18,1200.0,0.0,35.54,1850.0,23.378571428571437,163.65000000000003,1235.7142857142858,27.875714285714285,7.487666666666667,224.63,1245.8333333333333,32.763333333333335,0.0,1.0,5,128,19.0,2.0,356.90468248671914,-0.39473684210526316
2025-05-09,Gujarat,ahmedabad,Ahmedabad(Chimanbhai Patal Market Vasana),Potato,Desi,FAQ,700.0,1300.0,1150.0,30.02,7.97,24.58,35.66,65.71,1.27,21.37,15.55,28.21,800.0,29.42,27.31,1300.0,7.64,33.68,1200.0,0.0,35.2,1150.0,16.44857142857143,115.14,1189.2857142857142,28.34,9.826666666666666,294.8,1240.0,31.624666666666663,0.0,1.0,5,129,19.0,2.0,373.84743514152683,0.0
2025-05-10,Gujarat,ahmedabad,Ahmedabad(Chimanbhai Patal Market Vasana),Potato,Chips,FAQ,1500.0,2000.0,1900.0,31.2,0.84,25.1,37.18,59.63,1.94,23.96,7.97,30.02,1350.0,15.55,28.21,1850.0,15.21,28.84,900.0,0.0,35.41,1250.0,9.117142857142856,63.82,1328.571428571429,29.67142857142857,10.651666666666667,319.55,1295.0,30.959333333333333,0.0,0.0,5,130,19.0,2.0,373.84743514152683,0.6521739130434783
2025-05-11,,,,,,,,,1900.0,,,,,,,,,,,,,,,,,,,,,,,,,,,,,,5,131,,,380.6323060132255,0.0
2025-05-12,Gujarat,ahmedabad,Ahmedabad(Chimanbhai Patal Market Vasana),Potato,Chips,FAQ,1500.0,2000.0,1900.0,32.54,0.11,26.88,38.62,54.45,2.44,23.62,0.84,31.2,1150.0,7.97,30.02,900.0,29.42,27.31,1200.0,0.0,34.18,900.0,2.7728571428571422,19.41,1492.857142857143,31.054285714285715,10.739333333333333,322.18,1311.6666666666667,30.483666666666668,0.0,0.0,5,132,20.0,2.0,392.33731842454756,0.0
2025-05-13,Gujarat,ahmedabad,Ahmedabad(Chimanbhai Patal Market Vasana),Potato,Chips,FAQ,1500.0,2000.0,1900.0,32.61,0.05,27.08,38.34,54.47,2.31,25.85,0.11,32.54,1000.0,0.84,31.2,1300.0,15.55,28.21,800.0,7.64,33.68,900.0,0.2057142857142857,1.44,1321.428571428571,32.35857142857143,10.501,315.03000000000003,1314.1666666666667,30.229333333333333,0.0,0.0,5,133,20.0,2.0,365.96252735569124,0.0
2025-05-14,Gujarat,ahmedabad,Ahmedabad(Chimanbhai Patal Market Vasana),Potato,Jalander,FAQ,800.0,900.0,850.0,33.67,0.0,26.95,40.5,51.56,1.81,26.42,0.05,32.61,950.0,0.11,32.54,750.0,7.97,30.02,1350.0,15.21,28.84,1200.0,0.06,0.42,1221.428571428571,32.74142857142857,9.235,277.05,1279.1666666666667,30.28333333333333,0.0,0.0,5,134,20.0,2.0,465.2188425123866,-0.5526315789473684
2025-05-15,Gujarat,ahmedabad,Ahmedabad(Chimanbhai Patal Market Vasana),Potato,Desi,FAQ,800.0,1250.0,1100.0,34.12,0.01,27.3,40.72,48.88,1.88,25.37,0.01,34.12,1250.0,0.05,32.61,950.0,0.11,32.54,1250.0,29.42,27.31,1300.0,0.0028571428571428,0.02,1200.0,33.798571428571435,4.772666666666667,143.18,1259.1666666666667,31.432333333333336,0.0,0.0,5,135,20.0,2.0,472.45559126152693,0.2941176470588236
2025-05-16,Gujarat,ahmedabad,Ahmedabad(Chimanbhai Patal Market Vasana),Potato,Desi,FAQ,1000.0,1250.0,1150.0,34.38,0.01,28.37,40.85,48.96,2.85,26.05,0.01,34.38,1250.0,0.0,33.67,1900.0,0.05,32.61,1200.0,15.55,28.21,1350.0,0.01,0.07,1189.2857142857142,34.19428571428571,1.7203333333333333,51.61,1245.8333333333333,32.464666666666666,0.0,0.0,5,136,20.0,2.0,472.45559126152693,0.045454545454545414
2025-05-17,Gujarat,ahmedabad,Ahmedabad(Chimanbhai Patal Market Vasana),Potato,Desi,FAQ,600.0,1200.0,1050.0,33.91,0.0,28.19,40.57,52.42,3.58,26.19,0.01,34.38,1850.0,0.01,34.12,1900.0,0.0,33.67,1250.0,7.97,30.02,1850.0,0.0085714285714285,0.06,1100.0,34.27571428571429,0.4059999999999999,12.179999999999998,1237.5,33.09066666666667,0.0,0.0,5,137,20.0,2.0,470.30891570378424,-0.08695652173913049
2025-05-18,,,,,,,,,1650.0,,,,,,,,,,,,,,,,,,,,,,,,,,,,,,5,138,,,434.79606604431467,0.5714285714285714
2025-05-19,Gujarat,ahmedabad,Ahmedabad(Chimanbhai Patal Market Vasana),Potato,Chips,FAQ,1600.0,2400.0,2250.0,34.5,0.0,28.25,40.44,52.72,1.7,24.93,0.0,33.91,1150.0,0.01,34.38,700.0,0.01,34.12,1100.0,0.84,31.2,1150.0,0.0014285714285714,0.01,1400.0,34.06142857142857,0.0283333333333333,0.85,1244.1666666666667,33.60133333333333,1.0,0.0,5,139,21.0,2.0,517.8940873521137,0.36363636363636354
2025-05-20,Gujarat,ahmedabad,Ahmedabad(Chimanbhai Patal Market Vasana),Potato,Desi,FAQ,700.0,1300.0,1150.0,35.79,0.03,29.88,41.79,47.94,1.47,25.35,0.03,35.79,1150.0,0.0,33.91,1900.0,0.01,34.38,1150.0,0.11,32.54,1000.0,0.0085714285714285,0.06,1264.2857142857142,34.78428571428572,0.012,0.36,1219.1666666666667,34.014,1.0,0.0,5,140,21.0,2.0,478.46480688611183,-0.48888888888888893
2025-05-21,Gujarat,ahmedabad,Ahmedabad(Chimanbhai Patal Market Vasana),Potato,Desi,FAQ,700.0,1250.0,1100.0,35.51,0.08,30.33,41.17,47.6,2.31,25.91,0.03,35.79,850.0,0.0,34.5,850.0,0.01,34.38,1850.0,0.05,32.61,1350.0,0.0285714285714285,0.2,1207.142857142857,35.38142857142857,0.0116666666666666,0.35,1199.1666666666667,34.32266666666667,1.0,0.0,5,141,21.0,2.0,446.2809279665216,-0.04347826086956519
2025-05-22,Gujarat,ahmedabad,Ahmedabad(Chimanbhai Patal Market Vasana),Potato,Chips,FAQ,1500.0,2000.0,1850.0,35.8,0.2,29.99,41.95,50.17,2.51,24.94,0.08,35.51,1900.0,0.03,35.79,1900.0,0.0,33.91,1150.0,0.0,33.67,1150.0,0.09,0.6300000000000001,1214.2857142857142,35.59142857142857,0.0273333333333333,0.8200000000000001,1247.5,34.67433333333334,1.0,0.0,5,142,21.0,2.0,465.8581431335109,0.6818181818181819
2025-05-23,Gujarat,ahmedabad,Ahmedabad(Chimanbhai Patal Market Vasana),Potato,Chips,FAQ,1500.0,2000.0,1850.0,36.28,0.15,30.7,43.02,46.25,2.27,26.04,0.2,35.8,1100.0,0.08,35.51,850.0,0.03,35.79,1150.0,0.01,34.12,1900.0,0.1757142857142857,1.23,1321.428571428571,35.82714285714285,0.0576666666666666,1.73,1198.3333333333333,34.98533333333333,1.0,0.0,5,143,21.0,2.0,464.0658820223011,0.0
2025-05-24,Gujarat,ahmedabad,Ahmedabad(Chimanbhai Patal Market Vasana),Potato,Desi,FAQ,750.0,1300.0,1150.0,35.81,0.03,30.17,43.19,44.0,2.85,26.49,0.15,36.28,600.0,0.2,35.8,750.0,0.08,35.51,1100.0,0.01,34.38,850.0,0.1471428571428571,1.03,1164.2857142857142,36.07571428571429,0.0723333333333333,2.1700000000000004,1198.3333333333333,35.23166666666666,1.0,0.0,5,144,21.0,2.0,447.0804764032375,-0.3783783783783784
2025-05-25,,,,,,,,,1125.0,,,,,,,,,,,,,,,,,,,,,,,,,,,,,,5,145,,,474.87467018250794,-0.021739130434782594
2025-05-26,Gujarat,ahmedabad,Ahmedabad(Chimanbhai Patal Market Vasana),Potato,Desi,FAQ,700.0,1250.0,1100.0,34.42,3.91,28.5,40.25,51.72,2.24,23.92,3.91,34.42,850.0,0.03,35.81,1150.0,0.2,35.8,750.0,0.0,33.91,1150.0,1.692857142857143,11.85,1107.142857142857,35.214285714285715,0.4666666666666667,14.0,1181.6666666666667,35.50466666666667,0.0,0.0,5,146,22.0,2.0,354.3521923037433,-0.022222222222222254
2025-05-27,Gujarat,ahmedabad,Ahmedabad(Chimanbhai Patal Market Vasana),Potato,Jalander,FAQ,600.0,700.0,650.0,34.46,0.58,29.25,39.96,52.87,3.51,17.75,3.91,34.42,1850.0,0.03,35.81,700.0,0.2,35.8,1100.0,0.0,34.5,850.0,2.325714285714286,16.28,1200.0,34.82285714285714,0.6163333333333334,18.49,1161.6666666666667,35.50066666666667,0.0,0.0,5,147,22.0,2.0,437.76352607532016,-0.40909090909090906
2025-05-28,Gujarat,ahmedabad,Ahmedabad(Chimanbhai Patal Market Vasana),Potato,Chips,FAQ,1500.0,2000.0,1850.0,32.45,6.8,27.08,38.37,55.7,3.42,20.99,0.58,34.46,1150.0,3.91,34.42,1100.0,0.03,35.81,1150.0,0.03,35.79,1900.0,1.9442857142857144,13.61,1364.2857142857142,34.167142857142856,0.9173333333333332,27.52,1180.0,35.298,0.0,0.0,5,148,22.0,2.0,481.4721966951666,1.8461538461538463
2025-05-29,Gujarat,ahmedabad,Ahmedabad(Chimanbhai Patal Market Vasana),Potato,Desi,FAQ,1000.0,1250.0,1150.0,32.15,11.01,25.76,40.01,58.19,2.63,21.72,6.8,32.45,1500.0,0.58,34.46,1350.0,3.91,34.42,1300.0,0.08,35.51,850.0,6.512857142857143,45.59,1185.7142857142858,32.69428571428572,2.179333333333333,65.38,1198.3333333333333,34.768666666666675,0.0,0.0,5,149,22.0,2.0,435.1039831930626,-0.3783783783783784
2025-05-30,Gujarat,ahmedabad,Ahmedabad(Chimanbhai Patal Market Vasana),Potato,Desi,FAQ,900.0,1250.0,1150.0,34.03,0.0,27.02,42.34,50.14,3.73,24.7,0.0,34.03,850.0,11.01,32.15,1150.0,0.58,34.46,1350.0,0.15,36.28,1850.0,7.864285714285714,55.05,1171.428571428571,32.68714285714286,3.973333333333333,119.2,1163.3333333333333,34.036,0.0,0.0,5,150,22.0,2.0,351.4002601836478,0.0
2025-05-31,Gujarat,ahmedabad,Ahmedabad(Chimanbhai Patal Market Vasana),Potato,Desi,FAQ,900.0,1250.0,1150.0,33.29,0.03,26.42,41.09,53.36,5.09,22.41,0.0,34.03,750.0,11.01,32.15,1500.0,6.8,32.45,1200.0,0.03,35.81,1150.0,1.577142857142857,11.04,1300.0,33.65571428571429,3.9583333333333335,118.75,1201.6666666666667,33.727000000000004,0.0,0.0,5,151,22.0,2.0,351.4002601836478,0.0
2025-06-01,,,,,,,,,1550.0,,,,,,,,,,,,,,,,,,,,,,,,,,,,,,6,152,,,378.43663368426473,0.34782608695652173
2025-06-02,Gujarat,ahmedabad,Ahmedabad(Chimanbhai Patal Market Vasana),Potato,Chips,FAQ,1500.0,2100.0,1950.0,32.02,14.7,26.9,38.33,60.85,4.11,24.26,0.03,33.29,750.0,0.0,34.03,1500.0,11.01,32.15,1350.0,3.91,34.42,1300.0,2.1214285714285714,14.85,1250.0,33.214285714285715,4.318,129.54,1236.6666666666667,33.311,0.0,0.0,6,153,23.0,1.0,458.2575694955764,0.25806451612903225
2025-06-03,Gujarat,ahmedabad,Ahmedabad(Chimanbhai Patal Market Vasana),Potato,Chips,FAQ,1500.0,2100.0,1950.0,31.69,10.21,26.24,38.23,64.6,3.77,23.49,10.21,31.69,1400.0,0.03,33.29,1300.0,0.0,34.03,1150.0,0.58,34.46,1850.0,11.321428571428571,79.25,1350.0,32.107142857142854,6.039000000000001,181.17,1251.6666666666667,32.88633333333333,0.0,0.0,6,154,23.0,1.0,384.8314411469411,0.0
2025-06-04,Gujarat,ahmedabad,Ahmedabad(Chimanbhai Patal Market Vasana),Potato,Desi,FAQ,700.0,1200.0,1050.0,32.23,0.18,27.02,38.35,56.01,2.39,25.78,10.21,31.69,850.0,14.7,32.02,850.0,0.03,33.29,1150.0,6.8,32.45,1850.0,9.418571428571427,65.93,1257.142857142857,31.814285714285717,6.781333333333334,203.44000000000003,1223.3333333333333,32.602,0.0,0.0,6,155,23.0,1.0,394.6064947695095,-0.46153846153846156
2025-06-05,Gujarat,ahmedabad,Ahmedabad(Chimanbhai Patal Market Vasana),Potato,Jalander,FAQ,700.0,800.0,750.0,32.78,0.25,26.97,38.84,54.27,1.88,24.38,0.25,32.78,1400.0,10.21,31.69,850.0,14.7,32.02,1450.0,11.01,32.15,750.0,0.1999999999999999,1.4,1242.857142857143,32.387142857142855,5.181333333333334,155.44000000000003,1276.6666666666667,32.61466666666667,0.0,0.0,6,156,23.0,1.0,463.42410895625386,-0.2857142857142857
2025-06-06,Gujarat,ahmedabad,Ahmedabad(Chimanbhai Patal Market Vasana),Potato,Chips,FAQ,1500.0,2000.0,1900.0,33.56,0.0,27.14,40.13,52.25,2.45,26.1,0.0,33.56,1450.0,0.25,32.78,1400.0,10.21,31.69,1100.0,0.0,34.03,1150.0,0.1428571428571428,1.0,1285.7142857142858,33.114285714285714,3.7383333333333337,112.15,1303.3333333333333,32.693333333333335,0.0,0.0,6,157,23.0,1.0,491.4749424412321,1.5333333333333332
2025-06-07,,,,,,,,,1650.0,,,,,,,,,,,,,,,,,,,,,,,,,,,,,,6,158,,,472.95927540378113,-0.13157894736842102
2025-06-08,,,,,,,,,1400.0,,,,,,,,,,,,,,,,,,,,,,,,,,,,,,6,159,,,475.9701871416029,-0.1515151515151515
2025-06-09,Gujarat,ahmedabad,Ahmedabad(Chimanbhai Patal Market Vasana),Potato,Desi,FAQ,900.0,1300.0,1150.0,34.38,0.0,28.07,41.26,46.87,3.95,26.82,0.0,33.56,1100.0,0.25,32.78,1150.0,0.18,32.23,1050.0,0.0,34.03,1500.0,0.0714285714285714,0.5,1335.7142857142858,33.45428571428572,3.7383333333333337,112.15,1266.6666666666667,32.68933333333334,0.0,0.0,6,160,24.0,1.0,451.32081293739304,-0.1785714285714286
2025-06-10,Gujarat,ahmedabad,Ahmedabad(Chimanbhai Patal Market Vasana),Potato,Chips,FAQ,1600.0,2000.0,1900.0,34.75,0.0,27.77,42.07,44.56,3.7,26.55,0.0,34.75,700.0,0.0,33.56,1100.0,0.25,32.78,750.0,0.03,33.29,750.0,0.0,0.0,1242.857142857143,34.48571428571429,3.733333333333333,112.0,1291.6666666666667,32.907333333333334,0.0,0.0,6,161,24.0,1.0,441.5880433163846,0.6521739130434783
2025-06-11,Gujarat,ahmedabad,Ahmedabad(Chimanbhai Patal Market Vasana),Potato,Desi,FAQ,900.0,1300.0,1200.0,34.89,0.0,28.28,42.76,44.09,3.99,25.68,0.0,34.89,1150.0,0.0,34.38,750.0,0.0,33.56,1450.0,10.21,31.69,1400.0,0.0,0.0,1350.0,34.809999999999995,1.433,42.99,1295.0,33.38733333333333,0.0,0.0,6,162,24.0,1.0,425.1050290390351,-0.368421052631579
